{"0":{"job_title":"Application_Support_Specialist","avg_salary":"\u20b9618,487","salary_component":["Base Salary","Bonus","Profit Sharing","Total Pay"],"Base Salary":"\u20b9318k - \u20b91m","Bonus":"\u20b914k - \u20b9199k","Profit Sharing":"\u20b910k - \u20b9102k","Total Pay":"\u20b9343k - \u20b91m","pay_by_experience_percent":["Entry Level","Early Career","Mid Career","Late Career"],"Entry Level":"-55%","Early Career":"-20%","Mid Career":"15%","Late Career":"92%","pay_by_experience_years":["1"],"1":"\u20b9277,800","gender_component":["Male","Female"],"Male":"87.1","Female":"12.9","health_benefits_componentt":["Medical","Dental","Vision","None"],"Medical":"80","Dental":"13","Vision":"11","None":"19","popular_skills_component":["Product Support","Information Technology (IT) Support","SQL","Customer Service","Systems Troubleshooting"],"Product Support":"13%","Information Technology (IT) Support":"\u20b9549,737","SQL":"7%","Customer Service":"\u20b9610,419","Systems Troubleshooting":"7%","affect_skills_component":["Production Support","Python","UNIX","Product Support","Applications","Troubleshooting","SQL","Systems Troubleshooting"],"Production Support":"78%","Python":"71%","UNIX":"31%","Applications":"13%","Troubleshooting":"9%","career_path_component":["Senior Software Engineer","Marketing Automation Specialist"],"location_component":["Bangalore, Karnataka","Mumbai, Maharashtra","Pune, Maharashtra","Chennai, Tamil Nadu","Noida, Uttar Pradesh","Hyderabad, Andhra Pradesh","Gurgaon, Haryana","New Delhi, Delhi","Delhi, Delhi"],"Bangalore, Karnataka":"12%","Mumbai, Maharashtra":"-4%","Pune, Maharashtra":"58%","Chennai, Tamil Nadu":"46%","Noida, Uttar Pradesh":"-50%","Hyderabad, Andhra Pradesh":"-14%","Gurgaon, Haryana":"3%","New Delhi, Delhi":"29%","Delhi, Delhi":"-8%","employers_component":["Biomerieux, Inc."],"Biomerieux, Inc.":"Avg. Salary: \u20b9777,476","related_job_component":["Software Engineer","Senior Software Engineer","Software Developer","Technical Support Engineer","Sr. Software Engineer \/ Developer \/ Programmer","Software Engineer \/ Developer \/ Programmer","Associate Software Engineer","Team Leader, IT","Data Scientist"],"Software Engineer":"Avg. Salary \u20b9263k \u2014 \u20b91m","Senior Software Engineer":"Avg. Salary \u20b9493k \u2014 \u20b92m","Software Developer":"Avg. Salary \u20b9213k \u2014 \u20b91m","Technical Support Engineer":"Avg. Salary \u20b9174k \u2014 \u20b9879k","Sr. Software Engineer \/ Developer \/ Programmer":"Avg. Salary \u20b9432k \u2014 \u20b92m","Software Engineer \/ Developer \/ Programmer":"Avg. Salary \u20b9225k \u2014 \u20b91m","Associate Software Engineer":"Avg. Salary \u20b9240k \u2014 \u20b91m","Team Leader, IT":"Avg. Salary \u20b9584k \u2014 \u20b92m","Data Scientist":"Avg. Salary \u20b9344k \u2014 \u20b92m"}}