{"0":{"job_title":"Assistant_Manager%2C_Customer_Service","avg_salary":"\u20b9523,857","salary_component":["Base Salary","Bonus","Profit Sharing","Commission","Total Pay"],"Base Salary":"\u20b9253k - \u20b9955k","Bonus":"\u20b915k - \u20b9147k","Profit Sharing":"\u20b9986 - \u20b9387k","Commission":"\u20b915k - \u20b9894k","Total Pay":"\u20b9271k - \u20b91m","pay_by_experience_percent":["Entry Level","Early Career","Mid Career","Late Career","Experienced"],"Entry Level":"-38%","Early Career":"-25%","Mid Career":"10%","Late Career":"28%","Experienced":"5%","pay_by_experience_years":["1"],"1":"\u20b9324,572","gender_component":["Male","Female","Prefer to self-define"],"Male":"81.8","Female":"17.9","Prefer to self-define":"0.2","health_benefits_componentt":["Medical","Dental","Vision","None"],"Medical":"79","Dental":"6","Vision":"6","None":"21","popular_skills_component":["Customer Service","Operations Management","Customer Relationship Management (CRM)","People Management","Team Management"],"Customer Service":"\u20b9502,104","Operations Management":"\u20b9559,185","Customer Relationship Management (CRM)":"\u20b9472,650","People Management":"15%","Team Management":"\u20b9544,875","affect_skills_component":["Quality Assurance \/ Quality Control","Technical Services","Project Management","Microsoft Excel","Order Inventory","Engineering Design","People Management","Microsoft Office","SAP Customer Relationship Management (SAP CRM)","Vendor Management"],"Quality Assurance \/ Quality Control":"72%","Technical Services":"68%","Project Management":"36%","Microsoft Excel":"35%","Order Inventory":"24%","Engineering Design":"22%","Microsoft Office":"15%","SAP Customer Relationship Management (SAP CRM)":"15%","Vendor Management":"14%","career_path_component":["Operations Manager","Branch Manager, Banking","General \/ Operations Manager"],"location_component":["Mumbai, Maharashtra","Bangalore, Karnataka","Chennai, Tamil Nadu","Pune, Maharashtra","Hyderabad, Andhra Pradesh","New Delhi, Delhi","Gurgaon, Haryana","Kolkata, West Bengal","Delhi, Delhi","Noida, Uttar Pradesh"],"Mumbai, Maharashtra":"2%","Bangalore, Karnataka":"17%","Chennai, Tamil Nadu":"18%","Pune, Maharashtra":"16%","Hyderabad, Andhra Pradesh":"19%","New Delhi, Delhi":"4%","Gurgaon, Haryana":"16%","Kolkata, West Bengal":"-5%","Delhi, Delhi":"-5%","Noida, Uttar Pradesh":"-6%","employers_component":["Genpact","Axis Bank","Concentrix Corporation","Tata Consultancy Services Limited","EXL Service.com","Infosys BPO","Kotak Mahindra Bank","Wipro","HSBC","Vodafone"],"Genpact":"Avg. Salary: \u20b9543,200","Axis Bank":"Avg. Salary: \u20b9313,522","Concentrix Corporation":"Avg. Salary: \u20b9561,247","Tata Consultancy Services Limited":"Avg. Salary: \u20b9773,840","EXL Service.com":"Avg. Salary: \u20b9475,000","Infosys BPO":"Avg. Salary: \u20b9541,933","Kotak Mahindra Bank":"Avg. Salary: \u20b9239,294","Wipro":"Avg. Salary: \u20b9580,000","HSBC":"Avg. Salary: \u20b9469,963","Vodafone":"Avg. Salary: \u20b9765,000","related_job_component":["Operations Manager","Mechanical Engineer","Project Manager, (Unspecified Type \/ General)","Civil Engineer","Operations Team Leader","Business Development Manager","Area Sales Manager","Electrical Engineer","Relationship Manager"],"Operations Manager":"Avg. Salary \u20b9297k \u2014 \u20b92m","Mechanical Engineer":"Avg. Salary \u20b9152k \u2014 \u20b9983k","Project Manager, (Unspecified Type \/ General)":"Avg. Salary \u20b9458k \u2014 \u20b92m","Civil Engineer":"Avg. Salary \u20b9154k \u2014 \u20b9771k","Operations Team Leader":"Avg. Salary \u20b9242k \u2014 \u20b9948k","Business Development Manager":"Avg. Salary \u20b9266k \u2014 \u20b91m","Area Sales Manager":"Avg. Salary \u20b9299k \u2014 \u20b91m","Electrical Engineer":"Avg. Salary \u20b9174k \u2014 \u20b9995k","Relationship Manager":"Avg. Salary \u20b9202k \u2014 \u20b9805k"}}