{"0":{"job_title":"Assistant_Manager","avg_salary":"\u20b9622,626","salary_component":["Base Salary","Bonus","Profit Sharing","Commission","Total Pay"],"Base Salary":"\u20b9296k - \u20b91m","Bonus":"\u20b915k - \u20b9196k","Profit Sharing":"\u20b92k - \u20b9509k","Commission":"\u20b910k - \u20b9277k","Total Pay":"\u20b9310k - \u20b91m","pay_by_experience_percent":["Entry Level","Early Career","Mid Career","Late Career","Experienced"],"Entry Level":"-38%","Early Career":"-20%","Mid Career":"12%","Late Career":"19%","Experienced":"31%","pay_by_experience_years":["1","1-4"],"1":"\u20b9384,276","1-4":"\u20b9495,131","gender_component":["Male","Female"],"Male":"82.2","Female":"17.8","health_benefits_componentt":["Medical","Dental","Vision","None"],"Medical":"82","Dental":"8","Vision":"8","None":"18","popular_skills_component":["Operations Management","People Management","Customer Service","Sales Management","Project Management"],"Operations Management":"\u20b9605,739","People Management":"\u20b9628,768","Customer Service":"\u20b9517,966","Sales Management":"\u20b9442,486","Project Management":"34%","affect_skills_component":["Financial Analysis","Financial Modeling","Financial Reporting","Marketing Communications","Hiring","Data Analysis","Recruiting","Engineering Design","Project Management","Risk Management \/ Risk Control"],"Financial Analysis":"63%","Financial Modeling":"61%","Financial Reporting":"55%","Marketing Communications":"53%","Hiring":"49%","Data Analysis":"45%","Recruiting":"45%","Engineering Design":"35%","Risk Management \/ Risk Control":"28%","career_path_component":["Operations Manager","Manager, Factory","National Sales Manager"],"location_component":["Mumbai, Maharashtra","Chennai, Tamil Nadu","Pune, Maharashtra","Bangalore, Karnataka","New Delhi, Delhi","Gurgaon, Haryana","Kolkata, West Bengal","Hyderabad, Andhra Pradesh","Delhi, Delhi","Lucknow, Uttar Pradesh"],"Mumbai, Maharashtra":"15%","Chennai, Tamil Nadu":"3%","Pune, Maharashtra":"%","Bangalore, Karnataka":"13%","New Delhi, Delhi":"15%","Gurgaon, Haryana":"24%","Kolkata, West Bengal":"-16%","Hyderabad, Andhra Pradesh":"14%","Delhi, Delhi":"-4%","Lucknow, Uttar Pradesh":"-45%","employers_component":["HSBC","Deloitte","Genpact","Kotak Mahindra Bank","Mahindra & Mahindra Ltd.","Tata Consultancy Services Limited","Vodafone","HDFC Bank Pvt Ltd"],"HSBC":"Avg. Salary: \u20b9435,413","Deloitte":"Avg. Salary: \u20b9775,000","Genpact":"Avg. Salary: \u20b9656,500","Kotak Mahindra Bank":"Avg. Salary: \u20b9239,662","Mahindra & Mahindra Ltd.":"Avg. Salary: \u20b9550,000","Tata Consultancy Services Limited":"Avg. Salary: \u20b9858,920","Vodafone":"Avg. Salary: \u20b9601,730","HDFC Bank Pvt Ltd":"Avg. Salary: \u20b9269,630","related_job_component":["Operations Manager","Project Manager, (Unspecified Type \/ General)","Mechanical Engineer","Financial Analyst","Civil Engineer","Business Development Manager","Relationship Manager","Accountant","Assistant Manager, Customer Service"],"Operations Manager":"Avg. Salary \u20b9297k \u2014 \u20b92m","Project Manager, (Unspecified Type \/ General)":"Avg. Salary \u20b9456k \u2014 \u20b92m","Mechanical Engineer":"Avg. Salary \u20b9152k \u2014 \u20b9983k","Financial Analyst":"Avg. Salary \u20b9220k \u2014 \u20b9994k","Civil Engineer":"Avg. Salary \u20b9154k \u2014 \u20b9771k","Business Development Manager":"Avg. Salary \u20b9266k \u2014 \u20b91m","Relationship Manager":"Avg. Salary \u20b9202k \u2014 \u20b9805k","Accountant":"Avg. Salary \u20b9123k \u2014 \u20b9507k","Assistant Manager, Customer Service":"Avg. Salary \u20b9252k \u2014 \u20b9955k"}}