{"0":{"job_title":"Assistant_Manager%2C_Property_Management","avg_salary":"\u20b9558,023","salary_component":["Base Salary","Bonus","Profit Sharing","Total Pay"],"Base Salary":"\u20b9237k - \u20b9993k","Bonus":"\u20b914k - \u20b9115k","Profit Sharing":"\u20b90 - \u20b967k","Total Pay":"\u20b9250k - \u20b91m","pay_by_experience_percent":["Entry Level","Early Career","Mid Career","Late Career"],"Entry Level":"-51%","Early Career":"-10%","Mid Career":"9%","Late Career":"32%","pay_by_experience_years":["1"],"1":"\u20b9272,250","gender_component":["Male","Female"],"Male":"93.5","Female":"6.5","health_benefits_componentt":["Medical","Dental","Vision","None"],"Medical":"73","Dental":"12","Vision":"14","None":"27","popular_skills_component":["Property Management","Customer Relationship Management (CRM)","Operations Management","Customer Service","Project Management"],"Property Management":"2%","Customer Relationship Management (CRM)":"\u20b9420,599","Operations Management":"6%","Customer Service":"\u20b9427,879","Project Management":"61%","affect_skills_component":["Project Management","Facility Maintenance & Coordination","Operations Management","Property Management"],"Facility Maintenance & Coordination":"18%","career_path_component":["Facilities Manager","Procurement Manager","Project Manager, (Unspecified Type \/ Gen..."],"location_component":["Mumbai, Maharashtra","Bangalore, Karnataka","Chennai, Tamil Nadu","New Delhi, Delhi","Pune, Maharashtra","Hyderabad, Andhra Pradesh","Kolkata, West Bengal","Delhi, Delhi","Gurgaon, Haryana","Ahmedabad, Gujarat"],"Mumbai, Maharashtra":"16%","Bangalore, Karnataka":"6%","Chennai, Tamil Nadu":"-12%","New Delhi, Delhi":"24%","Pune, Maharashtra":"50%","Hyderabad, Andhra Pradesh":"9%","Kolkata, West Bengal":"-19%","Delhi, Delhi":"-14%","Gurgaon, Haryana":"-1%","Ahmedabad, Gujarat":"%","employers_component":["Jones Lang LaSalle"],"Jones Lang LaSalle":"Avg. Salary: \u20b9500,000","related_job_component":["Operations Manager","Project Manager, (Unspecified Type \/ General)","Assistant Manager, Customer Service","Service Delivery Manager","Customer Service Representative (CSR)","Civil Engineer","Operations Team Leader","General \/ Operations Manager","Project Manager, Information Technology (IT)"],"Operations Manager":"Avg. Salary \u20b9297k \u2014 \u20b92m","Project Manager, (Unspecified Type \/ General)":"Avg. Salary \u20b9458k \u2014 \u20b92m","Assistant Manager, Customer Service":"Avg. Salary \u20b9252k \u2014 \u20b9955k","Service Delivery Manager":"Avg. Salary \u20b9400k \u2014 \u20b93m","Customer Service Representative (CSR)":"Avg. Salary \u20b9148k \u2014 \u20b9456k","Civil Engineer":"Avg. Salary \u20b9154k \u2014 \u20b9771k","Operations Team Leader":"Avg. Salary \u20b9242k \u2014 \u20b9939k","General \/ Operations Manager":"Avg. Salary \u20b9312k \u2014 \u20b93m","Project Manager, Information Technology (IT)":"Avg. Salary \u20b9540k \u2014 \u20b92m"}}