{"0":{"job_title":"Assistant_Merchandiser","avg_salary":"\u20b9242,166","salary_component":["Base Salary","Bonus","Profit Sharing","Total Pay"],"Base Salary":"\u20b9121k - \u20b9384k","Bonus":"\u20b91k - \u20b941k","Profit Sharing":"\u20b94k - \u20b925k","Total Pay":"\u20b9124k - \u20b9425k","pay_by_experience_percent":["Entry Level","Early Career"],"Entry Level":"-13%","Early Career":"-10%","pay_by_experience_years":["1","1-4"],"1":"\u20b9209,693","1-4":"\u20b9217,230","gender_component":["Female","Male"],"Female":"55.6","Male":"44.4","health_benefits_componentt":["Medical","Vision","None"],"Medical":"13","Vision":"7","None":"87","popular_skills_component":["Merchandising","Microsoft Excel","Product Development","Microsoft Office"],"Merchandising":"\u20b9212,601","Microsoft Excel":"\u20b9211,168","Product Development":"\u20b9233,000","Microsoft Office":"3%","affect_skills_component":["Microsoft Office"],"career_path_component":["Merchandiser","Senior Merchandiser"],"location_component":["Mumbai, Maharashtra","Bangalore, Karnataka","Noida, Uttar Pradesh","New Delhi, Delhi","Delhi, Delhi","Gurgaon, Haryana"],"Mumbai, Maharashtra":"22%","Bangalore, Karnataka":"9%","Noida, Uttar Pradesh":"-17%","New Delhi, Delhi":"14%","Delhi, Delhi":"4%","Gurgaon, Haryana":"-11%","employers_component":[],"related_job_component":["Civil Engineer","Mechanical Engineer","Accountant","Data Analyst","Design Engineer","Computer Operator","Project Manager, (Unspecified Type \/ General)","Executive Assistant","Electrical Engineer"],"Civil Engineer":"Avg. Salary \u20b9154k \u2014 \u20b9771k","Mechanical Engineer":"Avg. Salary \u20b9152k \u2014 \u20b9983k","Accountant":"Avg. Salary \u20b9123k \u2014 \u20b9507k","Data Analyst":"Avg. Salary \u20b9201k \u2014 \u20b9960k","Design Engineer":"Avg. Salary \u20b9174k \u2014 \u20b9926k","Computer Operator":"Avg. Salary \u20b999k \u2014 \u20b9403k","Project Manager, (Unspecified Type \/ General)":"Avg. Salary \u20b9456k \u2014 \u20b92m","Executive Assistant":"Avg. Salary \u20b9153k \u2014 \u20b9777k","Electrical Engineer":"Avg. Salary \u20b9174k \u2014 \u20b9995k"}}