{"0":{"job_title":"Associate_Project_Manager_(Unspecified_Type_%2F_General)","avg_salary":"\u20b91,242,640","salary_component":["Base Salary","Bonus","Profit Sharing","Total Pay"],"Base Salary":"\u20b9476k - \u20b92m","Bonus":"\u20b929k - \u20b9327k","Profit Sharing":"\u20b915k - \u20b9102k","Total Pay":"\u20b9483k - \u20b92m","pay_by_experience_percent":["Entry Level","Early Career","Mid Career","Late Career","Experienced"],"Entry Level":"-60%","Early Career":"-46%","Mid Career":"-16%","Late Career":"28%","Experienced":"-20%","pay_by_experience_years":["1"],"1":"\u20b9495,500","gender_component":["Male","Female"],"Male":"79.0","Female":"21.0","health_benefits_componentt":["Medical","Dental","Vision","None"],"Medical":"80","Dental":"7","Vision":"7","None":"20","popular_skills_component":["Project Management","Project Coordinating","Business Analysis","Quality Assurance \/ Quality Control","Data Analysis"],"Project Management":"\u20b91,239,584","Project Coordinating":"\u20b9983,357","Business Analysis":"\u20b91,114,180","Quality Assurance \/ Quality Control":"\u20b9950,000","Data Analysis":"18%","affect_skills_component":["Strategic Planning","Service Oriented Architecture (SOA)","Java","Java\/J2EE","Data Analysis","Market Research",".NET","Team Management","Microsoft .NET","Client Interaction"],"Strategic Planning":"49%","Service Oriented Architecture (SOA)":"35%","Java":"25%","Java\/J2EE":"21%","Market Research":"18%",".NET":"18%","Team Management":"13%","Microsoft .NET":"12%","Client Interaction":"9%","career_path_component":["Project Manager, (Unspecified Type \/ Gen...","Project Manager, Information Technology ...","Associate Director of Development"],"location_component":["Bangalore, Karnataka","Mumbai, Maharashtra","Hyderabad, Andhra Pradesh","Chennai, Tamil Nadu","Pune, Maharashtra","Noida, Uttar Pradesh","Coimbatore, Tamil Nadu","Gurgaon, Haryana","Delhi, Delhi","New Delhi, Delhi"],"Bangalore, Karnataka":"-4%","Mumbai, Maharashtra":"-3%","Hyderabad, Andhra Pradesh":"12%","Chennai, Tamil Nadu":"-14%","Pune, Maharashtra":"5%","Noida, Uttar Pradesh":"5%","Coimbatore, Tamil Nadu":"-36%","Gurgaon, Haryana":"13%","Delhi, Delhi":"-56%","New Delhi, Delhi":"-4%","employers_component":["Accenture Technology Solutions","Accenture","HCL Technologies Ltd.","Robert Bosch","Robert Bosch Engineering and Business Solutions Limited","Techmahindra Ltd","Computer Sciences Corporation (CSC)","Scope International"],"Accenture Technology Solutions":"Avg. Salary: \u20b91,594,863","Accenture":"Avg. Salary: \u20b91,771,208","HCL Technologies Ltd.":"Avg. Salary: \u20b9600,000","Robert Bosch":"Avg. Salary: \u20b91,000,000","Robert Bosch Engineering and Business Solutions Limited":"Avg. Salary: \u20b9933,832","Techmahindra Ltd":"Avg. Salary: \u20b91,500,000","Computer Sciences Corporation (CSC)":"Avg. Salary: \u20b91,300,000","Scope International":"Avg. Salary: \u20b9724,138","related_job_component":["Project Manager, (Unspecified Type \/ General)","Senior Software Engineer","Software Engineer","Project Manager, Information Technology (IT)","Operations Manager","Senior Business Analyst","Civil Engineer","Business Analyst, IT","Mechanical Engineer"],"Project Manager, (Unspecified Type \/ General)":"Avg. Salary \u20b9456k \u2014 \u20b92m","Senior Software Engineer":"Avg. Salary \u20b9493k \u2014 \u20b92m","Software Engineer":"Avg. Salary \u20b9262k \u2014 \u20b91m","Project Manager, Information Technology (IT)":"Avg. Salary \u20b9533k \u2014 \u20b92m","Operations Manager":"Avg. Salary \u20b9297k \u2014 \u20b92m","Senior Business Analyst":"Avg. Salary \u20b9447k \u2014 \u20b92m","Civil Engineer":"Avg. Salary \u20b9154k \u2014 \u20b9771k","Business Analyst, IT":"Avg. Salary \u20b9275k \u2014 \u20b91m","Mechanical Engineer":"Avg. Salary \u20b9152k \u2014 \u20b9983k"}}