{"0":{"job_title":"Associate_Business_Analyst","avg_salary":"\u20b9449,315","salary_component":["Base Salary","Bonus","Profit Sharing","Total Pay"],"Base Salary":"\u20b9241k - \u20b9746k","Bonus":"\u20b919k - \u20b9126k","Profit Sharing":"\u20b90 - \u20b923k","Total Pay":"\u20b9241k - \u20b9791k","pay_by_experience_percent":["Entry Level","Early Career","Mid Career"],"Entry Level":"-10%","Early Career":"-3%","Mid Career":"26%","pay_by_experience_years":["1"],"1":"\u20b9403,365","gender_component":["Male","Female"],"Male":"66.0","Female":"34.0","health_benefits_componentt":["Medical","Dental","Vision","None"],"Medical":"71","Dental":"6","Vision":"4","None":"29","popular_skills_component":["Business Analysis","Requirements Analysis","Microsoft Excel","SQL","Data Analysis"],"Business Analysis":"2%","Requirements Analysis":"8%","Microsoft Excel":"\u20b9434,462","SQL":"11%","Data Analysis":"\u20b9450,000","affect_skills_component":["Process Improvement","SQL","Requirements Analysis","Project Management","Business Analysis"],"Process Improvement":"18%","Project Management":"8%","career_path_component":["Senior Business Analyst","Lead Business Analyst","Business Analyst, IT"],"location_component":["Bangalore, Karnataka","Pune, Maharashtra","Hyderabad, Andhra Pradesh","Mumbai, Maharashtra","Chennai, Tamil Nadu","New Delhi, Delhi","Noida, Uttar Pradesh","Gurgaon, Haryana"],"Bangalore, Karnataka":"11%","Pune, Maharashtra":"1%","Hyderabad, Andhra Pradesh":"-4%","Mumbai, Maharashtra":"39%","Chennai, Tamil Nadu":"17%","New Delhi, Delhi":"-17%","Noida, Uttar Pradesh":"-1%","Gurgaon, Haryana":"%","employers_component":["InfoSys Limited"],"InfoSys Limited":"Avg. Salary: \u20b9458,654","related_job_component":["Business Analyst, IT","Senior Business Analyst","Data Analyst","Project Manager, (Unspecified Type \/ General)","Civil Engineer","Business Analyst (Unspecified Type)","Operations Manager","Software Engineer","Business Analyst, Finance\/Banking"],"Business Analyst, IT":"Avg. Salary \u20b9279k \u2014 \u20b91m","Senior Business Analyst":"Avg. Salary \u20b9449k \u2014 \u20b92m","Data Analyst":"Avg. Salary \u20b9200k \u2014 \u20b9949k","Project Manager, (Unspecified Type \/ General)":"Avg. Salary \u20b9459k \u2014 \u20b92m","Civil Engineer":"Avg. Salary \u20b9154k \u2014 \u20b9773k","Business Analyst (Unspecified Type)":"Avg. Salary \u20b9252k \u2014 \u20b91m","Operations Manager":"Avg. Salary \u20b9297k \u2014 \u20b92m","Software Engineer":"Avg. Salary \u20b9261k \u2014 \u20b91m","Business Analyst, Finance\/Banking":"Avg. Salary \u20b9287k \u2014 \u20b92m"}}