[{"job_title":"Project Manager, (Unspecified Type / General)","avg_salary":"₹1,245,929","pay_by_experience":"An entry-level Project Manager, (Unspecified Type / General) with less than 1 year experience can expect to earn an average total compensation (includes tips, bonus, and overtime pay) of ₹420,000 based on 93 salaries. An early career Project Manager, (Unspecified Type / General) with 1-4 years of experience earns an average total compensation of ₹592,992 based on 869 salaries. A mid-career Project Manager, (Unspecified Type / General) with 5-9 years of experience earns an average total compensation of ₹993,382 based on 1,638 salaries. An experienced Project Manager, (Unspecified Type / General) with 10-19 years of experience earns an average total compensation of ₹1,500,772 based on 4,096 salaries. In their late career (20 years and higher), employees earn an average total compensation of ₹1,575,002.  Read less"},{"job_title":"Senior Business Analyst","avg_salary":"₹987,990","pay_by_experience":"An entry-level Senior Business Analyst with less than 1 year experience can expect to earn an average total compensation (includes tips, bonus, and overtime pay) of ₹679,896 based on 18 salaries. An early career Senior Business Analyst with 1-4 years of experience earns an average total compensation of ₹764,930 based on 799 salaries. A mid-career Senior Business Analyst with 5-9 years of experience earns an average total compensation of ₹1,018,166 based on 1,439 salaries. An experienced Senior Business Analyst with 10-19 years of experience earns an average total compensation of ₹1,458,514 based on 593 salaries. In their late career (20 years and higher), employees earn an average total compensation of ₹1,100,000.  Read less"},{"job_title":"ERP Consultant","avg_salary":"₹778,178","pay_by_experience":"An entry-level ERP Consultant with less than 1 year experience can expect to earn an average total compensation (includes tips, bonus, and overtime pay) of ₹302,684 based on 63 salaries. An early career ERP Consultant with 1-4 years of experience earns an average total compensation of ₹504,754 based on 609 salaries. A mid-career ERP Consultant with 5-9 years of experience earns an average total compensation of ₹1,000,241 based on 487 salaries. An experienced ERP Consultant with 10-19 years of experience earns an average total compensation of ₹1,484,850 based on 370 salaries. In their late career (20 years and higher), employees earn an average total compensation of ₹1,548,387.  Read less"},{"job_title":"Senior SAP Consultant","avg_salary":"₹1,189,183","pay_by_experience":"An early career Senior SAP Consultant with 1-4 years of experience earns an average total compensation (includes tips, bonus, and overtime pay) of ₹772,279 based on 94 salaries. A mid-career Senior SAP Consultant with 5-9 years of experience earns an average total compensation of ₹1,139,241 based on 716 salaries. An experienced Senior SAP Consultant with 10-19 years of experience earns an average total compensation of ₹1,488,715 based on 454 salaries. In their late career (20 years and higher), employees earn an average total compensation of ₹1,700,000.  Read less"},{"job_title":"Assistant Manager, Customer Service","avg_salary":"₹528,374","pay_by_experience":"An entry-level Assistant Manager, Customer Service with less than 1 year experience can expect to earn an average total compensation (includes tips, bonus, and overtime pay) of ₹321,410 based on 48 salaries. An early career Assistant Manager, Customer Service with 1-4 years of experience earns an average total compensation of ₹392,285 based on 327 salaries. A mid-career Assistant Manager, Customer Service with 5-9 years of experience earns an average total compensation of ₹577,737 based on 476 salaries. An experienced Assistant Manager, Customer Service with 10-19 years of experience earns an average total compensation of ₹672,373 based on 363 salaries. In their late career (20 years and higher), employees earn an average total compensation of ₹600,000.  Read less"},{"job_title":"Business Analyst (Unspecified Type)","avg_salary":"₹535,735","pay_by_experience":"An entry-level Business Analyst (Unspecified Type) with less than 1 year experience can expect to earn an average total compensation (includes tips, bonus, and overtime pay) of ₹413,736 based on 177 salaries. An early career Business Analyst (Unspecified Type) with 1-4 years of experience earns an average total compensation of ₹494,360 based on 616 salaries. A mid-career Business Analyst (Unspecified Type) with 5-9 years of experience earns an average total compensation of ₹722,773 based on 262 salaries. An experienced Business Analyst (Unspecified Type) with 10-19 years of experience earns an average total compensation of ₹981,254 based on 58 salaries.   Read less"},{"job_title":"Technical Specialist","avg_salary":"₹1,241,638","pay_by_experience":"An entry-level Technical Specialist with less than 1 year experience can expect to earn an average total compensation (includes tips, bonus, and overtime pay) of ₹325,000 based on 5 salaries. An early career Technical Specialist with 1-4 years of experience earns an average total compensation of ₹796,002 based on 93 salaries. A mid-career Technical Specialist with 5-9 years of experience earns an average total compensation of ₹1,192,436 based on 575 salaries. An experienced Technical Specialist with 10-19 years of experience earns an average total compensation of ₹1,479,353 based on 433 salaries. In their late career (20 years and higher), employees earn an average total compensation of ₹2,400,000.  Read less"},{"job_title":"Management Consultant","avg_salary":"₹1,145,695","pay_by_experience":"An entry-level Management Consultant with less than 1 year experience can expect to earn an average total compensation (includes tips, bonus, and overtime pay) of ₹647,535 based on 84 salaries. An early career Management Consultant with 1-4 years of experience earns an average total compensation of ₹890,775 based on 463 salaries. A mid-career Management Consultant with 5-9 years of experience earns an average total compensation of ₹1,307,429 based on 320 salaries. An experienced Management Consultant with 10-19 years of experience earns an average total compensation of ₹1,996,033 based on 196 salaries. In their late career (20 years and higher), employees earn an average total compensation of ₹2,367,920.  Read less"},{"job_title":"Business Process / Management Consultant","avg_salary":"₹699,280","pay_by_experience":"An entry-level Business Process / Management Consultant with less than 1 year experience can expect to earn an average total compensation (includes tips, bonus, and overtime pay) of ₹249,799 based on 79 salaries. An early career Business Process / Management Consultant with 1-4 years of experience earns an average total compensation of ₹401,883 based on 422 salaries. A mid-career Business Process / Management Consultant with 5-9 years of experience earns an average total compensation of ₹953,795 based on 332 salaries. An experienced Business Process / Management Consultant with 10-19 years of experience earns an average total compensation of ₹1,433,336 based on 225 salaries. In their late career (20 years and higher), employees earn an average total compensation of ₹1,900,000.  Read less"},{"job_title":"Senior Product Manager","avg_salary":"₹2,375,461","pay_by_experience":"An early career Senior Product Manager with 1-4 years of experience earns an average total compensation (includes tips, bonus, and overtime pay) of ₹1,984,759 based on 79 salaries. A mid-career Senior Product Manager with 5-9 years of experience earns an average total compensation of ₹2,325,925 based on 331 salaries. An experienced Senior Product Manager with 10-19 years of experience earns an average total compensation of ₹2,485,148 based on 473 salaries. In their late career (20 years and higher), employees earn an average total compensation of ₹2,195,455.  Read less"},{"job_title":"Assistant Manager","avg_salary":"₹620,955","pay_by_experience":"An entry-level Assistant Manager with less than 1 year experience can expect to earn an average total compensation (includes tips, bonus, and overtime pay) of ₹390,489 based on 20 salaries. An early career Assistant Manager with 1-4 years of experience earns an average total compensation of ₹495,131 based on 280 salaries. A mid-career Assistant Manager with 5-9 years of experience earns an average total compensation of ₹699,378 based on 324 salaries. An experienced Assistant Manager with 10-19 years of experience earns an average total compensation of ₹733,007 based on 226 salaries. In their late career (20 years and higher), employees earn an average total compensation of ₹814,233.  Read less"},{"job_title":"Purchasing Manager","avg_salary":"₹834,137","pay_by_experience":"An entry-level Purchasing Manager with less than 1 year experience can expect to earn an average total compensation (includes tips, bonus, and overtime pay) of ₹228,000 based on 15 salaries. An early career Purchasing Manager with 1-4 years of experience earns an average total compensation of ₹366,331 based on 87 salaries. A mid-career Purchasing Manager with 5-9 years of experience earns an average total compensation of ₹726,446 based on 207 salaries. An experienced Purchasing Manager with 10-19 years of experience earns an average total compensation of ₹1,042,060 based on 355 salaries. In their late career (20 years and higher), employees earn an average total compensation of ₹1,186,436.  Read less"},{"job_title":"Security Supervisor","avg_salary":"₹244,666","pay_by_experience":"An entry-level Security Supervisor with less than 1 year experience can expect to earn an average total compensation (includes tips, bonus, and overtime pay) of ₹216,000 based on 33 salaries. An early career Security Supervisor with 1-4 years of experience earns an average total compensation of ₹221,787 based on 268 salaries. A mid-career Security Supervisor with 5-9 years of experience earns an average total compensation of ₹238,559 based on 202 salaries. An experienced Security Supervisor with 10-19 years of experience earns an average total compensation of ₹295,351 based on 150 salaries. In their late career (20 years and higher), employees earn an average total compensation of ₹363,029.  Read less"},{"job_title":"Business Consultant","avg_salary":"₹979,706","pay_by_experience":"An entry-level Business Consultant with less than 1 year experience can expect to earn an average total compensation (includes tips, bonus, and overtime pay) of ₹429,421 based on 42 salaries. An early career Business Consultant with 1-4 years of experience earns an average total compensation of ₹710,068 based on 252 salaries. A mid-career Business Consultant with 5-9 years of experience earns an average total compensation of ₹1,125,968 based on 217 salaries. An experienced Business Consultant with 10-19 years of experience earns an average total compensation of ₹1,527,308 based on 168 salaries. In their late career (20 years and higher), employees earn an average total compensation of ₹1,627,784.  Read less"},{"job_title":"Security Analyst","avg_salary":"₹480,791","pay_by_experience":"An entry-level Security Analyst with less than 1 year experience can expect to earn an average total compensation (includes tips, bonus, and overtime pay) of ₹329,532 based on 64 salaries. An early career Security Analyst with 1-4 years of experience earns an average total compensation of ₹448,085 based on 478 salaries. A mid-career Security Analyst with 5-9 years of experience earns an average total compensation of ₹744,322 based on 126 salaries. An experienced Security Analyst with 10-19 years of experience earns an average total compensation of ₹1,201,311 based on 17 salaries.   Read less"},{"job_title":"Supply Chain Manager","avg_salary":"₹859,487","pay_by_experience":"An entry-level Supply Chain Manager with less than 1 year experience can expect to earn an average total compensation (includes tips, bonus, and overtime pay) of ₹344,530 based on 29 salaries. An early career Supply Chain Manager with 1-4 years of experience earns an average total compensation of ₹501,414 based on 142 salaries. A mid-career Supply Chain Manager with 5-9 years of experience earns an average total compensation of ₹824,623 based on 193 salaries. An experienced Supply Chain Manager with 10-19 years of experience earns an average total compensation of ₹1,199,306 based on 245 salaries. In their late career (20 years and higher), employees earn an average total compensation of ₹1,487,178.  Read less"},{"job_title":"Information Security Analyst","avg_salary":"₹554,806","pay_by_experience":"An entry-level Information Security Analyst with less than 1 year experience can expect to earn an average total compensation (includes tips, bonus, and overtime pay) of ₹309,122 based on 54 salaries. An early career Information Security Analyst with 1-4 years of experience earns an average total compensation of ₹503,319 based on 370 salaries. A mid-career Information Security Analyst with 5-9 years of experience earns an average total compensation of ₹863,296 based on 178 salaries. An experienced Information Security Analyst with 10-19 years of experience earns an average total compensation of ₹1,200,000 based on 34 salaries.   Read less"},{"job_title":"Manager Trainee","avg_salary":"₹400,184","pay_by_experience":"An entry-level Manager Trainee with less than 1 year experience can expect to earn an average total compensation (includes tips, bonus, and overtime pay) of ₹392,446 based on 322 salaries. An early career Manager Trainee with 1-4 years of experience earns an average total compensation of ₹361,616 based on 259 salaries. A mid-career Manager Trainee with 5-9 years of experience earns an average total compensation of ₹409,760 based on 43 salaries. An experienced Manager Trainee with 10-19 years of experience earns an average total compensation of ₹520,719 based on 11 salaries.   Read less"},{"job_title":"Quantity Surveyor","avg_salary":"₹395,826","pay_by_experience":"An entry-level Quantity Surveyor with less than 1 year experience can expect to earn an average total compensation (includes tips, bonus, and overtime pay) of ₹282,000 based on 53 salaries. An early career Quantity Surveyor with 1-4 years of experience earns an average total compensation of ₹304,677 based on 272 salaries. A mid-career Quantity Surveyor with 5-9 years of experience earns an average total compensation of ₹522,564 based on 167 salaries. An experienced Quantity Surveyor with 10-19 years of experience earns an average total compensation of ₹752,317 based on 80 salaries. In their late career (20 years and higher), employees earn an average total compensation of ₹1,296,000.  Read less"},{"job_title":"Procurement Manager","avg_salary":"₹996,519","pay_by_experience":"An entry-level Procurement Manager with less than 1 year experience can expect to earn an average total compensation (includes tips, bonus, and overtime pay) of ₹300,002 based on 5 salaries. An early career Procurement Manager with 1-4 years of experience earns an average total compensation of ₹529,655 based on 63 salaries. A mid-career Procurement Manager with 5-9 years of experience earns an average total compensation of ₹857,155 based on 182 salaries. An experienced Procurement Manager with 10-19 years of experience earns an average total compensation of ₹1,207,054 based on 291 salaries. In their late career (20 years and higher), employees earn an average total compensation of ₹1,366,281.  Read less"},{"job_title":"Logistics Manager","avg_salary":"₹605,938","pay_by_experience":"An entry-level Logistics Manager with less than 1 year experience can expect to earn an average total compensation (includes tips, bonus, and overtime pay) of ₹277,477 based on 24 salaries. An early career Logistics Manager with 1-4 years of experience earns an average total compensation of ₹350,651 based on 110 salaries. A mid-career Logistics Manager with 5-9 years of experience earns an average total compensation of ₹629,209 based on 106 salaries. An experienced Logistics Manager with 10-19 years of experience earns an average total compensation of ₹813,064 based on 232 salaries. In their late career (20 years and higher), employees earn an average total compensation of ₹760,000.  Read less"},{"job_title":"Technical Analyst","avg_salary":"₹699,049","pay_by_experience":"An entry-level Technical Analyst with less than 1 year experience can expect to earn an average total compensation (includes tips, bonus, and overtime pay) of ₹486,053 based on 35 salaries. An early career Technical Analyst with 1-4 years of experience earns an average total compensation of ₹554,733 based on 230 salaries. A mid-career Technical Analyst with 5-9 years of experience earns an average total compensation of ₹959,570 based on 200 salaries. An experienced Technical Analyst with 10-19 years of experience earns an average total compensation of ₹1,359,416 based on 52 salaries.   Read less"},{"job_title":"Lead Business Analyst","avg_salary":"₹1,469,099","pay_by_experience":"An early career Lead Business Analyst with 1-4 years of experience earns an average total compensation (includes tips, bonus, and overtime pay) of ₹773,122 based on 29 salaries. A mid-career Lead Business Analyst with 5-9 years of experience earns an average total compensation of ₹1,362,398 based on 225 salaries. An experienced Lead Business Analyst with 10-19 years of experience earns an average total compensation of ₹1,655,086 based on 206 salaries.   Read less"},{"job_title":"Procurement Specialist","avg_salary":"₹451,687","pay_by_experience":"An entry-level Procurement Specialist with less than 1 year experience can expect to earn an average total compensation (includes tips, bonus, and overtime pay) of ₹288,983 based on 8 salaries. An early career Procurement Specialist with 1-4 years of experience earns an average total compensation of ₹369,434 based on 189 salaries. A mid-career Procurement Specialist with 5-9 years of experience earns an average total compensation of ₹596,248 based on 192 salaries. An experienced Procurement Specialist with 10-19 years of experience earns an average total compensation of ₹986,326 based on 46 salaries. In their late career (20 years and higher), employees earn an average total compensation of ₹1,768,743.  Read less"},{"job_title":"Design Manager","avg_salary":"₹1,183,062","pay_by_experience":"An entry-level Design Manager with less than 1 year experience can expect to earn an average total compensation (includes tips, bonus, and overtime pay) of ₹500,000 based on 7 salaries. An early career Design Manager with 1-4 years of experience earns an average total compensation of ₹708,673 based on 50 salaries. A mid-career Design Manager with 5-9 years of experience earns an average total compensation of ₹1,092,870 based on 107 salaries. An experienced Design Manager with 10-19 years of experience earns an average total compensation of ₹1,372,065 based on 214 salaries. In their late career (20 years and higher), employees earn an average total compensation of ₹1,831,257.  Read less"},{"job_title":"Incident Manager","avg_salary":"₹570,383","pay_by_experience":"An entry-level Incident Manager with less than 1 year experience can expect to earn an average total compensation (includes tips, bonus, and overtime pay) of ₹250,252 based on 5 salaries. An early career Incident Manager with 1-4 years of experience earns an average total compensation of ₹450,377 based on 124 salaries. A mid-career Incident Manager with 5-9 years of experience earns an average total compensation of ₹644,212 based on 167 salaries. An experienced Incident Manager with 10-19 years of experience earns an average total compensation of ₹1,018,573 based on 50 salaries.   Read less"},{"job_title":"Event Manager","avg_salary":"₹449,414","pay_by_experience":"An entry-level Event Manager with less than 1 year experience can expect to earn an average total compensation (includes tips, bonus, and overtime pay) of ₹350,000 based on 53 salaries. An early career Event Manager with 1-4 years of experience earns an average total compensation of ₹359,152 based on 174 salaries. A mid-career Event Manager with 5-9 years of experience earns an average total compensation of ₹589,581 based on 69 salaries. An experienced Event Manager with 10-19 years of experience earns an average total compensation of ₹616,736 based on 37 salaries. In their late career (20 years and higher), employees earn an average total compensation of ₹625,000.  Read less"},{"job_title":"Security Manager","avg_salary":"₹873,977","pay_by_experience":"An early career Security Manager with 1-4 years of experience earns an average total compensation (includes tips, bonus, and overtime pay) of ₹482,757 based on 36 salaries. A mid-career Security Manager with 5-9 years of experience earns an average total compensation of ₹844,260 based on 65 salaries. An experienced Security Manager with 10-19 years of experience earns an average total compensation of ₹1,018,924 based on 145 salaries. In their late career (20 years and higher), employees earn an average total compensation of ₹1,100,000.  Read less"},{"job_title":"Information Security Manager","avg_salary":"₹1,549,266","pay_by_experience":"An entry-level Information Security Manager with less than 1 year experience can expect to earn an average total compensation (includes tips, bonus, and overtime pay) of ₹491,318 based on 9 salaries. An early career Information Security Manager with 1-4 years of experience earns an average total compensation of ₹793,270 based on 34 salaries. A mid-career Information Security Manager with 5-9 years of experience earns an average total compensation of ₹1,393,876 based on 102 salaries. An experienced Information Security Manager with 10-19 years of experience earns an average total compensation of ₹1,959,774 based on 150 salaries. In their late career (20 years and higher), employees earn an average total compensation of ₹2,750,000.  Read less"},{"job_title":"Associate Project Manager (Unspecified Type / General)","avg_salary":"₹1,238,238","pay_by_experience":"An entry-level Associate Project Manager (Unspecified Type / General) with less than 1 year experience can expect to earn an average total compensation (includes tips, bonus, and overtime pay) of ₹495,500 based on 9 salaries. An early career Associate Project Manager (Unspecified Type / General) with 1-4 years of experience earns an average total compensation of ₹674,074 based on 46 salaries. A mid-career Associate Project Manager (Unspecified Type / General) with 5-9 years of experience earns an average total compensation of ₹1,045,441 based on 91 salaries. An experienced Associate Project Manager (Unspecified Type / General) with 10-19 years of experience earns an average total compensation of ₹1,585,306 based on 119 salaries. In their late career (20 years and higher), employees earn an average total compensation of ₹1,000,000.  Read less"},{"job_title":"Buyer","avg_salary":"₹540,712","pay_by_experience":"An early career Buyer with 1-4 years of experience earns an average total compensation (includes tips, bonus, and overtime pay) of ₹425,120 based on 102 salaries. A mid-career Buyer with 5-9 years of experience earns an average total compensation of ₹637,445 based on 123 salaries. An experienced Buyer with 10-19 years of experience earns an average total compensation of ₹924,324 based on 35 salaries.   Read less"},{"job_title":"Purchaser","avg_salary":"₹388,657","pay_by_experience":"An entry-level Purchaser with less than 1 year experience can expect to earn an average total compensation (includes tips, bonus, and overtime pay) of ₹243,635 based on 11 salaries. An early career Purchaser with 1-4 years of experience earns an average total compensation of ₹304,010 based on 128 salaries. A mid-career Purchaser with 5-9 years of experience earns an average total compensation of ₹554,286 based on 85 salaries. An experienced Purchaser with 10-19 years of experience earns an average total compensation of ₹705,889 based on 36 salaries. In their late career (20 years and higher), employees earn an average total compensation of ₹1,200,000.  Read less"},{"job_title":"Commercial Manager","avg_salary":"₹797,827","pay_by_experience":"An early career Commercial Manager with 1-4 years of experience earns an average total compensation (includes tips, bonus, and overtime pay) of ₹535,126 based on 28 salaries. A mid-career Commercial Manager with 5-9 years of experience earns an average total compensation of ₹687,584 based on 78 salaries. An experienced Commercial Manager with 10-19 years of experience earns an average total compensation of ₹863,584 based on 100 salaries. In their late career (20 years and higher), employees earn an average total compensation of ₹1,000,000.  Read less"},{"job_title":"Reporting Analyst","avg_salary":"₹489,629","pay_by_experience":"An entry-level Reporting Analyst with less than 1 year experience can expect to earn an average total compensation (includes tips, bonus, and overtime pay) of ₹301,674 based on 11 salaries. An early career Reporting Analyst with 1-4 years of experience earns an average total compensation of ₹427,842 based on 106 salaries. A mid-career Reporting Analyst with 5-9 years of experience earns an average total compensation of ₹611,614 based on 75 salaries. An experienced Reporting Analyst with 10-19 years of experience earns an average total compensation of ₹650,000 based on 29 salaries.   Read less"},{"job_title":"Implementation Consultant","avg_salary":"₹703,555","pay_by_experience":"An entry-level Implementation Consultant with less than 1 year experience can expect to earn an average total compensation (includes tips, bonus, and overtime pay) of ₹256,973 based on 9 salaries. An early career Implementation Consultant with 1-4 years of experience earns an average total compensation of ₹510,213 based on 103 salaries. A mid-career Implementation Consultant with 5-9 years of experience earns an average total compensation of ₹984,278 based on 81 salaries. An experienced Implementation Consultant with 10-19 years of experience earns an average total compensation of ₹1,700,000 based on 23 salaries.   Read less"},{"job_title":"Procurement Officer","avg_salary":"₹376,406","pay_by_experience":"An entry-level Procurement Officer with less than 1 year experience can expect to earn an average total compensation (includes tips, bonus, and overtime pay) of ₹239,843 based on 10 salaries. An early career Procurement Officer with 1-4 years of experience earns an average total compensation of ₹314,207 based on 77 salaries. A mid-career Procurement Officer with 5-9 years of experience earns an average total compensation of ₹435,531 based on 84 salaries. An experienced Procurement Officer with 10-19 years of experience earns an average total compensation of ₹500,284 based on 32 salaries. In their late career (20 years and higher), employees earn an average total compensation of ₹750,000.  Read less"},{"job_title":"Learning and Development Specialist","avg_salary":"₹706,817","pay_by_experience":"An entry-level Learning and Development Specialist with less than 1 year experience can expect to earn an average total compensation (includes tips, bonus, and overtime pay) of ₹400,841 based on 6 salaries. An early career Learning and Development Specialist with 1-4 years of experience earns an average total compensation of ₹500,505 based on 68 salaries. A mid-career Learning and Development Specialist with 5-9 years of experience earns an average total compensation of ₹739,744 based on 66 salaries. An experienced Learning and Development Specialist with 10-19 years of experience earns an average total compensation of ₹1,403,001 based on 49 salaries. In their late career (20 years and higher), employees earn an average total compensation of ₹1,850,000.  Read less"},{"job_title":"Business Operations Analyst","avg_salary":"₹498,345","pay_by_experience":"An entry-level Business Operations Analyst with less than 1 year experience can expect to earn an average total compensation (includes tips, bonus, and overtime pay) of ₹450,000 based on 23 salaries. An early career Business Operations Analyst with 1-4 years of experience earns an average total compensation of ₹445,275 based on 114 salaries. A mid-career Business Operations Analyst with 5-9 years of experience earns an average total compensation of ₹631,905 based on 42 salaries. An experienced Business Operations Analyst with 10-19 years of experience earns an average total compensation of ₹950,000 based on 18 salaries.   Read less"},{"job_title":"Client Service Executive","avg_salary":"₹280,704","pay_by_experience":"An entry-level Client Service Executive with less than 1 year experience can expect to earn an average total compensation (includes tips, bonus, and overtime pay) of ₹243,617 based on 44 salaries. An early career Client Service Executive with 1-4 years of experience earns an average total compensation of ₹276,531 based on 119 salaries. A mid-career Client Service Executive with 5-9 years of experience earns an average total compensation of ₹431,992 based on 22 salaries.   Read less"},{"job_title":"Business Process Analyst","avg_salary":"₹494,830","pay_by_experience":"An entry-level Business Process Analyst with less than 1 year experience can expect to earn an average total compensation (includes tips, bonus, and overtime pay) of ₹320,000 based on 12 salaries. An early career Business Process Analyst with 1-4 years of experience earns an average total compensation of ₹394,587 based on 80 salaries. A mid-career Business Process Analyst with 5-9 years of experience earns an average total compensation of ₹561,883 based on 67 salaries. An experienced Business Process Analyst with 10-19 years of experience earns an average total compensation of ₹823,469 based on 27 salaries.   Read less"},{"job_title":"Contracts Manager","avg_salary":"₹1,047,295","pay_by_experience":"An early career Contracts Manager with 1-4 years of experience earns an average total compensation (includes tips, bonus, and overtime pay) of ₹586,268 based on 28 salaries. A mid-career Contracts Manager with 5-9 years of experience earns an average total compensation of ₹1,182,348 based on 72 salaries. An experienced Contracts Manager with 10-19 years of experience earns an average total compensation of ₹1,267,189 based on 69 salaries. In their late career (20 years and higher), employees earn an average total compensation of ₹400,000.  Read less"},{"job_title":"Application Support Specialist","avg_salary":"₹612,733","pay_by_experience":"An entry-level Application Support Specialist with less than 1 year experience can expect to earn an average total compensation (includes tips, bonus, and overtime pay) of ₹277,800 based on 7 salaries. An early career Application Support Specialist with 1-4 years of experience earns an average total compensation of ₹480,723 based on 61 salaries. A mid-career Application Support Specialist with 5-9 years of experience earns an average total compensation of ₹703,554 based on 86 salaries. An experienced Application Support Specialist with 10-19 years of experience earns an average total compensation of ₹1,186,436 based on 23 salaries.   Read less"},{"job_title":"Senior Technical Analyst","avg_salary":"₹910,578","pay_by_experience":"An early career Senior Technical Analyst with 1-4 years of experience earns an average total compensation (includes tips, bonus, and overtime pay) of ₹555,290 based on 37 salaries. A mid-career Senior Technical Analyst with 5-9 years of experience earns an average total compensation of ₹948,424 based on 77 salaries. An experienced Senior Technical Analyst with 10-19 years of experience earns an average total compensation of ₹1,440,889 based on 55 salaries.   Read less"},{"job_title":"Junior Business Analyst (Unspecified Type)","avg_salary":"₹303,117","pay_by_experience":"An entry-level Junior Business Analyst (Unspecified Type) with less than 1 year experience can expect to earn an average total compensation (includes tips, bonus, and overtime pay) of ₹285,962 based on 54 salaries. An early career Junior Business Analyst (Unspecified Type) with 1-4 years of experience earns an average total compensation of ₹309,870 based on 103 salaries. A mid-career Junior Business Analyst (Unspecified Type) with 5-9 years of experience earns an average total compensation of ₹550,000 based on 3 salaries.   Read less"},{"job_title":"Purchasing Officer","avg_salary":"₹312,388","pay_by_experience":"An entry-level Purchasing Officer with less than 1 year experience can expect to earn an average total compensation (includes tips, bonus, and overtime pay) of ₹191,729 based on 6 salaries. An early career Purchasing Officer with 1-4 years of experience earns an average total compensation of ₹275,204 based on 72 salaries. A mid-career Purchasing Officer with 5-9 years of experience earns an average total compensation of ₹367,548 based on 52 salaries. An experienced Purchasing Officer with 10-19 years of experience earns an average total compensation of ₹417,000 based on 24 salaries. In their late career (20 years and higher), employees earn an average total compensation of ₹375,000.  Read less"},{"job_title":"Regulatory Affairs Associate","avg_salary":"₹337,751","pay_by_experience":"An entry-level Regulatory Affairs Associate with less than 1 year experience can expect to earn an average total compensation (includes tips, bonus, and overtime pay) of ₹243,928 based on 18 salaries. An early career Regulatory Affairs Associate with 1-4 years of experience earns an average total compensation of ₹310,721 based on 98 salaries. A mid-career Regulatory Affairs Associate with 5-9 years of experience earns an average total compensation of ₹543,334 based on 36 salaries.   Read less"},{"job_title":"Regulatory Affairs Manager","avg_salary":"₹1,026,908","pay_by_experience":"An entry-level Regulatory Affairs Manager with less than 1 year experience can expect to earn an average total compensation (includes tips, bonus, and overtime pay) of ₹500,000 based on 6 salaries. An early career Regulatory Affairs Manager with 1-4 years of experience earns an average total compensation of ₹446,980 based on 15 salaries. A mid-career Regulatory Affairs Manager with 5-9 years of experience earns an average total compensation of ₹1,007,125 based on 64 salaries. An experienced Regulatory Affairs Manager with 10-19 years of experience earns an average total compensation of ₹1,375,689 based on 73 salaries.   Read less"},{"job_title":"Business Intelligence Consultant","avg_salary":"₹789,522","pay_by_experience":"An entry-level Business Intelligence Consultant with less than 1 year experience can expect to earn an average total compensation (includes tips, bonus, and overtime pay) of ₹491,318 based on 7 salaries. An early career Business Intelligence Consultant with 1-4 years of experience earns an average total compensation of ₹675,824 based on 68 salaries. A mid-career Business Intelligence Consultant with 5-9 years of experience earns an average total compensation of ₹1,034,263 based on 56 salaries. An experienced Business Intelligence Consultant with 10-19 years of experience earns an average total compensation of ₹1,951,756 based on 20 salaries.   Read less"},{"job_title":"Program Analyst","avg_salary":"₹390,022","pay_by_experience":"An entry-level Program Analyst with less than 1 year experience can expect to earn an average total compensation (includes tips, bonus, and overtime pay) of ₹346,275 based on 35 salaries. An early career Program Analyst with 1-4 years of experience earns an average total compensation of ₹388,303 based on 92 salaries. A mid-career Program Analyst with 5-9 years of experience earns an average total compensation of ₹884,085 based on 18 salaries.   Read less"},{"job_title":"Product Manager, Healthcare","avg_salary":"₹876,089","pay_by_experience":"An entry-level Product Manager, Healthcare with less than 1 year experience can expect to earn an average total compensation (includes tips, bonus, and overtime pay) of ₹547,000 based on 5 salaries. An early career Product Manager, Healthcare with 1-4 years of experience earns an average total compensation of ₹726,079 based on 54 salaries. A mid-career Product Manager, Healthcare with 5-9 years of experience earns an average total compensation of ₹885,328 based on 58 salaries. An experienced Product Manager, Healthcare with 10-19 years of experience earns an average total compensation of ₹1,790,096 based on 30 salaries. In their late career (20 years and higher), employees earn an average total compensation of ₹1,700,000.  Read less"},{"job_title":"Cyber Security Engineer","avg_salary":"₹608,218","pay_by_experience":"An entry-level Cyber Security Engineer with less than 1 year experience can expect to earn an average total compensation (includes tips, bonus, and overtime pay) of ₹494,348 based on 22 salaries. An early career Cyber Security Engineer with 1-4 years of experience earns an average total compensation of ₹493,358 based on 78 salaries. A mid-career Cyber Security Engineer with 5-9 years of experience earns an average total compensation of ₹1,100,000 based on 26 salaries. An experienced Cyber Security Engineer with 10-19 years of experience earns an average total compensation of ₹1,526,047 based on 10 salaries.   Read less"},{"job_title":"Property Manager","avg_salary":"₹498,216","pay_by_experience":"An entry-level Property Manager with less than 1 year experience can expect to earn an average total compensation (includes tips, bonus, and overtime pay) of ₹294,791 based on 7 salaries. An early career Property Manager with 1-4 years of experience earns an average total compensation of ₹305,209 based on 36 salaries. A mid-career Property Manager with 5-9 years of experience earns an average total compensation of ₹585,549 based on 41 salaries. An experienced Property Manager with 10-19 years of experience earns an average total compensation of ₹813,497 based on 42 salaries. In their late career (20 years and higher), employees earn an average total compensation of ₹1,012,346.  Read less"},{"job_title":"Assistant Manager, Property Management","avg_salary":"₹543,121","pay_by_experience":"An entry-level Assistant Manager, Property Management with less than 1 year experience can expect to earn an average total compensation (includes tips, bonus, and overtime pay) of ₹272,250 based on 15 salaries. An early career Assistant Manager, Property Management with 1-4 years of experience earns an average total compensation of ₹427,879 based on 42 salaries. A mid-career Assistant Manager, Property Management with 5-9 years of experience earns an average total compensation of ₹609,216 based on 36 salaries. An experienced Assistant Manager, Property Management with 10-19 years of experience earns an average total compensation of ₹738,908 based on 36 salaries.   Read less"},{"job_title":"Event Coordinator","avg_salary":"₹297,470","pay_by_experience":"An entry-level Event Coordinator with less than 1 year experience can expect to earn an average total compensation (includes tips, bonus, and overtime pay) of ₹237,287 based on 14 salaries. An early career Event Coordinator with 1-4 years of experience earns an average total compensation of ₹257,745 based on 82 salaries. A mid-career Event Coordinator with 5-9 years of experience earns an average total compensation of ₹360,000 based on 19 salaries. An experienced Event Coordinator with 10-19 years of experience earns an average total compensation of ₹591,000 based on 7 salaries.   Read less"},{"job_title":"Senior Business Consultant","avg_salary":"₹1,419,308","pay_by_experience":"An early career Senior Business Consultant with 1-4 years of experience earns an average total compensation (includes tips, bonus, and overtime pay) of ₹950,000 based on 28 salaries. A mid-career Senior Business Consultant with 5-9 years of experience earns an average total compensation of ₹1,358,891 based on 59 salaries. An experienced Senior Business Consultant with 10-19 years of experience earns an average total compensation of ₹1,665,881 based on 52 salaries. In their late career (20 years and higher), employees earn an average total compensation of ₹2,950,000.  Read less"},{"job_title":"Strategic Sourcing Manager","avg_salary":"₹1,231,630","pay_by_experience":"An early career Strategic Sourcing Manager with 1-4 years of experience earns an average total compensation (includes tips, bonus, and overtime pay) of ₹775,000 based on 13 salaries. A mid-career Strategic Sourcing Manager with 5-9 years of experience earns an average total compensation of ₹1,157,928 based on 44 salaries. An experienced Strategic Sourcing Manager with 10-19 years of experience earns an average total compensation of ₹1,494,551 based on 69 salaries. In their late career (20 years and higher), employees earn an average total compensation of ₹2,122,353.  Read less"},{"job_title":"Manager, Change Management","avg_salary":"₹673,078","pay_by_experience":"An entry-level Manager, Change Management with less than 1 year experience can expect to earn an average total compensation (includes tips, bonus, and overtime pay) of ₹343,922 based on 5 salaries. An early career Manager, Change Management with 1-4 years of experience earns an average total compensation of ₹433,249 based on 36 salaries. A mid-career Manager, Change Management with 5-9 years of experience earns an average total compensation of ₹705,702 based on 58 salaries. An experienced Manager, Change Management with 10-19 years of experience earns an average total compensation of ₹1,359,178 based on 30 salaries.   Read less"},{"job_title":"Senior Buyer","avg_salary":"₹850,611","pay_by_experience":"An early career Senior Buyer with 1-4 years of experience earns an average total compensation (includes tips, bonus, and overtime pay) of ₹402,593 based on 22 salaries. A mid-career Senior Buyer with 5-9 years of experience earns an average total compensation of ₹928,785 based on 67 salaries. An experienced Senior Buyer with 10-19 years of experience earns an average total compensation of ₹1,228,902 based on 31 salaries.   Read less"},{"job_title":"Workforce Management Analyst","avg_salary":"₹398,033","pay_by_experience":"An entry-level Workforce Management Analyst with less than 1 year experience can expect to earn an average total compensation (includes tips, bonus, and overtime pay) of ₹325,000 based on 5 salaries. An early career Workforce Management Analyst with 1-4 years of experience earns an average total compensation of ₹344,980 based on 76 salaries. A mid-career Workforce Management Analyst with 5-9 years of experience earns an average total compensation of ₹466,853 based on 32 salaries. An experienced Workforce Management Analyst with 10-19 years of experience earns an average total compensation of ₹602,194 based on 10 salaries.   Read less"},{"job_title":"Project Leader, General","avg_salary":"₹977,985","pay_by_experience":"An early career Project Leader, General with 1-4 years of experience earns an average total compensation (includes tips, bonus, and overtime pay) of ₹560,000 based on 9 salaries. A mid-career Project Leader, General with 5-9 years of experience earns an average total compensation of ₹814,849 based on 40 salaries. An experienced Project Leader, General with 10-19 years of experience earns an average total compensation of ₹1,190,238 based on 67 salaries. In their late career (20 years and higher), employees earn an average total compensation of ₹1,620,000.  Read less"},{"job_title":"Associate Business Analyst","avg_salary":"₹450,799","pay_by_experience":"An entry-level Associate Business Analyst with less than 1 year experience can expect to earn an average total compensation (includes tips, bonus, and overtime pay) of ₹403,365 based on 21 salaries. An early career Associate Business Analyst with 1-4 years of experience earns an average total compensation of ₹444,839 based on 89 salaries. A mid-career Associate Business Analyst with 5-9 years of experience earns an average total compensation of ₹565,000 based on 10 salaries.   Read less"},{"job_title":"Project Management Officer","avg_salary":"₹579,794","pay_by_experience":"An entry-level Project Management Officer with less than 1 year experience can expect to earn an average total compensation (includes tips, bonus, and overtime pay) of ₹425,000 based on 6 salaries. An early career Project Management Officer with 1-4 years of experience earns an average total compensation of ₹411,753 based on 48 salaries. A mid-career Project Management Officer with 5-9 years of experience earns an average total compensation of ₹663,579 based on 35 salaries. An experienced Project Management Officer with 10-19 years of experience earns an average total compensation of ₹826,290 based on 30 salaries.   Read less"},{"job_title":"Consultant, Business Process / Management","avg_salary":"₹700,000","pay_by_experience":"An entry-level Consultant, Business Process / Management with less than 1 year experience can expect to earn an average total compensation (includes tips, bonus, and overtime pay) of ₹264,000 based on 10 salaries. An early career Consultant, Business Process / Management with 1-4 years of experience earns an average total compensation of ₹578,082 based on 42 salaries. A mid-career Consultant, Business Process / Management with 5-9 years of experience earns an average total compensation of ₹837,954 based on 43 salaries. An experienced Consultant, Business Process / Management with 10-19 years of experience earns an average total compensation of ₹1,270,159 based on 27 salaries. In their late career (20 years and higher), employees earn an average total compensation of ₹2,500,000.  Read less"},{"job_title":"Customer Relationship Management (CRM) Consultant","avg_salary":"₹412,838","pay_by_experience":"An entry-level Customer Relationship Management (CRM) Consultant with less than 1 year experience can expect to earn an average total compensation (includes tips, bonus, and overtime pay) of ₹223,086 based on 15 salaries. An early career Customer Relationship Management (CRM) Consultant with 1-4 years of experience earns an average total compensation of ₹356,614 based on 66 salaries. A mid-career Customer Relationship Management (CRM) Consultant with 5-9 years of experience earns an average total compensation of ₹819,207 based on 26 salaries. An experienced Customer Relationship Management (CRM) Consultant with 10-19 years of experience earns an average total compensation of ₹1,308,130 based on 17 salaries.   Read less"},{"job_title":"Senior Procurement Manager","avg_salary":"₹1,805,075","pay_by_experience":"A mid-career Senior Procurement Manager with 5-9 years of experience earns an average total compensation (includes tips, bonus, and overtime pay) of ₹1,560,000 based on 14 salaries. An experienced Senior Procurement Manager with 10-19 years of experience earns an average total compensation of ₹1,689,467 based on 69 salaries. In their late career (20 years and higher), employees earn an average total compensation of ₹2,048,410.  Read less"},{"job_title":"Technical Advisor","avg_salary":"₹1,001,019","pay_by_experience":"An entry-level Technical Advisor with less than 1 year experience can expect to earn an average total compensation (includes tips, bonus, and overtime pay) of ₹195,000 based on 10 salaries. An early career Technical Advisor with 1-4 years of experience earns an average total compensation of ₹391,001 based on 32 salaries. A mid-career Technical Advisor with 5-9 years of experience earns an average total compensation of ₹1,082,281 based on 29 salaries. An experienced Technical Advisor with 10-19 years of experience earns an average total compensation of ₹1,425,492 based on 29 salaries. In their late career (20 years and higher), employees earn an average total compensation of ₹1,200,000.  Read less"},{"job_title":"SAP Business Analyst","avg_salary":"₹835,178","pay_by_experience":"An entry-level SAP Business Analyst with less than 1 year experience can expect to earn an average total compensation (includes tips, bonus, and overtime pay) of ₹361,068 based on 11 salaries. An early career SAP Business Analyst with 1-4 years of experience earns an average total compensation of ₹520,494 based on 37 salaries. A mid-career SAP Business Analyst with 5-9 years of experience earns an average total compensation of ₹945,310 based on 40 salaries. An experienced SAP Business Analyst with 10-19 years of experience earns an average total compensation of ₹1,562,157 based on 25 salaries.   Read less"},{"job_title":"Strategic Planning Manager","avg_salary":"₹1,065,805","pay_by_experience":"An early career Strategic Planning Manager with 1-4 years of experience earns an average total compensation (includes tips, bonus, and overtime pay) of ₹800,000 based on 29 salaries. A mid-career Strategic Planning Manager with 5-9 years of experience earns an average total compensation of ₹1,074,062 based on 35 salaries. An experienced Strategic Planning Manager with 10-19 years of experience earns an average total compensation of ₹1,450,183 based on 45 salaries.   Read less"},{"job_title":"Strategy Consultant","avg_salary":"₹1,353,257","pay_by_experience":"An early career Strategy Consultant with 1-4 years of experience earns an average total compensation (includes tips, bonus, and overtime pay) of ₹1,139,665 based on 45 salaries. A mid-career Strategy Consultant with 5-9 years of experience earns an average total compensation of ₹1,593,255 based on 44 salaries. An experienced Strategy Consultant with 10-19 years of experience earns an average total compensation of ₹2,062,608 based on 12 salaries.   Read less"},{"job_title":"Strategy Manager","avg_salary":"₹1,442,298","pay_by_experience":"An early career Strategy Manager with 1-4 years of experience earns an average total compensation (includes tips, bonus, and overtime pay) of ₹1,042,326 based on 40 salaries. A mid-career Strategy Manager with 5-9 years of experience earns an average total compensation of ₹1,887,274 based on 37 salaries. An experienced Strategy Manager with 10-19 years of experience earns an average total compensation of ₹2,463,025 based on 21 salaries.   Read less"},{"job_title":"Program Project Manager","avg_salary":"₹1,545,113","pay_by_experience":"An entry-level Program Project Manager with less than 1 year experience can expect to earn an average total compensation (includes tips, bonus, and overtime pay) of ₹430,000 based on 4 salaries. An early career Program Project Manager with 1-4 years of experience earns an average total compensation of ₹950,226 based on 14 salaries. A mid-career Program Project Manager with 5-9 years of experience earns an average total compensation of ₹1,237,770 based on 24 salaries. An experienced Program Project Manager with 10-19 years of experience earns an average total compensation of ₹1,745,933 based on 56 salaries. In their late career (20 years and higher), employees earn an average total compensation of ₹2,549,020.  Read less"},{"job_title":"Regulatory Affairs Specialist","avg_salary":"₹463,179","pay_by_experience":"An entry-level Regulatory Affairs Specialist with less than 1 year experience can expect to earn an average total compensation (includes tips, bonus, and overtime pay) of ₹311,231 based on 9 salaries. An early career Regulatory Affairs Specialist with 1-4 years of experience earns an average total compensation of ₹389,310 based on 45 salaries. A mid-career Regulatory Affairs Specialist with 5-9 years of experience earns an average total compensation of ₹650,000 based on 40 salaries. An experienced Regulatory Affairs Specialist with 10-19 years of experience earns an average total compensation of ₹720,000 based on 5 salaries.   Read less"},{"job_title":"Import/Export Clerk","avg_salary":"₹296,524","pay_by_experience":"An entry-level Import/Export Clerk with less than 1 year experience can expect to earn an average total compensation (includes tips, bonus, and overtime pay) of ₹197,739 based on 10 salaries. An early career Import/Export Clerk with 1-4 years of experience earns an average total compensation of ₹240,000 based on 38 salaries. A mid-career Import/Export Clerk with 5-9 years of experience earns an average total compensation of ₹308,756 based on 22 salaries. An experienced Import/Export Clerk with 10-19 years of experience earns an average total compensation of ₹366,505 based on 18 salaries.   Read less"},{"job_title":"Project Management Manager","avg_salary":"₹855,519","pay_by_experience":"An entry-level Project Management Manager with less than 1 year experience can expect to earn an average total compensation (includes tips, bonus, and overtime pay) of ₹160,000 based on 9 salaries. An early career Project Management Manager with 1-4 years of experience earns an average total compensation of ₹480,811 based on 22 salaries. A mid-career Project Management Manager with 5-9 years of experience earns an average total compensation of ₹713,001 based on 23 salaries. An experienced Project Management Manager with 10-19 years of experience earns an average total compensation of ₹1,336,806 based on 36 salaries. In their late career (20 years and higher), employees earn an average total compensation of ₹2,016,081.  Read less"},{"job_title":"Claims Manager, Insurance","avg_salary":"₹542,396","pay_by_experience":"An entry-level Claims Manager, Insurance with less than 1 year experience can expect to earn an average total compensation (includes tips, bonus, and overtime pay) of ₹400,000 based on 5 salaries. An early career Claims Manager, Insurance with 1-4 years of experience earns an average total compensation of ₹393,813 based on 27 salaries. A mid-career Claims Manager, Insurance with 5-9 years of experience earns an average total compensation of ₹600,000 based on 31 salaries. An experienced Claims Manager, Insurance with 10-19 years of experience earns an average total compensation of ₹1,130,000 based on 19 salaries. In their late career (20 years and higher), employees earn an average total compensation of ₹1,650,000.  Read less"},{"job_title":"Claims Adjuster / Examiner / Investigator","avg_salary":"₹300,544","pay_by_experience":"An entry-level Claims Adjuster / Examiner / Investigator with less than 1 year experience can expect to earn an average total compensation (includes tips, bonus, and overtime pay) of ₹232,921 based on 9 salaries. An early career Claims Adjuster / Examiner / Investigator with 1-4 years of experience earns an average total compensation of ₹296,254 based on 50 salaries. A mid-career Claims Adjuster / Examiner / Investigator with 5-9 years of experience earns an average total compensation of ₹455,000 based on 17 salaries. An experienced Claims Adjuster / Examiner / Investigator with 10-19 years of experience earns an average total compensation of ₹600,000 based on 7 salaries.   Read less"},{"job_title":"Senior Quantity Surveyor","avg_salary":"₹649,072","pay_by_experience":"An early career Senior Quantity Surveyor with 1-4 years of experience earns an average total compensation (includes tips, bonus, and overtime pay) of ₹453,000 based on 7 salaries. A mid-career Senior Quantity Surveyor with 5-9 years of experience earns an average total compensation of ₹548,373 based on 36 salaries. An experienced Senior Quantity Surveyor with 10-19 years of experience earns an average total compensation of ₹761,206 based on 26 salaries. In their late career (20 years and higher), employees earn an average total compensation of ₹879,215.  Read less"},{"job_title":"Inventory / Purchasing Manager","avg_salary":"₹596,548","pay_by_experience":"An early career Inventory / Purchasing Manager with 1-4 years of experience earns an average total compensation (includes tips, bonus, and overtime pay) of ₹303,391 based on 16 salaries. A mid-career Inventory / Purchasing Manager with 5-9 years of experience earns an average total compensation of ₹447,372 based on 16 salaries. An experienced Inventory / Purchasing Manager with 10-19 years of experience earns an average total compensation of ₹728,035 based on 37 salaries. In their late career (20 years and higher), employees earn an average total compensation of ₹900,000.  Read less"},{"job_title":"Materials Manager","avg_salary":"₹820,335","pay_by_experience":"An early career Materials Manager with 1-4 years of experience earns an average total compensation (includes tips, bonus, and overtime pay) of ₹399,959 based on 23 salaries. A mid-career Materials Manager with 5-9 years of experience earns an average total compensation of ₹565,207 based on 10 salaries. An experienced Materials Manager with 10-19 years of experience earns an average total compensation of ₹903,967 based on 38 salaries. In their late career (20 years and higher), employees earn an average total compensation of ₹847,393.  Read less"},{"job_title":"Pre Sales Technical Consultant","avg_salary":"₹832,670","pay_by_experience":"An early career Pre Sales Technical Consultant with 1-4 years of experience earns an average total compensation (includes tips, bonus, and overtime pay) of ₹525,893 based on 35 salaries. A mid-career Pre Sales Technical Consultant with 5-9 years of experience earns an average total compensation of ₹1,000,000 based on 17 salaries. An experienced Pre Sales Technical Consultant with 10-19 years of experience earns an average total compensation of ₹1,667,066 based on 26 salaries. In their late career (20 years and higher), employees earn an average total compensation of ₹3,481,713.  Read less"},{"job_title":"Consulting Manager","avg_salary":"₹2,116,941","pay_by_experience":"","Root":""},{"job_title":"Vendor Manager","avg_salary":"₹728,767","pay_by_experience":"An early career Vendor Manager with 1-4 years of experience earns an average total compensation (includes tips, bonus, and overtime pay) of ₹386,114 based on 30 salaries. A mid-career Vendor Manager with 5-9 years of experience earns an average total compensation of ₹889,827 based on 18 salaries. An experienced Vendor Manager with 10-19 years of experience earns an average total compensation of ₹1,149,653 based on 27 salaries.   Read less"},{"job_title":"Project Analyst","avg_salary":"₹559,551","pay_by_experience":"An entry-level Project Analyst with less than 1 year experience can expect to earn an average total compensation (includes tips, bonus, and overtime pay) of ₹420,000 based on 6 salaries. An early career Project Analyst with 1-4 years of experience earns an average total compensation of ₹489,529 based on 37 salaries. A mid-career Project Analyst with 5-9 years of experience earns an average total compensation of ₹701,500 based on 23 salaries. An experienced Project Analyst with 10-19 years of experience earns an average total compensation of ₹856,117 based on 9 salaries.   Read less"},{"job_title":"Supply Chain Coordinator","avg_salary":"₹404,111","pay_by_experience":"An entry-level Supply Chain Coordinator with less than 1 year experience can expect to earn an average total compensation (includes tips, bonus, and overtime pay) of ₹350,000 based on 6 salaries. An early career Supply Chain Coordinator with 1-4 years of experience earns an average total compensation of ₹350,854 based on 44 salaries. A mid-career Supply Chain Coordinator with 5-9 years of experience earns an average total compensation of ₹437,179 based on 23 salaries. An experienced Supply Chain Coordinator with 10-19 years of experience earns an average total compensation of ₹573,913 based on 5 salaries.   Read less"},{"job_title":"Business Process Manager","avg_salary":"₹816,677","pay_by_experience":"An entry-level Business Process Manager with less than 1 year experience can expect to earn an average total compensation (includes tips, bonus, and overtime pay) of ₹523,810 based on 7 salaries. An early career Business Process Manager with 1-4 years of experience earns an average total compensation of ₹653,964 based on 18 salaries. A mid-career Business Process Manager with 5-9 years of experience earns an average total compensation of ₹871,689 based on 23 salaries. An experienced Business Process Manager with 10-19 years of experience earns an average total compensation of ₹1,212,342 based on 28 salaries.   Read less"},{"job_title":"Compliance Associate","avg_salary":"₹396,142","pay_by_experience":"An entry-level Compliance Associate with less than 1 year experience can expect to earn an average total compensation (includes tips, bonus, and overtime pay) of ₹406,946 based on 9 salaries. An early career Compliance Associate with 1-4 years of experience earns an average total compensation of ₹392,123 based on 47 salaries. A mid-career Compliance Associate with 5-9 years of experience earns an average total compensation of ₹650,000 based on 11 salaries.   Read less"},{"job_title":"Business Intelligence Manager","avg_salary":"₹1,525,897","pay_by_experience":"An early career Business Intelligence Manager with 1-4 years of experience earns an average total compensation (includes tips, bonus, and overtime pay) of ₹1,215,902 based on 8 salaries. A mid-career Business Intelligence Manager with 5-9 years of experience earns an average total compensation of ₹1,274,510 based on 23 salaries. An experienced Business Intelligence Manager with 10-19 years of experience earns an average total compensation of ₹1,916,440 based on 39 salaries.   Read less"},{"job_title":"Information Security Officer","avg_salary":"₹1,178,552","pay_by_experience":"An early career Information Security Officer with 1-4 years of experience earns an average total compensation (includes tips, bonus, and overtime pay) of ₹750,000 based on 14 salaries. A mid-career Information Security Officer with 5-9 years of experience earns an average total compensation of ₹975,915 based on 24 salaries. An experienced Information Security Officer with 10-19 years of experience earns an average total compensation of ₹1,503,014 based on 32 salaries.   Read less"},{"job_title":"Service Delivery Director","avg_salary":"₹3,018,378","pay_by_experience":"","Root":""},{"job_title":"Senior Strategy Manager","avg_salary":"₹2,138,117","pay_by_experience":"An early career Senior Strategy Manager with 1-4 years of experience earns an average total compensation (includes tips, bonus, and overtime pay) of ₹1,900,000 based on 5 salaries. A mid-career Senior Strategy Manager with 5-9 years of experience earns an average total compensation of ₹1,965,270 based on 32 salaries. An experienced Senior Strategy Manager with 10-19 years of experience earns an average total compensation of ₹2,596,154 based on 32 salaries. In their late career (20 years and higher), employees earn an average total compensation of ₹3,125,718.  Read less"},{"job_title":"Senior Supply Chain Manager","avg_salary":"₹1,909,627","pay_by_experience":"A mid-career Senior Supply Chain Manager with 5-9 years of experience earns an average total compensation (includes tips, bonus, and overtime pay) of ₹2,146,153 based on 12 salaries. An experienced Senior Supply Chain Manager with 10-19 years of experience earns an average total compensation of ₹1,955,738 based on 46 salaries. In their late career (20 years and higher), employees earn an average total compensation of ₹1,951,830.  Read less"},{"job_title":"Assistant Merchandiser","avg_salary":"₹244,365","pay_by_experience":"An entry-level Assistant Merchandiser with less than 1 year experience can expect to earn an average total compensation (includes tips, bonus, and overtime pay) of ₹209,693 based on 7 salaries. An early career Assistant Merchandiser with 1-4 years of experience earns an average total compensation of ₹215,357 based on 53 salaries.   Read less"},{"job_title":"Business Manager, Logistics / Inventory / Distribution / Transportation","avg_salary":"₹517,933","pay_by_experience":"An entry-level Business Manager, Logistics / Inventory / Distribution / Transportation with less than 1 year experience can expect to earn an average total compensation (includes tips, bonus, and overtime pay) of ₹328,000 based on 8 salaries. An early career Business Manager, Logistics / Inventory / Distribution / Transportation with 1-4 years of experience earns an average total compensation of ₹404,602 based on 23 salaries. A mid-career Business Manager, Logistics / Inventory / Distribution / Transportation with 5-9 years of experience earns an average total compensation of ₹495,968 based on 22 salaries. An experienced Business Manager, Logistics / Inventory / Distribution / Transportation with 10-19 years of experience earns an average total compensation of ₹720,000 based on 25 salaries. In their late career (20 years and higher), employees earn an average total compensation of ₹1,223,122.  Read less"},{"job_title":"Global Sourcing Manager","avg_salary":"₹1,697,619","pay_by_experience":"A mid-career Global Sourcing Manager with 5-9 years of experience earns an average total compensation (includes tips, bonus, and overtime pay) of ₹1,210,095 based on 10 salaries. An experienced Global Sourcing Manager with 10-19 years of experience earns an average total compensation of ₹1,714,470 based on 51 salaries. In their late career (20 years and higher), employees earn an average total compensation of ₹2,950,000.  Read less"},{"job_title":"Regional Service Manager","avg_salary":"₹1,000,247","pay_by_experience":"An early career Regional Service Manager with 1-4 years of experience earns an average total compensation (includes tips, bonus, and overtime pay) of ₹283,000 based on 5 salaries. A mid-career Regional Service Manager with 5-9 years of experience earns an average total compensation of ₹689,855 based on 11 salaries. An experienced Regional Service Manager with 10-19 years of experience earns an average total compensation of ₹1,132,510 based on 31 salaries. In their late career (20 years and higher), employees earn an average total compensation of ₹1,441,848.  Read less"},{"job_title":"Senior Learning and Development Specialist","avg_salary":"₹1,289,915","pay_by_experience":"An early career Senior Learning and Development Specialist with 1-4 years of experience earns an average total compensation (includes tips, bonus, and overtime pay) of ₹522,328 based on 6 salaries. A mid-career Senior Learning and Development Specialist with 5-9 years of experience earns an average total compensation of ₹845,000 based on 18 salaries. An experienced Senior Learning and Development Specialist with 10-19 years of experience earns an average total compensation of ₹1,648,676 based on 38 salaries. In their late career (20 years and higher), employees earn an average total compensation of ₹3,200,000.  Read less"},{"job_title":"Storage Engineer","avg_salary":"₹587,234","pay_by_experience":"An early career Storage Engineer with 1-4 years of experience earns an average total compensation (includes tips, bonus, and overtime pay) of ₹466,495 based on 35 salaries. A mid-career Storage Engineer with 5-9 years of experience earns an average total compensation of ₹764,038 based on 25 salaries. An experienced Storage Engineer with 10-19 years of experience earns an average total compensation of ₹1,200,000 based on 6 salaries.   Read less"},{"job_title":"Cost Engineer","avg_salary":"₹684,986","pay_by_experience":"An early career Cost Engineer with 1-4 years of experience earns an average total compensation (includes tips, bonus, and overtime pay) of ₹357,598 based on 23 salaries. A mid-career Cost Engineer with 5-9 years of experience earns an average total compensation of ₹790,957 based on 24 salaries. An experienced Cost Engineer with 10-19 years of experience earns an average total compensation of ₹1,248,000 based on 9 salaries.   Read less"},{"job_title":"Merchandising Manager","avg_salary":"₹816,977","pay_by_experience":"An early career Merchandising Manager with 1-4 years of experience earns an average total compensation (includes tips, bonus, and overtime pay) of ₹520,000 based on 11 salaries. A mid-career Merchandising Manager with 5-9 years of experience earns an average total compensation of ₹774,194 based on 11 salaries. An experienced Merchandising Manager with 10-19 years of experience earns an average total compensation of ₹843,814 based on 29 salaries. In their late career (20 years and higher), employees earn an average total compensation of ₹1,400,000.  Read less"},{"job_title":"Distribution Manager","avg_salary":"₹700,000","pay_by_experience":"An early career Distribution Manager with 1-4 years of experience earns an average total compensation (includes tips, bonus, and overtime pay) of ₹650,000 based on 13 salaries. A mid-career Distribution Manager with 5-9 years of experience earns an average total compensation of ₹624,000 based on 20 salaries. An experienced Distribution Manager with 10-19 years of experience earns an average total compensation of ₹800,000 based on 19 salaries. In their late career (20 years and higher), employees earn an average total compensation of ₹1,200,000.  Read less"}]