{"0":{"job_title":"Business_Intelligence_Consultant","avg_salary":"\u20b9783,898","salary_component":["Base Salary","Bonus","Profit Sharing","Total Pay"],"Base Salary":"\u20b9315k - \u20b92m","Bonus":"\u20b929k - \u20b9252k","Profit Sharing":"\u20b90 - \u20b920k","Total Pay":"\u20b9317k - \u20b92m","pay_by_experience_percent":["Entry Level","Early Career","Mid Career","Late Career"],"Entry Level":"-37%","Early Career":"-15%","Mid Career":"30%","Late Career":"154%","pay_by_experience_years":["1"],"1":"\u20b9491,318","gender_component":["Male","Female"],"Male":"83.6","Female":"16.4","health_benefits_componentt":["Medical","Dental","Vision","None"],"Medical":"70","Dental":"2","Vision":"2","None":"30","popular_skills_component":["Business Intelligence","SQL","Data Warehouse","Data Analysis","Tableau Software"],"Business Intelligence":"1%","SQL":"\u20b9732,048","Data Warehouse":"17%","Data Analysis":"18%","Tableau Software":"2%","affect_skills_component":["Cognos","ETL (Extract, transform, load)","Data Analysis","Data Warehouse","Microsoft Power BI","Tableau Software","Microsoft SQL Server","Business Intelligence"],"Cognos":"61%","ETL (Extract, transform, load)":"50%","Microsoft Power BI":"17%","Microsoft SQL Server":"2%","career_path_component":["Business Intelligence Specialist"],"location_component":["Bangalore, Karnataka","Mumbai, Maharashtra","Pune, Maharashtra","Hyderabad, Andhra Pradesh","Gurgaon, Delhi","New Delhi, Delhi","Gurgaon, Haryana","Chennai, Tamil Nadu","Noida, Uttar Pradesh"],"Bangalore, Karnataka":"10%","Mumbai, Maharashtra":"-24%","Pune, Maharashtra":"72%","Hyderabad, Andhra Pradesh":"-20%","Gurgaon, Delhi":"-21%","New Delhi, Delhi":"-59%","Gurgaon, Haryana":"13%","Chennai, Tamil Nadu":"-35%","Noida, Uttar Pradesh":"89%","employers_component":["Thorogood Associates","Icon Resources","Capgemini"],"Thorogood Associates":"Avg. Salary: \u20b9775,000","Icon Resources":"Avg. Salary: \u20b9450,000","Capgemini":"Avg. Salary: \u20b9345,540","related_job_component":["Senior Software Engineer","Software Engineer","Senior Business Analyst","Data Analyst","Business Analyst, IT","Business Intelligence (BI) Developer","Information Technology (IT) Consultant","Software Developer","Sr. Software Engineer \/ Developer \/ Programmer"],"Senior Software Engineer":"Avg. Salary \u20b9493k \u2014 \u20b92m","Software Engineer":"Avg. Salary \u20b9262k \u2014 \u20b91m","Senior Business Analyst":"Avg. Salary \u20b9447k \u2014 \u20b92m","Data Analyst":"Avg. Salary \u20b9201k \u2014 \u20b9959k","Business Analyst, IT":"Avg. Salary \u20b9275k \u2014 \u20b91m","Business Intelligence (BI) Developer":"Avg. Salary \u20b9288k \u2014 \u20b91m","Information Technology (IT) Consultant":"Avg. Salary \u20b9391k \u2014 \u20b92m","Software Developer":"Avg. Salary \u20b9214k \u2014 \u20b91m","Sr. Software Engineer \/ Developer \/ Programmer":"Avg. Salary \u20b9432k \u2014 \u20b92m"}}