{"0":{"job_title":"Business_Consultant","avg_salary":"\u20b9977,582","salary_component":["Base Salary","Bonus","Profit Sharing","Commission","Total Pay"],"Base Salary":"\u20b9347k - \u20b92m","Bonus":"\u20b928k - \u20b9301k","Profit Sharing":"\u20b95k - \u20b9253k","Commission":"\u20b961k - \u20b9292k","Total Pay":"\u20b9364k - \u20b92m","pay_by_experience_percent":["Entry Level","Early Career","Mid Career","Late Career","Experienced"],"Entry Level":"-56%","Early Career":"-27%","Mid Career":"14%","Late Career":"55%","Experienced":"67%","pay_by_experience_years":["1","1-4"],"1":"\u20b9429,421","1-4":"\u20b9711,979","gender_component":["Male","Female"],"Male":"79.0","Female":"21.0","health_benefits_componentt":["Medical","Dental","Vision","None"],"Medical":"75","Dental":"7","Vision":"8","None":"25","popular_skills_component":["Business Analysis","Business Strategy","Client Interaction","Project Management","Data Analysis"],"Business Analysis":"9%","Business Strategy":"16%","Client Interaction":"12%","Project Management":"\u20b91,032,607","Data Analysis":"\u20b9982,635","affect_skills_component":["IT Consulting","Process Improvement","Operations Management","Market Research","Business Strategy","Client Interaction","Financial Analysis","Business Analysis","Requirements Analysis","Pre-Sales"],"IT Consulting":"33%","Process Improvement":"27%","Operations Management":"27%","Market Research":"18%","Financial Analysis":"10%","Requirements Analysis":"9%","Pre-Sales":"9%","career_path_component":["Lead Business Analyst","Business Process \/ Management Consultant","Business Development Manager"],"location_component":["Bangalore, Karnataka","Mumbai, Maharashtra","Pune, Maharashtra","Gurgaon, Haryana","Chennai, Tamil Nadu","Hyderabad, Andhra Pradesh","New Delhi, Delhi","Delhi, Delhi","Kolkata, West Bengal","Noida, Uttar Pradesh"],"Bangalore, Karnataka":"%","Mumbai, Maharashtra":"%","Pune, Maharashtra":"4%","Gurgaon, Haryana":"%","Chennai, Tamil Nadu":"3%","Hyderabad, Andhra Pradesh":"2%","New Delhi, Delhi":"-20%","Delhi, Delhi":"59%","Kolkata, West Bengal":"2%","Noida, Uttar Pradesh":"-16%","employers_component":["InfoSys Limited","EY (Ernst & Young)","Fractal Analytics","Tata Consultancy Services Limited","Techmahindra Ltd","Accenture","Ericsson Inc.","Cognizant","Wipro Technologies Ltd.","Capgemini"],"InfoSys Limited":"Avg. Salary: \u20b91,174,468","EY (Ernst & Young)":"Avg. Salary: \u20b91,282,261","Fractal Analytics":"Avg. Salary: \u20b9718,549","Tata Consultancy Services Limited":"Avg. Salary: \u20b9658,705","Techmahindra Ltd":"Avg. Salary: \u20b91,048,047","Accenture":"Avg. Salary: \u20b91,576,995","Ericsson Inc.":"Avg. Salary: \u20b92,193,242","Cognizant":"Avg. Salary: \u20b9880,000","Wipro Technologies Ltd.":"Avg. Salary: \u20b9650,000","Capgemini":"Avg. Salary: \u20b91,148,031","related_job_component":["Senior Business Analyst","Operations Manager","Business Analyst, IT","Project Manager, (Unspecified Type \/ General)","Data Analyst","Civil Engineer","Mechanical Engineer","Business Analyst (Unspecified Type)","Business Development Manager"],"Senior Business Analyst":"Avg. Salary \u20b9447k \u2014 \u20b92m","Operations Manager":"Avg. Salary \u20b9296k \u2014 \u20b92m","Business Analyst, IT":"Avg. Salary \u20b9275k \u2014 \u20b91m","Project Manager, (Unspecified Type \/ General)":"Avg. Salary \u20b9456k \u2014 \u20b92m","Data Analyst":"Avg. Salary \u20b9201k \u2014 \u20b9959k","Civil Engineer":"Avg. Salary \u20b9154k \u2014 \u20b9771k","Mechanical Engineer":"Avg. Salary \u20b9152k \u2014 \u20b9983k","Business Analyst (Unspecified Type)":"Avg. Salary \u20b9252k \u2014 \u20b91m","Business Development Manager":"Avg. Salary \u20b9266k \u2014 \u20b91m"}}