{"0":{"job_title":"Business_Intelligence_Manager","avg_salary":"\u20b91,516,956","salary_component":["Base Salary","Bonus","Profit Sharing","Total Pay"],"Base Salary":"\u20b9693k - \u20b93m","Bonus":"\u20b940k - \u20b9380k","Profit Sharing":"\u20b90 - \u20b949k","Total Pay":"\u20b9783k - \u20b93m","pay_by_experience_percent":["Early Career","Mid Career","Late Career"],"Early Career":"-20%","Mid Career":"-17%","Late Career":"25%","pay_by_experience_years":["1-4","5-9"],"1-4":"\u20b91,215,902","5-9":"\u20b91,261,806","gender_component":["Male","Female"],"Male":"81.1","Female":"18.9","health_benefits_componentt":["Medical","Dental","Vision","None"],"Medical":"90","Dental":"15","Vision":"10","None":"10","popular_skills_component":["Business Intelligence","Data Analysis","Project Management","SQL","Tableau Software"],"Business Intelligence":"1%","Data Analysis":"\u20b91,452,333","Project Management":"\u20b91,516,956","SQL":"\u20b91,436,684","Tableau Software":"29%","affect_skills_component":["Data Warehouse","SQL Server Reporting Services (SSRS)","Tableau Software","Microsoft SQL Server","Business Intelligence"],"Data Warehouse":"65%","SQL Server Reporting Services (SSRS)":"45%","Microsoft SQL Server":"19%","career_path_component":[],"location_component":["Bangalore, Karnataka","Mumbai, Maharashtra","Pune, Maharashtra","Hyderabad, Andhra Pradesh","Chennai, Tamil Nadu"],"Bangalore, Karnataka":"25%","Mumbai, Maharashtra":"-6%","Pune, Maharashtra":"-8%","Hyderabad, Andhra Pradesh":"9%","Chennai, Tamil Nadu":"-10%","employers_component":[],"related_job_component":["Software Engineer","Senior Software Engineer","Business Analyst, IT","Senior Business Analyst","Data Analyst","Project Manager, (Unspecified Type \/ General)","Information Technology (IT) Consultant","Project Manager, Information Technology (IT)","Software Developer"],"Software Engineer":"Avg. Salary \u20b9263k \u2014 \u20b91m","Senior Software Engineer":"Avg. Salary \u20b9493k \u2014 \u20b92m","Business Analyst, IT":"Avg. Salary \u20b9275k \u2014 \u20b91m","Senior Business Analyst":"Avg. Salary \u20b9447k \u2014 \u20b92m","Data Analyst":"Avg. Salary \u20b9201k \u2014 \u20b9959k","Project Manager, (Unspecified Type \/ General)":"Avg. Salary \u20b9456k \u2014 \u20b92m","Information Technology (IT) Consultant":"Avg. Salary \u20b9391k \u2014 \u20b92m","Project Manager, Information Technology (IT)":"Avg. Salary \u20b9531k \u2014 \u20b92m","Software Developer":"Avg. Salary \u20b9214k \u2014 \u20b91m"}}