{"0":{"job_title":"Business_Process_Manager","avg_salary":"\u20b9816,677","salary_component":["Base Salary","Bonus","Profit Sharing","Total Pay"],"Base Salary":"\u20b9253k - \u20b92m","Bonus":"\u20b919k - \u20b9207k","Profit Sharing":"\u20b90 - \u20b925k","Total Pay":"\u20b9322k - \u20b92m","pay_by_experience_percent":["Entry Level","Early Career","Mid Career","Late Career"],"Entry Level":"-36%","Early Career":"-20%","Mid Career":"7%","Late Career":"48%","pay_by_experience_years":["1","1-4"],"1":"\u20b9523,810","1-4":"\u20b9653,964","gender_component":["Male","Female"],"Male":"84.4","Female":"15.6","health_benefits_componentt":["Medical","Dental","Vision","None"],"Medical":"74","Dental":"15","Vision":"17","None":"26","popular_skills_component":["Process Improvement","Business Analysis","Operations Management","Project Management","Business Process Engineering"],"Process Improvement":"31%","Business Analysis":"\u20b9708,588","Operations Management":"\u20b9757,176","Project Management":"28%","Business Process Engineering":"114%","affect_skills_component":["Business Process Engineering","Data Analysis","Team Management","Six Sigma Green Belt","Process Improvement","Six Sigma Black Belt","Project Management"],"Data Analysis":"47%","Team Management":"44%","Six Sigma Green Belt":"39%","Six Sigma Black Belt":"29%","career_path_component":["Operations Manager","Program Manager, IT"],"location_component":["Mumbai, Maharashtra","Pune, Maharashtra","Bangalore, Karnataka","Chennai, Tamil Nadu","Noida, Uttar Pradesh","Gurgaon, Haryana"],"Mumbai, Maharashtra":"-1%","Pune, Maharashtra":"7%","Bangalore, Karnataka":"22%","Chennai, Tamil Nadu":"2%","Noida, Uttar Pradesh":"-19%","Gurgaon, Haryana":"1%","employers_component":["eClerx","Tata Consultancy Services Limited"],"eClerx":"Avg. Salary: \u20b9830,000","Tata Consultancy Services Limited":"Avg. Salary: \u20b9766,000","related_job_component":["Operations Manager","Project Manager, (Unspecified Type \/ General)","Senior Business Analyst","Business Analyst, IT","Business Process \/ Management Consultant","Operations Team Leader","Project Manager, Information Technology (IT)","Business Analyst (Unspecified Type)","Team Lead, Operations"],"Operations Manager":"Avg. Salary \u20b9297k \u2014 \u20b92m","Project Manager, (Unspecified Type \/ General)":"Avg. Salary \u20b9458k \u2014 \u20b92m","Senior Business Analyst":"Avg. Salary \u20b9449k \u2014 \u20b92m","Business Analyst, IT":"Avg. Salary \u20b9275k \u2014 \u20b91m","Business Process \/ Management Consultant":"Avg. Salary \u20b9203k \u2014 \u20b92m","Operations Team Leader":"Avg. Salary \u20b9242k \u2014 \u20b9939k","Project Manager, Information Technology (IT)":"Avg. Salary \u20b9547k \u2014 \u20b92m","Business Analyst (Unspecified Type)":"Avg. Salary \u20b9252k \u2014 \u20b91m","Team Lead, Operations":"Avg. Salary \u20b9312k \u2014 \u20b91m"}}