{"0":{"job_title":"Business_Process_Analyst","avg_salary":"\u20b9501,935","salary_component":["Base Salary","Bonus","Profit Sharing","Total Pay"],"Base Salary":"\u20b9239k - \u20b91m","Bonus":"\u20b97k - \u20b9148k","Profit Sharing":"\u20b96k - \u20b950k","Total Pay":"\u20b9245k - \u20b91m","pay_by_experience_percent":["Entry Level","Early Career","Mid Career","Late Career"],"Entry Level":"-38%","Early Career":"-22%","Mid Career":"12%","Late Career":"65%","pay_by_experience_years":["1","1-4"],"1":"\u20b9310,679","1-4":"\u20b9392,258","gender_component":["Male","Female"],"Male":"73.1","Female":"26.9","health_benefits_componentt":["Medical","Dental","Vision","None"],"Medical":"85","Dental":"13","Vision":"11","None":"15","popular_skills_component":["Business Analysis","Process Improvement","Microsoft Excel","Microsoft Office","Data Analysis"],"Business Analysis":"2%","Process Improvement":"4%","Microsoft Excel":"\u20b9448,748","Microsoft Office":"1%","Data Analysis":"4%","affect_skills_component":["Operations Management","Business Process Engineering","Requirements Analysis","Project Management","Process Improvement","Data Analysis","Business Analysis","Microsoft Office"],"Operations Management":"44%","Business Process Engineering":"34%","Requirements Analysis":"13%","Project Management":"8%","career_path_component":["Process Analyst","Consultant, Business Process \/ Managemen...","SAP Consultant"],"location_component":["Bangalore, Karnataka","Mumbai, Maharashtra","Chennai, Tamil Nadu","Pune, Maharashtra","Hyderabad, Andhra Pradesh","Kolkata, West Bengal","Gurgaon, Haryana","Coimbatore, Tamil Nadu","Noida, Uttar Pradesh","Gurgaon, Delhi"],"Bangalore, Karnataka":"17%","Mumbai, Maharashtra":"3%","Chennai, Tamil Nadu":"-2%","Pune, Maharashtra":"71%","Hyderabad, Andhra Pradesh":"-25%","Kolkata, West Bengal":"-8%","Gurgaon, Haryana":"-3%","Coimbatore, Tamil Nadu":"-5%","Noida, Uttar Pradesh":"-40%","Gurgaon, Delhi":"5%","employers_component":["Tata Consultancy Services Limited","Capgemini","Accenture","Accenture Technology Solutions","Genpact","Hewlett-Packard Company"],"Tata Consultancy Services Limited":"Avg. Salary: \u20b9525,934","Capgemini":"Avg. Salary: \u20b9366,000","Accenture":"Avg. Salary: \u20b9400,000","Accenture Technology Solutions":"Avg. Salary: \u20b9368,600","Genpact":"Avg. Salary: \u20b9240,000","Hewlett-Packard Company":"Avg. Salary: \u20b9565,000","related_job_component":["Operations Manager","Business Analyst, IT","Senior Business Analyst","Project Manager, (Unspecified Type \/ General)","Civil Engineer","Mechanical Engineer","Data Analyst","Business Analyst (Unspecified Type)","Business Process \/ Management Consultant"],"Operations Manager":"Avg. Salary \u20b9297k \u2014 \u20b92m","Business Analyst, IT":"Avg. Salary \u20b9275k \u2014 \u20b91m","Senior Business Analyst":"Avg. Salary \u20b9447k \u2014 \u20b92m","Project Manager, (Unspecified Type \/ General)":"Avg. Salary \u20b9456k \u2014 \u20b92m","Civil Engineer":"Avg. Salary \u20b9154k \u2014 \u20b9771k","Mechanical Engineer":"Avg. Salary \u20b9152k \u2014 \u20b9983k","Data Analyst":"Avg. Salary \u20b9201k \u2014 \u20b9959k","Business Analyst (Unspecified Type)":"Avg. Salary \u20b9255k \u2014 \u20b91m","Business Process \/ Management Consultant":"Avg. Salary \u20b9204k \u2014 \u20b92m"}}