{"0":{"job_title":"Business_Process_%2F_Management_Consultant","avg_salary":"\u20b9701,062","salary_component":["Base Salary","Bonus","Profit Sharing","Commission","Total Pay"],"Base Salary":"\u20b9204k - \u20b92m","Bonus":"\u20b97k - \u20b9345k","Profit Sharing":"\u20b915 - \u20b9447k","Commission":"\u20b90 - \u20b922k","Total Pay":"\u20b9215k - \u20b92m","pay_by_experience_percent":["Entry Level","Early Career","Mid Career","Late Career","Experienced"],"Entry Level":"-64%","Early Career":"-43%","Mid Career":"38%","Late Career":"104%","Experienced":"146%","pay_by_experience_years":["1"],"1":"\u20b9253,283","gender_component":["Male","Female","Prefer to self-define"],"Male":"78.4","Female":"21.2","Prefer to self-define":"0.5","health_benefits_componentt":["Medical","Dental","Vision","None"],"Medical":"79","Dental":"11","Vision":"11","None":"20","popular_skills_component":["Process Improvement","Business Analysis","Project Management","Microsoft Excel","Business Process Engineering"],"Process Improvement":"\u20b9834,782","Business Analysis":"\u20b9923,683","Project Management":"\u20b9932,309","Microsoft Excel":"\u20b9558,772","Business Process Engineering":"88%","affect_skills_component":["Requirements Analysis","Research Analysis","IT Consulting","Agile Software Development","Six Sigma","Strategic Project Management","Pre-Sales","Business Process Engineering","Supply Chain","Consulting Management"],"Requirements Analysis":"175%","Research Analysis":"167%","IT Consulting":"139%","Agile Software Development":"127%","Six Sigma":"120%","Strategic Project Management":"114%","Pre-Sales":"101%","Supply Chain":"85%","Consulting Management":"62%","career_path_component":["Business Development Manager","Process Analyst","Management Consultant"],"location_component":["Bangalore, Karnataka","Pune, Maharashtra","Mumbai, Maharashtra","Chennai, Tamil Nadu","Hyderabad, Andhra Pradesh","Gurgaon, Haryana","Kolkata, West Bengal","New Delhi, Delhi","Delhi, Delhi","Ahmedabad, Gujarat"],"Bangalore, Karnataka":"15%","Pune, Maharashtra":"31%","Mumbai, Maharashtra":"36%","Chennai, Tamil Nadu":"-30%","Hyderabad, Andhra Pradesh":"-27%","Gurgaon, Haryana":"28%","Kolkata, West Bengal":"-57%","New Delhi, Delhi":"16%","Delhi, Delhi":"23%","Ahmedabad, Gujarat":"-37%","employers_component":["InfoSys Limited","Tata Consultancy Services Limited","EY (Ernst & Young)","Genpact","Capgemini","Infosys BPO","Cognizant Technology Solutions Corp","Capgemini Consulting","Accenture","Wipro Technologies Ltd."],"InfoSys Limited":"Avg. Salary: \u20b91,199,997","Tata Consultancy Services Limited":"Avg. Salary: \u20b9396,574","EY (Ernst & Young)":"Avg. Salary: \u20b9921,677","Genpact":"Avg. Salary: \u20b9250,252","Capgemini":"Avg. Salary: \u20b9425,916","Infosys BPO":"Avg. Salary: \u20b91,323,682","Cognizant Technology Solutions Corp":"Avg. Salary: \u20b91,364,367","Capgemini Consulting":"Avg. Salary: \u20b9672,730","Accenture":"Avg. Salary: \u20b91,403,929","Wipro Technologies Ltd.":"Avg. Salary: \u20b91,049,000","related_job_component":["Operations Manager","Project Manager, (Unspecified Type \/ General)","Business Analyst, IT","Senior Business Analyst","Civil Engineer","Project Manager, Information Technology (IT)","Mechanical Engineer","Data Analyst","Information Technology (IT) Consultant"],"Operations Manager":"Avg. Salary \u20b9296k \u2014 \u20b92m","Project Manager, (Unspecified Type \/ General)":"Avg. Salary \u20b9456k \u2014 \u20b92m","Business Analyst, IT":"Avg. Salary \u20b9275k \u2014 \u20b91m","Senior Business Analyst":"Avg. Salary \u20b9447k \u2014 \u20b92m","Civil Engineer":"Avg. Salary \u20b9154k \u2014 \u20b9771k","Project Manager, Information Technology (IT)":"Avg. Salary \u20b9531k \u2014 \u20b92m","Mechanical Engineer":"Avg. Salary \u20b9152k \u2014 \u20b9983k","Data Analyst":"Avg. Salary \u20b9201k \u2014 \u20b9959k","Information Technology (IT) Consultant":"Avg. Salary \u20b9391k \u2014 \u20b92m"}}