{"0":{"job_title":"Business_Solution_Consultant","avg_salary":"\u20b91,028,538","salary_component":["Base Salary","Bonus","Profit Sharing","Total Pay"],"Base Salary":"\u20b9250k - \u20b92m","Bonus":"\u20b941k - \u20b9252k","Profit Sharing":"\u20b90 - \u20b9300k","Total Pay":"\u20b9250k - \u20b92m","pay_by_experience_percent":["Early Career","Mid Career","Late Career"],"Early Career":"-25%","Mid Career":"2%","Late Career":"58%","pay_by_experience_years":["1-4","5-9"],"1-4":"\u20b9774,194","5-9":"\u20b91,049,377","gender_component":["Male","Female","Prefer to self-define"],"Male":"80.0","Female":"17.1","Prefer to self-define":"2.9","health_benefits_componentt":["Medical","Dental","Vision","None"],"Medical":"85","Dental":"8","Vision":"5","None":"15","popular_skills_component":["Business Analysis","Requirements Analysis","IT Consulting","Pre-Sales","Project Management"],"Business Analysis":"14%","Requirements Analysis":"12%","IT Consulting":"17%","Pre-Sales":"2%","Project Management":"94%","affect_skills_component":["Project Management","Request For Proposal (RFP) Creation","IT Consulting","Business Analysis","Requirements Analysis","Pre-Sales","Product Demonstration"],"Request For Proposal (RFP) Creation":"31%","Product Demonstration":"2%","career_path_component":["Information Technology (IT) Consultant"],"location_component":["Bangalore, Karnataka","Mumbai, Maharashtra","Pune, Maharashtra","Chennai, Tamil Nadu"],"Bangalore, Karnataka":"4%","Mumbai, Maharashtra":"-56%","Pune, Maharashtra":"11%","Chennai, Tamil Nadu":"-47%","employers_component":[],"related_job_component":["Business Analyst, IT","Senior Business Analyst","Project Manager, (Unspecified Type \/ General)","Information Technology (IT) Consultant","Project Manager, Information Technology (IT)","Business Consultant","Civil Engineer","Business Analyst, Finance\/Banking","Business Analyst (Unspecified Type)"],"Business Analyst, IT":"Avg. Salary \u20b9278k \u2014 \u20b91m","Senior Business Analyst":"Avg. Salary \u20b9433k \u2014 \u20b92m","Project Manager, (Unspecified Type \/ General)":"Avg. Salary \u20b9479k \u2014 \u20b92m","Information Technology (IT) Consultant":"Avg. Salary \u20b9391k \u2014 \u20b92m","Project Manager, Information Technology (IT)":"Avg. Salary \u20b9603k \u2014 \u20b92m","Business Consultant":"Avg. Salary \u20b9358k \u2014 \u20b92m","Civil Engineer":"Avg. Salary \u20b9162k \u2014 \u20b9790k","Business Analyst, Finance\/Banking":"Avg. Salary \u20b9289k \u2014 \u20b91m","Business Analyst (Unspecified Type)":"Avg. Salary \u20b9250k \u2014 \u20b91m"}}