{"0":{"job_title":"Business_Analyst_(Unspecified_Type)","avg_salary":"\u20b9531,274","salary_component":["Base Salary","Bonus","Profit Sharing","Commission","Total Pay"],"Base Salary":"\u20b9255k - \u20b91m","Bonus":"\u20b910k - \u20b9155k","Profit Sharing":"\u20b915 - \u20b9217k","Commission":"\u20b90 - \u20b936k","Total Pay":"\u20b9265k - \u20b91m","pay_by_experience_percent":["Entry Level","Early Career","Mid Career","Late Career"],"Entry Level":"-23%","Early Career":"-8%","Mid Career":"37%","Late Career":"74%","pay_by_experience_years":["1"],"1":"\u20b9409,603","gender_component":["Male","Female","Prefer to self-define"],"Male":"73.4","Female":"26.4","Prefer to self-define":"0.2","health_benefits_componentt":["Medical","Dental","Vision","None"],"Medical":"72","Dental":"6","Vision":"6","None":"27","popular_skills_component":["Business Analysis","Microsoft Excel","Data Analysis","Microsoft Office","Project Management"],"Business Analysis":"\u20b9536,177","Microsoft Excel":"\u20b9515,308","Data Analysis":"\u20b9582,936","Microsoft Office":"\u20b9485,948","Project Management":"\u20b9577,964","affect_skills_component":["Data Modeling","Acceptance Testing","Banking","Microsoft SQL Server","Business Intelligence","Statistical Analysis","Microsoft Power BI","Business Strategy","SPSS","Microsoft PowerPoint"],"Data Modeling":"101%","Acceptance Testing":"100%","Banking":"79%","Microsoft SQL Server":"60%","Business Intelligence":"51%","Statistical Analysis":"41%","Microsoft Power BI":"29%","Business Strategy":"28%","SPSS":"25%","Microsoft PowerPoint":"21%","career_path_component":["Senior Business Analyst","Business Analyst, IT","Operations Manager"],"location_component":["Bangalore, Karnataka","Mumbai, Maharashtra","Pune, Maharashtra","Hyderabad, Andhra Pradesh","Chennai, Tamil Nadu","Gurgaon, Haryana","New Delhi, Delhi","Delhi, Delhi","Ahmedabad, Gujarat","Kolkata, West Bengal"],"Bangalore, Karnataka":"11%","Mumbai, Maharashtra":"4%","Pune, Maharashtra":"8%","Hyderabad, Andhra Pradesh":"6%","Chennai, Tamil Nadu":"-15%","Gurgaon, Haryana":"7%","New Delhi, Delhi":"-6%","Delhi, Delhi":"-25%","Ahmedabad, Gujarat":"-12%","Kolkata, West Bengal":"-37%","employers_component":["Tata Consultancy Services Limited","Genpact","Amazon.com Inc","Evalueserve","HCL Technologies Ltd.","ZS Associates","EY (Ernst & Young)","Accenture","American Express Co. (AMEX)","Accenture Technology Solutions"],"Tata Consultancy Services Limited":"Avg. Salary: \u20b9660,000","Genpact":"Avg. Salary: \u20b9416,894","Amazon.com Inc":"Avg. Salary: \u20b9625,000","Evalueserve":"Avg. Salary: \u20b9450,000","HCL Technologies Ltd.":"Avg. Salary: \u20b9467,500","ZS Associates":"Avg. Salary: \u20b9680,000","EY (Ernst & Young)":"Avg. Salary: \u20b9420,452","Accenture":"Avg. Salary: \u20b9386,440","American Express Co. (AMEX)":"Avg. Salary: \u20b9875,000","Accenture Technology Solutions":"Avg. Salary: \u20b9476,560","related_job_component":["Data Analyst","Senior Business Analyst","Business Analyst, IT","Software Engineer","Civil Engineer","Senior Software Engineer","Mechanical Engineer","Project Manager, (Unspecified Type \/ General)","Data Scientist"],"Data Analyst":"Avg. Salary \u20b9201k \u2014 \u20b9959k","Senior Business Analyst":"Avg. Salary \u20b9447k \u2014 \u20b92m","Business Analyst, IT":"Avg. Salary \u20b9275k \u2014 \u20b91m","Software Engineer":"Avg. Salary \u20b9262k \u2014 \u20b91m","Civil Engineer":"Avg. Salary \u20b9154k \u2014 \u20b9771k","Senior Software Engineer":"Avg. Salary \u20b9493k \u2014 \u20b92m","Mechanical Engineer":"Avg. Salary \u20b9152k \u2014 \u20b9983k","Project Manager, (Unspecified Type \/ General)":"Avg. Salary \u20b9456k \u2014 \u20b92m","Data Scientist":"Avg. Salary \u20b9343k \u2014 \u20b92m"}}