{"0":{"job_title":"Business_Operations_Analyst","avg_salary":"\u20b9494,335","salary_component":["Base Salary","Bonus","Profit Sharing","Total Pay"],"Base Salary":"\u20b9249k - \u20b9970k","Bonus":"\u20b915k - \u20b9100k","Profit Sharing":"\u20b929k - \u20b9153k","Total Pay":"\u20b9253k - \u20b91m","pay_by_experience_percent":["Entry Level","Early Career","Mid Career","Late Career"],"Entry Level":"-9%","Early Career":"-9%","Mid Career":"31%","Late Career":"92%","pay_by_experience_years":["1"],"1":"\u20b9450,000","gender_component":["Male","Female"],"Male":"73.4","Female":"26.6","health_benefits_componentt":["Medical","Dental","Vision","None"],"Medical":"76","Dental":"10","Vision":"8","None":"24","popular_skills_component":["Microsoft Excel","Data Analysis","Business Analysis","Process Improvement","Microsoft Office"],"Microsoft Excel":"3%","Data Analysis":"24%","Business Analysis":"12%","Process Improvement":"29%","Microsoft Office":"\u20b9403,879","affect_skills_component":["Process Improvement","SQL","Data Analysis","Business Analysis","Microsoft Excel"],"SQL":"27%","career_path_component":[],"location_component":["Bangalore, Karnataka","Hyderabad, Andhra Pradesh","Mumbai, Maharashtra","Gurgaon, Haryana","Pune, Maharashtra","Chennai, Tamil Nadu","Delhi, Delhi","New Delhi, Delhi","Gurgaon, Delhi"],"Bangalore, Karnataka":"4%","Hyderabad, Andhra Pradesh":"-23%","Mumbai, Maharashtra":"12%","Gurgaon, Haryana":"13%","Pune, Maharashtra":"26%","Chennai, Tamil Nadu":"27%","Delhi, Delhi":"-39%","New Delhi, Delhi":"53%","Gurgaon, Delhi":"%","employers_component":["ZS Associates","Accenture","Accenture Technology Solutions","Genpact","Indigo","J.P. Morgan Chase & Co. (JPMCC)"],"ZS Associates":"Avg. Salary: \u20b9648,961","Accenture":"Avg. Salary: \u20b9465,000","Accenture Technology Solutions":"Avg. Salary: \u20b9375,000","Genpact":"Avg. Salary: \u20b9457,446","Indigo":"Avg. Salary: \u20b9386,671","J.P. Morgan Chase & Co. (JPMCC)":"Avg. Salary: \u20b91,100,000","related_job_component":["Operations Manager","Data Analyst","Business Analyst, IT","Senior Business Analyst","Project Manager, (Unspecified Type \/ General)","Civil Engineer","Mechanical Engineer","Business Analyst (Unspecified Type)","Project Manager, Information Technology (IT)"],"Operations Manager":"Avg. Salary \u20b9297k \u2014 \u20b92m","Data Analyst":"Avg. Salary \u20b9200k \u2014 \u20b9960k","Business Analyst, IT":"Avg. Salary \u20b9275k \u2014 \u20b91m","Senior Business Analyst":"Avg. Salary \u20b9450k \u2014 \u20b92m","Project Manager, (Unspecified Type \/ General)":"Avg. Salary \u20b9458k \u2014 \u20b92m","Civil Engineer":"Avg. Salary \u20b9154k \u2014 \u20b9771k","Mechanical Engineer":"Avg. Salary \u20b9152k \u2014 \u20b9983k","Business Analyst (Unspecified Type)":"Avg. Salary \u20b9252k \u2014 \u20b91m","Project Manager, Information Technology (IT)":"Avg. Salary \u20b9540k \u2014 \u20b92m"}}