{"0":{"job_title":"Business_Manager%2C_Logistics_%2F_Inventory_%2F_Distribution_%2F_Transportation","avg_salary":"\u20b9517,933","salary_component":["Base Salary","Bonus","Profit Sharing","Total Pay"],"Base Salary":"\u20b9222k - \u20b92m","Bonus":"\u20b95k - \u20b9485k","Profit Sharing":"\u20b90 - \u20b9102k","Total Pay":"\u20b9229k - \u20b92m","pay_by_experience_percent":["Entry Level","Early Career","Mid Career","Late Career","Experienced"],"Entry Level":"-37%","Early Career":"-22%","Mid Career":"-4%","Late Career":"39%","Experienced":"136%","pay_by_experience_years":["1"],"1":"\u20b9328,000","gender_component":["Male","Female"],"Male":"95.7","Female":"4.3","health_benefits_componentt":["Medical","Dental","Vision","None"],"Medical":"71","Dental":"21","Vision":"21","None":"29","popular_skills_component":["Logistics","Operations Management","Inventory Management","Contract Negotiation","Strategic Planning"],"Logistics":"16%","Operations Management":"1%","Inventory Management":"\u20b9396,463","Contract Negotiation":"190%","Strategic Planning":"132%","affect_skills_component":["Contract Negotiation","Strategic Planning","Logistics","Operations Management"],"career_path_component":[],"location_component":["Mumbai, Maharashtra","Chennai, Tamil Nadu","Bangalore, Karnataka","Pune, Maharashtra","Gurgaon, Haryana","Delhi, Delhi","New Delhi, Delhi"],"Mumbai, Maharashtra":"146%","Chennai, Tamil Nadu":"-21%","Bangalore, Karnataka":"103%","Pune, Maharashtra":"175%","Gurgaon, Haryana":"132%","Delhi, Delhi":"21%","New Delhi, Delhi":"-24%","employers_component":[],"related_job_component":["Operations Manager","Logistics Manager","Operations Team Leader","General \/ Operations Manager","Assistant Manager, Customer Service","Deputy General Manager","Warehouse Manager","Supply Chain Manager","Service Delivery Manager"],"Operations Manager":"Avg. Salary \u20b9296k \u2014 \u20b92m","Logistics Manager":"Avg. Salary \u20b9236k \u2014 \u20b91m","Operations Team Leader":"Avg. Salary \u20b9242k \u2014 \u20b9946k","General \/ Operations Manager":"Avg. Salary \u20b9312k \u2014 \u20b93m","Assistant Manager, Customer Service":"Avg. Salary \u20b9252k \u2014 \u20b9955k","Deputy General Manager":"Avg. Salary \u20b9590k \u2014 \u20b93m","Warehouse Manager":"Avg. Salary \u20b9208k \u2014 \u20b91m","Supply Chain Manager":"Avg. Salary \u20b9301k \u2014 \u20b92m","Service Delivery Manager":"Avg. Salary \u20b9400k \u2014 \u20b93m"}}