{"0":{"job_title":"Buyer","avg_salary":"\u20b9537,777","salary_component":["Base Salary","Bonus","Profit Sharing","Total Pay"],"Base Salary":"\u20b9297k - \u20b91m","Bonus":"\u20b915k - \u20b9151k","Profit Sharing":"\u20b928 - \u20b9582k","Total Pay":"\u20b9300k - \u20b91m","pay_by_experience_percent":["Early Career","Mid Career","Late Career"],"Early Career":"-21%","Mid Career":"23%","Late Career":"77%","pay_by_experience_years":["1-4","5-9"],"1-4":"\u20b9425,120","5-9":"\u20b9663,417","gender_component":["Male","Female"],"Male":"88.2","Female":"11.8","health_benefits_componentt":["Medical","Dental","Vision","None"],"Medical":"81","Dental":"7","Vision":"8","None":"18","popular_skills_component":["Procurement","Negotiation","Vendor Management","Sourcing","Contract Negotiation"],"Procurement":"\u20b9534,837","Negotiation":"4%","Vendor Management":"\u20b9536,069","Sourcing":"\u20b9492,743","Contract Negotiation":"39%","affect_skills_component":["Contract Negotiation","Negotiation","Inventory Management","Data Analysis"],"Inventory Management":"2%","Data Analysis":"1%","career_path_component":["Senior Buyer","Purchasing Manager","Procurement Manager"],"location_component":["Bangalore, Karnataka","Chennai, Tamil Nadu","Pune, Maharashtra","Mumbai, Maharashtra","Gurgaon, Haryana","New Delhi, Delhi","Hyderabad, Andhra Pradesh","Coimbatore, Tamil Nadu","Noida, Uttar Pradesh","Ahmedabad, Gujarat"],"Bangalore, Karnataka":"-6%","Chennai, Tamil Nadu":"-3%","Pune, Maharashtra":"-5%","Mumbai, Maharashtra":"10%","Gurgaon, Haryana":"32%","New Delhi, Delhi":"33%","Hyderabad, Andhra Pradesh":"5%","Coimbatore, Tamil Nadu":"-11%","Noida, Uttar Pradesh":"-3%","Ahmedabad, Gujarat":"49%","employers_component":["Vestas Wind Systems A\/S","Honeywell Aerospace","Saipem India Projects Limited","Cargill","Flextronics International"],"Vestas Wind Systems A\/S":"Avg. Salary: \u20b9723,000","Honeywell Aerospace":"Avg. Salary: \u20b9444,000","Saipem India Projects Limited":"Avg. Salary: \u20b9530,934","Cargill":"Avg. Salary: \u20b9675,000","Flextronics International":"Avg. Salary: \u20b9259,930","related_job_component":["Purchasing Manager","Data Analyst","Procurement Manager","Procurement Specialist","Supply Chain Manager","Operations Manager","Purchaser","Technical Recruiter","Senior Business Analyst"],"Purchasing Manager":"Avg. Salary \u20b9325k \u2014 \u20b92m","Data Analyst":"Avg. Salary \u20b9201k \u2014 \u20b9959k","Procurement Manager":"Avg. Salary \u20b9364k \u2014 \u20b92m","Procurement Specialist":"Avg. Salary \u20b9247k \u2014 \u20b9934k","Supply Chain Manager":"Avg. Salary \u20b9301k \u2014 \u20b92m","Operations Manager":"Avg. Salary \u20b9297k \u2014 \u20b92m","Purchaser":"Avg. Salary \u20b9154k \u2014 \u20b9813k","Technical Recruiter":"Avg. Salary \u20b9177k \u2014 \u20b9591k","Senior Business Analyst":"Avg. Salary \u20b9447k \u2014 \u20b92m"}}