{"0":{"job_title":"Claims_Manager%2C_Insurance","avg_salary":"\u20b9552,765","salary_component":["Base Salary","Bonus","Profit Sharing","Commission","Total Pay"],"Base Salary":"\u20b9198k - \u20b91m","Bonus":"\u20b910k - \u20b9255k","Profit Sharing":"\u20b95k - \u20b9546k","Commission":"\u20b90 - \u20b971k","Total Pay":"\u20b9238k - \u20b92m","pay_by_experience_percent":["Entry Level","Early Career","Mid Career","Late Career","Experienced"],"Entry Level":"-28%","Early Career":"-29%","Mid Career":"9%","Late Career":"104%","Experienced":"198%","pay_by_experience_years":["1","1-4"],"1":"\u20b9400,000","1-4":"\u20b9393,813","gender_component":["Male","Female"],"Male":"73.1","Female":"26.9","health_benefits_componentt":["Medical","Dental","Vision","None"],"Medical":"85","Dental":"8","Vision":"8","None":"15","popular_skills_component":["Claim Handling","Insurance","People Management","Risk Management \/ Risk Control","Negotiation"],"Claim Handling":"8%","Insurance":"9%","People Management":"63%","Risk Management \/ Risk Control":"9%","Negotiation":"16%","affect_skills_component":["People Management","Customer Service","Negotiation","Insurance","Risk Management \/ Risk Control","Claim Handling"],"Customer Service":"63%","career_path_component":[],"location_component":["Mumbai, Maharashtra","Delhi, Delhi","New Delhi, Delhi","Pune, Maharashtra","Hyderabad, Andhra Pradesh","Chennai, Tamil Nadu"],"Mumbai, Maharashtra":"7%","Delhi, Delhi":"9%","New Delhi, Delhi":"25%","Pune, Maharashtra":"-14%","Hyderabad, Andhra Pradesh":"81%","Chennai, Tamil Nadu":"4%","employers_component":["ICICI Lombard General Insurance Company Limited"],"ICICI Lombard General Insurance Company Limited":"Avg. Salary: \u20b91,800,000","related_job_component":["Operations Manager","Customer Service Representative (CSR)","Assistant Manager, Customer Service","Customer Service Associate","Operations Team Leader","Customer Care Executive","Customer Service Manager","Customer Service Team Leader","Service Delivery Manager"],"Operations Manager":"Avg. Salary \u20b9297k \u2014 \u20b92m","Customer Service Representative (CSR)":"Avg. Salary \u20b9148k \u2014 \u20b9459k","Assistant Manager, Customer Service":"Avg. Salary \u20b9251k \u2014 \u20b9952k","Customer Service Associate":"Avg. Salary \u20b9151k \u2014 \u20b9407k","Operations Team Leader":"Avg. Salary \u20b9243k \u2014 \u20b9933k","Customer Care Executive":"Avg. Salary \u20b9120k \u2014 \u20b9389k","Customer Service Manager":"Avg. Salary \u20b9250k \u2014 \u20b92m","Customer Service Team Leader":"Avg. Salary \u20b9234k \u2014 \u20b9815k","Service Delivery Manager":"Avg. Salary \u20b9405k \u2014 \u20b93m"}}