{"0":{"job_title":"Claims_Adjuster_%2F_Examiner_%2F_Investigator","avg_salary":"\u20b9301,816","salary_component":["Base Salary","Bonus","Profit Sharing","Total Pay"],"Base Salary":"\u20b9185k - \u20b9608k","Bonus":"\u20b98k - \u20b9101k","Profit Sharing":"\u20b96k - \u20b945k","Total Pay":"\u20b9186k - \u20b9636k","pay_by_experience_percent":["Entry Level","Early Career","Mid Career","Late Career"],"Entry Level":"-23%","Early Career":"-2%","Mid Career":"51%","Late Career":"99%","pay_by_experience_years":["1"],"1":"\u20b9232,921","gender_component":["Male","Female"],"Male":"81.5","Female":"18.5","health_benefits_componentt":["Medical","Dental","Vision","None"],"Medical":"81","Dental":"11","Vision":"14","None":"19","popular_skills_component":["Claim Handling","Insurance","Medical Terminology","Customer Service","Microsoft Excel"],"Claim Handling":"1%","Insurance":"24%","Medical Terminology":"6%","Customer Service":"\u20b9239,583","Microsoft Excel":"\u20b9256,200","affect_skills_component":["Insurance","Medical Terminology","Claim Handling"],"career_path_component":[],"location_component":["Hyderabad, Andhra Pradesh","Bangalore, Karnataka","Mumbai, Maharashtra","Gurgaon, Haryana","New Delhi, Delhi","Delhi, Delhi","Noida, Uttar Pradesh"],"Hyderabad, Andhra Pradesh":"1%","Bangalore, Karnataka":"-2%","Mumbai, Maharashtra":"24%","Gurgaon, Haryana":"-1%","New Delhi, Delhi":"-2%","Delhi, Delhi":"10%","Noida, Uttar Pradesh":"53%","employers_component":[],"related_job_component":["Civil Engineer","Operations Manager","Accountant","Mechanical Engineer","Customer Service Representative (CSR)","Data Analyst","Customer Service Associate","Customer Care Executive","Financial Analyst"],"Civil Engineer":"Avg. Salary \u20b9154k \u2014 \u20b9771k","Operations Manager":"Avg. Salary \u20b9297k \u2014 \u20b92m","Accountant":"Avg. Salary \u20b9123k \u2014 \u20b9507k","Mechanical Engineer":"Avg. Salary \u20b9152k \u2014 \u20b9983k","Customer Service Representative (CSR)":"Avg. Salary \u20b9148k \u2014 \u20b9456k","Data Analyst":"Avg. Salary \u20b9200k \u2014 \u20b9960k","Customer Service Associate":"Avg. Salary \u20b9151k \u2014 \u20b9406k","Customer Care Executive":"Avg. Salary \u20b9120k \u2014 \u20b9390k","Financial Analyst":"Avg. Salary \u20b9220k \u2014 \u20b9994k"}}