{"0":{"job_title":"Client_Service_Executive","avg_salary":"\u20b9284,275","salary_component":["Base Salary","Bonus","Profit Sharing","Commission","Total Pay"],"Base Salary":"\u20b9157k - \u20b9461k","Bonus":"\u20b96k - \u20b970k","Profit Sharing":"\u20b98k - \u20b938k","Commission":"\u20b90 - \u20b925k","Total Pay":"\u20b9156k - \u20b9479k","pay_by_experience_percent":["Entry Level","Early Career","Mid Career"],"Entry Level":"-14%","Early Career":"0%","Mid Career":"51%","pay_by_experience_years":["1","1-4"],"1":"\u20b9243,617","1-4":"\u20b9283,193","gender_component":["Female","Male"],"Female":"53.7","Male":"46.3","health_benefits_componentt":["Medical","Dental","Vision","None"],"Medical":"42","Dental":"2","Vision":"2","None":"54","popular_skills_component":["Client Interaction","Customer Service","Customer Relationship Management (CRM)","Microsoft Excel","Account Management"],"Client Interaction":"4%","Customer Service":"3%","Customer Relationship Management (CRM)":"4%","Microsoft Excel":"6%","Account Management":"4%","affect_skills_component":["Oral \/ Verbal Communication","Microsoft Excel","Project Management","Client Interaction","Customer Relationship Management (CRM)","Account Management","Customer Service"],"Oral \/ Verbal Communication":"7%","Project Management":"6%","career_path_component":["Assistant Manager, Customer Service","Key Account Manager","Client Service Manager"],"location_component":["Mumbai, Maharashtra","Chennai, Tamil Nadu","Bangalore, Karnataka","Ahmedabad, Gujarat","Kolkata, West Bengal","New Delhi, Delhi","Delhi, Delhi","Hyderabad, Andhra Pradesh","Gurgaon, Haryana","Pune, Maharashtra"],"Mumbai, Maharashtra":"3%","Chennai, Tamil Nadu":"17%","Bangalore, Karnataka":"3%","Ahmedabad, Gujarat":"-29%","Kolkata, West Bengal":"-16%","New Delhi, Delhi":"6%","Delhi, Delhi":"-40%","Hyderabad, Andhra Pradesh":"32%","Gurgaon, Haryana":"21%","Pune, Maharashtra":"-1%","employers_component":["Medusind"],"Medusind":"Avg. Salary: \u20b9181,386","related_job_component":["Project Manager, (Unspecified Type \/ General)","Operations Manager","Civil Engineer","Business Development Manager","Accountant","Data Analyst","Mechanical Engineer","Account Manager","Senior Business Analyst"],"Project Manager, (Unspecified Type \/ General)":"Avg. Salary \u20b9458k \u2014 \u20b92m","Operations Manager":"Avg. Salary \u20b9297k \u2014 \u20b92m","Civil Engineer":"Avg. Salary \u20b9154k \u2014 \u20b9771k","Business Development Manager":"Avg. Salary \u20b9268k \u2014 \u20b91m","Accountant":"Avg. Salary \u20b9123k \u2014 \u20b9507k","Data Analyst":"Avg. Salary \u20b9200k \u2014 \u20b9960k","Mechanical Engineer":"Avg. Salary \u20b9152k \u2014 \u20b9983k","Account Manager":"Avg. Salary \u20b9281k \u2014 \u20b91m","Senior Business Analyst":"Avg. Salary \u20b9450k \u2014 \u20b92m"}}