{"0":{"job_title":"Commercial_Manager","avg_salary":"\u20b9789,736","salary_component":["Base Salary","Bonus","Profit Sharing","Total Pay"],"Base Salary":"\u20b9300k - \u20b92m","Bonus":"\u20b915k - \u20b9257k","Profit Sharing":"\u20b92k - \u20b9300k","Total Pay":"\u20b9323k - \u20b92m","pay_by_experience_percent":["Early Career","Mid Career","Late Career","Experienced"],"Early Career":"-32%","Mid Career":"-16%","Late Career":"9%","Experienced":"25%","pay_by_experience_years":["1-4","5-9"],"1-4":"\u20b9535,126","5-9":"\u20b9666,693","gender_component":["Male","Female"],"Male":"91.4","Female":"8.6","health_benefits_componentt":["Medical","Dental","Vision","None"],"Medical":"67","Dental":"5","Vision":"8","None":"32","popular_skills_component":["Commercial","Contract Negotiation","Contract Management","Financial Analysis","Customer Relationship Management (CRM)"],"Commercial":"5%","Contract Negotiation":"53%","Contract Management":"39%","Financial Analysis":"5%","Customer Relationship Management (CRM)":"\u20b9660,000","affect_skills_component":["Financial Reporting","Accounts Payable","Vendor Management","Contract Negotiation","Contract Management","Sales Management","Accounts Receivable","Project Management","Commercial","Financial Analysis"],"Financial Reporting":"103%","Accounts Payable":"66%","Vendor Management":"58%","Sales Management":"30%","Accounts Receivable":"14%","Project Management":"9%","career_path_component":["Financial Controller","Marketing Manager","Assistant General Manager (AGM)"],"location_component":["Mumbai, Maharashtra","Kolkata, West Bengal","New Delhi, Delhi","Bangalore, Karnataka","Hyderabad, Andhra Pradesh","Chennai, Tamil Nadu","Pune, Maharashtra","Gurgaon, Haryana","Ahmedabad, Gujarat","Nagpur, Maharashtra"],"Mumbai, Maharashtra":"27%","Kolkata, West Bengal":"-36%","New Delhi, Delhi":"6%","Bangalore, Karnataka":"20%","Hyderabad, Andhra Pradesh":"27%","Chennai, Tamil Nadu":"-19%","Pune, Maharashtra":"-10%","Gurgaon, Haryana":"65%","Ahmedabad, Gujarat":"-18%","Nagpur, Maharashtra":"-58%","employers_component":["Vijay Nirman Company Pvt Ltd"],"Vijay Nirman Company Pvt Ltd":"Avg. Salary: \u20b9341,022","related_job_component":["Operations Manager","Accountant","Project Manager, (Unspecified Type \/ General)","Financial Analyst","Finance Manager","Area Sales Manager","Business Development Manager","Assistant Manager, Customer Service","Service Delivery Manager"],"Operations Manager":"Avg. Salary \u20b9296k \u2014 \u20b92m","Accountant":"Avg. Salary \u20b9123k \u2014 \u20b9507k","Project Manager, (Unspecified Type \/ General)":"Avg. Salary \u20b9456k \u2014 \u20b92m","Financial Analyst":"Avg. Salary \u20b9220k \u2014 \u20b9994k","Finance Manager":"Avg. Salary \u20b9354k \u2014 \u20b92m","Area Sales Manager":"Avg. Salary \u20b9299k \u2014 \u20b91m","Business Development Manager":"Avg. Salary \u20b9266k \u2014 \u20b91m","Assistant Manager, Customer Service":"Avg. Salary \u20b9252k \u2014 \u20b9955k","Service Delivery Manager":"Avg. Salary \u20b9400k \u2014 \u20b93m"}}