{"0":{"job_title":"Compliance_Associate","avg_salary":"\u20b9396,142","salary_component":["Base Salary","Bonus","Profit Sharing","Total Pay"],"Base Salary":"\u20b9202k - \u20b9761k","Bonus":"\u20b920k - \u20b9378k","Profit Sharing":"\u20b90 - \u20b9100k","Total Pay":"\u20b9238k - \u20b9861k","pay_by_experience_percent":["Entry Level","Early Career","Mid Career"],"Entry Level":"3%","Early Career":"-1%","Mid Career":"64%","pay_by_experience_years":["1","1-4"],"1":"\u20b9406,946","1-4":"\u20b9393,723","gender_component":["Male","Female"],"Male":"84.0","Female":"16.0","health_benefits_componentt":["Medical","Dental","Vision","None"],"Medical":"69","Dental":"10","Vision":"13","None":"28","popular_skills_component":["Microsoft Excel","Regulatory Compliance","Financial Compliance","Legal Compliance","Anti-Money Laundering (AML)"],"Microsoft Excel":"9%","Regulatory Compliance":"\u20b9389,687","Financial Compliance":"21%","Legal Compliance":"23%","Anti-Money Laundering (AML)":"\u20b9359,000","affect_skills_component":["Legal Compliance","Financial Compliance","Microsoft Excel","Writing Procedures & Documentation"],"Writing Procedures & Documentation":"1%","career_path_component":[],"location_component":["Bangalore, Karnataka","Pune, Maharashtra","Mumbai, Maharashtra","Chennai, Tamil Nadu"],"Bangalore, Karnataka":"20%","Pune, Maharashtra":"2%","Mumbai, Maharashtra":"1%","Chennai, Tamil Nadu":"-30%","employers_component":["Amazon.com Inc"],"Amazon.com Inc":"Avg. Salary: \u20b9433,000","related_job_component":["Civil Engineer","Accountant","Mechanical Engineer","Data Analyst","Financial Analyst","Business Analyst, IT","Electrical Engineer","Computer Operator","Human Resources (HR) Manager"],"Civil Engineer":"Avg. Salary \u20b9154k \u2014 \u20b9771k","Accountant":"Avg. Salary \u20b9123k \u2014 \u20b9507k","Mechanical Engineer":"Avg. Salary \u20b9152k \u2014 \u20b9983k","Data Analyst":"Avg. Salary \u20b9201k \u2014 \u20b9959k","Financial Analyst":"Avg. Salary \u20b9220k \u2014 \u20b9992k","Business Analyst, IT":"Avg. Salary \u20b9275k \u2014 \u20b91m","Electrical Engineer":"Avg. Salary \u20b9174k \u2014 \u20b9995k","Computer Operator":"Avg. Salary \u20b999k \u2014 \u20b9403k","Human Resources (HR) Manager":"Avg. Salary \u20b9293k \u2014 \u20b92m"}}