{"0":{"job_title":"Consultant%2C_Business_Process_%2F_Management","avg_salary":"\u20b9749,228","salary_component":["Base Salary","Bonus","Profit Sharing","Total Pay"],"Base Salary":"\u20b9245k - \u20b92m","Bonus":"\u20b910k - \u20b9223k","Profit Sharing":"\u20b95k - \u20b980k","Total Pay":"\u20b9298k - \u20b92m","pay_by_experience_percent":["Entry Level","Early Career","Mid Career","Late Career","Experienced"],"Entry Level":"-65%","Early Career":"-25%","Mid Career":"12%","Late Career":"70%","Experienced":"234%","pay_by_experience_years":["1"],"1":"\u20b9264,000","gender_component":["Male","Female"],"Male":"81.3","Female":"18.8","health_benefits_componentt":["Medical","Dental","Vision","None"],"Medical":"71","Dental":"8","Vision":"10","None":"27","popular_skills_component":["Process Improvement","Business Analysis","Business Process Engineering","Project Management","Change Management"],"Process Improvement":"20%","Business Analysis":"10%","Business Process Engineering":"20%","Project Management":"28%","Change Management":"21%","affect_skills_component":["Information Technology Infrastructure Library (ITIL)","Research Analysis","Project Management","Data Analysis","Change Management","IT Consulting","Process Improvement","Business Process Engineering","Business Analysis"],"Information Technology Infrastructure Library (ITIL)":"31%","Research Analysis":"31%","Data Analysis":"28%","IT Consulting":"21%","career_path_component":["Infrastructure Project Manager","Business Analyst, IT"],"location_component":["Bangalore, Karnataka","Chennai, Tamil Nadu","Pune, Maharashtra","Mumbai, Maharashtra","Hyderabad, Andhra Pradesh","Gurgaon, Haryana","New Delhi, Delhi","Noida, Uttar Pradesh","Kolkata, West Bengal"],"Bangalore, Karnataka":"-8%","Chennai, Tamil Nadu":"33%","Pune, Maharashtra":"7%","Mumbai, Maharashtra":"-13%","Hyderabad, Andhra Pradesh":"-2%","Gurgaon, Haryana":"22%","New Delhi, Delhi":"51%","Noida, Uttar Pradesh":"25%","Kolkata, West Bengal":"-64%","employers_component":["HCL Technologies Ltd.","InfoSys Limited","EY (Ernst & Young)","Tata Consultancy Services Limited"],"HCL Technologies Ltd.":"Avg. Salary: \u20b9920,000","InfoSys Limited":"Avg. Salary: \u20b91,250,000","EY (Ernst & Young)":"Avg. Salary: \u20b9886,374","Tata Consultancy Services Limited":"Avg. Salary: \u20b9650,000","related_job_component":["Operations Manager","Senior Business Analyst","Project Manager, (Unspecified Type \/ General)","Business Analyst, IT","Information Technology (IT) Consultant","Business Process \/ Management Consultant","Project Manager, Information Technology (IT)","Business Analyst (Unspecified Type)","Service Delivery Manager"],"Operations Manager":"Avg. Salary \u20b9299k \u2014 \u20b92m","Senior Business Analyst":"Avg. Salary \u20b9442k \u2014 \u20b92m","Project Manager, (Unspecified Type \/ General)":"Avg. Salary \u20b9469k \u2014 \u20b92m","Business Analyst, IT":"Avg. Salary \u20b9274k \u2014 \u20b91m","Information Technology (IT) Consultant":"Avg. Salary \u20b9391k \u2014 \u20b92m","Business Process \/ Management Consultant":"Avg. Salary \u20b9203k \u2014 \u20b92m","Project Manager, Information Technology (IT)":"Avg. Salary \u20b9579k \u2014 \u20b92m","Business Analyst (Unspecified Type)":"Avg. Salary \u20b9249k \u2014 \u20b91m","Service Delivery Manager":"Avg. Salary \u20b9436k \u2014 \u20b93m"}}