{"0":{"job_title":"Consulting_Manager","avg_salary":"\u20b92,101,470","salary_component":["Base Salary","Bonus","Profit Sharing","Total Pay"],"Base Salary":"\u20b91m - \u20b93m","Bonus":"\u20b976k - \u20b9596k","Profit Sharing":"\u20b90 - \u20b999k","Total Pay":"\u20b91m - \u20b94m","pay_by_experience_percent":["Mid Career","Late Career"],"Mid Career":"-9%","Late Career":"3%","pay_by_experience_years":["5-9","10-19"],"5-9":"\u20b91,905,932","10-19":"\u20b92,161,424","gender_component":["Male","Female"],"Male":"81.1","Female":"18.9","health_benefits_componentt":["Medical","Dental","Vision","None"],"Medical":"81","Dental":"13","Vision":"11","None":"19","popular_skills_component":["Consulting Management","IT Consulting","Project Management","Business Strategy","Business Analysis"],"Consulting Management":"20%","IT Consulting":"\u20b92,093,518","Project Management":"29%","Business Strategy":"21%","Business Analysis":"\u20b92,104,119","affect_skills_component":["Strategic Project Management","Project Management","Business Strategy","Consulting Management"],"Strategic Project Management":"47%","career_path_component":["Senior Project Manager, IT","Director of Strategy","Management Consultant"],"location_component":["Bangalore, Karnataka","Mumbai, Maharashtra","Gurgaon, Haryana","Chennai, Tamil Nadu","New Delhi, Delhi","Pune, Maharashtra"],"Bangalore, Karnataka":"-2%","Mumbai, Maharashtra":"28%","Gurgaon, Haryana":"34%","Chennai, Tamil Nadu":"-7%","New Delhi, Delhi":"-5%","Pune, Maharashtra":"-5%","employers_component":["Accenture","ZS Associates","Kpmg Consulting","Wipro Technologies Ltd."],"Accenture":"Avg. Salary: \u20b92,954,315","ZS Associates":"Avg. Salary: \u20b92,825,000","Kpmg Consulting":"Avg. Salary: \u20b91,700,000","Wipro Technologies Ltd.":"Avg. Salary: \u20b91,375,000","related_job_component":["Project Manager, (Unspecified Type \/ General)","Management Consultant","Business Analyst, IT","Senior Business Analyst","Project Manager, Information Technology (IT)","Information Technology (IT) Consultant","Business Consultant","Business Process \/ Management Consultant","Civil Engineer"],"Project Manager, (Unspecified Type \/ General)":"Avg. Salary \u20b9456k \u2014 \u20b92m","Management Consultant":"Avg. Salary \u20b9348k \u2014 \u20b93m","Business Analyst, IT":"Avg. Salary \u20b9275k \u2014 \u20b91m","Senior Business Analyst":"Avg. Salary \u20b9447k \u2014 \u20b92m","Project Manager, Information Technology (IT)":"Avg. Salary \u20b9531k \u2014 \u20b92m","Information Technology (IT) Consultant":"Avg. Salary \u20b9391k \u2014 \u20b92m","Business Consultant":"Avg. Salary \u20b9348k \u2014 \u20b92m","Business Process \/ Management Consultant":"Avg. Salary \u20b9204k \u2014 \u20b92m","Civil Engineer":"Avg. Salary \u20b9154k \u2014 \u20b9771k"}}