{"0":{"job_title":"Contracts_Manager","avg_salary":"\u20b91,055,082","salary_component":["Base Salary","Bonus","Profit Sharing","Total Pay"],"Base Salary":"\u20b9306k - \u20b92m","Bonus":"\u20b930k - \u20b9396k","Profit Sharing":"\u20b9-22 - \u20b9507k","Total Pay":"\u20b9478k - \u20b92m","pay_by_experience_percent":["Early Career","Mid Career","Late Career","Experienced"],"Early Career":"-44%","Mid Career":"12%","Late Career":"20%","Experienced":"-62%","pay_by_experience_years":["1-4","5-9"],"1-4":"\u20b9586,268","5-9":"\u20b91,182,348","gender_component":["Male","Female"],"Male":"87.2","Female":"12.8","health_benefits_componentt":["Medical","Dental","Vision","None"],"Medical":"79","Dental":"13","Vision":"11","None":"21","popular_skills_component":["Contract Management","Contract Negotiation","Project Management","Microsoft Excel","Legal Compliance"],"Contract Management":"11%","Contract Negotiation":"\u20b91,018,573","Project Management":"\u20b91,027,766","Microsoft Excel":"\u20b9920,351","Legal Compliance":"47%","affect_skills_component":["Legal Compliance","Customer Relationship Management (CRM)","Legal Document Review","Contract Management","Negotiation"],"Customer Relationship Management (CRM)":"35%","Legal Document Review":"16%","Negotiation":"9%","career_path_component":["Commercial Manager","Assistant General Manager (AGM)","Project Manager, Construction"],"location_component":["Mumbai, Maharashtra","Bangalore, Karnataka","New Delhi, Delhi","Gurgaon, Haryana","Hyderabad, Andhra Pradesh","Pune, Maharashtra","Chennai, Tamil Nadu","Kolkata, West Bengal","Delhi, Delhi","Noida, Uttar Pradesh"],"Mumbai, Maharashtra":"16%","Bangalore, Karnataka":"%","New Delhi, Delhi":"-15%","Gurgaon, Haryana":"34%","Hyderabad, Andhra Pradesh":"-15%","Pune, Maharashtra":"9%","Chennai, Tamil Nadu":"15%","Kolkata, West Bengal":"-24%","Delhi, Delhi":"33%","Noida, Uttar Pradesh":"31%","employers_component":["Shapoorji Pallonji & Co. Ltd.","Reliance Industries Limited","Hindustan Construction Company Ltd.","Larsen & Toubro Limited"],"Shapoorji Pallonji & Co. Ltd.":"Avg. Salary: \u20b9950,000","Reliance Industries Limited":"Avg. Salary: \u20b9850,000","Hindustan Construction Company Ltd.":"Avg. Salary: \u20b9897,593","Larsen & Toubro Limited":"Avg. Salary: \u20b91,102,083","related_job_component":["Civil Engineer","Project Manager, (Unspecified Type \/ General)","Operations Manager","Mechanical Engineer","Project Manager, Information Technology (IT)","Business Development Manager","Project Engineer","Electrical Engineer","Accountant"],"Civil Engineer":"Avg. Salary \u20b9154k \u2014 \u20b9771k","Project Manager, (Unspecified Type \/ General)":"Avg. Salary \u20b9456k \u2014 \u20b92m","Operations Manager":"Avg. Salary \u20b9297k \u2014 \u20b92m","Mechanical Engineer":"Avg. Salary \u20b9152k \u2014 \u20b9983k","Project Manager, Information Technology (IT)":"Avg. Salary \u20b9531k \u2014 \u20b92m","Business Development Manager":"Avg. Salary \u20b9266k \u2014 \u20b91m","Project Engineer":"Avg. Salary \u20b9198k \u2014 \u20b9843k","Electrical Engineer":"Avg. Salary \u20b9174k \u2014 \u20b9995k","Accountant":"Avg. Salary \u20b9123k \u2014 \u20b9507k"}}