{"0":{"job_title":"Cost_Engineer","avg_salary":"\u20b9684,986","salary_component":["Base Salary","Bonus","Profit Sharing","Total Pay"],"Base Salary":"\u20b9240k - \u20b91m","Bonus":"\u20b912k - \u20b9150k","Profit Sharing":"\u20b90 - \u20b950k","Total Pay":"\u20b9246k - \u20b91m","pay_by_experience_percent":["Early Career","Mid Career","Late Career"],"Early Career":"-48%","Mid Career":"15%","Late Career":"82%","pay_by_experience_years":["1-4","5-9"],"1-4":"\u20b9357,598","5-9":"\u20b9790,957","gender_component":["Male","Female"],"Male":"86.2","Female":"13.8","health_benefits_componentt":["Medical","Dental","Vision","None"],"Medical":"79","Dental":"8","Vision":"8","None":"21","popular_skills_component":["Microsoft Excel","Product Costing","Project Management","Construction Estimating","Cost Accounting"],"Microsoft Excel":"\u20b9682,777","Product Costing":"\u20b9556,217","Project Management":"\u20b9597,500","Construction Estimating":"53%","Cost Accounting":"23%","affect_skills_component":["Construction Estimating","Cost Accounting"],"career_path_component":["Quantity Surveyor"],"location_component":["Bangalore, Karnataka","Chennai, Tamil Nadu","Pune, Maharashtra","Mumbai, Maharashtra"],"Bangalore, Karnataka":"-16%","Chennai, Tamil Nadu":"6%","Pune, Maharashtra":"-10%","Mumbai, Maharashtra":"31%","employers_component":[],"related_job_component":["Civil Engineer","Project Manager, (Unspecified Type \/ General)","Mechanical Engineer","Project Engineer","Project Manager, Information Technology (IT)","Project Manager, Construction","Electrical Engineer","Accountant","Operations Manager"],"Civil Engineer":"Avg. Salary \u20b9154k \u2014 \u20b9771k","Project Manager, (Unspecified Type \/ General)":"Avg. Salary \u20b9458k \u2014 \u20b92m","Mechanical Engineer":"Avg. Salary \u20b9152k \u2014 \u20b9982k","Project Engineer":"Avg. Salary \u20b9198k \u2014 \u20b9843k","Project Manager, Information Technology (IT)":"Avg. Salary \u20b9540k \u2014 \u20b92m","Project Manager, Construction":"Avg. Salary \u20b9392k \u2014 \u20b92m","Electrical Engineer":"Avg. Salary \u20b9174k \u2014 \u20b9995k","Accountant":"Avg. Salary \u20b9123k \u2014 \u20b9507k","Operations Manager":"Avg. Salary \u20b9297k \u2014 \u20b92m"}}