{"0":{"job_title":"Customer_Relationship_Management_(CRM)_Consultant","avg_salary":"\u20b9405,880","salary_component":["Base Salary","Bonus","Profit Sharing","Total Pay"],"Base Salary":"\u20b9182k - \u20b91m","Bonus":"\u20b92k - \u20b9215k","Profit Sharing":"\u20b90 - \u20b925k","Total Pay":"\u20b9183k - \u20b91m","pay_by_experience_percent":["Entry Level","Early Career","Mid Career","Late Career"],"Entry Level":"-45%","Early Career":"-12%","Mid Career":"102%","Late Career":"222%","pay_by_experience_years":["1"],"1":"\u20b9223,086","gender_component":["Male","Female"],"Male":"80.0","Female":"20.0","health_benefits_componentt":["Medical","Dental","Vision","None"],"Medical":"70","Dental":"2","Vision":"9","None":"28","popular_skills_component":["Customer Relationship Management (CRM)","SAP Customer Relationship Management (SAP CRM)","CRM Implementations","JavaScript","Project Management"],"Customer Relationship Management (CRM)":"\u20b9384,000","SAP Customer Relationship Management (SAP CRM)":"41%","CRM Implementations":"\u20b9384,000","JavaScript":"\u20b9375,000","Project Management":"13%","affect_skills_component":["Siebel","SAP Customer Relationship Management (SAP CRM)","Project Management"],"Siebel":"196%","career_path_component":["Business Development Executive","SAP Consultant"],"location_component":["Bangalore, Karnataka","Mumbai, Maharashtra","Hyderabad, Andhra Pradesh","Chennai, Tamil Nadu","Pune, Maharashtra","Kolkata, West Bengal","Delhi, Delhi","New Delhi, Delhi","Ahmedabad, Gujarat","Gurgaon, Haryana"],"Bangalore, Karnataka":"26%","Mumbai, Maharashtra":"32%","Hyderabad, Andhra Pradesh":"32%","Chennai, Tamil Nadu":"-44%","Pune, Maharashtra":"122%","Kolkata, West Bengal":"72%","Delhi, Delhi":"153%","New Delhi, Delhi":"208%","Ahmedabad, Gujarat":"23%","Gurgaon, Haryana":"-45%","employers_component":[],"related_job_component":["Operations Manager","Project Manager, (Unspecified Type \/ General)","Software Engineer","Senior Software Engineer","Information Technology (IT) Consultant","Assistant Manager, Customer Service","Customer Service Representative (CSR)","Civil Engineer","Software Developer"],"Operations Manager":"Avg. Salary \u20b9297k \u2014 \u20b92m","Project Manager, (Unspecified Type \/ General)":"Avg. Salary \u20b9456k \u2014 \u20b92m","Software Engineer":"Avg. Salary \u20b9262k \u2014 \u20b91m","Senior Software Engineer":"Avg. Salary \u20b9493k \u2014 \u20b92m","Information Technology (IT) Consultant":"Avg. Salary \u20b9391k \u2014 \u20b92m","Assistant Manager, Customer Service":"Avg. Salary \u20b9252k \u2014 \u20b9955k","Customer Service Representative (CSR)":"Avg. Salary \u20b9148k \u2014 \u20b9454k","Civil Engineer":"Avg. Salary \u20b9154k \u2014 \u20b9771k","Software Developer":"Avg. Salary \u20b9214k \u2014 \u20b91m"}}