{"0":{"job_title":"Cyber_Security_Engineer","avg_salary":"\u20b9605,730","salary_component":["Base Salary","Bonus","Profit Sharing","Total Pay"],"Base Salary":"\u20b9281k - \u20b92m","Bonus":"\u20b919k - \u20b9511k","Profit Sharing":"\u20b920k - \u20b91m","Total Pay":"\u20b9297k - \u20b92m","pay_by_experience_percent":["Entry Level","Early Career","Mid Career","Late Career"],"Entry Level":"-18%","Early Career":"-19%","Mid Career":"89%","Late Career":"152%","pay_by_experience_years":["1","1-4"],"1":"\u20b9494,348","1-4":"\u20b9491,615","gender_component":["Male","Female"],"Male":"85.4","Female":"14.6","health_benefits_componentt":["Medical","Dental","Vision","None"],"Medical":"77","Dental":"6","Vision":"6","None":"23","popular_skills_component":["Cyber Security","IT Security & Infrastructure","Security Information and Event Management (SIEM)","Security Testing and Auditing","Network Security Management"],"Cyber Security":"\u20b9540,670","IT Security & Infrastructure":"1%","Security Information and Event Management (SIEM)":"\u20b9580,000","Security Testing and Auditing":"\u20b9550,000","Network Security Management":"\u20b9420,000","affect_skills_component":["Security Risk Management","IT Security & Infrastructure"],"Security Risk Management":"42%","career_path_component":["Cyber Security Analyst"],"location_component":["Bangalore, Karnataka","Pune, Maharashtra","Chennai, Tamil Nadu","Mumbai, Maharashtra","New Delhi, Delhi","Ahmedabad, Gujarat","Noida, Uttar Pradesh","Hyderabad, Andhra Pradesh"],"Bangalore, Karnataka":"24%","Pune, Maharashtra":"-7%","Chennai, Tamil Nadu":"49%","Mumbai, Maharashtra":"24%","New Delhi, Delhi":"148%","Ahmedabad, Gujarat":"-19%","Noida, Uttar Pradesh":"-50%","Hyderabad, Andhra Pradesh":"32%","employers_component":[],"related_job_component":["Information Security Analyst","Security Analyst","Security Consultant, (Computing \/ Networking \/ Information Technology)","Information Security Manager","Security Engineer","Cyber Security Analyst","Senior Security Consultant","Network Security Engineer","Information Security Specialist"],"Information Security Analyst":"Avg. Salary \u20b9280k \u2014 \u20b91m","Security Analyst":"Avg. Salary \u20b9236k \u2014 \u20b9902k","Security Consultant, (Computing \/ Networking \/ Information Technology)":"Avg. Salary \u20b9310k \u2014 \u20b92m","Information Security Manager":"Avg. Salary \u20b9678k \u2014 \u20b93m","Security Engineer":"Avg. Salary \u20b9217k \u2014 \u20b92m","Cyber Security Analyst":"Avg. Salary \u20b9305k \u2014 \u20b91m","Senior Security Consultant":"Avg. Salary \u20b9593k \u2014 \u20b93m","Network Security Engineer":"Avg. Salary \u20b9240k \u2014 \u20b91m","Information Security Specialist":"Avg. Salary \u20b9364k \u2014 \u20b92m"}}