{"0":{"job_title":"Design_Manager","avg_salary":"\u20b91,184,098","salary_component":["Base Salary","Bonus","Profit Sharing","Total Pay"],"Base Salary":"\u20b9584k - \u20b93m","Bonus":"\u20b918k - \u20b9425k","Profit Sharing":"\u20b925k - \u20b9710k","Total Pay":"\u20b9591k - \u20b94m","pay_by_experience_percent":["Entry Level","Early Career","Mid Career","Late Career","Experienced"],"Entry Level":"-58%","Early Career":"-40%","Mid Career":"-7%","Late Career":"16%","Experienced":"55%","pay_by_experience_years":["1","1-4"],"1":"\u20b9500,000","1-4":"\u20b9708,673","gender_component":["Male","Female"],"Male":"77.7","Female":"22.3","health_benefits_componentt":["Medical","Dental","Vision","None"],"Medical":"67","Dental":"6","Vision":"6","None":"33","popular_skills_component":["Design","Engineering Design","Project Management","Computer Aided Design (CAD)","People Management"],"Design":"1%","Engineering Design":"3%","Project Management":"\u20b91,185,785","Computer Aided Design (CAD)":"\u20b91,026,390","People Management":"24%","affect_skills_component":["User Interface Design","Branding","User Experience (UX) Design","People Management","Engineering Design","Design"],"User Interface Design":"149%","Branding":"90%","User Experience (UX) Design":"65%","career_path_component":["Project Manager, (Unspecified Type \/ Gen...","Associate Director, Creative Services","Assistant General Manager (AGM)"],"location_component":["Bangalore, Karnataka","Mumbai, Maharashtra","Pune, Maharashtra","Chennai, Tamil Nadu","New Delhi, Delhi","Gurgaon, Haryana","Hyderabad, Andhra Pradesh","Delhi, Delhi","Ahmedabad, Gujarat","Kolkata, West Bengal"],"Bangalore, Karnataka":"6%","Mumbai, Maharashtra":"-1%","Pune, Maharashtra":"-3%","Chennai, Tamil Nadu":"1%","New Delhi, Delhi":"24%","Gurgaon, Haryana":"22%","Hyderabad, Andhra Pradesh":"-7%","Delhi, Delhi":"1%","Ahmedabad, Gujarat":"-7%","Kolkata, West Bengal":"-13%","employers_component":["Larsen and Toubro Ltd."],"Larsen and Toubro Ltd.":"Avg. Salary: \u20b91,500,000","related_job_component":["Project Manager, (Unspecified Type \/ General)","Design Engineer","Mechanical Engineer","Graphic Designer","Project Engineer","Civil Engineer","Operations Manager","Mechanical Design Engineer","Electrical Engineer"],"Project Manager, (Unspecified Type \/ General)":"Avg. Salary \u20b9456k \u2014 \u20b92m","Design Engineer":"Avg. Salary \u20b9174k \u2014 \u20b9927k","Mechanical Engineer":"Avg. Salary \u20b9152k \u2014 \u20b9983k","Graphic Designer":"Avg. Salary \u20b9141k \u2014 \u20b9621k","Project Engineer":"Avg. Salary \u20b9198k \u2014 \u20b9849k","Civil Engineer":"Avg. Salary \u20b9154k \u2014 \u20b9771k","Operations Manager":"Avg. Salary \u20b9297k \u2014 \u20b92m","Mechanical Design Engineer":"Avg. Salary \u20b9160k \u2014 \u20b9820k","Electrical Engineer":"Avg. Salary \u20b9174k \u2014 \u20b9995k"}}