{"0":{"job_title":"ERP_Consultant","avg_salary":"\u20b9780,206","salary_component":["Base Salary","Bonus","Profit Sharing","Total Pay"],"Base Salary":"\u20b9292k - \u20b92m","Bonus":"\u20b920k - \u20b9204k","Profit Sharing":"\u20b925 - \u20b9202k","Total Pay":"\u20b9299k - \u20b92m","pay_by_experience_percent":["Entry Level","Early Career","Mid Career","Late Career","Experienced"],"Entry Level":"-62%","Early Career":"-35%","Mid Career":"28%","Late Career":"91%","Experienced":"92%","pay_by_experience_years":["1","1-4"],"1":"\u20b9298,040","1-4":"\u20b9508,481","gender_component":["Male","Female"],"Male":"84.8","Female":"15.2","health_benefits_componentt":["Medical","Dental","Vision","None"],"Medical":"76","Dental":"6","Vision":"6","None":"24","popular_skills_component":["Enterprise Resource Planning (ERP)","Oracle eBusiness Suite","Oracle Applications","Business Analysis","Microsoft Dynamics AX"],"Enterprise Resource Planning (ERP)":"\u20b9727,793","Oracle eBusiness Suite":"\u20b9972,045","Oracle Applications":"\u20b9911,485","Business Analysis":"\u20b9824,046","Microsoft Dynamics AX":"\u20b9761,421","affect_skills_component":["Oracle CRM","Pre-Sales","Baan","Cloud Computing","Taleo","Supply Chain","Project Management","Siebel","Workday Software","Oracle Human Capital Management (HCM) Cloud"],"Oracle CRM":"111%","Pre-Sales":"79%","Baan":"79%","Cloud Computing":"79%","Taleo":"41%","Supply Chain":"39%","Project Management":"39%","Siebel":"35%","Workday Software":"34%","Oracle Human Capital Management (HCM) Cloud":"30%","career_path_component":["Project Manager, (Unspecified Type \/ Gen...","SAP Consultant","Functional Analyst"],"location_component":["Bangalore, Karnataka","Pune, Maharashtra","Hyderabad, Andhra Pradesh","Chennai, Tamil Nadu","Mumbai, Maharashtra","Gurgaon, Haryana","New Delhi, Delhi","Ahmedabad, Gujarat","Delhi, Delhi","Kolkata, West Bengal"],"Bangalore, Karnataka":"26%","Pune, Maharashtra":"8%","Hyderabad, Andhra Pradesh":"4%","Chennai, Tamil Nadu":"%","Mumbai, Maharashtra":"-12%","Gurgaon, Haryana":"18%","New Delhi, Delhi":"-9%","Ahmedabad, Gujarat":"-46%","Delhi, Delhi":"-2%","Kolkata, West Bengal":"7%","employers_component":["Deloitte Consulting LLP","InfoSys Limited","Deloitte","Tata Consultancy Services Limited","Wipro Technologies Ltd.","Evosys","Birlasoft Ltd.","IBM India Private Limited","KPIT Cummins Infosystems Limited","Oracle"],"Deloitte Consulting LLP":"Avg. Salary: \u20b91,099,285","InfoSys Limited":"Avg. Salary: \u20b9907,869","Deloitte":"Avg. Salary: \u20b91,178,669","Tata Consultancy Services Limited":"Avg. Salary: \u20b9552,688","Wipro Technologies Ltd.":"Avg. Salary: \u20b9774,194","Evosys":"Avg. Salary: \u20b9474,947","Birlasoft Ltd.":"Avg. Salary: \u20b91,250,000","IBM India Private Limited":"Avg. Salary: \u20b91,119,643","KPIT Cummins Infosystems Limited":"Avg. Salary: \u20b9696,343","Oracle":"Avg. Salary: \u20b91,100,000","related_job_component":["Software Engineer","Senior Software Engineer","Software Developer","Information Technology (IT) Consultant","Business Analyst, IT","Technical Consultant","Sr. Software Engineer \/ Developer \/ Programmer","Project Manager, Information Technology (IT)","Team Leader, IT"],"Software Engineer":"Avg. Salary \u20b9263k \u2014 \u20b91m","Senior Software Engineer":"Avg. Salary \u20b9493k \u2014 \u20b92m","Software Developer":"Avg. Salary \u20b9214k \u2014 \u20b91m","Information Technology (IT) Consultant":"Avg. Salary \u20b9391k \u2014 \u20b92m","Business Analyst, IT":"Avg. Salary \u20b9275k \u2014 \u20b91m","Technical Consultant":"Avg. Salary \u20b9312k \u2014 \u20b92m","Sr. Software Engineer \/ Developer \/ Programmer":"Avg. Salary \u20b9432k \u2014 \u20b92m","Project Manager, Information Technology (IT)":"Avg. Salary \u20b9531k \u2014 \u20b92m","Team Leader, IT":"Avg. Salary \u20b9584k \u2014 \u20b92m"}}