{"0":{"job_title":"Event_Manager","avg_salary":"\u20b9449,414","salary_component":["Base Salary","Bonus","Profit Sharing","Commission","Total Pay"],"Base Salary":"\u20b9177k - \u20b91m","Bonus":"\u20b910k - \u20b9401k","Profit Sharing":"\u20b95k - \u20b9395k","Commission":"\u20b943k - \u20b9300k","Total Pay":"\u20b9192k - \u20b92m","pay_by_experience_percent":["Entry Level","Early Career","Mid Career","Late Career","Experienced"],"Entry Level":"-22%","Early Career":"-20%","Mid Career":"30%","Late Career":"37%","Experienced":"39%","pay_by_experience_years":["1","1-4"],"1":"\u20b9350,000","1-4":"\u20b9357,302","gender_component":["Male","Female"],"Male":"67.2","Female":"32.8","health_benefits_componentt":["Medical","Dental","Vision","None"],"Medical":"41","Dental":"5","Vision":"4","None":"59","popular_skills_component":["Event Management","Event Planning","Budget Management","Project Management","Customer Service"],"Event Management":"\u20b9430,367","Event Planning":"6%","Budget Management":"10%","Project Management":"6%","Customer Service":"\u20b9303,391","affect_skills_component":["Budget Management","Event Planning","Project Management"],"career_path_component":["Wedding Planner","Director of Events"],"location_component":["Mumbai, Maharashtra","Bangalore, Karnataka","New Delhi, Delhi","Delhi, Delhi","Pune, Maharashtra","Kolkata, West Bengal","Hyderabad, Andhra Pradesh","Ahmedabad, Gujarat","Chennai, Tamil Nadu","Lucknow, Uttar Pradesh"],"Mumbai, Maharashtra":"7%","Bangalore, Karnataka":"9%","New Delhi, Delhi":"22%","Delhi, Delhi":"-5%","Pune, Maharashtra":"-33%","Kolkata, West Bengal":"-46%","Hyderabad, Andhra Pradesh":"13%","Ahmedabad, Gujarat":"-28%","Chennai, Tamil Nadu":"11%","Lucknow, Uttar Pradesh":"-1%","employers_component":["Wizcraft"],"Wizcraft":"Avg. Salary: \u20b9230,078","related_job_component":["Operations Manager","Project Manager, (Unspecified Type \/ General)","Assistant Manager, Customer Service","Civil Engineer","Service Delivery Manager","General \/ Operations Manager","Operations Team Leader","Project Manager, Information Technology (IT)","Customer Service Representative (CSR)"],"Operations Manager":"Avg. Salary \u20b9297k \u2014 \u20b92m","Project Manager, (Unspecified Type \/ General)":"Avg. Salary \u20b9456k \u2014 \u20b92m","Assistant Manager, Customer Service":"Avg. Salary \u20b9252k \u2014 \u20b9955k","Civil Engineer":"Avg. Salary \u20b9154k \u2014 \u20b9771k","Service Delivery Manager":"Avg. Salary \u20b9399k \u2014 \u20b93m","General \/ Operations Manager":"Avg. Salary \u20b9312k \u2014 \u20b93m","Operations Team Leader":"Avg. Salary \u20b9242k \u2014 \u20b9948k","Project Manager, Information Technology (IT)":"Avg. Salary \u20b9533k \u2014 \u20b92m","Customer Service Representative (CSR)":"Avg. Salary \u20b9148k \u2014 \u20b9454k"}}