{"0":{"job_title":"Event_Coordinator","avg_salary":"\u20b9296,609","salary_component":["Base Salary","Bonus","Profit Sharing","Commission","Total Pay"],"Base Salary":"\u20b9147k - \u20b9880k","Bonus":"\u20b92k - \u20b9102k","Profit Sharing":"\u20b92k - \u20b9150k","Commission":"\u20b90 - \u20b960k","Total Pay":"\u20b9177k - \u20b91m","pay_by_experience_percent":["Entry Level","Early Career","Mid Career","Late Career"],"Entry Level":"-20%","Early Career":"-13%","Mid Career":"21%","Late Career":"99%","pay_by_experience_years":["1","1-4"],"1":"\u20b9237,287","1-4":"\u20b9257,745","gender_component":["Male","Female"],"Male":"75.9","Female":"24.1","health_benefits_componentt":["Medical","Dental","Vision","None"],"Medical":"49","Dental":"3","Vision":"3","None":"51","popular_skills_component":["Event Management","Event Planning","Organizing","Customer Service","Customer Relations"],"Event Management":"\u20b9290,325","Event Planning":"3%","Organizing":"\u20b9250,342","Customer Service":"1%","Customer Relations":"\u20b9239,975","affect_skills_component":["Budget Management","Marketing Communications","Event Planning","Customer Service"],"Budget Management":"203%","Marketing Communications":"163%","career_path_component":["Event Manager","Marketing Manager","Marketing Coordinator"],"location_component":["Mumbai, Maharashtra","New Delhi, Delhi","Bangalore, Karnataka","Chennai, Tamil Nadu","Jaipur, Rajasthan","Pune, Maharashtra","Hyderabad, Andhra Pradesh","Delhi, Delhi","Kolkata, West Bengal"],"Mumbai, Maharashtra":"-19%","New Delhi, Delhi":"146%","Bangalore, Karnataka":"20%","Chennai, Tamil Nadu":"21%","Jaipur, Rajasthan":"-1%","Pune, Maharashtra":"19%","Hyderabad, Andhra Pradesh":"-16%","Delhi, Delhi":"-1%","Kolkata, West Bengal":"15%","employers_component":[],"related_job_component":["Customer Service Representative (CSR)","Customer Service Associate","Operations Manager","Sales Associate","Marketing Executive","Customer Care Executive","Senior Customer Service Representative (CSR)","Assistant Manager, Customer Service","Marketing Manager"],"Customer Service Representative (CSR)":"Avg. Salary \u20b9148k \u2014 \u20b9456k","Customer Service Associate":"Avg. Salary \u20b9151k \u2014 \u20b9406k","Operations Manager":"Avg. Salary \u20b9296k \u2014 \u20b92m","Sales Associate":"Avg. Salary \u20b9142k \u2014 \u20b9515k","Marketing Executive":"Avg. Salary \u20b9150k \u2014 \u20b9562k","Customer Care Executive":"Avg. Salary \u20b9120k \u2014 \u20b9390k","Senior Customer Service Representative (CSR)":"Avg. Salary \u20b9212k \u2014 \u20b9534k","Assistant Manager, Customer Service":"Avg. Salary \u20b9252k \u2014 \u20b9955k","Marketing Manager":"Avg. Salary \u20b9286k \u2014 \u20b92m"}}