{"0":{"job_title":"Global_Sourcing_Manager","avg_salary":"\u20b91,680,871","salary_component":["Base Salary","Bonus","Profit Sharing","Total Pay"],"Base Salary":"\u20b9710k - \u20b94m","Bonus":"\u20b939k - \u20b9354k","Profit Sharing":"\u20b90 - \u20b9150k","Total Pay":"\u20b9710k - \u20b94m","pay_by_experience_percent":["Mid Career","Late Career","Experienced"],"Mid Career":"-28%","Late Career":"1%","Experienced":"21%","pay_by_experience_years":["5-9","10-19"],"5-9":"\u20b91,210,095","10-19":"\u20b91,697,619","gender_component":["Male","Female"],"Male":"96.0","Female":"4.0","health_benefits_componentt":["Medical","Dental","Vision","None"],"Medical":"91","Dental":"9","Vision":"11","None":"9","popular_skills_component":["Sourcing","Vendor Management","Negotiation","Supplier Management","Contract Negotiation"],"Sourcing":"3%","Vendor Management":"\u20b91,400,000","Negotiation":"\u20b91,683,488","Supplier Management":"2%","Contract Negotiation":"13%","affect_skills_component":["Contract Negotiation","Sourcing","Supplier Management"],"career_path_component":[],"location_component":["Pune, Maharashtra","Bangalore, Karnataka","Chennai, Tamil Nadu","Gurgaon, Haryana"],"Pune, Maharashtra":"-17%","Bangalore, Karnataka":"14%","Chennai, Tamil Nadu":"-1%","Gurgaon, Haryana":"15%","employers_component":[],"related_job_component":["Project Manager, (Unspecified Type \/ General)","Civil Engineer","Purchasing Manager","Operations Manager","Project Manager, Information Technology (IT)","Procurement Manager","Project Engineer","Mechanical Engineer","Technical Recruiter"],"Project Manager, (Unspecified Type \/ General)":"Avg. Salary \u20b9456k \u2014 \u20b92m","Civil Engineer":"Avg. Salary \u20b9154k \u2014 \u20b9771k","Purchasing Manager":"Avg. Salary \u20b9325k \u2014 \u20b92m","Operations Manager":"Avg. Salary \u20b9297k \u2014 \u20b92m","Project Manager, Information Technology (IT)":"Avg. Salary \u20b9531k \u2014 \u20b92m","Procurement Manager":"Avg. Salary \u20b9364k \u2014 \u20b92m","Project Engineer":"Avg. Salary \u20b9198k \u2014 \u20b9843k","Mechanical Engineer":"Avg. Salary \u20b9152k \u2014 \u20b9983k","Technical Recruiter":"Avg. Salary \u20b9177k \u2014 \u20b9591k"}}