{"0":{"job_title":"Implementation_Consultant","avg_salary":"\u20b9672,400","salary_component":["Base Salary","Bonus","Profit Sharing","Total Pay"],"Base Salary":"\u20b9250k - \u20b92m","Bonus":"\u20b914k - \u20b9203k","Profit Sharing":"\u20b910k - \u20b9264k","Total Pay":"\u20b9262k - \u20b92m","pay_by_experience_percent":["Entry Level","Early Career","Mid Career","Late Career"],"Entry Level":"-58%","Early Career":"-25%","Mid Career":"43%","Late Career":"132%","pay_by_experience_years":["1","1-4"],"1":"\u20b9285,000","1-4":"\u20b9502,252","gender_component":["Male","Female"],"Male":"82.4","Female":"17.6","health_benefits_componentt":["Medical","Dental","Vision","None"],"Medical":"79","Dental":"7","Vision":"10","None":"21","popular_skills_component":["Implementation Analysis","Client Interaction","Project Management","IT Consulting","Business Analysis"],"Implementation Analysis":"2%","Client Interaction":"6%","Project Management":"\u20b9667,320","IT Consulting":"12%","Business Analysis":"8%","affect_skills_component":["System Integration","Requirements Analysis","IT Consulting","Business Analysis","Client Interaction","Implementation Analysis"],"System Integration":"26%","Requirements Analysis":"19%","career_path_component":["Senior Business Analyst","ERP Consultant","Functional Analyst"],"location_component":["Bangalore, Karnataka","Pune, Maharashtra","Mumbai, Maharashtra","Hyderabad, Andhra Pradesh","Chennai, Tamil Nadu","Gurgaon, Haryana","New Delhi, Delhi","Noida, Uttar Pradesh","Kolkata, West Bengal"],"Bangalore, Karnataka":"19%","Pune, Maharashtra":"-8%","Mumbai, Maharashtra":"14%","Hyderabad, Andhra Pradesh":"23%","Chennai, Tamil Nadu":"-9%","Gurgaon, Haryana":"4%","New Delhi, Delhi":"-30%","Noida, Uttar Pradesh":"-36%","Kolkata, West Bengal":"26%","employers_component":["Replicon Inc."],"Replicon Inc.":"Avg. Salary: \u20b9850,000","related_job_component":["Business Analyst, IT","Project Manager, (Unspecified Type \/ General)","Senior Business Analyst","Information Technology (IT) Consultant","Project Manager, Information Technology (IT)","Business Consultant","Operations Manager","Civil Engineer","Business Analyst, Finance\/Banking"],"Business Analyst, IT":"Avg. Salary \u20b9275k \u2014 \u20b91m","Project Manager, (Unspecified Type \/ General)":"Avg. Salary \u20b9456k \u2014 \u20b92m","Senior Business Analyst":"Avg. Salary \u20b9447k \u2014 \u20b92m","Information Technology (IT) Consultant":"Avg. Salary \u20b9391k \u2014 \u20b92m","Project Manager, Information Technology (IT)":"Avg. Salary \u20b9531k \u2014 \u20b92m","Business Consultant":"Avg. Salary \u20b9347k \u2014 \u20b92m","Operations Manager":"Avg. Salary \u20b9297k \u2014 \u20b92m","Civil Engineer":"Avg. Salary \u20b9154k \u2014 \u20b9771k","Business Analyst, Finance\/Banking":"Avg. Salary \u20b9283k \u2014 \u20b92m"}}