{"0":{"job_title":"Import%2FExport_Clerk","avg_salary":"\u20b9296,636","salary_component":["Base Salary","Bonus","Profit Sharing","Total Pay"],"Base Salary":"\u20b9145k - \u20b9490k","Bonus":"\u20b95k - \u20b952k","Profit Sharing":"\u20b913 - \u20b920k","Total Pay":"\u20b9147k - \u20b9502k","pay_by_experience_percent":["Entry Level","Early Career","Mid Career","Late Career"],"Entry Level":"-33%","Early Career":"-16%","Mid Career":"2%","Late Career":"24%","pay_by_experience_years":["1","1-4"],"1":"\u20b9197,739","1-4":"\u20b9250,252","gender_component":["Male","Female"],"Male":"87.5","Female":"12.5","health_benefits_componentt":["Medical","Dental","Vision","None"],"Medical":"60","Dental":"4","Vision":"4","None":"40","popular_skills_component":["Export Compliance","Documentation","Logistics","Import Compliance","Microsoft Office"],"Export Compliance":"1%","Documentation":"\u20b9292,000","Logistics":"1%","Import Compliance":"5%","Microsoft Office":"\u20b9240,000","affect_skills_component":["Import Compliance","Export Compliance","Logistics"],"career_path_component":["Import Coordinator"],"location_component":["Mumbai, Maharashtra","Chennai, Tamil Nadu","New Delhi, Delhi"],"Mumbai, Maharashtra":"1%","Chennai, Tamil Nadu":"-43%","New Delhi, Delhi":"-15%","employers_component":[],"related_job_component":["Mechanical Engineer","Civil Engineer","High School Teacher","Primary School Teacher","Executive Assistant","Computer Operator","Content Writer","Business Analyst, IT","Electrical Engineer"],"Mechanical Engineer":"Avg. Salary \u20b9151k \u2014 \u20b9982k","Civil Engineer":"Avg. Salary \u20b9154k \u2014 \u20b9773k","High School Teacher":"Avg. Salary \u20b9119k \u2014 \u20b9682k","Primary School Teacher":"Avg. Salary \u20b9100k \u2014 \u20b9506k","Executive Assistant":"Avg. Salary \u20b9153k \u2014 \u20b9781k","Computer Operator":"Avg. Salary \u20b999k \u2014 \u20b9402k","Content Writer":"Avg. Salary \u20b9133k \u2014 \u20b9517k","Business Analyst, IT":"Avg. Salary \u20b9279k \u2014 \u20b91m","Electrical Engineer":"Avg. Salary \u20b9174k \u2014 \u20b9991k"}}