{"0":{"job_title":"Incident_Manager","avg_salary":"\u20b9574,325","salary_component":["Base Salary","Bonus","Profit Sharing","Total Pay"],"Base Salary":"\u20b9302k - \u20b91m","Bonus":"\u20b910k - \u20b9166k","Profit Sharing":"\u20b92k - \u20b9511k","Total Pay":"\u20b9312k - \u20b91m","pay_by_experience_percent":["Entry Level","Early Career","Mid Career","Late Career"],"Entry Level":"-56%","Early Career":"-22%","Mid Career":"12%","Late Career":"77%","pay_by_experience_years":["1","1-4"],"1":"\u20b9250,252","1-4":"\u20b9446,743","gender_component":["Male","Female"],"Male":"78.4","Female":"21.6","health_benefits_componentt":["Medical","Dental","Vision","None"],"Medical":"85","Dental":"7","Vision":"7","None":"15","popular_skills_component":["Information Technology Infrastructure Library (ITIL)","Operations Management","Information Technology (IT) Support","IT Management","Customer Service"],"Information Technology Infrastructure Library (ITIL)":"\u20b9570,140","Operations Management":"5%","Information Technology (IT) Support":"\u20b9500,211","IT Management":"\u20b9514,147","Customer Service":"\u20b9513,936","affect_skills_component":["Project Management","Operations Management"],"Project Management":"28%","career_path_component":["Service Delivery Manager"],"location_component":["Bangalore, Karnataka","Pune, Maharashtra","Chennai, Tamil Nadu","Hyderabad, Andhra Pradesh","Mumbai, Maharashtra","Noida, Uttar Pradesh","Gurgaon, Haryana","Kolkata, West Bengal","New Delhi, Delhi","Delhi, Delhi"],"Bangalore, Karnataka":"6%","Pune, Maharashtra":"-13%","Chennai, Tamil Nadu":"4%","Hyderabad, Andhra Pradesh":"-14%","Mumbai, Maharashtra":"-12%","Noida, Uttar Pradesh":"3%","Gurgaon, Haryana":"31%","Kolkata, West Bengal":"-4%","New Delhi, Delhi":"22%","Delhi, Delhi":"-21%","employers_component":["IBM India Private Limited","Ericsson Inc.","HCL Technologies Ltd.","International Business Machines (IBM) Corp.","Accenture","CGI Group Inc.","Tata Consultancy Services Limited","Vodafone","Wipro","Wipro Technologies Ltd."],"IBM India Private Limited":"Avg. Salary: \u20b9463,939","Ericsson Inc.":"Avg. Salary: \u20b9724,138","HCL Technologies Ltd.":"Avg. Salary: \u20b9450,000","International Business Machines (IBM) Corp.":"Avg. Salary: \u20b9624,000","Accenture":"Avg. Salary: \u20b9523,250","CGI Group Inc.":"Avg. Salary: \u20b9597,805","Tata Consultancy Services Limited":"Avg. Salary: \u20b9376,000","Vodafone":"Avg. Salary: \u20b9824,242","Wipro":"Avg. Salary: \u20b9432,500","Wipro Technologies Ltd.":"Avg. Salary: \u20b9550,000","related_job_component":["Operations Manager","Project Manager, (Unspecified Type \/ General)","Service Delivery Manager","Project Manager, Information Technology (IT)","Customer Service Representative (CSR)","Assistant Manager, Customer Service","Customer Service Associate","Information Technology (IT) Manager","Civil Engineer"],"Operations Manager":"Avg. Salary \u20b9297k \u2014 \u20b92m","Project Manager, (Unspecified Type \/ General)":"Avg. Salary \u20b9456k \u2014 \u20b92m","Service Delivery Manager":"Avg. Salary \u20b9399k \u2014 \u20b93m","Project Manager, Information Technology (IT)":"Avg. Salary \u20b9533k \u2014 \u20b92m","Customer Service Representative (CSR)":"Avg. Salary \u20b9148k \u2014 \u20b9454k","Assistant Manager, Customer Service":"Avg. Salary \u20b9252k \u2014 \u20b9955k","Customer Service Associate":"Avg. Salary \u20b9151k \u2014 \u20b9407k","Information Technology (IT) Manager":"Avg. Salary \u20b9411k \u2014 \u20b93m","Civil Engineer":"Avg. Salary \u20b9154k \u2014 \u20b9771k"}}