{"0":{"job_title":"Information_Security_Officer","avg_salary":"\u20b91,074,419","salary_component":["Base Salary","Bonus","Profit Sharing","Total Pay"],"Base Salary":"\u20b9324k - \u20b93m","Bonus":"\u20b97k - \u20b9985k","Profit Sharing":"\u20b90 - \u20b9100k","Total Pay":"\u20b9338k - \u20b93m","pay_by_experience_percent":["Early Career","Mid Career","Late Career"],"Early Career":"-30%","Mid Career":"-9%","Late Career":"38%","pay_by_experience_years":["1-4","5-9"],"1-4":"\u20b9750,000","5-9":"\u20b9975,915","gender_component":["Male","Female"],"Male":"91.4","Female":"8.6","health_benefits_componentt":["Medical","Dental","Vision","None"],"Medical":"88","Dental":"2","Vision":"2","None":"12","popular_skills_component":["Security Risk Management","Security Policies and Procedures","Cyber Security","IT Security & Infrastructure","Risk Management \/ Risk Control"],"Security Risk Management":"2%","Security Policies and Procedures":"10%","Cyber Security":"1%","IT Security & Infrastructure":"\u20b9958,647","Risk Management \/ Risk Control":"26%","affect_skills_component":["Risk Management \/ Risk Control","Security Testing and Auditing","Computer Security","Security Policies and Procedures","Security Risk Management","Cyber Security"],"Security Testing and Auditing":"12%","Computer Security":"12%","career_path_component":[],"location_component":["Bangalore, Karnataka","Mumbai, Maharashtra","Chennai, Tamil Nadu","Pune, Maharashtra"],"Bangalore, Karnataka":"-9%","Mumbai, Maharashtra":"-9%","Chennai, Tamil Nadu":"-40%","Pune, Maharashtra":"41%","employers_component":[],"related_job_component":["Information Security Analyst","Security Consultant, (Computing \/ Networking \/ Information Technology)","Security Analyst","Information Security Manager","Information Technology (IT) Manager","Security Manager","Information Security Specialist","Senior Security Consultant","Credit Manager"],"Information Security Analyst":"Avg. Salary \u20b9280k \u2014 \u20b91m","Security Consultant, (Computing \/ Networking \/ Information Technology)":"Avg. Salary \u20b9310k \u2014 \u20b92m","Security Analyst":"Avg. Salary \u20b9236k \u2014 \u20b9903k","Information Security Manager":"Avg. Salary \u20b9678k \u2014 \u20b93m","Information Technology (IT) Manager":"Avg. Salary \u20b9412k \u2014 \u20b93m","Security Manager":"Avg. Salary \u20b9364k \u2014 \u20b92m","Information Security Specialist":"Avg. Salary \u20b9364k \u2014 \u20b92m","Senior Security Consultant":"Avg. Salary \u20b9593k \u2014 \u20b93m","Credit Manager":"Avg. Salary \u20b9259k \u2014 \u20b91m"}}