{"0":{"job_title":"Information_Security_Manager","avg_salary":"\u20b91,569,545","salary_component":["Base Salary","Bonus","Profit Sharing","Total Pay"],"Base Salary":"\u20b9678k - \u20b93m","Bonus":"\u20b951k - \u20b9431k","Profit Sharing":"\u20b944 - \u20b910m","Total Pay":"\u20b9710k - \u20b93m","pay_by_experience_percent":["Entry Level","Early Career","Mid Career","Late Career","Experienced"],"Entry Level":"-69%","Early Career":"-51%","Mid Career":"-11%","Late Career":"24%","Experienced":"75%","pay_by_experience_years":["1"],"1":"\u20b9491,318","gender_component":["Male","Female","Prefer to self-define"],"Male":"89.4","Female":"9.8","Prefer to self-define":"0.8","health_benefits_componentt":["Medical","Dental","Vision","None"],"Medical":"84","Dental":"15","Vision":"13","None":"16","popular_skills_component":["Security Risk Management","Security Policies and Procedures","Cyber Security","IT Security & Infrastructure","Security Testing and Auditing"],"Security Risk Management":"5%","Security Policies and Procedures":"\u20b91,491,184","Cyber Security":"23%","IT Security & Infrastructure":"\u20b91,538,162","Security Testing and Auditing":"\u20b91,474,239","affect_skills_component":["Security Information and Event Management (SIEM)","Risk Management \/ Risk Control","Computer Security","Penetration Testing","Cyber Security","Security Risk Management"],"Security Information and Event Management (SIEM)":"50%","Risk Management \/ Risk Control":"37%","Computer Security":"27%","Penetration Testing":"27%","career_path_component":["Security Consultant, (Computing \/ Networ...","Security Architect, IT","Information Security Specialist"],"location_component":["Bangalore, Karnataka","Mumbai, Maharashtra","Chennai, Tamil Nadu","Pune, Maharashtra","Hyderabad, Andhra Pradesh","Gurgaon, Haryana","New Delhi, Delhi","Noida, Uttar Pradesh","Ahmedabad, Gujarat","Gurgaon, Delhi"],"Bangalore, Karnataka":"23%","Mumbai, Maharashtra":"-23%","Chennai, Tamil Nadu":"-3%","Pune, Maharashtra":"-13%","Hyderabad, Andhra Pradesh":"-4%","Gurgaon, Haryana":"13%","New Delhi, Delhi":"1%","Noida, Uttar Pradesh":"-62%","Ahmedabad, Gujarat":"-27%","Gurgaon, Delhi":"33%","employers_component":["InfoSys Limited","Standard Chartered Bank","Tata Consultancy Services Limited","Accenture","ArisGlobal","Ericsson Inc."],"InfoSys Limited":"Avg. Salary: \u20b91,294,180","Standard Chartered Bank":"Avg. Salary: \u20b91,500,000","Tata Consultancy Services Limited":"Avg. Salary: \u20b9890,000","Accenture":"Avg. Salary: \u20b92,067,000","ArisGlobal":"Avg. Salary: \u20b91,627,460","Ericsson Inc.":"Avg. Salary: \u20b91,631,536","related_job_component":["Project Manager, (Unspecified Type \/ General)","Information Security Analyst","Security Analyst","Security Consultant, (Computing \/ Networking \/ Information Technology)","Civil Engineer","Project Manager, Information Technology (IT)","Information Technology (IT) Manager","Operations Manager","Project Engineer"],"Project Manager, (Unspecified Type \/ General)":"Avg. Salary \u20b9456k \u2014 \u20b92m","Information Security Analyst":"Avg. Salary \u20b9280k \u2014 \u20b91m","Security Analyst":"Avg. Salary \u20b9236k \u2014 \u20b9902k","Security Consultant, (Computing \/ Networking \/ Information Technology)":"Avg. Salary \u20b9310k \u2014 \u20b92m","Civil Engineer":"Avg. Salary \u20b9154k \u2014 \u20b9771k","Project Manager, Information Technology (IT)":"Avg. Salary \u20b9531k \u2014 \u20b92m","Information Technology (IT) Manager":"Avg. Salary \u20b9411k \u2014 \u20b93m","Operations Manager":"Avg. Salary \u20b9297k \u2014 \u20b92m","Project Engineer":"Avg. Salary \u20b9198k \u2014 \u20b9849k"}}