{"0":{"job_title":"Information_Security_Analyst","avg_salary":"\u20b9556,834","salary_component":["Base Salary","Bonus","Profit Sharing","Commission","Total Pay"],"Base Salary":"\u20b9280k - \u20b91m","Bonus":"\u20b910k - \u20b9145k","Profit Sharing":"\u20b93k - \u20b9636k","Commission":"\u20b90 - \u20b953k","Total Pay":"\u20b9293k - \u20b91m","pay_by_experience_percent":["Entry Level","Early Career","Mid Career","Late Career"],"Entry Level":"-44%","Early Career":"-10%","Mid Career":"54%","Late Career":"116%","pay_by_experience_years":["1"],"1":"\u20b9311,542","gender_component":["Male","Female","Prefer to self-define"],"Male":"83.7","Female":"15.9","Prefer to self-define":"0.4","health_benefits_componentt":["Medical","Dental","Vision","None"],"Medical":"79","Dental":"9","Vision":"8","None":"21","popular_skills_component":["Cyber Security","IT Security & Infrastructure","Security Risk Management","Security Information and Event Management (SIEM)","Security Testing and Auditing"],"Cyber Security":"\u20b9539,262","IT Security & Infrastructure":"7%","Security Risk Management":"2%","Security Information and Event Management (SIEM)":"\u20b9531,511","Security Testing and Auditing":"3%","affect_skills_component":["Information Technology (IT) Support","IT Risk","Splunk","Web Security & Encryption","Vulnerability Assessment","Security Policies and Procedures","IT Security & Infrastructure","Security Testing and Auditing","Security Risk Management"],"Information Technology (IT) Support":"39%","IT Risk":"29%","Splunk":"17%","Web Security & Encryption":"15%","Vulnerability Assessment":"14%","Security Policies and Procedures":"9%","career_path_component":["Information Security Manager","Senior Security Consultant","Security Consultant, (Computing \/ Networ..."],"location_component":["Bangalore, Karnataka","Pune, Maharashtra","Chennai, Tamil Nadu","Mumbai, Maharashtra","Hyderabad, Andhra Pradesh","Gurgaon, Haryana","New Delhi, Delhi","Delhi, Delhi","Noida, Uttar Pradesh","Ahmedabad, Gujarat"],"Bangalore, Karnataka":"11%","Pune, Maharashtra":"6%","Chennai, Tamil Nadu":"-3%","Mumbai, Maharashtra":"-31%","Hyderabad, Andhra Pradesh":"-7%","Gurgaon, Haryana":"28%","New Delhi, Delhi":"%","Delhi, Delhi":"4%","Noida, Uttar Pradesh":"30%","Ahmedabad, Gujarat":"-9%","employers_component":["InfoSys Limited","IBM India Private Limited","Paladion Networks","Wipro Technologies Ltd.","Tata Consultancy Services Limited","Capita india","BNP Paribas Inc.","HCL Technologies Ltd.","UnitedHealth Group","NTT Data Corporation"],"InfoSys Limited":"Avg. Salary: \u20b9895,913","IBM India Private Limited":"Avg. Salary: \u20b9434,671","Paladion Networks":"Avg. Salary: \u20b9362,069","Wipro Technologies Ltd.":"Avg. Salary: \u20b9460,000","Tata Consultancy Services Limited":"Avg. Salary: \u20b9828,975","Capita india":"Avg. Salary: \u20b9491,755","BNP Paribas Inc.":"Avg. Salary: \u20b9785,652","HCL Technologies Ltd.":"Avg. Salary: \u20b9300,000","UnitedHealth Group":"Avg. Salary: \u20b9500,000","NTT Data Corporation":"Avg. Salary: \u20b9720,000","related_job_component":["Security Analyst","Security Consultant, (Computing \/ Networking \/ Information Technology)","Information Security Manager","Information Technology (IT) Manager","Cyber Security Analyst","Security Engineer","Information Security Specialist","Network Security Engineer","Senior Security Consultant"],"Security Analyst":"Avg. Salary \u20b9236k \u2014 \u20b9902k","Security Consultant, (Computing \/ Networking \/ Information Technology)":"Avg. Salary \u20b9310k \u2014 \u20b92m","Information Security Manager":"Avg. Salary \u20b9678k \u2014 \u20b93m","Information Technology (IT) Manager":"Avg. Salary \u20b9412k \u2014 \u20b93m","Cyber Security Analyst":"Avg. Salary \u20b9305k \u2014 \u20b91m","Security Engineer":"Avg. Salary \u20b9212k \u2014 \u20b92m","Information Security Specialist":"Avg. Salary \u20b9364k \u2014 \u20b92m","Network Security Engineer":"Avg. Salary \u20b9240k \u2014 \u20b91m","Senior Security Consultant":"Avg. Salary \u20b9593k \u2014 \u20b93m"}}