{"0":{"job_title":"Inventory_%2F_Purchasing_Manager","avg_salary":"\u20b9596,548","salary_component":["Base Salary","Bonus","Profit Sharing","Total Pay"],"Base Salary":"\u20b9197k - \u20b91m","Bonus":"\u20b95k - \u20b9120k","Profit Sharing":"\u20b9251 - \u20b975k","Total Pay":"\u20b9197k - \u20b91m","pay_by_experience_percent":["Early Career","Mid Career","Late Career","Experienced"],"Early Career":"-49%","Mid Career":"-25%","Late Career":"22%","Experienced":"51%","pay_by_experience_years":["1-4","5-9"],"1-4":"\u20b9303,391","5-9":"\u20b9447,372","gender_component":["Male","Female"],"Male":"80.8","Female":"19.2","health_benefits_componentt":["Medical","Dental","Vision","None"],"Medical":"75","Dental":"11","Vision":"11","None":"25","popular_skills_component":["Inventory Management","Purchasing","Negotiation","Materials Requirement Planning (MRP)","Inventory Control"],"Inventory Management":"4%","Purchasing":"1%","Negotiation":"5%","Materials Requirement Planning (MRP)":"\u20b9556,912","Inventory Control":"\u20b9360,000","affect_skills_component":["Vendor Management","Negotiation","Inventory Management","Purchasing"],"Vendor Management":"27%","career_path_component":[],"location_component":["Gurgaon, Haryana","Pune, Maharashtra","Mumbai, Maharashtra","Bangalore, Karnataka"],"Gurgaon, Haryana":"23%","Pune, Maharashtra":"17%","Mumbai, Maharashtra":"34%","Bangalore, Karnataka":"136%","employers_component":[],"related_job_component":["Purchasing Manager","Purchaser","Procurement Manager","Supply Chain Manager","Procurement Specialist","Buyer","Operations Manager","Technical Recruiter","Warehouse Manager"],"Purchasing Manager":"Avg. Salary \u20b9336k \u2014 \u20b92m","Purchaser":"Avg. Salary \u20b9166k \u2014 \u20b9819k","Procurement Manager":"Avg. Salary \u20b9353k \u2014 \u20b92m","Supply Chain Manager":"Avg. Salary \u20b9297k \u2014 \u20b92m","Procurement Specialist":"Avg. Salary \u20b9254k \u2014 \u20b9952k","Buyer":"Avg. Salary \u20b9291k \u2014 \u20b91m","Operations Manager":"Avg. Salary \u20b9302k \u2014 \u20b92m","Technical Recruiter":"Avg. Salary \u20b9176k \u2014 \u20b9587k","Warehouse Manager":"Avg. Salary \u20b9206k \u2014 \u20b91m"}}