{"0":{"job_title":"Junior_Business_Analyst_(Unspecified_Type)","avg_salary":"\u20b9303,117","salary_component":["Base Salary","Bonus","Profit Sharing","Total Pay"],"Base Salary":"\u20b9181k - \u20b9517k","Bonus":"\u20b91k - \u20b974k","Profit Sharing":"\u20b90 - \u20b98k","Total Pay":"\u20b9183k - \u20b9528k","pay_by_experience_percent":["Entry Level","Early Career","Mid Career"],"Entry Level":"-6%","Early Career":"2%","Mid Career":"81%","pay_by_experience_years":["1"],"1":"\u20b9285,962","gender_component":["Male","Female"],"Male":"60.4","Female":"39.6","health_benefits_componentt":["Medical","Dental","Vision","None"],"Medical":"45","Dental":"3","Vision":"2","None":"55","popular_skills_component":["Business Analysis","Requirements Analysis","Microsoft Excel","Oral \/ Verbal Communication","Data Analysis"],"Business Analysis":"1%","Requirements Analysis":"\u20b9301,253","Microsoft Excel":"1%","Oral \/ Verbal Communication":"9%","Data Analysis":"5%","affect_skills_component":["Microsoft Office","Project Management","SQL","Oral \/ Verbal Communication","Data Analysis","Writing Procedures & Documentation","Business Analysis","Microsoft Excel"],"Microsoft Office":"19%","Project Management":"17%","SQL":"12%","Writing Procedures & Documentation":"4%","career_path_component":["Senior Business Analyst","Business Analyst, IT","Lead Business Analyst"],"location_component":["Mumbai, Maharashtra","Pune, Maharashtra","Bangalore, Karnataka","Hyderabad, Andhra Pradesh","Chennai, Tamil Nadu","Ahmedabad, Gujarat","New Delhi, Delhi","Kolkata, West Bengal","Gurgaon, Haryana"],"Mumbai, Maharashtra":"-3%","Pune, Maharashtra":"3%","Bangalore, Karnataka":"2%","Hyderabad, Andhra Pradesh":"-3%","Chennai, Tamil Nadu":"1%","Ahmedabad, Gujarat":"-29%","New Delhi, Delhi":"-1%","Kolkata, West Bengal":"76%","Gurgaon, Haryana":"48%","employers_component":["Optimus BT"],"Optimus BT":"Avg. Salary: \u20b9296,609","related_job_component":["Business Analyst, IT","Senior Business Analyst","Data Analyst","Project Manager, (Unspecified Type \/ General)","Civil Engineer","Mechanical Engineer","Business Analyst (Unspecified Type)","Business Analyst, Finance\/Banking","Project Manager, Information Technology (IT)"],"Business Analyst, IT":"Avg. Salary \u20b9275k \u2014 \u20b91m","Senior Business Analyst":"Avg. Salary \u20b9447k \u2014 \u20b92m","Data Analyst":"Avg. Salary \u20b9201k \u2014 \u20b9960k","Project Manager, (Unspecified Type \/ General)":"Avg. Salary \u20b9456k \u2014 \u20b92m","Civil Engineer":"Avg. Salary \u20b9154k \u2014 \u20b9771k","Mechanical Engineer":"Avg. Salary \u20b9152k \u2014 \u20b9983k","Business Analyst (Unspecified Type)":"Avg. Salary \u20b9252k \u2014 \u20b91m","Business Analyst, Finance\/Banking":"Avg. Salary \u20b9283k \u2014 \u20b92m","Project Manager, Information Technology (IT)":"Avg. Salary \u20b9531k \u2014 \u20b92m"}}