{"0":{"job_title":"Lead_Business_Analyst","avg_salary":"\u20b91,462,203","salary_component":["Base Salary","Bonus","Profit Sharing","Total Pay"],"Base Salary":"\u20b9736k - \u20b92m","Bonus":"\u20b949k - \u20b9307k","Profit Sharing":"\u20b965k - \u20b9358k","Total Pay":"\u20b9757k - \u20b92m","pay_by_experience_percent":["Early Career","Mid Career","Late Career"],"Early Career":"-45%","Mid Career":"-7%","Late Career":"13%","pay_by_experience_years":["1-4","5-9"],"1-4":"\u20b9798,847","5-9":"\u20b91,361,626","gender_component":["Male","Female"],"Male":"85.1","Female":"14.9","health_benefits_componentt":["Medical","Dental","Vision","None"],"Medical":"84","Dental":"8","Vision":"6","None":"16","popular_skills_component":["Business Analysis","Requirements Analysis","Project Management","Agile Software Development","Data Analysis"],"Business Analysis":"4%","Requirements Analysis":"4%","Project Management":"8%","Agile Software Development":"10%","Data Analysis":"\u20b91,453,513","affect_skills_component":["Data Modeling","Agile Software Development","Project Management","Business Analysis","Requirements Analysis","Product Management","Team Leadership"],"Data Modeling":"57%","Product Management":"2%","Team Leadership":"1%","career_path_component":["Principal Product Manager","Product Manager, Software","Senior Product Manager"],"location_component":["Bangalore, Karnataka","Pune, Maharashtra","Hyderabad, Andhra Pradesh","Chennai, Tamil Nadu","Mumbai, Maharashtra","Gurgaon, Haryana","Noida, Uttar Pradesh","New Delhi, Delhi","Delhi, Delhi","Gurgaon, Delhi"],"Bangalore, Karnataka":"5%","Pune, Maharashtra":"7%","Hyderabad, Andhra Pradesh":"-6%","Chennai, Tamil Nadu":"-9%","Mumbai, Maharashtra":"7%","Gurgaon, Haryana":"-13%","Noida, Uttar Pradesh":"-17%","New Delhi, Delhi":"3%","Delhi, Delhi":"-46%","Gurgaon, Delhi":"-56%","employers_component":["American Express Co. (AMEX)","Accenture Technology Solutions","Pramati Technologies","HSBC Glti","Fiserv India Pvt Ltd","Credit Suisse","CGI Group Inc.","Standard Chartered Bank","iNautix"],"American Express Co. (AMEX)":"Avg. Salary: \u20b9650,000","Accenture Technology Solutions":"Avg. Salary: \u20b9999,897","Pramati Technologies":"Avg. Salary: \u20b91,800,000","HSBC Glti":"Avg. Salary: \u20b92,150,000","Fiserv India Pvt Ltd":"Avg. Salary: \u20b9975,000","Credit Suisse":"Avg. Salary: \u20b91,814,325","CGI Group Inc.":"Avg. Salary: \u20b91,626,416","Standard Chartered Bank":"Avg. Salary: \u20b91,387,614","iNautix":"Avg. Salary: \u20b91,219,672","related_job_component":["Senior Business Analyst","Business Analyst, IT","Data Analyst","Project Manager, (Unspecified Type \/ General)","Software Engineer","Senior Software Engineer","Project Manager, Information Technology (IT)","Business Analyst (Unspecified Type)","Operations Manager"],"Senior Business Analyst":"Avg. Salary \u20b9447k \u2014 \u20b92m","Business Analyst, IT":"Avg. Salary \u20b9275k \u2014 \u20b91m","Data Analyst":"Avg. Salary \u20b9201k \u2014 \u20b9959k","Project Manager, (Unspecified Type \/ General)":"Avg. Salary \u20b9456k \u2014 \u20b92m","Software Engineer":"Avg. Salary \u20b9262k \u2014 \u20b91m","Senior Software Engineer":"Avg. Salary \u20b9493k \u2014 \u20b92m","Project Manager, Information Technology (IT)":"Avg. Salary \u20b9531k \u2014 \u20b92m","Business Analyst (Unspecified Type)":"Avg. Salary \u20b9252k \u2014 \u20b91m","Operations Manager":"Avg. Salary \u20b9297k \u2014 \u20b92m"}}