{"0":{"job_title":"Learning_and_Development_Specialist","avg_salary":"\u20b9698,717","salary_component":["Base Salary","Bonus","Profit Sharing","Total Pay"],"Base Salary":"\u20b9355k - \u20b92m","Bonus":"\u20b931k - \u20b9403k","Profit Sharing":"\u20b930k - \u20b9200k","Total Pay":"\u20b9394k - \u20b92m","pay_by_experience_percent":["Entry Level","Early Career","Mid Career","Late Career","Experienced"],"Entry Level":"-43%","Early Career":"-28%","Mid Career":"3%","Late Career":"97%","Experienced":"186%","pay_by_experience_years":["1"],"1":"\u20b9400,841","gender_component":["Female","Male"],"Female":"56.0","Male":"44.0","health_benefits_componentt":["Medical","Dental","Vision","None"],"Medical":"78","Dental":"6","Vision":"3","None":"23","popular_skills_component":["Training Program Development","Training","Facilitator","Training Management","Curriculum Planning"],"Training Program Development":"3%","Training":"\u20b9657,407","Facilitator":"11%","Training Management":"1%","Curriculum Planning":"11%","affect_skills_component":["Leadership","Organizational Development","Project Management","Articulate E-Learning Software","Facilitator","Curriculum Planning","Performance Management","Training Program Development","Training Management"],"Leadership":"179%","Organizational Development":"27%","Project Management":"25%","Articulate E-Learning Software":"14%","Performance Management":"7%","career_path_component":["Human Resources (HR) Director","Project Manager, Training & Development"],"location_component":["Bangalore, Karnataka","Mumbai, Maharashtra","Pune, Maharashtra","Hyderabad, Andhra Pradesh","Gurgaon, Haryana","Chennai, Tamil Nadu","New Delhi, Delhi"],"Bangalore, Karnataka":"-16%","Mumbai, Maharashtra":"50%","Pune, Maharashtra":"7%","Hyderabad, Andhra Pradesh":"-18%","Gurgaon, Haryana":"19%","Chennai, Tamil Nadu":"-2%","New Delhi, Delhi":"-6%","employers_component":["Aricent Inc","Vodafone"],"Aricent Inc":"Avg. Salary: \u20b9750,000","Vodafone":"Avg. Salary: \u20b93,000,000","related_job_component":["Human Resources (HR) Manager","Project Manager, (Unspecified Type \/ General)","Operations Manager","Training Manager","Civil Engineer","Project Manager, Information Technology (IT)","Project Engineer","Senior Project Manager, IT","Assistant Professor, Postsecondary \/ Higher Education"],"Human Resources (HR) Manager":"Avg. Salary \u20b9293k \u2014 \u20b92m","Project Manager, (Unspecified Type \/ General)":"Avg. Salary \u20b9456k \u2014 \u20b92m","Operations Manager":"Avg. Salary \u20b9297k \u2014 \u20b92m","Training Manager":"Avg. Salary \u20b9385k \u2014 \u20b92m","Civil Engineer":"Avg. Salary \u20b9154k \u2014 \u20b9771k","Project Manager, Information Technology (IT)":"Avg. Salary \u20b9533k \u2014 \u20b92m","Project Engineer":"Avg. Salary \u20b9198k \u2014 \u20b9849k","Senior Project Manager, IT":"Avg. Salary \u20b91m \u2014 \u20b93m","Assistant Professor, Postsecondary \/ Higher Education":"Avg. Salary \u20b9200k \u2014 \u20b9968k"}}