{"0":{"job_title":"Logistics_Manager","avg_salary":"\u20b9607,389","salary_component":["Base Salary","Bonus","Profit Sharing","Commission","Total Pay"],"Base Salary":"\u20b9236k - \u20b91m","Bonus":"\u20b98k - \u20b9201k","Profit Sharing":"\u20b93k - \u20b9207k","Commission":"\u20b90 - \u20b950k","Total Pay":"\u20b9249k - \u20b92m","pay_by_experience_percent":["Entry Level","Early Career","Mid Career","Late Career","Experienced"],"Entry Level":"-55%","Early Career":"-41%","Mid Career":"2%","Late Career":"33%","Experienced":"25%","pay_by_experience_years":["1","1-4"],"1":"\u20b9272,480","1-4":"\u20b9359,406","gender_component":["Male","Female"],"Male":"95.9","Female":"4.1","health_benefits_componentt":["Medical","Dental","Vision","None"],"Medical":"75","Dental":"8","Vision":"10","None":"24","popular_skills_component":["Logistics","Operations Management","Supply Chain","Inventory Management","Shipping"],"Logistics":"1%","Operations Management":"6%","Supply Chain":"17%","Inventory Management":"7%","Shipping":"31%","affect_skills_component":["Transport","Leadership","Shipping","Supply Chain","Inventory Management","Operations Management","Logistics"],"Transport":"108%","Leadership":"56%","career_path_component":["Supply Chain Manager","Business Manager, Logistics \/ Inventory ...","Warehouse Manager"],"location_component":["Mumbai, Maharashtra","Chennai, Tamil Nadu","Bangalore, Karnataka","Kolkata, West Bengal","Pune, Maharashtra","Ahmedabad, Gujarat","Gurgaon, Haryana","Hyderabad, Andhra Pradesh","New Delhi, Delhi","Delhi, Delhi"],"Mumbai, Maharashtra":"6%","Chennai, Tamil Nadu":"5%","Bangalore, Karnataka":"36%","Kolkata, West Bengal":"-3%","Pune, Maharashtra":"35%","Ahmedabad, Gujarat":"-18%","Gurgaon, Haryana":"54%","Hyderabad, Andhra Pradesh":"-2%","New Delhi, Delhi":"19%","Delhi, Delhi":"32%","employers_component":["Indian Airforce"],"Indian Airforce":"Avg. Salary: \u20b9600,000","related_job_component":["Operations Manager","Operations Team Leader","General \/ Operations Manager","Service Delivery Manager","Assistant Operations Manager","Supply Chain Manager","Assistant Manager, Customer Service","Team Lead, Operations","Assistant General Manager (AGM)"],"Operations Manager":"Avg. Salary \u20b9297k \u2014 \u20b92m","Operations Team Leader":"Avg. Salary \u20b9242k \u2014 \u20b9946k","General \/ Operations Manager":"Avg. Salary \u20b9312k \u2014 \u20b93m","Service Delivery Manager":"Avg. Salary \u20b9400k \u2014 \u20b93m","Assistant Operations Manager":"Avg. Salary \u20b9272k \u2014 \u20b91m","Supply Chain Manager":"Avg. Salary \u20b9301k \u2014 \u20b92m","Assistant Manager, Customer Service":"Avg. Salary \u20b9252k \u2014 \u20b9955k","Team Lead, Operations":"Avg. Salary \u20b9314k \u2014 \u20b91m","Assistant General Manager (AGM)":"Avg. Salary \u20b9615k \u2014 \u20b93m"}}