{"0":{"job_title":"Manager%2C_Change_Management","avg_salary":"\u20b9675,367","salary_component":["Base Salary","Bonus","Profit Sharing","Total Pay"],"Base Salary":"\u20b9302k - \u20b92m","Bonus":"\u20b95k - \u20b9436k","Profit Sharing":"\u20b95 - \u20b9248k","Total Pay":"\u20b9317k - \u20b92m","pay_by_experience_percent":["Entry Level","Early Career","Mid Career","Late Career"],"Entry Level":"-49%","Early Career":"-36%","Mid Career":"4%","Late Career":"101%","pay_by_experience_years":["1","1-4"],"1":"\u20b9343,922","1-4":"\u20b9433,249","gender_component":["Male","Female"],"Male":"76.1","Female":"23.9","health_benefits_componentt":["Medical","Dental","Vision","None"],"Medical":"76","Dental":"13","Vision":"11","None":"24","popular_skills_component":["Change Management","Information Technology Infrastructure Library (ITIL)","Project Management","Corporate Communications","Training Program Development"],"Change Management":"2%","Information Technology Infrastructure Library (ITIL)":"2%","Project Management":"\u20b9671,375","Corporate Communications":"\u20b9456,000","Training Program Development":"144%","affect_skills_component":["Training Program Development","Organizational Development","Process Improvement","Change Management","Information Technology Infrastructure Library (ITIL)"],"Organizational Development":"33%","Process Improvement":"4%","career_path_component":[],"location_component":["Bangalore, Karnataka","Mumbai, Maharashtra","Chennai, Tamil Nadu","Pune, Maharashtra","Hyderabad, Andhra Pradesh","Noida, Uttar Pradesh","Gurgaon, Haryana","New Delhi, Delhi"],"Bangalore, Karnataka":"1%","Mumbai, Maharashtra":"-15%","Chennai, Tamil Nadu":"3%","Pune, Maharashtra":"-4%","Hyderabad, Andhra Pradesh":"19%","Noida, Uttar Pradesh":"-1%","Gurgaon, Haryana":"24%","New Delhi, Delhi":"7%","employers_component":["IBM India Private Limited","HCL Technologies Ltd.","International Business Machines (IBM) Corp."],"IBM India Private Limited":"Avg. Salary: \u20b9480,055","HCL Technologies Ltd.":"Avg. Salary: \u20b9550,000","International Business Machines (IBM) Corp.":"Avg. Salary: \u20b9501,493","related_job_component":["Project Manager, (Unspecified Type \/ General)","Operations Manager","Project Manager, Information Technology (IT)","Civil Engineer","Business Process \/ Management Consultant","Information Technology (IT) Manager","Project Engineer","Information Technology (IT) Consultant","Service Delivery Manager"],"Project Manager, (Unspecified Type \/ General)":"Avg. Salary \u20b9459k \u2014 \u20b92m","Operations Manager":"Avg. Salary \u20b9297k \u2014 \u20b92m","Project Manager, Information Technology (IT)":"Avg. Salary \u20b9547k \u2014 \u20b92m","Civil Engineer":"Avg. Salary \u20b9154k \u2014 \u20b9773k","Business Process \/ Management Consultant":"Avg. Salary \u20b9203k \u2014 \u20b92m","Information Technology (IT) Manager":"Avg. Salary \u20b9412k \u2014 \u20b93m","Project Engineer":"Avg. Salary \u20b9198k \u2014 \u20b9843k","Information Technology (IT) Consultant":"Avg. Salary \u20b9390k \u2014 \u20b92m","Service Delivery Manager":"Avg. Salary \u20b9405k \u2014 \u20b93m"}}