{"0":{"job_title":"Management_Consultant","avg_salary":"\u20b91,137,398","salary_component":["Base Salary","Bonus","Profit Sharing","Commission","Total Pay"],"Base Salary":"\u20b9350k - \u20b93m","Bonus":"\u20b934k - \u20b9512k","Profit Sharing":"\u20b92k - \u20b9974k","Commission":"\u20b90 - \u20b963k","Total Pay":"\u20b9363k - \u20b93m","pay_by_experience_percent":["Entry Level","Early Career","Mid Career","Late Career","Experienced"],"Entry Level":"-44%","Early Career":"-21%","Mid Career":"17%","Late Career":"74%","Experienced":"108%","pay_by_experience_years":["1","1-4"],"1":"\u20b9633,733","1-4":"\u20b9902,752","gender_component":["Male","Female","Prefer to self-define"],"Male":"79.1","Female":"20.5","Prefer to self-define":"0.5","health_benefits_componentt":["Medical","Dental","Vision","None"],"Medical":"76","Dental":"11","Vision":"10","None":"24","popular_skills_component":["Consulting Management","Business Strategy","Project Management","Business Analysis","Process Improvement"],"Consulting Management":"\u20b91,344,233","Business Strategy":"37%","Project Management":"\u20b91,218,494","Business Analysis":"\u20b91,229,660","Process Improvement":"\u20b91,226,787","affect_skills_component":["Strategic Project Management","Strategy Development","Lean Process Engineering","Market Research","Strategy","Business Strategy","Supply Chain","Strategic Planning","Organizational Development","Financial Modeling"],"Strategic Project Management":"115%","Strategy Development":"110%","Lean Process Engineering":"54%","Market Research":"40%","Strategy":"38%","Supply Chain":"35%","Strategic Planning":"32%","Organizational Development":"30%","Financial Modeling":"27%","career_path_component":["Business Process \/ Management Consultant","Project Manager, Information Technology ...","Senior Product Manager"],"location_component":["Mumbai, Maharashtra","Bangalore, Karnataka","Gurgaon, Haryana","New Delhi, Delhi","Pune, Maharashtra","Delhi, Delhi","Hyderabad, Andhra Pradesh","Chennai, Tamil Nadu","Kolkata, West Bengal","Gurgaon, Delhi"],"Mumbai, Maharashtra":"%","Bangalore, Karnataka":"11%","Gurgaon, Haryana":"22%","New Delhi, Delhi":"7%","Pune, Maharashtra":"-18%","Delhi, Delhi":"18%","Hyderabad, Andhra Pradesh":"8%","Chennai, Tamil Nadu":"-9%","Kolkata, West Bengal":"-12%","Gurgaon, Delhi":"1%","employers_component":["EY (Ernst & Young)","Accenture","Kpmg Consulting","PricewaterhouseCoopers","KPMG, LLP","Deloitte","Deloitte Consulting LLP","InfoSys Limited","ZS Associates","Deloitte & Touche LLP"],"EY (Ernst & Young)":"Avg. Salary: \u20b91,135,000","Accenture":"Avg. Salary: \u20b91,937,775","Kpmg Consulting":"Avg. Salary: \u20b91,072,846","PricewaterhouseCoopers":"Avg. Salary: \u20b91,200,786","KPMG, LLP":"Avg. Salary: \u20b91,070,000","Deloitte":"Avg. Salary: \u20b91,400,000","Deloitte Consulting LLP":"Avg. Salary: \u20b91,872,000","InfoSys Limited":"Avg. Salary: \u20b9950,000","ZS Associates":"Avg. Salary: \u20b91,374,545","Deloitte & Touche LLP":"Avg. Salary: \u20b91,044,976","related_job_component":["Operations Manager","Project Manager, (Unspecified Type \/ General)","Senior Business Analyst","Civil Engineer","Business Analyst, IT","Mechanical Engineer","Financial Analyst","Data Analyst","Project Manager, Information Technology (IT)"],"Operations Manager":"Avg. Salary \u20b9297k \u2014 \u20b92m","Project Manager, (Unspecified Type \/ General)":"Avg. Salary \u20b9456k \u2014 \u20b92m","Senior Business Analyst":"Avg. Salary \u20b9447k \u2014 \u20b92m","Civil Engineer":"Avg. Salary \u20b9154k \u2014 \u20b9771k","Business Analyst, IT":"Avg. Salary \u20b9275k \u2014 \u20b91m","Mechanical Engineer":"Avg. Salary \u20b9152k \u2014 \u20b9983k","Financial Analyst":"Avg. Salary \u20b9220k \u2014 \u20b9994k","Data Analyst":"Avg. Salary \u20b9201k \u2014 \u20b9960k","Project Manager, Information Technology (IT)":"Avg. Salary \u20b9531k \u2014 \u20b92m"}}