{"0":{"job_title":"Manager_Trainee","avg_salary":"\u20b9398,274","salary_component":["Base Salary","Bonus","Profit Sharing","Commission","Total Pay"],"Base Salary":"\u20b9197k - \u20b9785k","Bonus":"\u20b99k - \u20b9179k","Profit Sharing":"\u20b9979 - \u20b9514k","Commission":"\u20b90 - \u20b930k","Total Pay":"\u20b9201k - \u20b9900k","pay_by_experience_percent":["Entry Level","Early Career","Mid Career","Late Career"],"Entry Level":"-2%","Early Career":"-9%","Mid Career":"2%","Late Career":"31%","pay_by_experience_years":["1","1-4"],"1":"\u20b9390,263","1-4":"\u20b9362,385","gender_component":["Male","Female"],"Male":"76.4","Female":"23.6","health_benefits_componentt":["Medical","Dental","Vision","None"],"Medical":"72","Dental":"7","Vision":"7","None":"27","popular_skills_component":["Operations Management","Leadership","Oral \/ Verbal Communication","Sales","Marketing Management"],"Operations Management":"\u20b9388,142","Leadership":"\u20b9366,464","Oral \/ Verbal Communication":"3%","Sales":"5%","Marketing Management":"20%","affect_skills_component":["Business Development","Microsoft Office","Sales Management","Marketing Management","People Management","Marketing Communications","Microsoft Excel","Sales","Accounting","Oral \/ Verbal Communication"],"Business Development":"76%","Microsoft Office":"26%","Sales Management":"22%","People Management":"19%","Marketing Communications":"10%","Microsoft Excel":"8%","Accounting":"4%","career_path_component":["Human Resources (HR) Manager","Marketing Manager","Business Development Manager"],"location_component":["Mumbai, Maharashtra","Bangalore, Karnataka","Hyderabad, Andhra Pradesh","Pune, Maharashtra","Delhi, Delhi","New Delhi, Delhi","Chennai, Tamil Nadu","Kolkata, West Bengal","Noida, Uttar Pradesh","Gurgaon, Haryana"],"Mumbai, Maharashtra":"19%","Bangalore, Karnataka":"15%","Hyderabad, Andhra Pradesh":"5%","Pune, Maharashtra":"1%","Delhi, Delhi":"-9%","New Delhi, Delhi":"3%","Chennai, Tamil Nadu":"-18%","Kolkata, West Bengal":"-6%","Noida, Uttar Pradesh":"15%","Gurgaon, Haryana":"5%","employers_component":["Genpact","ICICI Prudential Life Insurance Co. Ltd.","Mahindra & Mahindra Ltd.","Shriram Transport Finance Co. Ltd","HCL Technologies Ltd."],"Genpact":"Avg. Salary: \u20b9404,317","ICICI Prudential Life Insurance Co. Ltd.":"Avg. Salary: \u20b9413,615","Mahindra & Mahindra Ltd.":"Avg. Salary: \u20b9615,000","Shriram Transport Finance Co. Ltd":"Avg. Salary: \u20b9221,924","HCL Technologies Ltd.":"Avg. Salary: \u20b9900,000","related_job_component":["Operations Manager","Accountant","Area Sales Manager","Project Manager, (Unspecified Type \/ General)","Operations Team Leader","Civil Engineer","Marketing Manager","Business Development Manager","Financial Analyst"],"Operations Manager":"Avg. Salary \u20b9297k \u2014 \u20b92m","Accountant":"Avg. Salary \u20b9123k \u2014 \u20b9507k","Area Sales Manager":"Avg. Salary \u20b9299k \u2014 \u20b91m","Project Manager, (Unspecified Type \/ General)":"Avg. Salary \u20b9456k \u2014 \u20b92m","Operations Team Leader":"Avg. Salary \u20b9242k \u2014 \u20b9946k","Civil Engineer":"Avg. Salary \u20b9154k \u2014 \u20b9771k","Marketing Manager":"Avg. Salary \u20b9286k \u2014 \u20b92m","Business Development Manager":"Avg. Salary \u20b9266k \u2014 \u20b91m","Financial Analyst":"Avg. Salary \u20b9220k \u2014 \u20b9994k"}}