{"0":{"job_title":"Materials_Manager","avg_salary":"\u20b9800,996","salary_component":["Base Salary","Bonus","Profit Sharing","Total Pay"],"Base Salary":"\u20b9345k - \u20b92m","Bonus":"\u20b98k - \u20b9247k","Profit Sharing":"\u20b90 - \u20b946k","Total Pay":"\u20b9345k - \u20b92m","pay_by_experience_percent":["Early Career","Mid Career","Late Career","Experienced"],"Early Career":"-50%","Mid Career":"-29%","Late Career":"13%","Experienced":"8%","pay_by_experience_years":["1-4","5-9"],"1-4":"\u20b9399,959","5-9":"\u20b9565,207","gender_component":["Male"],"Male":"100.0","health_benefits_componentt":["Medical","Dental","Vision","None"],"Medical":"81","Dental":"10","Vision":"7","None":"19","popular_skills_component":["Inventory Management","Materials Requirement Planning (MRP)","Procurement","Supply Chain","SAP Materials Management (SAP MM)"],"Inventory Management":"14%","Materials Requirement Planning (MRP)":"11%","Procurement":"\u20b9780,500","Supply Chain":"13%","SAP Materials Management (SAP MM)":"\u20b9769,428","affect_skills_component":["Vendor Management","Inventory Management","Supply Chain","Materials Requirement Planning (MRP)"],"Vendor Management":"43%","career_path_component":["Supply Chain Manager","Purchasing Manager","Procurement Manager"],"location_component":["Chennai, Tamil Nadu","Bangalore, Karnataka","Pune, Maharashtra","Mumbai, Maharashtra","Kolkata, West Bengal","Hyderabad, Andhra Pradesh","Delhi, Delhi","New Delhi, Delhi","Ahmedabad, Gujarat"],"Chennai, Tamil Nadu":"10%","Bangalore, Karnataka":"27%","Pune, Maharashtra":"-16%","Mumbai, Maharashtra":"14%","Kolkata, West Bengal":"-8%","Hyderabad, Andhra Pradesh":"-25%","Delhi, Delhi":"25%","New Delhi, Delhi":"12%","Ahmedabad, Gujarat":"-13%","employers_component":["Mahindra & Mahindra Ltd."],"Mahindra & Mahindra Ltd.":"Avg. Salary: \u20b91,000,000","related_job_component":["Civil Engineer","Operations Manager","Purchasing Manager","Mechanical Engineer","Accountant","Procurement Manager","Data Analyst","Supply Chain Manager","Procurement Specialist"],"Civil Engineer":"Avg. Salary \u20b9154k \u2014 \u20b9771k","Operations Manager":"Avg. Salary \u20b9297k \u2014 \u20b92m","Purchasing Manager":"Avg. Salary \u20b9325k \u2014 \u20b92m","Mechanical Engineer":"Avg. Salary \u20b9152k \u2014 \u20b9983k","Accountant":"Avg. Salary \u20b9123k \u2014 \u20b9507k","Procurement Manager":"Avg. Salary \u20b9364k \u2014 \u20b92m","Data Analyst":"Avg. Salary \u20b9201k \u2014 \u20b9959k","Supply Chain Manager":"Avg. Salary \u20b9301k \u2014 \u20b92m","Procurement Specialist":"Avg. Salary \u20b9247k \u2014 \u20b9934k"}}