{"0":{"job_title":"Merchandising_Manager","avg_salary":"\u20b9816,977","salary_component":["Base Salary","Bonus","Profit Sharing","Commission","Total Pay"],"Base Salary":"\u20b9235k - \u20b91m","Bonus":"\u20b95k - \u20b9391k","Profit Sharing":"\u20b920k - \u20b960k","Commission":"\u20b90 - \u20b947k","Total Pay":"\u20b9235k - \u20b92m","pay_by_experience_percent":["Early Career","Mid Career","Late Career","Experienced"],"Early Career":"-36%","Mid Career":"-5%","Late Career":"3%","Experienced":"71%","pay_by_experience_years":["1-4","5-9"],"1-4":"\u20b9520,000","5-9":"\u20b9774,194","gender_component":["Male","Female"],"Male":"68.4","Female":"31.6","health_benefits_componentt":["Medical","Dental","Vision","None"],"Medical":"34","Dental":"3","Vision":"10","None":"66","popular_skills_component":["Merchandising","Product Development","People Management"],"Merchandising":"4%","Product Development":"\u20b9796,542","People Management":"22%","affect_skills_component":["People Management","Merchandising"],"career_path_component":[],"location_component":["Bangalore, Karnataka","Mumbai, Maharashtra","Gurgaon, Haryana","Chennai, Tamil Nadu","New Delhi, Delhi","Delhi, Delhi"],"Bangalore, Karnataka":"-4%","Mumbai, Maharashtra":"-7%","Gurgaon, Haryana":"20%","Chennai, Tamil Nadu":"-23%","New Delhi, Delhi":"-2%","Delhi, Delhi":"-7%","employers_component":[],"related_job_component":["Operations Manager","Operations Team Leader","Area Sales Manager","Service Delivery Manager","Design Engineer","Assistant Operations Manager","Senior Mechanical Design Engineer","Team Lead, Operations","Product Development Manager"],"Operations Manager":"Avg. Salary \u20b9297k \u2014 \u20b92m","Operations Team Leader":"Avg. Salary \u20b9243k \u2014 \u20b9936k","Area Sales Manager":"Avg. Salary \u20b9299k \u2014 \u20b91m","Service Delivery Manager":"Avg. Salary \u20b9405k \u2014 \u20b93m","Design Engineer":"Avg. Salary \u20b9175k \u2014 \u20b9923k","Assistant Operations Manager":"Avg. Salary \u20b9277k \u2014 \u20b91m","Senior Mechanical Design Engineer":"Avg. Salary \u20b9363k \u2014 \u20b91m","Team Lead, Operations":"Avg. Salary \u20b9310k \u2014 \u20b91m","Product Development Manager":"Avg. Salary \u20b9393k \u2014 \u20b93m"}}