{"0":{"job_title":"Pre_Sales_Technical_Consultant","avg_salary":"\u20b9853,107","salary_component":["Base Salary","Bonus","Total Pay"],"Base Salary":"\u20b9242k - \u20b93m","Bonus":"\u20b940k - \u20b9705k","Total Pay":"\u20b9287k - \u20b93m","pay_by_experience_percent":["Early Career","Mid Career","Late Career","Experienced"],"Early Career":"-38%","Mid Career":"17%","Late Career":"95%","Experienced":"308%","pay_by_experience_years":["1-4","5-9"],"1-4":"\u20b9525,893","5-9":"\u20b91,000,000","gender_component":["Male","Female"],"Male":"91.9","Female":"8.1","health_benefits_componentt":["Medical","Dental","Vision","None"],"Medical":"76","Dental":"6","Vision":"4","None":"24","popular_skills_component":["Pre-Sales","Technical Sales","Presentations","Requirements Analysis","Technical Analysis"],"Pre-Sales":"7%","Technical Sales":"8%","Presentations":"18%","Requirements Analysis":"\u20b9800,000","Technical Analysis":"24%","affect_skills_component":["Cloud Computing","Technical Analysis","Presentations","Technical Sales","Pre-Sales"],"Cloud Computing":"41%","career_path_component":["Pre Sales Consultant"],"location_component":["Bangalore, Karnataka","Mumbai, Maharashtra","Gurgaon, Haryana","New Delhi, Delhi","Pune, Maharashtra","Chennai, Tamil Nadu"],"Bangalore, Karnataka":"17%","Mumbai, Maharashtra":"-8%","Gurgaon, Haryana":"-2%","New Delhi, Delhi":"35%","Pune, Maharashtra":"-47%","Chennai, Tamil Nadu":"-6%","employers_component":[],"related_job_component":["Technical Consultant","Solutions Architect","Senior Business Analyst","Business Analyst, IT","Information Technology (IT) Consultant","Business Development Manager","Pre Sales Consultant","Business Consultant","Sales Engineer"],"Technical Consultant":"Avg. Salary \u20b9310k \u2014 \u20b92m","Solutions Architect":"Avg. Salary \u20b9598k \u2014 \u20b93m","Senior Business Analyst":"Avg. Salary \u20b9449k \u2014 \u20b92m","Business Analyst, IT":"Avg. Salary \u20b9275k \u2014 \u20b91m","Information Technology (IT) Consultant":"Avg. Salary \u20b9390k \u2014 \u20b92m","Business Development Manager":"Avg. Salary \u20b9268k \u2014 \u20b91m","Pre Sales Consultant":"Avg. Salary \u20b9328k \u2014 \u20b92m","Business Consultant":"Avg. Salary \u20b9348k \u2014 \u20b92m","Sales Engineer":"Avg. Salary \u20b9176k \u2014 \u20b9698k"}}