{"0":{"job_title":"Procurement_Officer","avg_salary":"\u20b9376,406","salary_component":["Base Salary","Bonus","Profit Sharing","Commission","Total Pay"],"Base Salary":"\u20b9192k - \u20b9784k","Bonus":"\u20b98k - \u20b9104k","Profit Sharing":"\u20b91k - \u20b9600k","Commission":"\u20b90 - \u20b9250k","Total Pay":"\u20b9199k - \u20b9876k","pay_by_experience_percent":["Entry Level","Early Career","Mid Career","Late Career","Experienced"],"Entry Level":"-36%","Early Career":"-16%","Mid Career":"16%","Late Career":"35%","Experienced":"99%","pay_by_experience_years":["1","1-4"],"1":"\u20b9239,843","1-4":"\u20b9315,862","gender_component":["Male","Female"],"Male":"86.9","Female":"13.1","health_benefits_componentt":["Medical","Dental","Vision","None"],"Medical":"74","Dental":"9","Vision":"6","None":"27","popular_skills_component":["Procurement","Negotiation","Vendor Management","Purchasing","Supplier Management"],"Procurement":"\u20b9377,902","Negotiation":"\u20b9370,738","Vendor Management":"4%","Purchasing":"\u20b9369,658","Supplier Management":"\u20b9372,277","affect_skills_component":["Sourcing","Supply Chain","Vendor Management","SAP Materials Management (SAP MM)","Contract Negotiation"],"Sourcing":"44%","Supply Chain":"6%","SAP Materials Management (SAP MM)":"4%","Contract Negotiation":"2%","career_path_component":["Procurement Manager","Procurement Specialist","Purchasing Manager"],"location_component":["Mumbai, Maharashtra","Bangalore, Karnataka","Pune, Maharashtra","Hyderabad, Andhra Pradesh","Chennai, Tamil Nadu","Gurgaon, Haryana","New Delhi, Delhi","Ahmedabad, Gujarat","Kolkata, West Bengal","Delhi, Delhi"],"Mumbai, Maharashtra":"12%","Bangalore, Karnataka":"12%","Pune, Maharashtra":"-15%","Hyderabad, Andhra Pradesh":"-2%","Chennai, Tamil Nadu":"-23%","Gurgaon, Haryana":"9%","New Delhi, Delhi":"6%","Ahmedabad, Gujarat":"3%","Kolkata, West Bengal":"59%","Delhi, Delhi":"-20%","employers_component":[],"related_job_component":["Purchasing Manager","Procurement Manager","Procurement Specialist","Supply Chain Manager","Buyer","Operations Manager","Technical Recruiter","Strategic Sourcing Manager","Procurement Analyst"],"Purchasing Manager":"Avg. Salary \u20b9325k \u2014 \u20b92m","Procurement Manager":"Avg. Salary \u20b9364k \u2014 \u20b92m","Procurement Specialist":"Avg. Salary \u20b9245k \u2014 \u20b9933k","Supply Chain Manager":"Avg. Salary \u20b9301k \u2014 \u20b92m","Buyer":"Avg. Salary \u20b9294k \u2014 \u20b91m","Operations Manager":"Avg. Salary \u20b9297k \u2014 \u20b92m","Technical Recruiter":"Avg. Salary \u20b9177k \u2014 \u20b9591k","Strategic Sourcing Manager":"Avg. Salary \u20b9612k \u2014 \u20b92m","Procurement Analyst":"Avg. Salary \u20b9217k \u2014 \u20b9685k"}}