{"0":{"job_title":"Procurement_Manager","avg_salary":"\u20b9994,492","salary_component":["Base Salary","Bonus","Profit Sharing","Total Pay"],"Base Salary":"\u20b9365k - \u20b92m","Bonus":"\u20b920k - \u20b9352k","Profit Sharing":"\u20b913k - \u20b9300k","Total Pay":"\u20b9395k - \u20b92m","pay_by_experience_percent":["Entry Level","Early Career","Mid Career","Late Career","Experienced"],"Entry Level":"-70%","Early Career":"-47%","Mid Career":"-15%","Late Career":"22%","Experienced":"41%","pay_by_experience_years":["1","1-4"],"1":"\u20b9300,002","1-4":"\u20b9524,432","gender_component":["Male","Female"],"Male":"87.1","Female":"12.9","health_benefits_componentt":["Medical","Dental","Vision","None"],"Medical":"80","Dental":"10","Vision":"11","None":"20","popular_skills_component":["Procurement","Negotiation","Vendor Management","Contract Negotiation","Supplier Management"],"Procurement":"1%","Negotiation":"3%","Vendor Management":"\u20b9907,279","Contract Negotiation":"13%","Supplier Management":"8%","affect_skills_component":["Data Analysis","Contract Management","Supply Chain","Contract Negotiation","Sourcing","Strategic Planning","Supplier Management","Negotiation","Procurement"],"Data Analysis":"45%","Contract Management":"23%","Supply Chain":"17%","Sourcing":"12%","Strategic Planning":"9%","career_path_component":["Senior Procurement Manager","Deputy General Manager","Procurement Lead"],"location_component":["Mumbai, Maharashtra","Bangalore, Karnataka","Chennai, Tamil Nadu","Gurgaon, Haryana","Pune, Maharashtra","Hyderabad, Andhra Pradesh","New Delhi, Delhi","Delhi, Delhi","Kolkata, West Bengal","Ahmedabad, Gujarat"],"Mumbai, Maharashtra":"7%","Bangalore, Karnataka":"2%","Chennai, Tamil Nadu":"-12%","Gurgaon, Haryana":"23%","Pune, Maharashtra":"13%","Hyderabad, Andhra Pradesh":"-11%","New Delhi, Delhi":"17%","Delhi, Delhi":"-2%","Kolkata, West Bengal":"-18%","Ahmedabad, Gujarat":"-6%","employers_component":["Accenture","Larsen & Toubro Limited","Larsen and Toubro Ltd.","Vodafone","Siemens Ltd"],"Accenture":"Avg. Salary: \u20b91,028,066","Larsen & Toubro Limited":"Avg. Salary: \u20b9800,000","Larsen and Toubro Ltd.":"Avg. Salary: \u20b9605,000","Vodafone":"Avg. Salary: \u20b9770,012","Siemens Ltd":"Avg. Salary: \u20b91,100,000","related_job_component":["Project Manager, (Unspecified Type \/ General)","Operations Manager","Purchasing Manager","Data Analyst","Civil Engineer","Procurement Specialist","Project Manager, Information Technology (IT)","Supply Chain Manager","Senior Business Analyst"],"Project Manager, (Unspecified Type \/ General)":"Avg. Salary \u20b9456k \u2014 \u20b92m","Operations Manager":"Avg. Salary \u20b9297k \u2014 \u20b92m","Purchasing Manager":"Avg. Salary \u20b9325k \u2014 \u20b92m","Data Analyst":"Avg. Salary \u20b9201k \u2014 \u20b9959k","Civil Engineer":"Avg. Salary \u20b9154k \u2014 \u20b9771k","Procurement Specialist":"Avg. Salary \u20b9247k \u2014 \u20b9934k","Project Manager, Information Technology (IT)":"Avg. Salary \u20b9531k \u2014 \u20b92m","Supply Chain Manager":"Avg. Salary \u20b9301k \u2014 \u20b92m","Senior Business Analyst":"Avg. Salary \u20b9447k \u2014 \u20b92m"}}