{"0":{"job_title":"Procurement_Specialist","avg_salary":"\u20b9450,680","salary_component":["Base Salary","Bonus","Profit Sharing","Total Pay"],"Base Salary":"\u20b9247k - \u20b9934k","Bonus":"\u20b99k - \u20b9150k","Profit Sharing":"\u20b95k - \u20b9101k","Total Pay":"\u20b9262k - \u20b9996k","pay_by_experience_percent":["Entry Level","Early Career","Mid Career","Late Career","Experienced"],"Entry Level":"-36%","Early Career":"-18%","Mid Career":"32%","Late Career":"119%","Experienced":"292%","pay_by_experience_years":["1","1-4"],"1":"\u20b9288,983","1-4":"\u20b9370,115","gender_component":["Male","Female"],"Male":"79.0","Female":"21.0","health_benefits_componentt":["Medical","Dental","Vision","None"],"Medical":"77","Dental":"7","Vision":"9","None":"23","popular_skills_component":["Procurement","Negotiation","Vendor Management","Sourcing","Purchasing"],"Procurement":"\u20b9446,587","Negotiation":"13%","Vendor Management":"2%","Sourcing":"10%","Purchasing":"\u20b9399,740","affect_skills_component":["SAP Supply Chain Management (SAP SCM)","Contract Negotiation","Negotiation","Contract Management","Sourcing","Vendor Management"],"SAP Supply Chain Management (SAP SCM)":"97%","Contract Negotiation":"35%","Contract Management":"13%","career_path_component":["Procurement Manager","Procurement Analyst","Buyer"],"location_component":["Bangalore, Karnataka","Chennai, Tamil Nadu","Hyderabad, Andhra Pradesh","Pune, Maharashtra","Mumbai, Maharashtra","Gurgaon, Haryana","New Delhi, Delhi","Ahmedabad, Gujarat","Delhi, Delhi","Noida, Uttar Pradesh"],"Bangalore, Karnataka":"9%","Chennai, Tamil Nadu":"-22%","Hyderabad, Andhra Pradesh":"-12%","Pune, Maharashtra":"-8%","Mumbai, Maharashtra":"26%","Gurgaon, Haryana":"22%","New Delhi, Delhi":"30%","Ahmedabad, Gujarat":"-27%","Delhi, Delhi":"78%","Noida, Uttar Pradesh":"-20%","employers_component":["Flextronics International","E.I. Du Pont De Nemours & Co (DuPont)","Accenture","SoftwareONE","IBM India Private Limited","Infosys BPO","Orange Business Services","Baker Hughes Inc","The Dupont Group","Wipro"],"Flextronics International":"Avg. Salary: \u20b9368,262","E.I. Du Pont De Nemours & Co (DuPont)":"Avg. Salary: \u20b9387,355","Accenture":"Avg. Salary: \u20b9540,000","SoftwareONE":"Avg. Salary: \u20b9515,000","IBM India Private Limited":"Avg. Salary: \u20b9565,000","Infosys BPO":"Avg. Salary: \u20b9350,000","Orange Business Services":"Avg. Salary: \u20b9441,889","Baker Hughes Inc":"Avg. Salary: \u20b9514,000","The Dupont Group":"Avg. Salary: \u20b9342,500","Wipro":"Avg. Salary: \u20b9400,000","related_job_component":["Data Analyst","Operations Manager","Purchasing Manager","Procurement Manager","Civil Engineer","Mechanical Engineer","Accountant","Financial Analyst","Supply Chain Manager"],"Data Analyst":"Avg. Salary \u20b9201k \u2014 \u20b9960k","Operations Manager":"Avg. Salary \u20b9297k \u2014 \u20b92m","Purchasing Manager":"Avg. Salary \u20b9325k \u2014 \u20b92m","Procurement Manager":"Avg. Salary \u20b9364k \u2014 \u20b92m","Civil Engineer":"Avg. Salary \u20b9154k \u2014 \u20b9771k","Mechanical Engineer":"Avg. Salary \u20b9152k \u2014 \u20b9983k","Accountant":"Avg. Salary \u20b9123k \u2014 \u20b9507k","Financial Analyst":"Avg. Salary \u20b9220k \u2014 \u20b9994k","Supply Chain Manager":"Avg. Salary \u20b9301k \u2014 \u20b92m"}}