{"0":{"job_title":"Product_Manager%2C_Healthcare","avg_salary":"\u20b9840,000","salary_component":["Base Salary","Bonus","Profit Sharing","Total Pay"],"Base Salary":"\u20b9393k - \u20b92m","Bonus":"\u20b915k - \u20b9251k","Profit Sharing":"\u20b922k - \u20b9125k","Total Pay":"\u20b9404k - \u20b92m","pay_by_experience_percent":["Entry Level","Early Career","Mid Career","Late Career","Experienced"],"Entry Level":"-35%","Early Career":"-16%","Mid Career":"5%","Late Career":"113%","Experienced":"102%","pay_by_experience_years":["1"],"1":"\u20b9547,000","gender_component":["Male","Female"],"Male":"64.2","Female":"35.8","health_benefits_componentt":["Medical","Dental","Vision","None"],"Medical":"69","Dental":"5","Vision":"3","None":"31","popular_skills_component":["Product Management","Product Marketing","Strategic Marketing","Product Development","Strategic Planning"],"Product Management":"\u20b9816,506","Product Marketing":"\u20b9800,000","Strategic Marketing":"\u20b9760,000","Product Development":"\u20b9500,000","Strategic Planning":"\u20b9598,000","affect_skills_component":["Technical Sales"],"Technical Sales":"79%","career_path_component":["Group Product Manager"],"location_component":["Mumbai, Maharashtra","Bangalore, Karnataka","Hyderabad, Andhra Pradesh","New Delhi, Delhi","Chennai, Tamil Nadu","Pune, Maharashtra","Ahmedabad, Gujarat","Gurgaon, Haryana","Delhi, Delhi"],"Mumbai, Maharashtra":"-10%","Bangalore, Karnataka":"72%","Hyderabad, Andhra Pradesh":"-29%","New Delhi, Delhi":"50%","Chennai, Tamil Nadu":"44%","Pune, Maharashtra":"-33%","Ahmedabad, Gujarat":"6%","Gurgaon, Haryana":"31%","Delhi, Delhi":"-17%","employers_component":[],"related_job_component":["Project Manager, (Unspecified Type \/ General)","Marketing Manager","Data Analyst","Civil Engineer","Senior Product Manager","Senior Business Analyst","Project Manager, Information Technology (IT)","Operations Manager","Marketing Executive"],"Project Manager, (Unspecified Type \/ General)":"Avg. Salary \u20b9458k \u2014 \u20b92m","Marketing Manager":"Avg. Salary \u20b9285k \u2014 \u20b92m","Data Analyst":"Avg. Salary \u20b9201k \u2014 \u20b9959k","Civil Engineer":"Avg. Salary \u20b9154k \u2014 \u20b9771k","Senior Product Manager":"Avg. Salary \u20b9990k \u2014 \u20b94m","Senior Business Analyst":"Avg. Salary \u20b9447k \u2014 \u20b92m","Project Manager, Information Technology (IT)":"Avg. Salary \u20b9533k \u2014 \u20b92m","Operations Manager":"Avg. Salary \u20b9297k \u2014 \u20b92m","Marketing Executive":"Avg. Salary \u20b9150k \u2014 \u20b9562k"}}