{"0":{"job_title":"Program_Project_Manager","avg_salary":"\u20b91,545,113","salary_component":["Base Salary","Bonus","Total Pay"],"Base Salary":"\u20b9619k - \u20b93m","Bonus":"\u20b930k - \u20b9403k","Total Pay":"\u20b9619k - \u20b93m","pay_by_experience_percent":["Entry Level","Early Career","Mid Career","Late Career","Experienced"],"Entry Level":"-72%","Early Career":"-39%","Mid Career":"-20%","Late Career":"13%","Experienced":"65%","pay_by_experience_years":["1","1-4"],"1":"\u20b9430,000","1-4":"\u20b9950,226","gender_component":["Male","Female"],"Male":"66.7","Female":"33.3","health_benefits_componentt":["Medical","Dental","Vision","None"],"Medical":"91","Dental":"21","Vision":"17","None":"9","popular_skills_component":["Program Management","Project Management","People Management","Operations Management","Strategic Project Management"],"Program Management":"8%","Project Management":"1%","People Management":"\u20b91,535,040","Operations Management":"9%","Strategic Project Management":"1%","affect_skills_component":["Microsoft Office","Operations Management","Program Management","Project Management","Strategic Project Management","Microsoft Excel"],"Microsoft Office":"10%","Microsoft Excel":"1%","career_path_component":["Program Manager, Engineering"],"location_component":["Bangalore, Karnataka","Pune, Maharashtra","Mumbai, Maharashtra","Hyderabad, Andhra Pradesh","Chennai, Tamil Nadu","New Delhi, Delhi","Kolkata, West Bengal","Gurgaon, Haryana","Noida, Uttar Pradesh","Noida, Delhi"],"Bangalore, Karnataka":"11%","Pune, Maharashtra":"-27%","Mumbai, Maharashtra":"-40%","Hyderabad, Andhra Pradesh":"-3%","Chennai, Tamil Nadu":"-1%","New Delhi, Delhi":"7%","Kolkata, West Bengal":"49%","Gurgaon, Haryana":"-8%","Noida, Uttar Pradesh":"84%","Noida, Delhi":"-38%","employers_component":["Accenture Technology Solutions","IBM Global Services","Hewlett-Packard Company","Amazon.com Inc","International Business Machines (IBM) Corp."],"Accenture Technology Solutions":"Avg. Salary: \u20b92,275,000","IBM Global Services":"Avg. Salary: \u20b92,200,000","Hewlett-Packard Company":"Avg. Salary: \u20b91,757,667","Amazon.com Inc":"Avg. Salary: \u20b91,411,900","International Business Machines (IBM) Corp.":"Avg. Salary: \u20b91,900,000","related_job_component":["Operations Manager","Project Manager, (Unspecified Type \/ General)","Civil Engineer","Mechanical Engineer","Operations Team Leader","Project Manager, Information Technology (IT)","Project Engineer","Electrical Engineer","Service Delivery Manager"],"Operations Manager":"Avg. Salary \u20b9302k \u2014 \u20b92m","Project Manager, (Unspecified Type \/ General)":"Avg. Salary \u20b9479k \u2014 \u20b92m","Civil Engineer":"Avg. Salary \u20b9163k \u2014 \u20b9790k","Mechanical Engineer":"Avg. Salary \u20b9151k \u2014 \u20b9985k","Operations Team Leader":"Avg. Salary \u20b9242k \u2014 \u20b9912k","Project Manager, Information Technology (IT)":"Avg. Salary \u20b9603k \u2014 \u20b92m","Project Engineer":"Avg. Salary \u20b9199k \u2014 \u20b9857k","Electrical Engineer":"Avg. Salary \u20b9176k \u2014 \u20b9965k","Service Delivery Manager":"Avg. Salary \u20b9441k \u2014 \u20b92m"}}