{"0":{"job_title":"Program_Analyst","avg_salary":"\u20b9389,706","salary_component":["Base Salary","Bonus","Profit Sharing","Total Pay"],"Base Salary":"\u20b9237k - \u20b9826k","Bonus":"\u20b915k - \u20b9141k","Profit Sharing":"\u20b912k - \u20b9130k","Total Pay":"\u20b9262k - \u20b9873k","pay_by_experience_percent":["Entry Level","Early Career","Mid Career"],"Entry Level":"-11%","Early Career":"1%","Mid Career":"127%","pay_by_experience_years":["1","1-4"],"1":"\u20b9346,275","1-4":"\u20b9392,027","gender_component":["Male","Female"],"Male":"82.0","Female":"18.0","health_benefits_componentt":["Medical","Dental","Vision","None"],"Medical":"72","Dental":"7","Vision":"7","None":"28","popular_skills_component":["Program Management","Data Analysis","Microsoft Excel","Project Management","Microsoft Office"],"Program Management":"4%","Data Analysis":"\u20b9285,000","Microsoft Excel":"15%","Project Management":"2%","Microsoft Office":"59%","affect_skills_component":["Microsoft Office","Software Development","Java","Microsoft Excel","Angular.js","Program Management","Microsoft SQL Server","Project Management"],"Software Development":"41%","Java":"20%","Angular.js":"5%","Microsoft SQL Server":"4%","career_path_component":["Software Developer"],"location_component":["Chennai, Tamil Nadu","Hyderabad, Andhra Pradesh","Pune, Maharashtra","Bangalore, Karnataka","Kolkata, West Bengal","Mumbai, Maharashtra"],"Chennai, Tamil Nadu":"-6%","Hyderabad, Andhra Pradesh":"48%","Pune, Maharashtra":"3%","Bangalore, Karnataka":"9%","Kolkata, West Bengal":"-2%","Mumbai, Maharashtra":"17%","employers_component":["Cognizant","Cognizant Technology Solutions Corp"],"Cognizant":"Avg. Salary: \u20b9375,907","Cognizant Technology Solutions Corp":"Avg. Salary: \u20b9380,001","related_job_component":["Software Engineer","Senior Software Engineer","Software Developer","Data Analyst","Civil Engineer","Sr. Software Engineer \/ Developer \/ Programmer","Project Manager, (Unspecified Type \/ General)","Mechanical Engineer","Business Analyst, IT"],"Software Engineer":"Avg. Salary \u20b9263k \u2014 \u20b91m","Senior Software Engineer":"Avg. Salary \u20b9493k \u2014 \u20b92m","Software Developer":"Avg. Salary \u20b9214k \u2014 \u20b91m","Data Analyst":"Avg. Salary \u20b9201k \u2014 \u20b9960k","Civil Engineer":"Avg. Salary \u20b9154k \u2014 \u20b9771k","Sr. Software Engineer \/ Developer \/ Programmer":"Avg. Salary \u20b9432k \u2014 \u20b92m","Project Manager, (Unspecified Type \/ General)":"Avg. Salary \u20b9456k \u2014 \u20b92m","Mechanical Engineer":"Avg. Salary \u20b9152k \u2014 \u20b9983k","Business Analyst, IT":"Avg. Salary \u20b9275k \u2014 \u20b91m"}}