{"0":{"job_title":"Project_Management_Officer","avg_salary":"\u20b9579,794","salary_component":["Base Salary","Bonus","Profit Sharing","Total Pay"],"Base Salary":"\u20b9288k - \u20b91m","Bonus":"\u20b916k - \u20b9150k","Profit Sharing":"\u20b90 - \u20b915k","Total Pay":"\u20b9266k - \u20b91m","pay_by_experience_percent":["Entry Level","Early Career","Mid Career","Late Career"],"Entry Level":"-27%","Early Career":"-29%","Mid Career":"14%","Late Career":"43%","pay_by_experience_years":["1","1-4"],"1":"\u20b9425,000","1-4":"\u20b9411,753","gender_component":["Male","Female"],"Male":"70.0","Female":"30.0","health_benefits_componentt":["Medical","Dental","Vision","None"],"Medical":"70","Dental":"8","Vision":"10","None":"28","popular_skills_component":["Project Management","Project Coordinating","Microsoft Excel","Microsoft Office","Microsoft Project"],"Project Management":"6%","Project Coordinating":"\u20b9538,727","Microsoft Excel":"\u20b9479,323","Microsoft Office":"\u20b9550,000","Microsoft Project":"\u20b9573,913","affect_skills_component":["Risk Management \/ Risk Control","Data Analysis","Strategic Project Management","Project Management"],"Risk Management \/ Risk Control":"96%","Data Analysis":"71%","Strategic Project Management":"35%","career_path_component":[],"location_component":["Bangalore, Karnataka","Mumbai, Maharashtra","Pune, Maharashtra","Hyderabad, Andhra Pradesh","Chennai, Tamil Nadu","Noida, Uttar Pradesh","Delhi, Delhi","Ahmedabad, Gujarat"],"Bangalore, Karnataka":"-15%","Mumbai, Maharashtra":"15%","Pune, Maharashtra":"-28%","Hyderabad, Andhra Pradesh":"-12%","Chennai, Tamil Nadu":"-22%","Noida, Uttar Pradesh":"21%","Delhi, Delhi":"107%","Ahmedabad, Gujarat":"-35%","employers_component":["HCL Technologies Ltd.","Tata Consultancy Services Limited","Accenture","Accenture Technology Solutions"],"HCL Technologies Ltd.":"Avg. Salary: \u20b9590,000","Tata Consultancy Services Limited":"Avg. Salary: \u20b9470,085","Accenture":"Avg. Salary: \u20b9400,000","Accenture Technology Solutions":"Avg. Salary: \u20b9452,500","related_job_component":["Project Manager, (Unspecified Type \/ General)","Civil Engineer","Mechanical Engineer","Data Analyst","Project Engineer","Project Manager, Information Technology (IT)","Operations Manager","Electrical Engineer","Business Analyst, IT"],"Project Manager, (Unspecified Type \/ General)":"Avg. Salary \u20b9456k \u2014 \u20b92m","Civil Engineer":"Avg. Salary \u20b9154k \u2014 \u20b9771k","Mechanical Engineer":"Avg. Salary \u20b9152k \u2014 \u20b9983k","Data Analyst":"Avg. Salary \u20b9201k \u2014 \u20b9960k","Project Engineer":"Avg. Salary \u20b9198k \u2014 \u20b9849k","Project Manager, Information Technology (IT)":"Avg. Salary \u20b9531k \u2014 \u20b92m","Operations Manager":"Avg. Salary \u20b9296k \u2014 \u20b92m","Electrical Engineer":"Avg. Salary \u20b9174k \u2014 \u20b9995k","Business Analyst, IT":"Avg. Salary \u20b9275k \u2014 \u20b91m"}}