{"0":{"job_title":"Project_Leader%2C_General","avg_salary":"\u20b9966,055","salary_component":["Base Salary","Bonus","Profit Sharing","Total Pay"],"Base Salary":"\u20b9465k - \u20b92m","Bonus":"\u20b917k - \u20b9203k","Profit Sharing":"\u20b90 - \u20b963k","Total Pay":"\u20b9494k - \u20b92m","pay_by_experience_percent":["Early Career","Mid Career","Late Career","Experienced"],"Early Career":"-42%","Mid Career":"-16%","Late Career":"24%","Experienced":"68%","pay_by_experience_years":["1-4","5-9"],"1-4":"\u20b9560,000","5-9":"\u20b9810,636","gender_component":["Male","Female"],"Male":"86.2","Female":"13.8","health_benefits_componentt":["Medical","Dental","Vision","None"],"Medical":"80","Dental":"8","Vision":"8","None":"20","popular_skills_component":["Project Management","Team Leadership","Engineering Design","Microsoft Excel","Project Coordinating"],"Project Management":"\u20b9867,254","Team Leadership":"\u20b9772,935","Engineering Design":"14%","Microsoft Excel":"\u20b9785,604","Project Coordinating":"\u20b9774,194","affect_skills_component":["Engineering Design","Microsoft Project"],"Microsoft Project":"5%","career_path_component":["Project Manager, (Unspecified Type \/ Gen...","Program Manager, Aviation \/ Aerospace","Project Manager, Engineering"],"location_component":["Bangalore, Karnataka","Pune, Maharashtra","Chennai, Tamil Nadu","Mumbai, Maharashtra","Hyderabad, Andhra Pradesh","Noida, Uttar Pradesh","Gurgaon, Haryana"],"Bangalore, Karnataka":"14%","Pune, Maharashtra":"5%","Chennai, Tamil Nadu":"-20%","Mumbai, Maharashtra":"-28%","Hyderabad, Andhra Pradesh":"48%","Noida, Uttar Pradesh":"15%","Gurgaon, Haryana":"14%","employers_component":["Atlas Copco","Quest Global","Designtech"],"Atlas Copco":"Avg. Salary: \u20b91,100,000","Quest Global":"Avg. Salary: \u20b91,156,163","Designtech":"Avg. Salary: \u20b9753,500","related_job_component":["Civil Engineer","Project Manager, (Unspecified Type \/ General)","Mechanical Engineer","Project Engineer","Electrical Engineer","Operations Manager","Project Manager, Information Technology (IT)","Design Engineer","Operations Team Leader"],"Civil Engineer":"Avg. Salary \u20b9154k \u2014 \u20b9771k","Project Manager, (Unspecified Type \/ General)":"Avg. Salary \u20b9456k \u2014 \u20b92m","Mechanical Engineer":"Avg. Salary \u20b9152k \u2014 \u20b9983k","Project Engineer":"Avg. Salary \u20b9198k \u2014 \u20b9849k","Electrical Engineer":"Avg. Salary \u20b9174k \u2014 \u20b9995k","Operations Manager":"Avg. Salary \u20b9297k \u2014 \u20b92m","Project Manager, Information Technology (IT)":"Avg. Salary \u20b9531k \u2014 \u20b92m","Design Engineer":"Avg. Salary \u20b9174k \u2014 \u20b9926k","Operations Team Leader":"Avg. Salary \u20b9242k \u2014 \u20b9946k"}}