{"0":{"job_title":"Project_Management_Manager","avg_salary":"\u20b9839,881","salary_component":["Base Salary","Bonus","Profit Sharing","Total Pay"],"Base Salary":"\u20b9159k - \u20b93m","Bonus":"\u20b92k - \u20b9710k","Profit Sharing":"\u20b918 - \u20b949k","Total Pay":"\u20b9256k - \u20b93m","pay_by_experience_percent":["Entry Level","Early Career","Mid Career","Late Career","Experienced"],"Entry Level":"-81%","Early Career":"-43%","Mid Career":"-15%","Late Career":"59%","Experienced":"140%","pay_by_experience_years":["1","1-4"],"1":"\u20b9160,000","1-4":"\u20b9480,811","gender_component":["Male","Female"],"Male":"88.9","Female":"11.1","health_benefits_componentt":["Medical","Dental","Vision","None"],"Medical":"82","Dental":"13","Vision":"13","None":"18","popular_skills_component":["Project Management","Strategic Project Management","People Management","Operations Management","Process Improvement"],"Project Management":"27%","Strategic Project Management":"55%","People Management":"10%","Operations Management":"55%","Process Improvement":"\u20b9550,000","affect_skills_component":["Strategic Project Management","Operations Management","Budget Management","Project Management","People Management"],"Budget Management":"49%","career_path_component":[],"location_component":["Mumbai, Maharashtra","Chennai, Tamil Nadu","Bangalore, Karnataka","Hyderabad, Andhra Pradesh","Delhi, Delhi","New Delhi, Delhi","Pune, Maharashtra","Gurgaon, Haryana","Kolkata, West Bengal","Noida, Uttar Pradesh"],"Mumbai, Maharashtra":"-5%","Chennai, Tamil Nadu":"-30%","Bangalore, Karnataka":"45%","Hyderabad, Andhra Pradesh":"1%","Delhi, Delhi":"19%","New Delhi, Delhi":"24%","Pune, Maharashtra":"36%","Gurgaon, Haryana":"57%","Kolkata, West Bengal":"34%","Noida, Uttar Pradesh":"144%","employers_component":["Camfil- Farr"],"Camfil- Farr":"Avg. Salary: \u20b91,470,299","related_job_component":["Operations Manager","Project Manager, (Unspecified Type \/ General)","Project Manager, Information Technology (IT)","Operations Team Leader","Project Engineer","Service Delivery Manager","Civil Engineer","Team Lead, Operations","General \/ Operations Manager"],"Operations Manager":"Avg. Salary \u20b9297k \u2014 \u20b92m","Project Manager, (Unspecified Type \/ General)":"Avg. Salary \u20b9458k \u2014 \u20b92m","Project Manager, Information Technology (IT)":"Avg. Salary \u20b9540k \u2014 \u20b92m","Operations Team Leader":"Avg. Salary \u20b9242k \u2014 \u20b9939k","Project Engineer":"Avg. Salary \u20b9198k \u2014 \u20b9843k","Service Delivery Manager":"Avg. Salary \u20b9405k \u2014 \u20b93m","Civil Engineer":"Avg. Salary \u20b9154k \u2014 \u20b9771k","Team Lead, Operations":"Avg. Salary \u20b9312k \u2014 \u20b91m","General \/ Operations Manager":"Avg. Salary \u20b9322k \u2014 \u20b93m"}}