{"0":{"job_title":"Project_Analyst","avg_salary":"\u20b9591,547","salary_component":["Base Salary","Bonus","Profit Sharing","Total Pay"],"Base Salary":"\u20b9310k - \u20b91m","Bonus":"\u20b914k - \u20b9135k","Profit Sharing":"\u20b90 - \u20b91k","Total Pay":"\u20b9313k - \u20b91m","pay_by_experience_percent":["Entry Level","Early Career","Mid Career","Late Career"],"Entry Level":"-29%","Early Career":"-17%","Mid Career":"19%","Late Career":"45%","pay_by_experience_years":["1","1-4"],"1":"\u20b9420,000","1-4":"\u20b9489,529","gender_component":["Male","Female"],"Male":"66.7","Female":"33.3","health_benefits_componentt":["Medical","Dental","Vision","None"],"Medical":"71","Dental":"7","Vision":"7","None":"29","popular_skills_component":["Project Management","Project Coordinating","Data Analysis","Microsoft Excel","Microsoft Office"],"Project Management":"\u20b9574,925","Project Coordinating":"\u20b9593,000","Data Analysis":"10%","Microsoft Excel":"\u20b9447,486","Microsoft Office":"18%","affect_skills_component":["Business Analysis","Microsoft Office","Financial Analysis","Data Analysis"],"Business Analysis":"43%","Financial Analysis":"15%","career_path_component":["Deputy General Manager","Project Manager, (Unspecified Type \/ Gen..."],"location_component":["Bangalore, Karnataka","Pune, Maharashtra","Chennai, Tamil Nadu","Hyderabad, Andhra Pradesh","New Delhi, Delhi","Gurgaon, Haryana","Mumbai, Maharashtra","Gurgaon, Delhi"],"Bangalore, Karnataka":"18%","Pune, Maharashtra":"4%","Chennai, Tamil Nadu":"-17%","Hyderabad, Andhra Pradesh":"-30%","New Delhi, Delhi":"-3%","Gurgaon, Haryana":"-11%","Mumbai, Maharashtra":"-12%","Gurgaon, Delhi":"-37%","employers_component":["TE Connectivity, Ltd."],"TE Connectivity, Ltd.":"Avg. Salary: \u20b9647,500","related_job_component":["Project Manager, (Unspecified Type \/ General)","Civil Engineer","Business Analyst, IT","Mechanical Engineer","Senior Business Analyst","Data Analyst","Financial Analyst","Project Engineer","Project Manager, Information Technology (IT)"],"Project Manager, (Unspecified Type \/ General)":"Avg. Salary \u20b9458k \u2014 \u20b92m","Civil Engineer":"Avg. Salary \u20b9154k \u2014 \u20b9771k","Business Analyst, IT":"Avg. Salary \u20b9275k \u2014 \u20b91m","Mechanical Engineer":"Avg. Salary \u20b9152k \u2014 \u20b9983k","Senior Business Analyst":"Avg. Salary \u20b9447k \u2014 \u20b92m","Data Analyst":"Avg. Salary \u20b9201k \u2014 \u20b9959k","Financial Analyst":"Avg. Salary \u20b9220k \u2014 \u20b9992k","Project Engineer":"Avg. Salary \u20b9198k \u2014 \u20b9849k","Project Manager, Information Technology (IT)":"Avg. Salary \u20b9533k \u2014 \u20b92m"}}