{"0":{"job_title":"Project_Manager%2C_(Unspecified_Type_%2F_General)","avg_salary":"\u20b91,245,622","salary_component":["Base Salary","Bonus","Profit Sharing","Commission","Total Pay"],"Base Salary":"\u20b9458k - \u20b92m","Bonus":"\u20b925k - \u20b9328k","Profit Sharing":"\u20b92k - \u20b9409k","Commission":"\u20b95k - \u20b9254k","Total Pay":"\u20b9485k - \u20b92m","pay_by_experience_percent":["Entry Level","Early Career","Mid Career","Late Career","Experienced"],"Entry Level":"-67%","Early Career":"-52%","Mid Career":"-20%","Late Career":"20%","Experienced":"27%","pay_by_experience_years":["1"],"1":"\u20b9415,508","gender_component":["Male","Female","Prefer to self-define"],"Male":"84.6","Female":"15.2","Prefer to self-define":"0.2","health_benefits_componentt":["Medical","Dental","Vision","None"],"Medical":"75","Dental":"9","Vision":"9","None":"25","popular_skills_component":["Project Management","Project Coordinating","Client Interaction","Strategic Project Management","Microsoft Office"],"Project Management":"\u20b91,279,511","Project Coordinating":"\u20b91,190,903","Client Interaction":"\u20b91,227,676","Strategic Project Management":"\u20b91,356,277","Microsoft Office":"\u20b91,150,669","affect_skills_component":["Computational Fluid Dynamics","Amazon Web Services (AWS)","HTML","Software Architecture","Consulting Management","Product Management","Embedded \/ Real-Time \/ RTOS","IT Security & Infrastructure","Tableau Software","Oracle"],"Computational Fluid Dynamics":"134%","Amazon Web Services (AWS)":"85%","HTML":"82%","Software Architecture":"77%","Consulting Management":"61%","Product Management":"59%","Embedded \/ Real-Time \/ RTOS":"58%","IT Security & Infrastructure":"53%","Tableau Software":"53%","Oracle":"48%","career_path_component":["Project Manager, Information Technology ...","Assistant General Manager (AGM)","Project Manager, Engineering"],"location_component":["Bangalore, Karnataka","Mumbai, Maharashtra","Pune, Maharashtra","Chennai, Tamil Nadu","Hyderabad, Andhra Pradesh","New Delhi, Delhi","Gurgaon, Haryana","Delhi, Delhi","Ahmedabad, Gujarat","Kolkata, West Bengal"],"Bangalore, Karnataka":"16%","Mumbai, Maharashtra":"-4%","Pune, Maharashtra":"15%","Chennai, Tamil Nadu":"1%","Hyderabad, Andhra Pradesh":"10%","New Delhi, Delhi":"-17%","Gurgaon, Haryana":"21%","Delhi, Delhi":"-19%","Ahmedabad, Gujarat":"-28%","Kolkata, West Bengal":"-16%","employers_component":["InfoSys Limited","Wipro Technologies Ltd.","Tata Consultancy Services Limited","Capgemini","Cognizant","Accenture","HCL Technologies Ltd.","Techmahindra Ltd","Wipro","IBM India Private Limited"],"InfoSys Limited":"Avg. Salary: \u20b91,512,708","Wipro Technologies Ltd.":"Avg. Salary: \u20b91,284,344","Tata Consultancy Services Limited":"Avg. Salary: \u20b91,344,150","Capgemini":"Avg. Salary: \u20b91,509,032","Cognizant":"Avg. Salary: \u20b91,583,334","Accenture":"Avg. Salary: \u20b91,572,330","HCL Technologies Ltd.":"Avg. Salary: \u20b91,171,098","Techmahindra Ltd":"Avg. Salary: \u20b91,410,872","Wipro":"Avg. Salary: \u20b91,410,191","IBM India Private Limited":"Avg. Salary: \u20b91,392,575","related_job_component":["Software Engineer","Senior Software Engineer","Software Developer","Sr. Software Engineer \/ Developer \/ Programmer","Operations Manager","Civil Engineer","Mechanical Engineer","Team Leader, IT","Information Technology (IT) Consultant"],"Software Engineer":"Avg. Salary \u20b9262k \u2014 \u20b91m","Senior Software Engineer":"Avg. Salary \u20b9493k \u2014 \u20b92m","Software Developer":"Avg. Salary \u20b9214k \u2014 \u20b91m","Sr. Software Engineer \/ Developer \/ Programmer":"Avg. Salary \u20b9432k \u2014 \u20b92m","Operations Manager":"Avg. Salary \u20b9297k \u2014 \u20b92m","Civil Engineer":"Avg. Salary \u20b9154k \u2014 \u20b9771k","Mechanical Engineer":"Avg. Salary \u20b9152k \u2014 \u20b9983k","Team Leader, IT":"Avg. Salary \u20b9583k \u2014 \u20b92m","Information Technology (IT) Consultant":"Avg. Salary \u20b9391k \u2014 \u20b92m"}}