{"0":{"job_title":"Property_Manager","avg_salary":"\u20b9508,176","salary_component":["Base Salary","Bonus","Profit Sharing","Commission","Total Pay"],"Base Salary":"\u20b9187k - \u20b92m","Bonus":"\u20b910k - \u20b9259k","Profit Sharing":"\u20b90 - \u20b920k","Commission":"\u20b90 - \u20b9155k","Total Pay":"\u20b9201k - \u20b92m","pay_by_experience_percent":["Entry Level","Early Career","Mid Career","Late Career","Experienced"],"Entry Level":"-42%","Early Career":"-40%","Mid Career":"16%","Late Career":"60%","Experienced":"99%","pay_by_experience_years":["1","1-4"],"1":"\u20b9294,791","1-4":"\u20b9306,694","gender_component":["Male","Female"],"Male":"97.8","Female":"2.2","health_benefits_componentt":["Medical","Dental","Vision","None"],"Medical":"68","Dental":"5","Vision":"5","None":"32","popular_skills_component":["Property Management","Operations Management","Customer Relations","Customer Service","Leadership"],"Property Management":"\u20b9395,479","Operations Management":"\u20b9450,000","Customer Relations":"\u20b9395,615","Customer Service":"\u20b9434,483","Leadership":"46%","affect_skills_component":["Facility Maintenance & Coordination","Project Management","Budget Management","Real Estate","Leadership"],"Facility Maintenance & Coordination":"215%","Project Management":"161%","Budget Management":"97%","Real Estate":"69%","career_path_component":[],"location_component":["Mumbai, Maharashtra","Bangalore, Karnataka","Chennai, Tamil Nadu","Pune, Maharashtra","New Delhi, Delhi","Kolkata, West Bengal","Gurgaon, Haryana","Hyderabad, Andhra Pradesh","Delhi, Delhi"],"Mumbai, Maharashtra":"21%","Bangalore, Karnataka":"58%","Chennai, Tamil Nadu":"-6%","Pune, Maharashtra":"-11%","New Delhi, Delhi":"31%","Kolkata, West Bengal":"-17%","Gurgaon, Haryana":"264%","Hyderabad, Andhra Pradesh":"137%","Delhi, Delhi":"38%","employers_component":[],"related_job_component":["Operations Manager","Project Manager, (Unspecified Type \/ General)","Assistant Manager, Customer Service","Customer Service Representative (CSR)","Civil Engineer","Service Delivery Manager","General \/ Operations Manager","Customer Service Associate","Operations Team Leader"],"Operations Manager":"Avg. Salary \u20b9297k \u2014 \u20b92m","Project Manager, (Unspecified Type \/ General)":"Avg. Salary \u20b9456k \u2014 \u20b92m","Assistant Manager, Customer Service":"Avg. Salary \u20b9252k \u2014 \u20b9955k","Customer Service Representative (CSR)":"Avg. Salary \u20b9148k \u2014 \u20b9454k","Civil Engineer":"Avg. Salary \u20b9154k \u2014 \u20b9771k","Service Delivery Manager":"Avg. Salary \u20b9399k \u2014 \u20b93m","General \/ Operations Manager":"Avg. Salary \u20b9312k \u2014 \u20b93m","Customer Service Associate":"Avg. Salary \u20b9151k \u2014 \u20b9407k","Operations Team Leader":"Avg. Salary \u20b9242k \u2014 \u20b9948k"}}