{"0":{"job_title":"Purchasing_Manager","avg_salary":"\u20b9845,640","salary_component":["Base Salary","Bonus","Profit Sharing","Commission","Total Pay"],"Base Salary":"\u20b9325k - \u20b92m","Bonus":"\u20b910k - \u20b9209k","Profit Sharing":"\u20b99k - \u20b9203k","Commission":"\u20b90 - \u20b925k","Total Pay":"\u20b9349k - \u20b92m","pay_by_experience_percent":["Entry Level","Early Career","Mid Career","Late Career","Experienced"],"Entry Level":"-73%","Early Career":"-55%","Mid Career":"-13%","Late Career":"24%","Experienced":"41%","pay_by_experience_years":["1","1-4"],"1":"\u20b9228,000","1-4":"\u20b9376,777","gender_component":["Male","Female","Prefer to self-define"],"Male":"90.6","Female":"9.1","Prefer to self-define":"0.3","health_benefits_componentt":["Medical","Dental","Vision","None"],"Medical":"68","Dental":"9","Vision":"9","None":"31","popular_skills_component":["Procurement","Vendor Management","Negotiation","Supplier Management","Contract Negotiation"],"Procurement":"\u20b9881,105","Vendor Management":"\u20b9862,408","Negotiation":"9%","Supplier Management":"19%","Contract Negotiation":"12%","affect_skills_component":["Product Costing","Product Development","Project Management","Sourcing","Supplier Management","Contract Negotiation","Operations Management","Negotiation","Inventory Control","Data Analysis"],"Product Costing":"66%","Product Development":"59%","Project Management":"39%","Sourcing":"38%","Operations Management":"12%","Inventory Control":"9%","Data Analysis":"6%","career_path_component":["Procurement Manager","Purchaser","Supply Chain Manager"],"location_component":["Mumbai, Maharashtra","Pune, Maharashtra","Chennai, Tamil Nadu","Bangalore, Karnataka","Hyderabad, Andhra Pradesh","Gurgaon, Haryana","New Delhi, Delhi","Ahmedabad, Gujarat","Kolkata, West Bengal","Delhi, Delhi"],"Mumbai, Maharashtra":"9%","Pune, Maharashtra":"18%","Chennai, Tamil Nadu":"5%","Bangalore, Karnataka":"7%","Hyderabad, Andhra Pradesh":"-11%","Gurgaon, Haryana":"1%","New Delhi, Delhi":"-14%","Ahmedabad, Gujarat":"-23%","Kolkata, West Bengal":"-29%","Delhi, Delhi":"-15%","employers_component":["Tata Motors","Robert Bosch","Jindal Group","Mahindra & Mahindra Ltd."],"Tata Motors":"Avg. Salary: \u20b91,075,139","Robert Bosch":"Avg. Salary: \u20b91,615,000","Jindal Group":"Avg. Salary: \u20b9997,494","Mahindra & Mahindra Ltd.":"Avg. Salary: \u20b91,500,000","related_job_component":["Operations Manager","Project Manager, (Unspecified Type \/ General)","Procurement Manager","Supply Chain Manager","Data Analyst","Civil Engineer","Procurement Specialist","Mechanical Engineer","Project Manager, Information Technology (IT)"],"Operations Manager":"Avg. Salary \u20b9296k \u2014 \u20b92m","Project Manager, (Unspecified Type \/ General)":"Avg. Salary \u20b9456k \u2014 \u20b92m","Procurement Manager":"Avg. Salary \u20b9364k \u2014 \u20b92m","Supply Chain Manager":"Avg. Salary \u20b9301k \u2014 \u20b92m","Data Analyst":"Avg. Salary \u20b9201k \u2014 \u20b9960k","Civil Engineer":"Avg. Salary \u20b9154k \u2014 \u20b9771k","Procurement Specialist":"Avg. Salary \u20b9247k \u2014 \u20b9934k","Mechanical Engineer":"Avg. Salary \u20b9152k \u2014 \u20b9983k","Project Manager, Information Technology (IT)":"Avg. Salary \u20b9531k \u2014 \u20b92m"}}