{"0":{"job_title":"Purchasing_Officer","avg_salary":"\u20b9312,388","salary_component":["Base Salary","Bonus","Profit Sharing","Total Pay"],"Base Salary":"\u20b9149k - \u20b9533k","Bonus":"\u20b95k - \u20b951k","Profit Sharing":"\u20b95k - \u20b998k","Total Pay":"\u20b9153k - \u20b9634k","pay_by_experience_percent":["Entry Level","Early Career","Mid Career","Late Career","Experienced"],"Entry Level":"-39%","Early Career":"-12%","Mid Career":"18%","Late Career":"33%","Experienced":"20%","pay_by_experience_years":["1","1-4"],"1":"\u20b9191,729","1-4":"\u20b9275,204","gender_component":["Male","Female"],"Male":"85.7","Female":"14.3","health_benefits_componentt":["Medical","Dental","Vision","None"],"Medical":"67","Dental":"8","Vision":"6","None":"33","popular_skills_component":["Purchasing","Negotiation","Procurement","SAP Materials Management (SAP MM)","Vendor Management"],"Purchasing":"\u20b9292,970","Negotiation":"\u20b9306,602","Procurement":"11%","SAP Materials Management (SAP MM)":"10%","Vendor Management":"\u20b9172,174","affect_skills_component":["Vendor Relations","Procurement","SAP Materials Management (SAP MM)","Logistics"],"Vendor Relations":"30%","Logistics":"10%","career_path_component":["Purchasing Manager","Procurement Specialist","Procurement Lead"],"location_component":["Mumbai, Maharashtra","Pune, Maharashtra","Chennai, Tamil Nadu","Bangalore, Karnataka","Hyderabad, Andhra Pradesh","Ahmedabad, Gujarat","Kolkata, West Bengal","New Delhi, Delhi","Coimbatore, Tamil Nadu","Indore, Madhya Pradesh"],"Mumbai, Maharashtra":"24%","Pune, Maharashtra":"-6%","Chennai, Tamil Nadu":"44%","Bangalore, Karnataka":"13%","Hyderabad, Andhra Pradesh":"35%","Ahmedabad, Gujarat":"21%","Kolkata, West Bengal":"-42%","New Delhi, Delhi":"20%","Coimbatore, Tamil Nadu":"-42%","Indore, Madhya Pradesh":"-39%","employers_component":[],"related_job_component":["Purchasing Manager","Supply Chain Manager","Procurement Manager","Procurement Specialist","Purchaser","Buyer","Logistics Manager","Warehouse Manager","SAP Consultant"],"Purchasing Manager":"Avg. Salary \u20b9325k \u2014 \u20b92m","Supply Chain Manager":"Avg. Salary \u20b9301k \u2014 \u20b92m","Procurement Manager":"Avg. Salary \u20b9364k \u2014 \u20b92m","Procurement Specialist":"Avg. Salary \u20b9247k \u2014 \u20b9934k","Purchaser":"Avg. Salary \u20b9154k \u2014 \u20b9813k","Buyer":"Avg. Salary \u20b9297k \u2014 \u20b91m","Logistics Manager":"Avg. Salary \u20b9236k \u2014 \u20b91m","Warehouse Manager":"Avg. Salary \u20b9208k \u2014 \u20b91m","SAP Consultant":"Avg. Salary \u20b9301k \u2014 \u20b91m"}}