{"0":{"job_title":"Purchaser","avg_salary":"\u20b9388,657","salary_component":["Base Salary","Bonus","Profit Sharing","Total Pay"],"Base Salary":"\u20b9154k - \u20b9813k","Bonus":"\u20b95k - \u20b9119k","Profit Sharing":"\u20b94 - \u20b952k","Total Pay":"\u20b9178k - \u20b9871k","pay_by_experience_percent":["Entry Level","Early Career","Mid Career","Late Career","Experienced"],"Entry Level":"-37%","Early Career":"-22%","Mid Career":"43%","Late Career":"82%","Experienced":"209%","pay_by_experience_years":["1","1-4"],"1":"\u20b9243,635","1-4":"\u20b9304,010","gender_component":["Male","Female"],"Male":"85.9","Female":"14.1","health_benefits_componentt":["Medical","Dental","Vision","None"],"Medical":"75","Dental":"6","Vision":"7","None":"25","popular_skills_component":["Negotiation","Purchasing","Vendor Management","Inventory Management","Microsoft Excel"],"Negotiation":"5%","Purchasing":"\u20b9373,720","Vendor Management":"15%","Inventory Management":"\u20b9380,000","Microsoft Excel":"\u20b9342,060","affect_skills_component":["Procurement","Sourcing","Supplier Management","Inventory Control","Materials Requirement Planning (MRP)","SAP Materials Management (SAP MM)","Vendor Management","Negotiation"],"Procurement":"78%","Sourcing":"54%","Supplier Management":"44%","Inventory Control":"36%","Materials Requirement Planning (MRP)":"33%","SAP Materials Management (SAP MM)":"23%","career_path_component":["Purchasing Manager","Supply Chain Manager","Procurement Officer"],"location_component":["Pune, Maharashtra","Chennai, Tamil Nadu","Bangalore, Karnataka","Mumbai, Maharashtra","Hyderabad, Andhra Pradesh","Ahmedabad, Gujarat","Aurangabad, Maharashtra","Baroda, Gujarat","Gurgaon, Haryana","Kolkata, West Bengal"],"Pune, Maharashtra":"5%","Chennai, Tamil Nadu":"%","Bangalore, Karnataka":"14%","Mumbai, Maharashtra":"3%","Hyderabad, Andhra Pradesh":"-18%","Ahmedabad, Gujarat":"37%","Aurangabad, Maharashtra":"-36%","Baroda, Gujarat":"-10%","Gurgaon, Haryana":"42%","Kolkata, West Bengal":"-36%","employers_component":[],"related_job_component":["Mechanical Engineer","Civil Engineer","Accountant","Purchasing Manager","Operations Manager","Executive Assistant","Data Analyst","Procurement Manager","Computer Operator"],"Mechanical Engineer":"Avg. Salary \u20b9152k \u2014 \u20b9983k","Civil Engineer":"Avg. Salary \u20b9154k \u2014 \u20b9771k","Accountant":"Avg. Salary \u20b9123k \u2014 \u20b9507k","Purchasing Manager":"Avg. Salary \u20b9325k \u2014 \u20b92m","Operations Manager":"Avg. Salary \u20b9296k \u2014 \u20b92m","Executive Assistant":"Avg. Salary \u20b9153k \u2014 \u20b9778k","Data Analyst":"Avg. Salary \u20b9201k \u2014 \u20b9959k","Procurement Manager":"Avg. Salary \u20b9364k \u2014 \u20b92m","Computer Operator":"Avg. Salary \u20b999k \u2014 \u20b9403k"}}