{"0":{"job_title":"Quantity_Surveyor","avg_salary":"\u20b9395,826","salary_component":["Base Salary","Bonus","Profit Sharing","Total Pay"],"Base Salary":"\u20b9181k - \u20b9785k","Bonus":"\u20b92k - \u20b9103k","Profit Sharing":"\u20b92 - \u20b9104k","Total Pay":"\u20b9193k - \u20b9831k","pay_by_experience_percent":["Entry Level","Early Career","Mid Career","Late Career","Experienced"],"Entry Level":"-29%","Early Career":"-23%","Mid Career":"33%","Late Career":"86%","Experienced":"227%","pay_by_experience_years":["1","1-4"],"1":"\u20b9282,000","1-4":"\u20b9304,062","gender_component":["Male","Female"],"Male":"85.3","Female":"14.7","health_benefits_componentt":["Medical","Dental","Vision","None"],"Medical":"61","Dental":"2","Vision":"2","None":"39","popular_skills_component":["Construction Estimating","Autodesk Quantity Takeoff","Autodesk AutoCAD","Microsoft Office","Contract Management"],"Construction Estimating":"\u20b9390,299","Autodesk Quantity Takeoff":"8%","Autodesk AutoCAD":"\u20b9360,000","Microsoft Office":"3%","Contract Management":"27%","affect_skills_component":["Commercial","Contract Negotiation","Project Management","Valuation","Contract Management","Procurement","Autodesk Quantity Takeoff","Microsoft Office"],"Commercial":"48%","Contract Negotiation":"43%","Project Management":"42%","Valuation":"40%","Procurement":"16%","career_path_component":["Executive Assistant","Civil Engineer","Senior Quantity Surveyor"],"location_component":["Bangalore, Karnataka","Chennai, Tamil Nadu","Mumbai, Maharashtra","Hyderabad, Andhra Pradesh","Pune, Maharashtra","Coimbatore, Tamil Nadu","New Delhi, Delhi","Delhi, Delhi","Ahmedabad, Gujarat","Kolkata, West Bengal"],"Bangalore, Karnataka":"2%","Chennai, Tamil Nadu":"-10%","Mumbai, Maharashtra":"22%","Hyderabad, Andhra Pradesh":"-16%","Pune, Maharashtra":"-10%","Coimbatore, Tamil Nadu":"-29%","New Delhi, Delhi":"41%","Delhi, Delhi":"68%","Ahmedabad, Gujarat":"8%","Kolkata, West Bengal":"26%","employers_component":["Arcadis, Inc.","Sobha Developers Ltd"],"Arcadis, Inc.":"Avg. Salary: \u20b9638,713","Sobha Developers Ltd":"Avg. Salary: \u20b9256,500","related_job_component":["Civil Engineer","Mechanical Engineer","Project Manager, (Unspecified Type \/ General)","Project Engineer","Electrical Engineer","Design Engineer","Project Manager, Construction","Accountant","Project Manager, Information Technology (IT)"],"Civil Engineer":"Avg. Salary \u20b9154k \u2014 \u20b9771k","Mechanical Engineer":"Avg. Salary \u20b9152k \u2014 \u20b9983k","Project Manager, (Unspecified Type \/ General)":"Avg. Salary \u20b9456k \u2014 \u20b92m","Project Engineer":"Avg. Salary \u20b9198k \u2014 \u20b9849k","Electrical Engineer":"Avg. Salary \u20b9174k \u2014 \u20b9995k","Design Engineer":"Avg. Salary \u20b9174k \u2014 \u20b9927k","Project Manager, Construction":"Avg. Salary \u20b9388k \u2014 \u20b92m","Accountant":"Avg. Salary \u20b9123k \u2014 \u20b9507k","Project Manager, Information Technology (IT)":"Avg. Salary \u20b9533k \u2014 \u20b92m"}}