{"0":{"job_title":"Regional_Service_Manager","avg_salary":"\u20b91,024,085","salary_component":["Base Salary","Bonus","Profit Sharing","Total Pay"],"Base Salary":"\u20b9285k - \u20b92m","Bonus":"\u20b911k - \u20b9449k","Profit Sharing":"\u20b960k - \u20b9400k","Total Pay":"\u20b9463k - \u20b92m","pay_by_experience_percent":["Early Career","Mid Career","Late Career","Experienced"],"Early Career":"-43%","Mid Career":"-31%","Late Career":"7%","Experienced":"41%","pay_by_experience_years":["1-4","5-9"],"1-4":"\u20b9580,072","5-9":"\u20b9703,178","gender_component":["Male"],"Male":"100.0","health_benefits_componentt":["Medical","Dental","Vision","None"],"Medical":"79","Dental":"13","Vision":"11","None":"21","popular_skills_component":["Customer Service","Operations Management","People Management","Customer Relationship Management (CRM)","Technical Services"],"Customer Service":"\u20b9966,034","Operations Management":"\u20b9922,798","People Management":"17%","Customer Relationship Management (CRM)":"\u20b9950,001","Technical Services":"30%","affect_skills_component":["Technical Services","People Management"],"career_path_component":[],"location_component":["Mumbai, Maharashtra","Bangalore, Karnataka","Ahmedabad, Gujarat","Kolkata, West Bengal","Pune, Maharashtra","Chennai, Tamil Nadu","New Delhi, Delhi","Gurgaon, Haryana"],"Mumbai, Maharashtra":"2%","Bangalore, Karnataka":"-15%","Ahmedabad, Gujarat":"7%","Kolkata, West Bengal":"-15%","Pune, Maharashtra":"-28%","Chennai, Tamil Nadu":"27%","New Delhi, Delhi":"32%","Gurgaon, Haryana":"193%","employers_component":["Ingersoll- Rand Company"],"Ingersoll- Rand Company":"Avg. Salary: \u20b91,199,205","related_job_component":["Operations Manager","Assistant Manager, Customer Service","Service Delivery Manager","Operations Team Leader","Customer Service Representative (CSR)","General \/ Operations Manager","Area Sales Manager","Assistant Operations Manager","Customer Service Manager"],"Operations Manager":"Avg. Salary \u20b9297k \u2014 \u20b92m","Assistant Manager, Customer Service":"Avg. Salary \u20b9253k \u2014 \u20b9955k","Service Delivery Manager":"Avg. Salary \u20b9399k \u2014 \u20b93m","Operations Team Leader":"Avg. Salary \u20b9242k \u2014 \u20b9948k","Customer Service Representative (CSR)":"Avg. Salary \u20b9148k \u2014 \u20b9454k","General \/ Operations Manager":"Avg. Salary \u20b9312k \u2014 \u20b93m","Area Sales Manager":"Avg. Salary \u20b9299k \u2014 \u20b91m","Assistant Operations Manager":"Avg. Salary \u20b9266k \u2014 \u20b91m","Customer Service Manager":"Avg. Salary \u20b9251k \u2014 \u20b92m"}}