{"0":{"job_title":"Regulatory_Affairs_Specialist","avg_salary":"\u20b9463,179","salary_component":["Base Salary","Bonus","Profit Sharing","Total Pay"],"Base Salary":"\u20b9214k - \u20b9885k","Bonus":"\u20b98k - \u20b9145k","Profit Sharing":"\u20b90 - \u20b9250k","Total Pay":"\u20b9242k - \u20b9932k","pay_by_experience_percent":["Entry Level","Early Career","Mid Career","Late Career"],"Entry Level":"-33%","Early Career":"-16%","Mid Career":"40%","Late Career":"55%","pay_by_experience_years":["1"],"1":"\u20b9311,231","gender_component":["Female","Male"],"Female":"58.6","Male":"41.4","health_benefits_componentt":["Medical","Dental","Vision","None"],"Medical":"75","Dental":"12","Vision":"12","None":"25","popular_skills_component":["Regulatory Compliance","Medical Devices","Quality Assurance \/ Quality Control","Technical Writing","Risk Management \/ Risk Control"],"Regulatory Compliance":"\u20b9450,454","Medical Devices":"20%","Quality Assurance \/ Quality Control":"\u20b9402,363","Technical Writing":"\u20b9431,391","Risk Management \/ Risk Control":"\u20b9340,000","affect_skills_component":["Project Management","Medical Devices"],"Project Management":"56%","career_path_component":["Regulatory Affairs Associate","Senior Regulatory Affairs Specialist"],"location_component":["Mumbai, Maharashtra","Bangalore, Karnataka","Hyderabad, Andhra Pradesh","Pune, Maharashtra","Chennai, Tamil Nadu","New Delhi, Delhi","Gurgaon, Haryana"],"Mumbai, Maharashtra":"-3%","Bangalore, Karnataka":"40%","Hyderabad, Andhra Pradesh":"-18%","Pune, Maharashtra":"-35%","Chennai, Tamil Nadu":"21%","New Delhi, Delhi":"-1%","Gurgaon, Haryana":"-31%","employers_component":[],"related_job_component":["Project Manager, (Unspecified Type \/ General)","Civil Engineer","Mechanical Engineer","Project Manager, Information Technology (IT)","Operations Manager","Project Engineer","Quality Assurance Manager","Quality Assurance (QA) \/ Quality Control (QC) Inspector","Quality Assurance (QA) \/ Quality Control (QC) Engineer"],"Project Manager, (Unspecified Type \/ General)":"Avg. Salary \u20b9459k \u2014 \u20b92m","Civil Engineer":"Avg. Salary \u20b9154k \u2014 \u20b9773k","Mechanical Engineer":"Avg. Salary \u20b9151k \u2014 \u20b9982k","Project Manager, Information Technology (IT)":"Avg. Salary \u20b9546k \u2014 \u20b92m","Operations Manager":"Avg. Salary \u20b9297k \u2014 \u20b92m","Project Engineer":"Avg. Salary \u20b9199k \u2014 \u20b9844k","Quality Assurance Manager":"Avg. Salary \u20b9408k \u2014 \u20b92m","Quality Assurance (QA) \/ Quality Control (QC) Inspector":"Avg. Salary \u20b9122k \u2014 \u20b9691k","Quality Assurance (QA) \/ Quality Control (QC) Engineer":"Avg. Salary \u20b9146k \u2014 \u20b9619k"}}