{"0":{"job_title":"Regulatory_Affairs_Associate","avg_salary":"\u20b9339,449","salary_component":["Base Salary","Bonus","Profit Sharing","Total Pay"],"Base Salary":"\u20b9198k - \u20b9664k","Bonus":"\u20b98k - \u20b9205k","Profit Sharing":"\u20b9452 - \u20b950k","Total Pay":"\u20b9199k - \u20b9705k","pay_by_experience_percent":["Entry Level","Early Career","Mid Career"],"Entry Level":"-28%","Early Career":"-9%","Mid Career":"62%","pay_by_experience_years":["1"],"1":"\u20b9243,928","gender_component":["Female","Male"],"Female":"50.0","Male":"50.0","health_benefits_componentt":["Medical","Dental","Vision","None"],"Medical":"68","Dental":"3","Vision":"3","None":"32","popular_skills_component":["Regulatory Compliance","Writing Procedures & Documentation","Microsoft Office","Quality Assurance \/ Quality Control","Technical Writing"],"Regulatory Compliance":"6%","Writing Procedures & Documentation":"\u20b9310,679","Microsoft Office":"\u20b9331,524","Quality Assurance \/ Quality Control":"\u20b9330,000","Technical Writing":"\u20b9312,855","affect_skills_component":["Safety Compliance","GMP Compliance","Product Development","Regulatory Compliance"],"Safety Compliance":"47%","GMP Compliance":"18%","Product Development":"8%","career_path_component":["Regulatory Affairs Manager","Regulatory Affairs Specialist"],"location_component":["Mumbai, Maharashtra","Bangalore, Karnataka","Hyderabad, Andhra Pradesh","Chennai, Tamil Nadu","Pune, Maharashtra","Ahmedabad, Gujarat"],"Mumbai, Maharashtra":"-2%","Bangalore, Karnataka":"19%","Hyderabad, Andhra Pradesh":"21%","Chennai, Tamil Nadu":"3%","Pune, Maharashtra":"18%","Ahmedabad, Gujarat":"-13%","employers_component":["Parexel International Corp","Novartis"],"Parexel International Corp":"Avg. Salary: \u20b9250,000","Novartis":"Avg. Salary: \u20b9448,921","related_job_component":["Project Manager, (Unspecified Type \/ General)","Mechanical Engineer","Civil Engineer","Project Manager, Information Technology (IT)","Project Engineer","Electrical Engineer","Operations Manager","Business Analyst, IT","Quality Assurance (QA) \/ Quality Control (QC) Engineer"],"Project Manager, (Unspecified Type \/ General)":"Avg. Salary \u20b9456k \u2014 \u20b92m","Mechanical Engineer":"Avg. Salary \u20b9152k \u2014 \u20b9983k","Civil Engineer":"Avg. Salary \u20b9154k \u2014 \u20b9771k","Project Manager, Information Technology (IT)":"Avg. Salary \u20b9531k \u2014 \u20b92m","Project Engineer":"Avg. Salary \u20b9198k \u2014 \u20b9849k","Electrical Engineer":"Avg. Salary \u20b9174k \u2014 \u20b9995k","Operations Manager":"Avg. Salary \u20b9297k \u2014 \u20b92m","Business Analyst, IT":"Avg. Salary \u20b9275k \u2014 \u20b91m","Quality Assurance (QA) \/ Quality Control (QC) Engineer":"Avg. Salary \u20b9146k \u2014 \u20b9616k"}}