{"0":{"job_title":"Regulatory_Affairs_Manager","avg_salary":"\u20b91,035,842","salary_component":["Base Salary","Bonus","Profit Sharing","Total Pay"],"Base Salary":"\u20b9436k - \u20b92m","Bonus":"\u20b912k - \u20b9250k","Profit Sharing":"\u20b92k - \u20b9102k","Total Pay":"\u20b9467k - \u20b92m","pay_by_experience_percent":["Entry Level","Early Career","Mid Career","Late Career"],"Entry Level":"-52%","Early Career":"-57%","Mid Career":"-3%","Late Career":"35%","pay_by_experience_years":["1","1-4"],"1":"\u20b9500,000","1-4":"\u20b9446,980","gender_component":["Male","Female","Prefer to self-define"],"Male":"58.8","Female":"37.3","Prefer to self-define":"3.9","health_benefits_componentt":["Medical","Dental","Vision","None"],"Medical":"79","Dental":"9","Vision":"11","None":"21","popular_skills_component":["Regulatory Compliance","Project Management","People Management","Medical Devices","Quality Assurance \/ Quality Control"],"Regulatory Compliance":"1%","Project Management":"26%","People Management":"35%","Medical Devices":"45%","Quality Assurance \/ Quality Control":"\u20b91,015,008","affect_skills_component":["Medical Devices","People Management","Project Management","Strategy","Regulatory Compliance"],"Strategy":"19%","career_path_component":[],"location_component":["Mumbai, Maharashtra","Bangalore, Karnataka","Hyderabad, Andhra Pradesh","New Delhi, Delhi","Gurgaon, Haryana","Ahmedabad, Gujarat","Chennai, Tamil Nadu","Delhi, Delhi"],"Mumbai, Maharashtra":"12%","Bangalore, Karnataka":"-2%","Hyderabad, Andhra Pradesh":"42%","New Delhi, Delhi":"36%","Gurgaon, Haryana":"-3%","Ahmedabad, Gujarat":"-16%","Chennai, Tamil Nadu":"26%","Delhi, Delhi":"-58%","employers_component":["Mylan Pharmaceuticals Inc.","Sun Pharmaceuticals"],"Mylan Pharmaceuticals Inc.":"Avg. Salary: \u20b9975,915","Sun Pharmaceuticals":"Avg. Salary: \u20b91,090,260","related_job_component":["Project Manager, (Unspecified Type \/ General)","Operations Manager","Civil Engineer","Mechanical Engineer","Project Manager, Information Technology (IT)","Operations Team Leader","Quality Assurance Manager","Service Delivery Manager","Project Engineer"],"Project Manager, (Unspecified Type \/ General)":"Avg. Salary \u20b9456k \u2014 \u20b92m","Operations Manager":"Avg. Salary \u20b9297k \u2014 \u20b92m","Civil Engineer":"Avg. Salary \u20b9154k \u2014 \u20b9771k","Mechanical Engineer":"Avg. Salary \u20b9152k \u2014 \u20b9983k","Project Manager, Information Technology (IT)":"Avg. Salary \u20b9533k \u2014 \u20b92m","Operations Team Leader":"Avg. Salary \u20b9242k \u2014 \u20b9948k","Quality Assurance Manager":"Avg. Salary \u20b9408k \u2014 \u20b92m","Service Delivery Manager":"Avg. Salary \u20b9399k \u2014 \u20b93m","Project Engineer":"Avg. Salary \u20b9198k \u2014 \u20b9849k"}}