{"0":{"job_title":"Reporting_Analyst","avg_salary":"\u20b9494,968","salary_component":["Base Salary","Bonus","Profit Sharing","Total Pay"],"Base Salary":"\u20b9286k - \u20b9916k","Bonus":"\u20b915k - \u20b9122k","Profit Sharing":"\u20b925k - \u20b9200k","Total Pay":"\u20b9290k - \u20b9942k","pay_by_experience_percent":["Entry Level","Early Career","Mid Career","Late Career"],"Entry Level":"-39%","Early Career":"-14%","Mid Career":"24%","Late Career":"31%","pay_by_experience_years":["1","1-4"],"1":"\u20b9302,893","1-4":"\u20b9423,922","gender_component":["Male","Female"],"Male":"68.5","Female":"31.5","health_benefits_componentt":["Medical","Dental","Vision","None"],"Medical":"75","Dental":"7","Vision":"6","None":"25","popular_skills_component":["Microsoft Excel","Data Analysis","SQL","Database Management & Reporting","Microsoft Office"],"Microsoft Excel":"\u20b9469,462","Data Analysis":"\u20b9482,900","SQL":"3%","Database Management & Reporting":"11%","Microsoft Office":"\u20b9463,715","affect_skills_component":["Tableau Software","Business Intelligence","Microsoft Power BI","VBA","Database Management & Reporting","Microsoft SQL Server","SQL","Microsoft Access"],"Tableau Software":"25%","Business Intelligence":"24%","Microsoft Power BI":"21%","VBA":"19%","Microsoft SQL Server":"5%","Microsoft Access":"2%","career_path_component":["Information Security Specialist","Project Manager, (Unspecified Type \/ Gen...","Senior Business Intelligence (BI) Analys..."],"location_component":["Bangalore, Karnataka","Hyderabad, Andhra Pradesh","Mumbai, Maharashtra","Gurgaon, Haryana","Pune, Maharashtra","Chennai, Tamil Nadu","New Delhi, Delhi","Noida, Uttar Pradesh","Delhi, Delhi","Gurgaon, Delhi"],"Bangalore, Karnataka":"14%","Hyderabad, Andhra Pradesh":"1%","Mumbai, Maharashtra":"2%","Gurgaon, Haryana":"16%","Pune, Maharashtra":"21%","Chennai, Tamil Nadu":"-9%","New Delhi, Delhi":"-26%","Noida, Uttar Pradesh":"4%","Delhi, Delhi":"1%","Gurgaon, Delhi":"-33%","employers_component":["Accenture","Capgemini Consulting","EXL Service.com"],"Accenture":"Avg. Salary: \u20b9435,405","Capgemini Consulting":"Avg. Salary: \u20b9570,000","EXL Service.com":"Avg. Salary: \u20b9312,247","related_job_component":["Data Analyst","Software Engineer","Senior Software Engineer","Civil Engineer","Business Analyst, IT","Mechanical Engineer","Senior Business Analyst","Senior Data Analyst","Accountant"],"Data Analyst":"Avg. Salary \u20b9201k \u2014 \u20b9959k","Software Engineer":"Avg. Salary \u20b9262k \u2014 \u20b91m","Senior Software Engineer":"Avg. Salary \u20b9493k \u2014 \u20b92m","Civil Engineer":"Avg. Salary \u20b9154k \u2014 \u20b9771k","Business Analyst, IT":"Avg. Salary \u20b9275k \u2014 \u20b91m","Mechanical Engineer":"Avg. Salary \u20b9152k \u2014 \u20b9983k","Senior Business Analyst":"Avg. Salary \u20b9447k \u2014 \u20b92m","Senior Data Analyst":"Avg. Salary \u20b9318k \u2014 \u20b92m","Accountant":"Avg. Salary \u20b9123k \u2014 \u20b9507k"}}