{"0":{"job_title":"SAP_Business_Analyst","avg_salary":"\u20b9809,356","salary_component":["Base Salary","Bonus","Profit Sharing","Total Pay"],"Base Salary":"\u20b9312k - \u20b92m","Bonus":"\u20b920k - \u20b9301k","Profit Sharing":"\u20b90 - \u20b955k","Total Pay":"\u20b9317k - \u20b92m","pay_by_experience_percent":["Entry Level","Early Career","Mid Career","Late Career"],"Entry Level":"-55%","Early Career":"-36%","Mid Career":"24%","Late Career":"93%","pay_by_experience_years":["1","1-4"],"1":"\u20b9361,068","1-4":"\u20b9520,848","gender_component":["Male","Female"],"Male":"78.6","Female":"21.4","health_benefits_componentt":["Medical","Dental","Vision","None"],"Medical":"90","Dental":"16","Vision":"13","None":"10","popular_skills_component":["Business Analysis","SAP Financial Accounting and Controlling (SAP FICO)","SAP Materials Management (SAP MM)","SAP Sales and Distribution (SAP SD)","SAP Enterprise Resource Planning (ERP)"],"Business Analysis":"\u20b9800,745","SAP Financial Accounting and Controlling (SAP FICO)":"\u20b9800,000","SAP Materials Management (SAP MM)":"\u20b9800,000","SAP Sales and Distribution (SAP SD)":"\u20b9800,000","SAP Enterprise Resource Planning (ERP)":"6%","affect_skills_component":["Project Management","SAP Enterprise Resource Planning (ERP)"],"Project Management":"7%","career_path_component":[],"location_component":["Bangalore, Karnataka","Pune, Maharashtra","Mumbai, Maharashtra","Chennai, Tamil Nadu","Hyderabad, Andhra Pradesh","Ahmedabad, Gujarat"],"Bangalore, Karnataka":"6%","Pune, Maharashtra":"13%","Mumbai, Maharashtra":"26%","Chennai, Tamil Nadu":"1%","Hyderabad, Andhra Pradesh":"-14%","Ahmedabad, Gujarat":"-63%","employers_component":["Tata Consultancy Services Limited"],"Tata Consultancy Services Limited":"Avg. Salary: \u20b9357,500","related_job_component":["SAP Consultant","Project Manager, (Unspecified Type \/ General)","Business Analyst, IT","Senior Business Analyst","Project Manager, Information Technology (IT)","Senior SAP Consultant","Civil Engineer","Project Engineer","Business Analyst, Finance\/Banking"],"SAP Consultant":"Avg. Salary \u20b9301k \u2014 \u20b91m","Project Manager, (Unspecified Type \/ General)":"Avg. Salary \u20b9461k \u2014 \u20b92m","Business Analyst, IT":"Avg. Salary \u20b9278k \u2014 \u20b91m","Senior Business Analyst":"Avg. Salary \u20b9449k \u2014 \u20b92m","Project Manager, Information Technology (IT)":"Avg. Salary \u20b9564k \u2014 \u20b92m","Senior SAP Consultant":"Avg. Salary \u20b9689k \u2014 \u20b92m","Civil Engineer":"Avg. Salary \u20b9155k \u2014 \u20b9770k","Project Engineer":"Avg. Salary \u20b9198k \u2014 \u20b9846k","Business Analyst, Finance\/Banking":"Avg. Salary \u20b9289k \u2014 \u20b92m"}}