{"0":{"job_title":"Security_Manager","avg_salary":"\u20b9877,939","salary_component":["Base Salary","Bonus","Profit Sharing","Total Pay"],"Base Salary":"\u20b9358k - \u20b92m","Bonus":"\u20b910k - \u20b9290k","Profit Sharing":"\u20b910 - \u20b9509k","Total Pay":"\u20b9386k - \u20b92m","pay_by_experience_percent":["Early Career","Mid Career","Late Career","Experienced"],"Early Career":"-45%","Mid Career":"-2%","Late Career":"23%","Experienced":"19%","pay_by_experience_years":["1-4","5-9"],"1-4":"\u20b9482,757","5-9":"\u20b9863,773","gender_component":["Male","Female"],"Male":"97.7","Female":"2.3","health_benefits_componentt":["Medical","Dental","Vision","None"],"Medical":"85","Dental":"19","Vision":"18","None":"14","popular_skills_component":["Security Policies and Procedures","Security Risk Management","Operations Management","Security Testing and Auditing","Team Leadership"],"Security Policies and Procedures":"4%","Security Risk Management":"13%","Operations Management":"\u20b9801,242","Security Testing and Auditing":"20%","Team Leadership":"2%","affect_skills_component":["Cyber Security","Security Information and Event Management (SIEM)","IT Security & Infrastructure","Security Testing and Auditing","Security Risk Management","Security Policies and Procedures","Team Leadership"],"Cyber Security":"128%","Security Information and Event Management (SIEM)":"118%","IT Security & Infrastructure":"111%","career_path_component":["Information Security Manager","Assistant Vice President (AVP), Regional...","Facility Manager"],"location_component":["Bangalore, Karnataka","Mumbai, Maharashtra","Chennai, Tamil Nadu","New Delhi, Delhi","Hyderabad, Andhra Pradesh","Pune, Maharashtra","Ahmedabad, Gujarat","Delhi, Delhi","Gurgaon, Haryana","Surat, Gujarat"],"Bangalore, Karnataka":"89%","Mumbai, Maharashtra":"4%","Chennai, Tamil Nadu":"-12%","New Delhi, Delhi":"17%","Hyderabad, Andhra Pradesh":"2%","Pune, Maharashtra":"3%","Ahmedabad, Gujarat":"3%","Delhi, Delhi":"20%","Gurgaon, Haryana":"38%","Surat, Gujarat":"-21%","employers_component":["Reliance Industries Limited"],"Reliance Industries Limited":"Avg. Salary: \u20b9699,429","related_job_component":["Operations Manager","Operations Team Leader","Information Security Analyst","Security Analyst","Security Consultant, (Computing \/ Networking \/ Information Technology)","Information Security Manager","Team Lead, Operations","General \/ Operations Manager","Team Leader, IT"],"Operations Manager":"Avg. Salary \u20b9296k \u2014 \u20b92m","Operations Team Leader":"Avg. Salary \u20b9242k \u2014 \u20b9946k","Information Security Analyst":"Avg. Salary \u20b9280k \u2014 \u20b91m","Security Analyst":"Avg. Salary \u20b9236k \u2014 \u20b9902k","Security Consultant, (Computing \/ Networking \/ Information Technology)":"Avg. Salary \u20b9310k \u2014 \u20b92m","Information Security Manager":"Avg. Salary \u20b9678k \u2014 \u20b93m","Team Lead, Operations":"Avg. Salary \u20b9314k \u2014 \u20b91m","General \/ Operations Manager":"Avg. Salary \u20b9312k \u2014 \u20b93m","Team Leader, IT":"Avg. Salary \u20b9584k \u2014 \u20b92m"}}