{"0":{"job_title":"Security_Supervisor","avg_salary":"\u20b9244,761","salary_component":["Base Salary","Bonus","Profit Sharing","Commission","Total Pay"],"Base Salary":"\u20b9143k - \u20b9485k","Bonus":"\u20b95k - \u20b950k","Profit Sharing":"\u20b9976 - \u20b9198k","Commission":"\u20b92k - \u20b9179k","Total Pay":"\u20b9139k - \u20b9547k","pay_by_experience_percent":["Entry Level","Early Career","Mid Career","Late Career","Experienced"],"Entry Level":"-12%","Early Career":"-10%","Mid Career":"-2%","Late Career":"20%","Experienced":"48%","pay_by_experience_years":["1","1-4"],"1":"\u20b9216,000","1-4":"\u20b9221,269","gender_component":["Male","Female"],"Male":"98.6","Female":"1.4","health_benefits_componentt":["Medical","Dental","Vision","None"],"Medical":"66","Dental":"10","Vision":"8","None":"33","popular_skills_component":["Security Policies and Procedures","People Management","Security Risk Management","Training","Customer Service"],"Security Policies and Procedures":"7%","People Management":"5%","Security Risk Management":"15%","Training":"22%","Customer Service":"3%","affect_skills_component":["Security Maintenance","Training","Scheduling","Security Risk Management","Security Policies and Procedures","Customer Relations","People Management","Customer Service"],"Security Maintenance":"32%","Scheduling":"16%","Customer Relations":"7%","career_path_component":["Security Officer","Security Guard"],"location_component":["Mumbai, Maharashtra","Bangalore, Karnataka","Pune, Maharashtra","Hyderabad, Andhra Pradesh","New Delhi, Delhi","Delhi, Delhi","Kolkata, West Bengal","Lucknow, Uttar Pradesh","Ahmedabad, Gujarat","Gurgaon, Haryana"],"Mumbai, Maharashtra":"2%","Bangalore, Karnataka":"-2%","Pune, Maharashtra":"-4%","Hyderabad, Andhra Pradesh":"19%","New Delhi, Delhi":"18%","Delhi, Delhi":"1%","Kolkata, West Bengal":"-13%","Lucknow, Uttar Pradesh":"23%","Ahmedabad, Gujarat":"5%","Gurgaon, Haryana":"-1%","employers_component":[],"related_job_component":["Operations Manager","Customer Service Representative (CSR)","Customer Service Associate","Assistant Manager, Customer Service","Customer Care Executive","Customer Service Team Leader","Senior Customer Service Representative (CSR)","Operations Team Leader","Customer Service Manager"],"Operations Manager":"Avg. Salary \u20b9297k \u2014 \u20b92m","Customer Service Representative (CSR)":"Avg. Salary \u20b9148k \u2014 \u20b9456k","Customer Service Associate":"Avg. Salary \u20b9151k \u2014 \u20b9406k","Assistant Manager, Customer Service":"Avg. Salary \u20b9252k \u2014 \u20b9955k","Customer Care Executive":"Avg. Salary \u20b9120k \u2014 \u20b9390k","Customer Service Team Leader":"Avg. Salary \u20b9236k \u2014 \u20b9822k","Senior Customer Service Representative (CSR)":"Avg. Salary \u20b9212k \u2014 \u20b9534k","Operations Team Leader":"Avg. Salary \u20b9242k \u2014 \u20b9946k","Customer Service Manager":"Avg. Salary \u20b9251k \u2014 \u20b92m"}}