{"0":{"job_title":"Security_Analyst","avg_salary":"\u20b9483,646","salary_component":["Base Salary","Bonus","Profit Sharing","Total Pay"],"Base Salary":"\u20b9236k - \u20b9902k","Bonus":"\u20b910k - \u20b9102k","Profit Sharing":"\u20b917 - \u20b9300k","Total Pay":"\u20b9245k - \u20b9976k","pay_by_experience_percent":["Entry Level","Early Career","Mid Career","Late Career"],"Entry Level":"-32%","Early Career":"-7%","Mid Career":"55%","Late Career":"148%","pay_by_experience_years":["1","1-4"],"1":"\u20b9329,532","1-4":"\u20b9451,079","gender_component":["Male","Female"],"Male":"86.4","Female":"13.6","health_benefits_componentt":["Medical","Dental","Vision","None"],"Medical":"75","Dental":"6","Vision":"9","None":"24","popular_skills_component":["Cyber Security","Security Information and Event Management (SIEM)","IT Security & Infrastructure","Security Testing and Auditing","Computer Security"],"Cyber Security":"2%","Security Information and Event Management (SIEM)":"\u20b9486,243","IT Security & Infrastructure":"\u20b9478,083","Security Testing and Auditing":"\u20b9432,536","Computer Security":"\u20b9420,539","affect_skills_component":["Web Security & Encryption","Splunk","Identity Management","Security Investigation","Risk Management \/ Risk Control","Security Policies and Procedures","SAP Security","Cyber Security","Vulnerability Assessment","Security Intrusion Detection"],"Web Security & Encryption":"78%","Splunk":"49%","Identity Management":"26%","Security Investigation":"24%","Risk Management \/ Risk Control":"20%","Security Policies and Procedures":"4%","SAP Security":"4%","Vulnerability Assessment":"2%","Security Intrusion Detection":"2%","career_path_component":["Senior Security Consultant","Security Consultant, (Computing \/ Networ...","Information Security Specialist"],"location_component":["Bangalore, Karnataka","Pune, Maharashtra","Chennai, Tamil Nadu","Mumbai, Maharashtra","Hyderabad, Andhra Pradesh","Gurgaon, Haryana","Noida, Uttar Pradesh","Ahmedabad, Gujarat","New Delhi, Delhi","Delhi, Delhi"],"Bangalore, Karnataka":"1%","Pune, Maharashtra":"-6%","Chennai, Tamil Nadu":"7%","Mumbai, Maharashtra":"-1%","Hyderabad, Andhra Pradesh":"4%","Gurgaon, Haryana":"21%","Noida, Uttar Pradesh":"-28%","Ahmedabad, Gujarat":"-3%","New Delhi, Delhi":"%","Delhi, Delhi":"26%","employers_component":["IBM India Private Limited","Accenture Technology Solutions","Wipro Technologies Ltd.","Paladion Networks","Accenture","Tata Consultancy Services Limited","HCL Technologies Ltd.","Capgemini","EY (Ernst & Young)","Cognizant"],"IBM India Private Limited":"Avg. Salary: \u20b9480,271","Accenture Technology Solutions":"Avg. Salary: \u20b9612,500","Wipro Technologies Ltd.":"Avg. Salary: \u20b9414,458","Paladion Networks":"Avg. Salary: \u20b9441,808","Accenture":"Avg. Salary: \u20b9469,193","Tata Consultancy Services Limited":"Avg. Salary: \u20b9440,043","HCL Technologies Ltd.":"Avg. Salary: \u20b9257,500","Capgemini":"Avg. Salary: \u20b9465,000","EY (Ernst & Young)":"Avg. Salary: \u20b9485,940","Cognizant":"Avg. Salary: \u20b9551,500","related_job_component":["Information Security Analyst","Security Consultant, (Computing \/ Networking \/ Information Technology)","Network Engineer","Information Security Manager","Information Technology (IT) Manager","Senior Software Engineer","Software Engineer","Network Security Engineer","Cyber Security Analyst"],"Information Security Analyst":"Avg. Salary \u20b9280k \u2014 \u20b91m","Security Consultant, (Computing \/ Networking \/ Information Technology)":"Avg. Salary \u20b9310k \u2014 \u20b92m","Network Engineer":"Avg. Salary \u20b9164k \u2014 \u20b9808k","Information Security Manager":"Avg. Salary \u20b9678k \u2014 \u20b93m","Information Technology (IT) Manager":"Avg. Salary \u20b9412k \u2014 \u20b93m","Senior Software Engineer":"Avg. Salary \u20b9493k \u2014 \u20b92m","Software Engineer":"Avg. Salary \u20b9263k \u2014 \u20b91m","Network Security Engineer":"Avg. Salary \u20b9240k \u2014 \u20b91m","Cyber Security Analyst":"Avg. Salary \u20b9305k \u2014 \u20b91m"}}