{"0":{"job_title":"Senior_Buyer","avg_salary":"\u20b9834,897","salary_component":["Base Salary","Bonus","Profit Sharing","Total Pay"],"Base Salary":"\u20b9375k - \u20b92m","Bonus":"\u20b920k - \u20b9176k","Profit Sharing":"\u20b92k - \u20b9102k","Total Pay":"\u20b9386k - \u20b92m","pay_by_experience_percent":["Early Career","Mid Career","Late Career"],"Early Career":"-52%","Mid Career":"11%","Late Career":"47%","pay_by_experience_years":["1-4","5-9"],"1-4":"\u20b9402,593","5-9":"\u20b9928,785","gender_component":["Male","Female"],"Male":"86.0","Female":"14.0","health_benefits_componentt":["Medical","Dental","Vision","None"],"Medical":"84","Dental":"5","Vision":"5","None":"16","popular_skills_component":["Procurement","Negotiation","Sourcing","Supplier Management","Vendor Management"],"Procurement":"4%","Negotiation":"17%","Sourcing":"15%","Supplier Management":"17%","Vendor Management":"\u20b9700,000","affect_skills_component":["Contract Negotiation","Inventory Management","Supply Chain","Negotiation","Supplier Management","Sourcing","Procurement"],"Contract Negotiation":"73%","Inventory Management":"66%","Supply Chain":"32%","career_path_component":["Purchasing Manager","Procurement Manager","Buyer"],"location_component":["Bangalore, Karnataka","Chennai, Tamil Nadu","Pune, Maharashtra","Mumbai, Maharashtra","New Delhi, Delhi","Hyderabad, Andhra Pradesh","Gurgaon, Haryana","Ahmedabad, Gujarat"],"Bangalore, Karnataka":"-12%","Chennai, Tamil Nadu":"-4%","Pune, Maharashtra":"-6%","Mumbai, Maharashtra":"21%","New Delhi, Delhi":"32%","Hyderabad, Andhra Pradesh":"-29%","Gurgaon, Haryana":"14%","Ahmedabad, Gujarat":"10%","employers_component":["Meritor Automotive Inc"],"Meritor Automotive Inc":"Avg. Salary: \u20b91,024,390","related_job_component":["Purchasing Manager","Procurement Manager","Procurement Specialist","Supply Chain Manager","Buyer","Operations Manager","Technical Recruiter","Strategic Sourcing Manager","Recruiter"],"Purchasing Manager":"Avg. Salary \u20b9325k \u2014 \u20b92m","Procurement Manager":"Avg. Salary \u20b9364k \u2014 \u20b92m","Procurement Specialist":"Avg. Salary \u20b9247k \u2014 \u20b9934k","Supply Chain Manager":"Avg. Salary \u20b9301k \u2014 \u20b92m","Buyer":"Avg. Salary \u20b9297k \u2014 \u20b91m","Operations Manager":"Avg. Salary \u20b9297k \u2014 \u20b92m","Technical Recruiter":"Avg. Salary \u20b9177k \u2014 \u20b9591k","Strategic Sourcing Manager":"Avg. Salary \u20b9612k \u2014 \u20b92m","Recruiter":"Avg. Salary \u20b9142k \u2014 \u20b9689k"}}