{"0":{"job_title":"Senior_Product_Manager","avg_salary":"\u20b92,351,291","salary_component":["Base Salary","Bonus","Profit Sharing","Commission","Total Pay"],"Base Salary":"\u20b9990k - \u20b94m","Bonus":"\u20b997k - \u20b9849k","Profit Sharing":"\u20b937k - \u20b92m","Commission":"\u20b90 - \u20b9363k","Total Pay":"\u20b91m - \u20b95m","pay_by_experience_percent":["Early Career","Mid Career","Late Career","Experienced"],"Early Career":"-16%","Mid Career":"-2%","Late Career":"6%","Experienced":"-11%","pay_by_experience_years":["1-4","5-9"],"1-4":"\u20b91,978,920","5-9":"\u20b92,305,980","gender_component":["Male","Female","Prefer to self-define"],"Male":"90.5","Female":"9.0","Prefer to self-define":"0.5","health_benefits_componentt":["Medical","Dental","Vision","None"],"Medical":"87","Dental":"15","Vision":"12","None":"13","popular_skills_component":["Product Management","Product Development","Business Strategy","Agile Software Development","Product Marketing"],"Product Management":"5%","Product Development":"\u20b92,315,006","Business Strategy":"6%","Agile Software Development":"9%","Product Marketing":"\u20b92,025,815","affect_skills_component":["Strategic Planning","Strategy","User Experience (UX) Design","Agile Software Development","Business Strategy","Data Analysis","Product Management","Business Development","People Management","Project Management"],"Strategic Planning":"43%","Strategy":"21%","User Experience (UX) Design":"19%","Data Analysis":"6%","Business Development":"5%","People Management":"4%","Project Management":"3%","career_path_component":["Product Management Director","Deputy General Manager","Group Product Manager"],"location_component":["Bangalore, Karnataka","Mumbai, Maharashtra","Hyderabad, Andhra Pradesh","Pune, Maharashtra","Chennai, Tamil Nadu","Gurgaon, Haryana","New Delhi, Delhi","Noida, Uttar Pradesh","Delhi, Delhi","Kolkata, West Bengal"],"Bangalore, Karnataka":"22%","Mumbai, Maharashtra":"-22%","Hyderabad, Andhra Pradesh":"9%","Pune, Maharashtra":"-13%","Chennai, Tamil Nadu":"-12%","Gurgaon, Haryana":"7%","New Delhi, Delhi":"5%","Noida, Uttar Pradesh":"-2%","Delhi, Delhi":"-16%","Kolkata, West Bengal":"-18%","employers_component":["Amazon.com Inc","Oracle","Mahindra & Mahindra Ltd.","Paypal, Inc.","Tata Communications Ltd","Tata Motors","Axis Bank","Cisco Systems Inc","Dell, Inc.","IVY Comptech"],"Amazon.com Inc":"Avg. Salary: \u20b93,793,919","Oracle":"Avg. Salary: \u20b92,152,780","Mahindra & Mahindra Ltd.":"Avg. Salary: \u20b91,335,000","Paypal, Inc.":"Avg. Salary: \u20b93,200,000","Tata Communications Ltd":"Avg. Salary: \u20b92,147,500","Tata Motors":"Avg. Salary: \u20b9850,000","Axis Bank":"Avg. Salary: \u20b91,300,000","Cisco Systems Inc":"Avg. Salary: \u20b93,358,036","Dell, Inc.":"Avg. Salary: \u20b94,250,000","IVY Comptech":"Avg. Salary: \u20b92,300,000","related_job_component":["Operations Manager","Project Manager, (Unspecified Type \/ General)","Senior Business Analyst","Marketing Manager","Operations Team Leader","Mechanical Engineer","Area Sales Manager","Business Analyst, IT","Business Development Manager"],"Operations Manager":"Avg. Salary \u20b9297k \u2014 \u20b92m","Project Manager, (Unspecified Type \/ General)":"Avg. Salary \u20b9456k \u2014 \u20b92m","Senior Business Analyst":"Avg. Salary \u20b9447k \u2014 \u20b92m","Marketing Manager":"Avg. Salary \u20b9285k \u2014 \u20b92m","Operations Team Leader":"Avg. Salary \u20b9242k \u2014 \u20b9948k","Mechanical Engineer":"Avg. Salary \u20b9152k \u2014 \u20b9983k","Area Sales Manager":"Avg. Salary \u20b9299k \u2014 \u20b91m","Business Analyst, IT":"Avg. Salary \u20b9275k \u2014 \u20b91m","Business Development Manager":"Avg. Salary \u20b9266k \u2014 \u20b91m"}}