{"0":{"job_title":"Senior_Supply_Chain_Manager","avg_salary":"\u20b91,945,775","salary_component":["Base Salary","Bonus","Total Pay"],"Base Salary":"\u20b91m - \u20b94m","Bonus":"\u20b950k - \u20b9520k","Total Pay":"\u20b91m - \u20b94m","pay_by_experience_percent":["Mid Career","Late Career","Experienced"],"Mid Career":"10%","Late Career":"0%","Experienced":"0%","pay_by_experience_years":["5-9","10-19"],"5-9":"\u20b92,146,153","10-19":"\u20b91,946,763","gender_component":["Male","Female"],"Male":"93.1","Female":"6.9","health_benefits_componentt":["Medical","Dental","Vision","None"],"Medical":"86","Dental":"10","Vision":"12","None":"14","popular_skills_component":["Supply Chain","Inventory Management","Strategic Planning","Operations Management","Project Management"],"Supply Chain":"\u20b91,911,216","Inventory Management":"\u20b91,880,000","Strategic Planning":"1%","Operations Management":"\u20b91,905,000","Project Management":"18%","affect_skills_component":["Project Management","Strategic Planning"],"career_path_component":["Operations Manager","Business Operations Manager"],"location_component":["Mumbai, Maharashtra","Bangalore, Karnataka","New Delhi, Delhi","Chennai, Tamil Nadu"],"Mumbai, Maharashtra":"13%","Bangalore, Karnataka":"-13%","New Delhi, Delhi":"-22%","Chennai, Tamil Nadu":"-5%","employers_component":[],"related_job_component":["Operations Manager","Project Manager, (Unspecified Type \/ General)","Civil Engineer","Logistics Manager","Operations Team Leader","Supply Chain Manager","Project Manager, Information Technology (IT)","Service Delivery Manager","General \/ Operations Manager"],"Operations Manager":"Avg. Salary \u20b9297k \u2014 \u20b92m","Project Manager, (Unspecified Type \/ General)":"Avg. Salary \u20b9464k \u2014 \u20b92m","Civil Engineer":"Avg. Salary \u20b9155k \u2014 \u20b9773k","Logistics Manager":"Avg. Salary \u20b9238k \u2014 \u20b91m","Operations Team Leader":"Avg. Salary \u20b9242k \u2014 \u20b9941k","Supply Chain Manager":"Avg. Salary \u20b9303k \u2014 \u20b92m","Project Manager, Information Technology (IT)":"Avg. Salary \u20b9564k \u2014 \u20b92m","Service Delivery Manager":"Avg. Salary \u20b9405k \u2014 \u20b93m","General \/ Operations Manager":"Avg. Salary \u20b9327k \u2014 \u20b93m"}}