{"0":{"job_title":"Senior_SAP_Consultant","avg_salary":"\u20b91,184,037","salary_component":["Base Salary","Bonus","Profit Sharing","Commission","Total Pay"],"Base Salary":"\u20b9692k - \u20b92m","Bonus":"\u20b949k - \u20b9248k","Profit Sharing":"\u20b97k - \u20b9375k","Commission":"\u20b90 - \u20b950k","Total Pay":"\u20b9719k - \u20b92m","pay_by_experience_percent":["Early Career","Mid Career","Late Career","Experienced"],"Early Career":"-35%","Mid Career":"-4%","Late Career":"26%","Experienced":"44%","pay_by_experience_years":["1-4","5-9"],"1-4":"\u20b9772,279","5-9":"\u20b91,132,066","gender_component":["Male","Female"],"Male":"83.7","Female":"16.3","health_benefits_componentt":["Medical","Dental","Vision","None"],"Medical":"78","Dental":"8","Vision":"8","None":"22","popular_skills_component":["SAP ABAP","SAP Sales and Distribution (SAP SD)","SAP Financial Accounting and Controlling (SAP FICO)","SAP Materials Management (SAP MM)","SAP Enterprise Resource Planning (ERP)"],"SAP ABAP":"\u20b91,124,322","SAP Sales and Distribution (SAP SD)":"\u20b91,232,126","SAP Financial Accounting and Controlling (SAP FICO)":"\u20b91,241,701","SAP Materials Management (SAP MM)":"\u20b91,177,064","SAP Enterprise Resource Planning (ERP)":"\u20b91,186,963","affect_skills_component":["Project Management","SAP Hybris","SAP Supplier Relationship Management (SAP SRM)","SAP Advanced Planner and Optimizer (SAP APO)","SAP Enterprise Portal (SAP EP)","Cloud Computing","SAP Transportation Management (SAP TM )","Master Data Management (SAP MDM)","SAP Exchange Infrastructure (SAP XI)","SAP Supply Chain Management (SAP SCM)"],"Project Management":"31%","SAP Hybris":"27%","SAP Supplier Relationship Management (SAP SRM)":"24%","SAP Advanced Planner and Optimizer (SAP APO)":"21%","SAP Enterprise Portal (SAP EP)":"18%","Cloud Computing":"16%","SAP Transportation Management (SAP TM )":"15%","Master Data Management (SAP MDM)":"15%","SAP Exchange Infrastructure (SAP XI)":"12%","SAP Supply Chain Management (SAP SCM)":"8%","career_path_component":["SAP Consultant","Project Manager, Information Technology ...","SAP Project Manager"],"location_component":["Bangalore, Karnataka","Mumbai, Maharashtra","Pune, Maharashtra","Hyderabad, Andhra Pradesh","Chennai, Tamil Nadu","Kolkata, West Bengal","Gurgaon, Haryana","New Delhi, Delhi","Noida, Uttar Pradesh","Delhi, Delhi"],"Bangalore, Karnataka":"1%","Mumbai, Maharashtra":"%","Pune, Maharashtra":"-1%","Hyderabad, Andhra Pradesh":"2%","Chennai, Tamil Nadu":"-5%","Kolkata, West Bengal":"-15%","Gurgaon, Haryana":"12%","New Delhi, Delhi":"17%","Noida, Uttar Pradesh":"-9%","Delhi, Delhi":"1%","employers_component":["InfoSys Limited","Capgemini","IBM India Private Limited","Capgemini Consulting","Accenture","Accenture Technology Solutions","EY (Ernst & Young)","HCL Technologies Ltd.","Deloitte","Cognizant"],"InfoSys Limited":"Avg. Salary: \u20b91,228,740","Capgemini":"Avg. Salary: \u20b91,074,260","IBM India Private Limited":"Avg. Salary: \u20b91,125,000","Capgemini Consulting":"Avg. Salary: \u20b9842,104","Accenture":"Avg. Salary: \u20b9979,495","Accenture Technology Solutions":"Avg. Salary: \u20b91,051,781","EY (Ernst & Young)":"Avg. Salary: \u20b91,376,534","HCL Technologies Ltd.":"Avg. Salary: \u20b9975,000","Deloitte":"Avg. Salary: \u20b91,331,247","Cognizant":"Avg. Salary: \u20b91,145,098","related_job_component":["SAP Consultant","Project Manager, (Unspecified Type \/ General)","SAP Basis Administrator","SAP ABAP Programmer","Project Manager, Information Technology (IT)","Information Technology (IT) Consultant","Civil Engineer","Senior Software Engineer","Technical Consultant"],"SAP Consultant":"Avg. Salary \u20b9301k \u2014 \u20b91m","Project Manager, (Unspecified Type \/ General)":"Avg. Salary \u20b9456k \u2014 \u20b92m","SAP Basis Administrator":"Avg. Salary \u20b9299k \u2014 \u20b91m","SAP ABAP Programmer":"Avg. Salary \u20b9267k \u2014 \u20b91m","Project Manager, Information Technology (IT)":"Avg. Salary \u20b9533k \u2014 \u20b92m","Information Technology (IT) Consultant":"Avg. Salary \u20b9391k \u2014 \u20b92m","Civil Engineer":"Avg. Salary \u20b9154k \u2014 \u20b9771k","Senior Software Engineer":"Avg. Salary \u20b9493k \u2014 \u20b92m","Technical Consultant":"Avg. Salary \u20b9312k \u2014 \u20b92m"}}