{"0":{"job_title":"Senior_Quantity_Surveyor","avg_salary":"\u20b9649,072","salary_component":["Base Salary","Bonus","Profit Sharing","Total Pay"],"Base Salary":"\u20b9323k - \u20b91m","Bonus":"\u20b98k - \u20b9199k","Profit Sharing":"\u20b90 - \u20b95k","Total Pay":"\u20b9352k - \u20b91m","pay_by_experience_percent":["Early Career","Mid Career","Late Career","Experienced"],"Early Career":"-30%","Mid Career":"-16%","Late Career":"23%","Experienced":"35%","pay_by_experience_years":["1-4","5-9"],"1-4":"\u20b9453,000","5-9":"\u20b9548,373","gender_component":["Male","Female"],"Male":"76.0","Female":"24.0","health_benefits_componentt":["Medical","Vision","None"],"Medical":"67","Vision":"3","None":"33","popular_skills_component":["Construction Estimating","Autodesk Quantity Takeoff","Contract Management","Budget Management","Project Management"],"Construction Estimating":"\u20b9520,029","Autodesk Quantity Takeoff":"\u20b9547,381","Contract Management":"9%","Budget Management":"\u20b9543,797","Project Management":"\u20b9500,982","affect_skills_component":["Preconstruction Budgeting","Contract Negotiation","Commercial","Contract Management"],"Preconstruction Budgeting":"108%","Contract Negotiation":"23%","Commercial":"12%","career_path_component":["Quantity Surveyor"],"location_component":["Bangalore, Karnataka","Mumbai, Maharashtra","Hyderabad, Andhra Pradesh","Chennai, Tamil Nadu"],"Bangalore, Karnataka":"-15%","Mumbai, Maharashtra":"41%","Hyderabad, Andhra Pradesh":"2%","Chennai, Tamil Nadu":"-24%","employers_component":[],"related_job_component":["Civil Engineer","Project Manager, (Unspecified Type \/ General)","Mechanical Engineer","Project Engineer","Project Manager, Construction","Electrical Engineer","Project Manager, Information Technology (IT)","Design Engineer","Operations Manager"],"Civil Engineer":"Avg. Salary \u20b9154k \u2014 \u20b9771k","Project Manager, (Unspecified Type \/ General)":"Avg. Salary \u20b9456k \u2014 \u20b92m","Mechanical Engineer":"Avg. Salary \u20b9152k \u2014 \u20b9983k","Project Engineer":"Avg. Salary \u20b9198k \u2014 \u20b9843k","Project Manager, Construction":"Avg. Salary \u20b9389k \u2014 \u20b92m","Electrical Engineer":"Avg. Salary \u20b9174k \u2014 \u20b9995k","Project Manager, Information Technology (IT)":"Avg. Salary \u20b9531k \u2014 \u20b92m","Design Engineer":"Avg. Salary \u20b9174k \u2014 \u20b9926k","Operations Manager":"Avg. Salary \u20b9297k \u2014 \u20b92m"}}