{"0":{"job_title":"Senior_Business_Consultant","avg_salary":"\u20b91,415,397","salary_component":["Base Salary","Bonus","Profit Sharing","Commission","Total Pay"],"Base Salary":"\u20b9630k - \u20b92m","Bonus":"\u20b962k - \u20b9339k","Profit Sharing":"\u20b90 - \u20b91m","Commission":"\u20b90 - \u20b9100k","Total Pay":"\u20b9721k - \u20b92m","pay_by_experience_percent":["Early Career","Mid Career","Late Career","Experienced"],"Early Career":"-33%","Mid Career":"-4%","Late Career":"27%","Experienced":"108%","pay_by_experience_years":["1-4","5-9"],"1-4":"\u20b9950,000","5-9":"\u20b91,356,571","gender_component":["Male","Female"],"Male":"82.3","Female":"17.7","health_benefits_componentt":["Medical","Dental","Vision","None"],"Medical":"90","Dental":"12","Vision":"12","None":"10","popular_skills_component":["Business Analysis","Consulting Management","Requirements Analysis","Process Improvement","Project Management"],"Business Analysis":"7%","Consulting Management":"6%","Requirements Analysis":"8%","Process Improvement":"4%","Project Management":"5%","affect_skills_component":["Business Process Engineering","Business Development","Business Strategy","Requirements Analysis","Business Analysis","Consulting Management","Project Management","IT Consulting","Process Improvement","Supply Chain"],"Business Process Engineering":"101%","Business Development":"59%","Business Strategy":"23%","IT Consulting":"5%","Supply Chain":"3%","career_path_component":[],"location_component":["Bangalore, Karnataka","Mumbai, Maharashtra","Pune, Maharashtra","Hyderabad, Andhra Pradesh","New Delhi, Delhi","Chennai, Tamil Nadu","Gurgaon, Haryana","Delhi, Delhi"],"Bangalore, Karnataka":"-3%","Mumbai, Maharashtra":"5%","Pune, Maharashtra":"10%","Hyderabad, Andhra Pradesh":"2%","New Delhi, Delhi":"-51%","Chennai, Tamil Nadu":"11%","Gurgaon, Haryana":"-4%","Delhi, Delhi":"10%","employers_component":["Cognizant","EY (Ernst & Young)","JDA Software Group, Inc.","Sapient Corporation","Techmahindra Ltd","Capgemini"],"Cognizant":"Avg. Salary: \u20b91,395,878","EY (Ernst & Young)":"Avg. Salary: \u20b91,227,272","JDA Software Group, Inc.":"Avg. Salary: \u20b91,440,000","Sapient Corporation":"Avg. Salary: \u20b91,200,000","Techmahindra Ltd":"Avg. Salary: \u20b91,650,000","Capgemini":"Avg. Salary: \u20b91,038,000","related_job_component":["Senior Business Analyst","Business Analyst, IT","Operations Manager","Project Manager, (Unspecified Type \/ General)","Management Consultant","Business Consultant","Business Process \/ Management Consultant","Information Technology (IT) Consultant","Business Analyst (Unspecified Type)"],"Senior Business Analyst":"Avg. Salary \u20b9447k \u2014 \u20b92m","Business Analyst, IT":"Avg. Salary \u20b9275k \u2014 \u20b91m","Operations Manager":"Avg. Salary \u20b9296k \u2014 \u20b92m","Project Manager, (Unspecified Type \/ General)":"Avg. Salary \u20b9456k \u2014 \u20b92m","Management Consultant":"Avg. Salary \u20b9350k \u2014 \u20b93m","Business Consultant":"Avg. Salary \u20b9347k \u2014 \u20b92m","Business Process \/ Management Consultant":"Avg. Salary \u20b9204k \u2014 \u20b92m","Information Technology (IT) Consultant":"Avg. Salary \u20b9391k \u2014 \u20b92m","Business Analyst (Unspecified Type)":"Avg. Salary \u20b9252k \u2014 \u20b91m"}}