{"0":{"job_title":"Senior_Business_Analyst","avg_salary":"\u20b9988,963","salary_component":["Base Salary","Bonus","Profit Sharing","Commission","Total Pay"],"Base Salary":"\u20b9447k - \u20b92m","Bonus":"\u20b929k - \u20b9204k","Profit Sharing":"\u20b93k - \u20b9305k","Commission":"\u20b940k - \u20b9210k","Total Pay":"\u20b9469k - \u20b92m","pay_by_experience_percent":["Entry Level","Early Career","Mid Career","Late Career","Experienced"],"Entry Level":"-32%","Early Career":"-24%","Mid Career":"3%","Late Career":"47%","Experienced":"16%","pay_by_experience_years":["1","1-4"],"1":"\u20b9667,921","1-4":"\u20b9755,295","gender_component":["Male","Female","Prefer to self-define"],"Male":"74.2","Female":"25.5","Prefer to self-define":"0.2","health_benefits_componentt":["Medical","Dental","Vision","None"],"Medical":"79","Dental":"8","Vision":"8","None":"21","popular_skills_component":["Business Analysis","Requirements Analysis","Data Analysis","Project Management","Microsoft Excel"],"Business Analysis":"\u20b91,027,675","Requirements Analysis":"\u20b91,152,544","Data Analysis":"\u20b9960,088","Project Management":"\u20b9994,793","Microsoft Excel":"\u20b9845,011","affect_skills_component":["Business Process Engineering","ScrumMaster","Retail","Telecommunications","Pre-Sales","Data Management","Banking","Product Management","Financial Modeling","Proposal Writing"],"Business Process Engineering":"83%","ScrumMaster":"82%","Retail":"58%","Telecommunications":"52%","Pre-Sales":"40%","Data Management":"38%","Banking":"37%","Product Management":"37%","Financial Modeling":"37%","Proposal Writing":"33%","career_path_component":["Lead Business Analyst","Project Manager, (Unspecified Type \/ Gen...","Analytics Manager"],"location_component":["Bangalore, Karnataka","Pune, Maharashtra","Chennai, Tamil Nadu","Mumbai, Maharashtra","Hyderabad, Andhra Pradesh","Gurgaon, Haryana","New Delhi, Delhi","Noida, Uttar Pradesh","Delhi, Delhi","Kolkata, West Bengal"],"Bangalore, Karnataka":"12%","Pune, Maharashtra":"17%","Chennai, Tamil Nadu":"-1%","Mumbai, Maharashtra":"-3%","Hyderabad, Andhra Pradesh":"2%","Gurgaon, Haryana":"-9%","New Delhi, Delhi":"-21%","Noida, Uttar Pradesh":"-16%","Delhi, Delhi":"-21%","Kolkata, West Bengal":"-22%","employers_component":["Tata Consultancy Services Limited","Accenture","EXL Service.com","Cognizant","J.P. Morgan Chase & Co. (JPMCC)","FIS","Accenture Technology Solutions","Wipro Technologies Ltd.","HCL Technologies Ltd.","Novartis"],"Tata Consultancy Services Limited":"Avg. Salary: \u20b9699,225","Accenture":"Avg. Salary: \u20b9739,207","EXL Service.com":"Avg. Salary: \u20b9708,608","Cognizant":"Avg. Salary: \u20b91,136,264","J.P. Morgan Chase & Co. (JPMCC)":"Avg. Salary: \u20b91,473,938","FIS":"Avg. Salary: \u20b9977,904","Accenture Technology Solutions":"Avg. Salary: \u20b9811,894","Wipro Technologies Ltd.":"Avg. Salary: \u20b91,204,400","HCL Technologies Ltd.":"Avg. Salary: \u20b91,000,000","Novartis":"Avg. Salary: \u20b91,031,749","related_job_component":["Operations Manager","Project Manager, (Unspecified Type \/ General)","Data Analyst","Business Analyst, IT","Software Engineer","Senior Software Engineer","Data Scientist","Project Manager, Information Technology (IT)","Civil Engineer"],"Operations Manager":"Avg. Salary \u20b9296k \u2014 \u20b92m","Project Manager, (Unspecified Type \/ General)":"Avg. Salary \u20b9456k \u2014 \u20b92m","Data Analyst":"Avg. Salary \u20b9201k \u2014 \u20b9959k","Business Analyst, IT":"Avg. Salary \u20b9275k \u2014 \u20b91m","Software Engineer":"Avg. Salary \u20b9263k \u2014 \u20b91m","Senior Software Engineer":"Avg. Salary \u20b9493k \u2014 \u20b92m","Data Scientist":"Avg. Salary \u20b9343k \u2014 \u20b92m","Project Manager, Information Technology (IT)":"Avg. Salary \u20b9531k \u2014 \u20b92m","Civil Engineer":"Avg. Salary \u20b9154k \u2014 \u20b9771k"}}