{"0":{"job_title":"Senior_Learning_and_Development_Specialist","avg_salary":"\u20b91,289,915","salary_component":["Base Salary","Bonus","Profit Sharing","Total Pay"],"Base Salary":"\u20b9404k - \u20b93m","Bonus":"\u20b938k - \u20b9685k","Profit Sharing":"\u20b90 - \u20b9125k","Total Pay":"\u20b9418k - \u20b94m","pay_by_experience_percent":["Early Career","Mid Career","Late Career","Experienced"],"Early Career":"-60%","Mid Career":"-34%","Late Career":"28%","Experienced":"148%","pay_by_experience_years":["1-4"],"1-4":"\u20b9522,328","gender_component":["Female","Male"],"Female":"51.6","Male":"48.4","health_benefits_componentt":["Medical","Dental","Vision","None"],"Medical":"84","Dental":"7","Vision":"7","None":"16","popular_skills_component":["Training Program Development","Facilitator","Organizational Development","Project Management","Course Design"],"Training Program Development":"\u20b9900,100","Facilitator":"10%","Organizational Development":"15%","Project Management":"\u20b9930,000","Course Design":"\u20b9950,000","affect_skills_component":["Training Management","Organizational Development","Training","Facilitator"],"Training Management":"82%","Training":"11%","career_path_component":["Training & Development Manager"],"location_component":["Mumbai, Maharashtra","Bangalore, Karnataka","Pune, Maharashtra","Chennai, Tamil Nadu","Hyderabad, Andhra Pradesh"],"Mumbai, Maharashtra":"53%","Bangalore, Karnataka":"-35%","Pune, Maharashtra":"9%","Chennai, Tamil Nadu":"-53%","Hyderabad, Andhra Pradesh":"-44%","employers_component":[],"related_job_component":["Project Manager, (Unspecified Type \/ General)","Civil Engineer","Human Resources (HR) Manager","Training Manager","Project Manager, Information Technology (IT)","Project Engineer","Corporate Trainer","Mechanical Engineer","Training & Development Manager"],"Project Manager, (Unspecified Type \/ General)":"Avg. Salary \u20b9456k \u2014 \u20b92m","Civil Engineer":"Avg. Salary \u20b9154k \u2014 \u20b9771k","Human Resources (HR) Manager":"Avg. Salary \u20b9293k \u2014 \u20b92m","Training Manager":"Avg. Salary \u20b9385k \u2014 \u20b92m","Project Manager, Information Technology (IT)":"Avg. Salary \u20b9533k \u2014 \u20b92m","Project Engineer":"Avg. Salary \u20b9198k \u2014 \u20b9849k","Corporate Trainer":"Avg. Salary \u20b9220k \u2014 \u20b9902k","Mechanical Engineer":"Avg. Salary \u20b9152k \u2014 \u20b9983k","Training & Development Manager":"Avg. Salary \u20b9400k \u2014 \u20b92m"}}