{"0":{"job_title":"Senior_Strategy_Manager","avg_salary":"\u20b92,138,117","salary_component":["Base Salary","Bonus","Profit Sharing","Total Pay"],"Base Salary":"\u20b91m - \u20b94m","Bonus":"\u20b998k - \u20b9623k","Profit Sharing":"\u20b90 - \u20b9500k","Total Pay":"\u20b91m - \u20b94m","pay_by_experience_percent":["Early Career","Mid Career","Late Career","Experienced"],"Early Career":"-11%","Mid Career":"-8%","Late Career":"21%","Experienced":"46%","pay_by_experience_years":["1-4","5-9"],"1-4":"\u20b91,900,000","5-9":"\u20b91,965,270","gender_component":["Male","Female"],"Male":"80.0","Female":"20.0","health_benefits_componentt":["Medical","Dental","Vision","None"],"Medical":"80","Dental":"5","Vision":"7","None":"18","popular_skills_component":["Business Strategy","Strategic Planning","Market Research","Data Analysis","Strategic Project Management"],"Business Strategy":"2%","Strategic Planning":"2%","Market Research":"\u20b91,894,000","Data Analysis":"17%","Strategic Project Management":"\u20b92,000,000","affect_skills_component":["Data Analysis","Business Strategy","Strategic Planning"],"career_path_component":["Vice President (VP), Strategy"],"location_component":["Mumbai, Maharashtra","Bangalore, Karnataka","New Delhi, Delhi","Hyderabad, Andhra Pradesh","Delhi, Delhi","Chennai, Tamil Nadu","Noida, Uttar Pradesh","Pune, Maharashtra","Gurgaon, Haryana","Mumbai (Bombay), Maharashtra"],"Mumbai, Maharashtra":"-1%","Bangalore, Karnataka":"5%","New Delhi, Delhi":"4%","Hyderabad, Andhra Pradesh":"33%","Delhi, Delhi":"-16%","Chennai, Tamil Nadu":"5%","Noida, Uttar Pradesh":"-16%","Pune, Maharashtra":"-23%","Gurgaon, Haryana":"-16%","Mumbai (Bombay), Maharashtra":"-35%","employers_component":[],"related_job_component":["Data Analyst","Business Development Manager","Research Analyst","Senior Business Analyst","Project Manager, (Unspecified Type \/ General)","Management Consultant","Chief Executive Officer (CEO)","Business Analyst (Unspecified Type)","Data Scientist"],"Data Analyst":"Avg. Salary \u20b9200k \u2014 \u20b9960k","Business Development Manager":"Avg. Salary \u20b9268k \u2014 \u20b91m","Research Analyst":"Avg. Salary \u20b9192k \u2014 \u20b9861k","Senior Business Analyst":"Avg. Salary \u20b9450k \u2014 \u20b92m","Project Manager, (Unspecified Type \/ General)":"Avg. Salary \u20b9456k \u2014 \u20b92m","Management Consultant":"Avg. Salary \u20b9348k \u2014 \u20b93m","Chief Executive Officer (CEO)":"Avg. Salary \u20b9484k \u2014 \u20b910m","Business Analyst (Unspecified Type)":"Avg. Salary \u20b9252k \u2014 \u20b91m","Data Scientist":"Avg. Salary \u20b9344k \u2014 \u20b92m"}}