{"0":{"job_title":"Senior_Procurement_Manager","avg_salary":"\u20b91,781,550","salary_component":["Base Salary","Bonus","Profit Sharing","Total Pay"],"Base Salary":"\u20b9692k - \u20b93m","Bonus":"\u20b953k - \u20b9590k","Profit Sharing":"\u20b90 - \u20b9104k","Total Pay":"\u20b9758k - \u20b94m","pay_by_experience_percent":["Mid Career","Late Career","Experienced"],"Mid Career":"-12%","Late Career":"-5%","Experienced":"18%","pay_by_experience_years":["5-9","10-19"],"5-9":"\u20b91,560,000","10-19":"\u20b91,689,467","gender_component":["Male","Female"],"Male":"94.8","Female":"5.2","health_benefits_componentt":["Medical","Dental","Vision","None"],"Medical":"87","Dental":"17","Vision":"16","None":"13","popular_skills_component":["Procurement","Sourcing","Contract Negotiation","Vendor Management","Supplier Management"],"Procurement":"\u20b91,763,935","Sourcing":"\u20b91,720,000","Contract Negotiation":"\u20b91,768,743","Vendor Management":"3%","Supplier Management":"27%","affect_skills_component":["Supply Chain","Supplier Management","Contract Management","Vendor Management","Negotiation"],"Supply Chain":"31%","Contract Management":"23%","Negotiation":"3%","career_path_component":["Procurement Manager"],"location_component":["Mumbai, Maharashtra","Bangalore, Karnataka","Pune, Maharashtra","Delhi, Delhi","Gurgaon, Haryana","Chennai, Tamil Nadu","Kolkata, West Bengal","Hyderabad, Andhra Pradesh","New Delhi, Delhi"],"Mumbai, Maharashtra":"14%","Bangalore, Karnataka":"21%","Pune, Maharashtra":"-36%","Delhi, Delhi":"-18%","Gurgaon, Haryana":"2%","Chennai, Tamil Nadu":"12%","Kolkata, West Bengal":"-13%","Hyderabad, Andhra Pradesh":"-33%","New Delhi, Delhi":"32%","employers_component":[],"related_job_component":["Purchasing Manager","Procurement Manager","Procurement Specialist","Buyer","Operations Manager","Technical Recruiter","Strategic Sourcing Manager","Senior Buyer","Recruiter"],"Purchasing Manager":"Avg. Salary \u20b9325k \u2014 \u20b92m","Procurement Manager":"Avg. Salary \u20b9365k \u2014 \u20b92m","Procurement Specialist":"Avg. Salary \u20b9247k \u2014 \u20b9934k","Buyer":"Avg. Salary \u20b9297k \u2014 \u20b91m","Operations Manager":"Avg. Salary \u20b9297k \u2014 \u20b92m","Technical Recruiter":"Avg. Salary \u20b9177k \u2014 \u20b9591k","Strategic Sourcing Manager":"Avg. Salary \u20b9622k \u2014 \u20b92m","Senior Buyer":"Avg. Salary \u20b9375k \u2014 \u20b92m","Recruiter":"Avg. Salary \u20b9142k \u2014 \u20b9689k"}}