{"0":{"job_title":"Senior_Technical_Analyst","avg_salary":"\u20b9890,137","salary_component":["Base Salary","Bonus","Profit Sharing","Total Pay"],"Base Salary":"\u20b9339k - \u20b92m","Bonus":"\u20b910k - \u20b9201k","Profit Sharing":"\u20b93k - \u20b9150k","Total Pay":"\u20b9356k - \u20b92m","pay_by_experience_percent":["Early Career","Mid Career","Late Career"],"Early Career":"-37%","Mid Career":"5%","Late Career":"60%","pay_by_experience_years":["1-4","5-9"],"1-4":"\u20b9565,012","5-9":"\u20b9933,803","gender_component":["Male","Female"],"Male":"87.8","Female":"12.2","health_benefits_componentt":["Medical","Dental","Vision","None"],"Medical":"81","Dental":"10","Vision":"7","None":"19","popular_skills_component":["Technical Analysis","Java\/J2EE","SQL","Information Technology Infrastructure Library (ITIL)","PL\/SQL"],"Technical Analysis":"\u20b9846,449","Java\/J2EE":"38%","SQL":"\u20b9914,331","Information Technology Infrastructure Library (ITIL)":"\u20b9924,324","PL\/SQL":"57%","affect_skills_component":["UNIX","HTML5","RESTful Web Services","PL\/SQL","Informatica","Software Development","Spring","Java\/J2EE","Test Automation","Python"],"UNIX":"69%","HTML5":"66%","RESTful Web Services":"61%","Informatica":"57%","Software Development":"51%","Spring":"42%","Test Automation":"35%","Python":"35%","career_path_component":["Sr. Software Engineer \/ Developer \/ Prog...","Technical Operations Manager","Laboratory Supervisor, Medical \/ Clinica..."],"location_component":["Bangalore, Karnataka","Chennai, Tamil Nadu","Pune, Maharashtra","Hyderabad, Andhra Pradesh","Gurgaon, Haryana","Mumbai, Maharashtra","Delhi, Delhi","Noida, Uttar Pradesh"],"Bangalore, Karnataka":"4%","Chennai, Tamil Nadu":"12%","Pune, Maharashtra":"23%","Hyderabad, Andhra Pradesh":"-15%","Gurgaon, Haryana":"1%","Mumbai, Maharashtra":"7%","Delhi, Delhi":"35%","Noida, Uttar Pradesh":"69%","employers_component":["HCL Technologies Ltd.","Schneider Electric Ltd","Wipro Technologies Ltd.","IBM India Private Limited"],"HCL Technologies Ltd.":"Avg. Salary: \u20b9999,897","Schneider Electric Ltd":"Avg. Salary: \u20b9821,152","Wipro Technologies Ltd.":"Avg. Salary: \u20b9980,000","IBM India Private Limited":"Avg. Salary: \u20b9314,923","related_job_component":["Software Engineer","Senior Software Engineer","Software Developer","Sr. Software Engineer \/ Developer \/ Programmer","Team Leader, IT","Information Technology (IT) Consultant","Java Developer","Associate Software Engineer","Software Engineer \/ Developer \/ Programmer"],"Software Engineer":"Avg. Salary \u20b9262k \u2014 \u20b91m","Senior Software Engineer":"Avg. Salary \u20b9492k \u2014 \u20b92m","Software Developer":"Avg. Salary \u20b9213k \u2014 \u20b91m","Sr. Software Engineer \/ Developer \/ Programmer":"Avg. Salary \u20b9431k \u2014 \u20b92m","Team Leader, IT":"Avg. Salary \u20b9585k \u2014 \u20b92m","Information Technology (IT) Consultant":"Avg. Salary \u20b9390k \u2014 \u20b92m","Java Developer":"Avg. Salary \u20b9197k \u2014 \u20b91m","Associate Software Engineer":"Avg. Salary \u20b9240k \u2014 \u20b91m","Software Engineer \/ Developer \/ Programmer":"Avg. Salary \u20b9224k \u2014 \u20b91m"}}