{"0":{"job_title":"Service_Delivery_Director","avg_salary":"\u20b93,029,185","salary_component":["Base Salary","Bonus","Profit Sharing","Total Pay"],"Base Salary":"\u20b92m - \u20b94m","Bonus":"\u20b997k - \u20b9721k","Profit Sharing":"\u20b90 - \u20b9400k","Total Pay":"\u20b92m - \u20b95m","pay_by_experience_percent":["Late Career","Experienced"],"Late Career":"-2%","Experienced":"6%","pay_by_experience_years":["10-19"],"10-19":"\u20b92,983,433","gender_component":["Male"],"Male":"100.0","health_benefits_componentt":["Medical","Dental","Vision","None"],"Medical":"88","Dental":"15","Vision":"13","None":"13","popular_skills_component":["People Management","Program Management","Operations Management","Customer Relationship Management (CRM)","Strategic Project Management"],"People Management":"2%","Program Management":"9%","Operations Management":"1%","Customer Relationship Management (CRM)":"\u20b92,324,100","Strategic Project Management":"1%","affect_skills_component":["Information Technology Infrastructure Library (ITIL)","Project Management","Program Management","People Management","Operations Management","Strategic Project Management"],"Information Technology Infrastructure Library (ITIL)":"23%","Project Management":"12%","career_path_component":[],"location_component":["Bangalore, Karnataka","Mumbai, Maharashtra","Chennai, Tamil Nadu","Pune, Maharashtra","Hyderabad, Andhra Pradesh","Gurgaon, Haryana"],"Bangalore, Karnataka":"12%","Mumbai, Maharashtra":"36%","Chennai, Tamil Nadu":"-9%","Pune, Maharashtra":"-1%","Hyderabad, Andhra Pradesh":"-24%","Gurgaon, Haryana":"16%","employers_component":["Wipro Technologies Ltd."],"Wipro Technologies Ltd.":"Avg. Salary: \u20b93,448,064","related_job_component":["Operations Manager","Project Manager, (Unspecified Type \/ General)","Service Delivery Manager","Project Manager, Information Technology (IT)","Operations Team Leader","Senior Project Manager, IT","Assistant Manager, Customer Service","Program Manager, IT","General \/ Operations Manager"],"Operations Manager":"Avg. Salary \u20b9297k \u2014 \u20b92m","Project Manager, (Unspecified Type \/ General)":"Avg. Salary \u20b9459k \u2014 \u20b92m","Service Delivery Manager":"Avg. Salary \u20b9405k \u2014 \u20b93m","Project Manager, Information Technology (IT)":"Avg. Salary \u20b9547k \u2014 \u20b92m","Operations Team Leader":"Avg. Salary \u20b9243k \u2014 \u20b9933k","Senior Project Manager, IT":"Avg. Salary \u20b91m \u2014 \u20b93m","Assistant Manager, Customer Service":"Avg. Salary \u20b9251k \u2014 \u20b9952k","Program Manager, IT":"Avg. Salary \u20b9899k \u2014 \u20b93m","General \/ Operations Manager":"Avg. Salary \u20b9319k \u2014 \u20b93m"}}