{"0":{"job_title":"Storage_Engineer","avg_salary":"\u20b9609,836","salary_component":["Base Salary","Bonus","Total Pay"],"Base Salary":"\u20b9276k - \u20b91m","Bonus":"\u20b92k - \u20b9296k","Total Pay":"\u20b9297k - \u20b91m","pay_by_experience_percent":["Early Career","Mid Career","Late Career"],"Early Career":"-27%","Mid Career":"25%","Late Career":"97%","pay_by_experience_years":["1-4","5-9"],"1-4":"\u20b9446,741","5-9":"\u20b9764,038","gender_component":["Male","Female"],"Male":"90.5","Female":"9.5","health_benefits_componentt":["Medical","Dental","Vision","None"],"Medical":"66","Dental":"9","Vision":"3","None":"34","popular_skills_component":["Storage Area Networking (SAN)","Storage Management","Storage Systems Engineer","Disk Arrays \/ Mass Storage","NetApp"],"Storage Area Networking (SAN)":"\u20b9550,000","Storage Management":"\u20b9500,000","Storage Systems Engineer":"\u20b9585,000","Disk Arrays \/ Mass Storage":"\u20b9460,000","NetApp":"23%","affect_skills_component":["NetApp"],"career_path_component":["Senior Storage Engineer"],"location_component":["Bangalore, Karnataka","Chennai, Tamil Nadu","Hyderabad, Andhra Pradesh","Pune, Maharashtra"],"Bangalore, Karnataka":"-10%","Chennai, Tamil Nadu":"-23%","Hyderabad, Andhra Pradesh":"23%","Pune, Maharashtra":"-10%","employers_component":[],"related_job_component":["Storage Area Network (SAN) Systems Administrator","Senior Storage Engineer","Senior Systems Administrator","Senior Technical Support Engineer","Senior Software Engineer","Software Engineer","Principal Software Engineer","Senior Systems Engineer","Systems Engineer, IT"],"Storage Area Network (SAN) Systems Administrator":"Avg. Salary \u20b9287k \u2014 \u20b91m","Senior Storage Engineer":"Avg. Salary \u20b9117k \u2014 \u20b92m","Senior Systems Administrator":"Avg. Salary \u20b9378k \u2014 \u20b91m","Senior Technical Support Engineer":"Avg. Salary \u20b9272k \u2014 \u20b92m","Senior Software Engineer":"Avg. Salary \u20b9493k \u2014 \u20b92m","Software Engineer":"Avg. Salary \u20b9262k \u2014 \u20b91m","Principal Software Engineer":"Avg. Salary \u20b91m \u2014 \u20b94m","Senior Systems Engineer":"Avg. Salary \u20b9371k \u2014 \u20b91m","Systems Engineer, IT":"Avg. Salary \u20b9197k \u2014 \u20b9627k"}}