{"0":{"job_title":"Strategy_Consultant","avg_salary":"\u20b91,340,897","salary_component":["Base Salary","Bonus","Profit Sharing","Total Pay"],"Base Salary":"\u20b9599k - \u20b93m","Bonus":"\u20b955k - \u20b9502k","Profit Sharing":"\u20b90 - \u20b944k","Total Pay":"\u20b9646k - \u20b93m","pay_by_experience_percent":["Early Career","Mid Career","Late Career"],"Early Career":"-17%","Mid Career":"19%","Late Career":"54%","pay_by_experience_years":["1-4","5-9"],"1-4":"\u20b91,119,218","5-9":"\u20b91,593,255","gender_component":["Male","Female"],"Male":"79.6","Female":"20.4","health_benefits_componentt":["Medical","Dental","Vision","None"],"Medical":"86","Dental":"11","Vision":"6","None":"14","popular_skills_component":["Business Strategy","Strategy","Strategic Planning","Business Analysis","Project Management"],"Business Strategy":"5%","Strategy":"6%","Strategic Planning":"\u20b91,203,321","Business Analysis":"23%","Project Management":"\u20b91,220,838","affect_skills_component":["Oral \/ Verbal Communication","Business Analysis","Consulting Management","Market Research","Data Analysis","Strategy","Business Strategy","Operations Management"],"Oral \/ Verbal Communication":"34%","Consulting Management":"19%","Market Research":"10%","Data Analysis":"7%","Operations Management":"1%","career_path_component":[],"location_component":["Mumbai, Maharashtra","Bangalore, Karnataka","Gurgaon, Haryana","Pune, Maharashtra","Chennai, Tamil Nadu","Hyderabad, Andhra Pradesh","New Delhi, Delhi"],"Mumbai, Maharashtra":"2%","Bangalore, Karnataka":"21%","Gurgaon, Haryana":"27%","Pune, Maharashtra":"-28%","Chennai, Tamil Nadu":"-59%","Hyderabad, Andhra Pradesh":"30%","New Delhi, Delhi":"-3%","employers_component":["Accenture","PricewaterhouseCoopers"],"Accenture":"Avg. Salary: \u20b92,545,000","PricewaterhouseCoopers":"Avg. Salary: \u20b91,400,000","related_job_component":["Operations Manager","Project Manager, (Unspecified Type \/ General)","Senior Business Analyst","Business Analyst, IT","Management Consultant","Business Analyst (Unspecified Type)","Business Development Manager","Project Manager, Information Technology (IT)","Data Analyst"],"Operations Manager":"Avg. Salary \u20b9297k \u2014 \u20b92m","Project Manager, (Unspecified Type \/ General)":"Avg. Salary \u20b9456k \u2014 \u20b92m","Senior Business Analyst":"Avg. Salary \u20b9447k \u2014 \u20b92m","Business Analyst, IT":"Avg. Salary \u20b9275k \u2014 \u20b91m","Management Consultant":"Avg. Salary \u20b9350k \u2014 \u20b93m","Business Analyst (Unspecified Type)":"Avg. Salary \u20b9252k \u2014 \u20b91m","Business Development Manager":"Avg. Salary \u20b9266k \u2014 \u20b91m","Project Manager, Information Technology (IT)":"Avg. Salary \u20b9531k \u2014 \u20b92m","Data Analyst":"Avg. Salary \u20b9201k \u2014 \u20b9959k"}}