{"0":{"job_title":"Strategic_Planning_Manager","avg_salary":"\u20b91,076,997","salary_component":["Base Salary","Bonus","Profit Sharing","Total Pay"],"Base Salary":"\u20b9411k - \u20b92m","Bonus":"\u20b912k - \u20b9497k","Profit Sharing":"\u20b911k - \u20b965k","Total Pay":"\u20b9413k - \u20b92m","pay_by_experience_percent":["Early Career","Mid Career","Late Career"],"Early Career":"-23%","Mid Career":"0%","Late Career":"36%","pay_by_experience_years":["1-4","5-9"],"1-4":"\u20b9824,242","5-9":"\u20b91,074,062","gender_component":["Male","Female"],"Male":"87.0","Female":"13.0","health_benefits_componentt":["Medical","Dental","Vision","None"],"Medical":"70","Dental":"8","Vision":"8","None":"30","popular_skills_component":["Strategic Planning","Project Management","Data Analysis","Business Analysis","Primavera P6"],"Strategic Planning":"\u20b91,042,795","Project Management":"9%","Data Analysis":"\u20b9875,000","Business Analysis":"9%","Primavera P6":"25%","affect_skills_component":["Market Research","Financial Analysis","Primavera P6","Project Management","Business Analysis"],"Market Research":"82%","Financial Analysis":"69%","career_path_component":["Project Manager, Construction","Production Planning Manager","Business Development Director"],"location_component":["Mumbai, Maharashtra","Pune, Maharashtra","Bangalore, Karnataka","Gurgaon, Haryana","Delhi, Delhi","Hyderabad, Andhra Pradesh","Chennai, Tamil Nadu","New Delhi, Delhi","Kolkata, West Bengal"],"Mumbai, Maharashtra":"-6%","Pune, Maharashtra":"-2%","Bangalore, Karnataka":"-33%","Gurgaon, Haryana":"11%","Delhi, Delhi":"30%","Hyderabad, Andhra Pradesh":"5%","Chennai, Tamil Nadu":"17%","New Delhi, Delhi":"-4%","Kolkata, West Bengal":"-7%","employers_component":["Shapoorji Pallonji & Co. Ltd."],"Shapoorji Pallonji & Co. Ltd.":"Avg. Salary: \u20b91,047,619","related_job_component":["Project Manager, (Unspecified Type \/ General)","Operations Manager","Senior Business Analyst","Business Analyst, IT","Project Manager, Information Technology (IT)","Financial Analyst","Civil Engineer","Business Analyst, Finance\/Banking","Business Analyst (Unspecified Type)"],"Project Manager, (Unspecified Type \/ General)":"Avg. Salary \u20b9456k \u2014 \u20b92m","Operations Manager":"Avg. Salary \u20b9297k \u2014 \u20b92m","Senior Business Analyst":"Avg. Salary \u20b9447k \u2014 \u20b92m","Business Analyst, IT":"Avg. Salary \u20b9275k \u2014 \u20b91m","Project Manager, Information Technology (IT)":"Avg. Salary \u20b9531k \u2014 \u20b92m","Financial Analyst":"Avg. Salary \u20b9220k \u2014 \u20b9994k","Civil Engineer":"Avg. Salary \u20b9154k \u2014 \u20b9771k","Business Analyst, Finance\/Banking":"Avg. Salary \u20b9283k \u2014 \u20b92m","Business Analyst (Unspecified Type)":"Avg. Salary \u20b9252k \u2014 \u20b91m"}}