{"0":{"job_title":"Strategic_Sourcing_Manager","avg_salary":"\u20b91,224,717","salary_component":["Base Salary","Bonus","Profit Sharing","Total Pay"],"Base Salary":"\u20b9622k - \u20b92m","Bonus":"\u20b955k - \u20b9288k","Profit Sharing":"\u20b925k - \u20b9147k","Total Pay":"\u20b9692k - \u20b92m","pay_by_experience_percent":["Early Career","Mid Career","Late Career","Experienced"],"Early Career":"-37%","Mid Career":"-5%","Late Career":"23%","Experienced":"73%","pay_by_experience_years":["1-4","5-9"],"1-4":"\u20b9775,000","5-9":"\u20b91,157,928","gender_component":["Male","Female"],"Male":"91.5","Female":"8.5","health_benefits_componentt":["Medical","Dental","Vision","None"],"Medical":"81","Dental":"11","Vision":"11","None":"19","popular_skills_component":["Sourcing","Negotiation","Supplier Management","Vendor Management","Contract Negotiation"],"Sourcing":"4%","Negotiation":"\u20b91,229,540","Supplier Management":"20%","Vendor Management":"\u20b91,168,590","Contract Negotiation":"14%","affect_skills_component":["Supplier Management","Procurement","Contract Negotiation","Sourcing"],"Procurement":"19%","career_path_component":["Sr. Strategic Sourcing Manager","Deputy General Manager","Senior Procurement Manager"],"location_component":["Bangalore, Karnataka","Pune, Maharashtra","Mumbai, Maharashtra","Chennai, Tamil Nadu","New Delhi, Delhi","Gurgaon, Haryana","Hyderabad, Andhra Pradesh","Delhi, Delhi"],"Bangalore, Karnataka":"20%","Pune, Maharashtra":"2%","Mumbai, Maharashtra":"35%","Chennai, Tamil Nadu":"15%","New Delhi, Delhi":"-29%","Gurgaon, Haryana":"-18%","Hyderabad, Andhra Pradesh":"-6%","Delhi, Delhi":"-14%","employers_component":["Mahindra & Mahindra Ltd.","Thomson Reuters"],"Mahindra & Mahindra Ltd.":"Avg. Salary: \u20b91,308,000","Thomson Reuters":"Avg. Salary: \u20b9615,506","related_job_component":["Purchasing Manager","Procurement Manager","Procurement Specialist","Buyer","Technical Recruiter","Recruiter","Senior Buyer","Procurement Officer","Procurement Analyst"],"Purchasing Manager":"Avg. Salary \u20b9325k \u2014 \u20b92m","Procurement Manager":"Avg. Salary \u20b9364k \u2014 \u20b92m","Procurement Specialist":"Avg. Salary \u20b9247k \u2014 \u20b9934k","Buyer":"Avg. Salary \u20b9297k \u2014 \u20b91m","Technical Recruiter":"Avg. Salary \u20b9177k \u2014 \u20b9591k","Recruiter":"Avg. Salary \u20b9142k \u2014 \u20b9689k","Senior Buyer":"Avg. Salary \u20b9375k \u2014 \u20b92m","Procurement Officer":"Avg. Salary \u20b9192k \u2014 \u20b9784k","Procurement Analyst":"Avg. Salary \u20b9217k \u2014 \u20b9685k"}}