{"0":{"job_title":"Strategy_Manager","avg_salary":"\u20b91,442,298","salary_component":["Base Salary","Bonus","Profit Sharing","Total Pay"],"Base Salary":"\u20b9542k - \u20b93m","Bonus":"\u20b950k - \u20b9512k","Profit Sharing":"\u20b910k - \u20b9500k","Total Pay":"\u20b9594k - \u20b93m","pay_by_experience_percent":["Early Career","Mid Career","Late Career"],"Early Career":"-28%","Mid Career":"31%","Late Career":"71%","pay_by_experience_years":["1-4","5-9"],"1-4":"\u20b91,042,326","5-9":"\u20b91,887,274","gender_component":["Male","Female"],"Male":"84.6","Female":"15.4","health_benefits_componentt":["Medical","Dental","Vision","None"],"Medical":"75","Dental":"5","Vision":"7","None":"25","popular_skills_component":["Business Strategy","Strategic Planning","Project Management","Strategy","Data Analysis"],"Business Strategy":"3%","Strategic Planning":"7%","Project Management":"32%","Strategy":"35%","Data Analysis":"6%","affect_skills_component":["Strategy","Project Management","Strategic Planning","Data Analysis","Financial Analysis","Business Strategy"],"Financial Analysis":"4%","career_path_component":["Director of Strategy","Management Consultant","Vice President (VP), Marketing"],"location_component":["Mumbai, Maharashtra","Bangalore, Karnataka","New Delhi, Delhi","Gurgaon, Haryana","Hyderabad, Andhra Pradesh","Pune, Maharashtra","Delhi, Delhi","Chennai, Tamil Nadu","Kolkata, West Bengal"],"Mumbai, Maharashtra":"4%","Bangalore, Karnataka":"34%","New Delhi, Delhi":"-50%","Gurgaon, Haryana":"2%","Hyderabad, Andhra Pradesh":"-24%","Pune, Maharashtra":"-17%","Delhi, Delhi":"11%","Chennai, Tamil Nadu":"-31%","Kolkata, West Bengal":"-31%","employers_component":[],"related_job_component":["Project Manager, (Unspecified Type \/ General)","Financial Analyst","Data Analyst","Civil Engineer","Senior Business Analyst","Business Development Manager","Management Consultant","Project Manager, Information Technology (IT)","Operations Manager"],"Project Manager, (Unspecified Type \/ General)":"Avg. Salary \u20b9456k \u2014 \u20b92m","Financial Analyst":"Avg. Salary \u20b9220k \u2014 \u20b9992k","Data Analyst":"Avg. Salary \u20b9201k \u2014 \u20b9959k","Civil Engineer":"Avg. Salary \u20b9154k \u2014 \u20b9771k","Senior Business Analyst":"Avg. Salary \u20b9447k \u2014 \u20b92m","Business Development Manager":"Avg. Salary \u20b9266k \u2014 \u20b91m","Management Consultant":"Avg. Salary \u20b9350k \u2014 \u20b93m","Project Manager, Information Technology (IT)":"Avg. Salary \u20b9533k \u2014 \u20b92m","Operations Manager":"Avg. Salary \u20b9297k \u2014 \u20b92m"}}