{"0":{"job_title":"Supply_Chain_Coordinator","avg_salary":"\u20b9401,029","salary_component":["Base Salary","Bonus","Profit Sharing","Total Pay"],"Base Salary":"\u20b9201k - \u20b9724k","Bonus":"\u20b92k - \u20b998k","Profit Sharing":"\u20b90 - \u20b911k","Total Pay":"\u20b9208k - \u20b9737k","pay_by_experience_percent":["Entry Level","Early Career","Mid Career","Late Career"],"Entry Level":"-13%","Early Career":"-13%","Mid Career":"9%","Late Career":"43%","pay_by_experience_years":["1","1-4"],"1":"\u20b9350,000","1-4":"\u20b9350,854","gender_component":["Male","Female"],"Male":"85.0","Female":"15.0","health_benefits_componentt":["Medical","Dental","Vision","None"],"Medical":"83","Dental":"7","Vision":"3","None":"17","popular_skills_component":["Supply Chain","Inventory Management","Logistics","Microsoft Excel","Purchasing"],"Supply Chain":"3%","Inventory Management":"3%","Logistics":"2%","Microsoft Excel":"\u20b9400,000","Purchasing":"4%","affect_skills_component":["Data Analysis","Purchasing","Supply Chain","Inventory Management","Logistics"],"Data Analysis":"25%","career_path_component":["Sales Coordinator","Senior Buyer"],"location_component":["Bangalore, Karnataka","Mumbai, Maharashtra","Pune, Maharashtra","Chennai, Tamil Nadu","Kolkata, West Bengal","Hyderabad, Andhra Pradesh"],"Bangalore, Karnataka":"-3%","Mumbai, Maharashtra":"-13%","Pune, Maharashtra":"9%","Chennai, Tamil Nadu":"%","Kolkata, West Bengal":"%","Hyderabad, Andhra Pradesh":"32%","employers_component":["L-3 Communications"],"L-3 Communications":"Avg. Salary: \u20b9380,627","related_job_component":["Data Analyst","Civil Engineer","Accountant","Operations Manager","Supply Chain Manager","Financial Analyst","Mechanical Engineer","Senior Business Analyst","Senior Data Analyst"],"Data Analyst":"Avg. Salary \u20b9201k \u2014 \u20b9960k","Civil Engineer":"Avg. Salary \u20b9154k \u2014 \u20b9771k","Accountant":"Avg. Salary \u20b9123k \u2014 \u20b9507k","Operations Manager":"Avg. Salary \u20b9296k \u2014 \u20b92m","Supply Chain Manager":"Avg. Salary \u20b9301k \u2014 \u20b92m","Financial Analyst":"Avg. Salary \u20b9220k \u2014 \u20b9994k","Mechanical Engineer":"Avg. Salary \u20b9152k \u2014 \u20b9983k","Senior Business Analyst":"Avg. Salary \u20b9447k \u2014 \u20b92m","Senior Data Analyst":"Avg. Salary \u20b9318k \u2014 \u20b92m"}}