{"0":{"job_title":"Supply_Chain_Manager","avg_salary":"\u20b9835,591","salary_component":["Base Salary","Bonus","Profit Sharing","Commission","Total Pay"],"Base Salary":"\u20b9301k - \u20b92m","Bonus":"\u20b919k - \u20b9341k","Profit Sharing":"\u20b913 - \u20b9550k","Commission":"\u20b90 - \u20b9168k","Total Pay":"\u20b9306k - \u20b92m","pay_by_experience_percent":["Entry Level","Early Career","Mid Career","Late Career","Experienced"],"Entry Level":"-59%","Early Career":"-41%","Mid Career":"-2%","Late Career":"41%","Experienced":"78%","pay_by_experience_years":["1","1-4"],"1":"\u20b9340,334","1-4":"\u20b9489,501","gender_component":["Male","Female","Prefer to self-define"],"Male":"88.8","Female":"10.8","Prefer to self-define":"0.4","health_benefits_componentt":["Medical","Dental","Vision","None"],"Medical":"77","Dental":"11","Vision":"9","None":"22","popular_skills_component":["Supply Chain","Inventory Management","Logistics","Purchasing","Supplier Management"],"Supply Chain":"8%","Inventory Management":"15%","Logistics":"\u20b9861,847","Purchasing":"4%","Supplier Management":"18%","affect_skills_component":["Materials Requirement Planning (MRP)","Project Management","Process Improvement","Negotiation","Supplier Management","SAP Materials Management (SAP MM)","Inventory Management","Forecasting","Supply Chain","Purchasing"],"Materials Requirement Planning (MRP)":"169%","Project Management":"66%","Process Improvement":"55%","Negotiation":"33%","SAP Materials Management (SAP MM)":"17%","Forecasting":"13%","career_path_component":["Senior Supply Chain Manager","General \/ Operations Manager","Supply Chain Specialist"],"location_component":["Mumbai, Maharashtra","Bangalore, Karnataka","Pune, Maharashtra","Chennai, Tamil Nadu","New Delhi, Delhi","Hyderabad, Andhra Pradesh","Kolkata, West Bengal","Gurgaon, Haryana","Delhi, Delhi","Ahmedabad, Gujarat"],"Mumbai, Maharashtra":"-6%","Bangalore, Karnataka":"18%","Pune, Maharashtra":"20%","Chennai, Tamil Nadu":"14%","New Delhi, Delhi":"17%","Hyderabad, Andhra Pradesh":"18%","Kolkata, West Bengal":"6%","Gurgaon, Haryana":"56%","Delhi, Delhi":"14%","Ahmedabad, Gujarat":"-24%","employers_component":["Hyundai Motor India Ltd","Maruti Suzuki"],"Hyundai Motor India Ltd":"Avg. Salary: \u20b91,251,954","Maruti Suzuki":"Avg. Salary: \u20b9950,000","related_job_component":["Operations Manager","Project Manager, (Unspecified Type \/ General)","Purchasing Manager","Senior Business Analyst","Data Analyst","Civil Engineer","Procurement Manager","Operations Team Leader","Logistics Manager"],"Operations Manager":"Avg. Salary \u20b9297k \u2014 \u20b92m","Project Manager, (Unspecified Type \/ General)":"Avg. Salary \u20b9456k \u2014 \u20b92m","Purchasing Manager":"Avg. Salary \u20b9325k \u2014 \u20b92m","Senior Business Analyst":"Avg. Salary \u20b9447k \u2014 \u20b92m","Data Analyst":"Avg. Salary \u20b9201k \u2014 \u20b9959k","Civil Engineer":"Avg. Salary \u20b9154k \u2014 \u20b9771k","Procurement Manager":"Avg. Salary \u20b9364k \u2014 \u20b92m","Operations Team Leader":"Avg. Salary \u20b9242k \u2014 \u20b9948k","Logistics Manager":"Avg. Salary \u20b9236k \u2014 \u20b91m"}}