{"0":{"job_title":"Technical_Analyst","avg_salary":"\u20b9699,025","salary_component":["Base Salary","Bonus","Profit Sharing","Total Pay"],"Base Salary":"\u20b9340k - \u20b92m","Bonus":"\u20b910k - \u20b9202k","Profit Sharing":"\u20b918k - \u20b9628k","Total Pay":"\u20b9351k - \u20b92m","pay_by_experience_percent":["Entry Level","Early Career","Mid Career","Late Career"],"Entry Level":"-30%","Early Career":"-21%","Mid Career":"37%","Late Career":"94%","pay_by_experience_years":["1","1-4"],"1":"\u20b9486,053","1-4":"\u20b9553,741","gender_component":["Male","Female"],"Male":"79.3","Female":"20.7","health_benefits_componentt":["Medical","Dental","Vision","None"],"Medical":"76","Dental":"8","Vision":"8","None":"24","popular_skills_component":["Technical Analysis","SQL","Information Technology (IT) Support","Java","Java\/J2EE"],"Technical Analysis":"\u20b9692,202","SQL":"\u20b9748,898","Information Technology (IT) Support":"\u20b9587,228","Java":"\u20b9801,240","Java\/J2EE":"\u20b9850,000","affect_skills_component":["ASP.NET Framework","WebAPI","Microsoft Azure","Software Development","C++ Programming Language","Android Software Development Kit (SDK)","Oracle","Amazon Web Services (AWS)","Microsoft SQL Server","C# Programming Language"],"ASP.NET Framework":"118%","WebAPI":"85%","Microsoft Azure":"84%","Software Development":"74%","C++ Programming Language":"65%","Android Software Development Kit (SDK)":"52%","Oracle":"Avg. Salary: \u20b9648,328","Amazon Web Services (AWS)":"43%","Microsoft SQL Server":"30%","C# Programming Language":"29%","career_path_component":["Senior Software Engineer","Team Leader, IT","Senior Technical Specialist"],"location_component":["Bangalore, Karnataka","Pune, Maharashtra","Mumbai, Maharashtra","Chennai, Tamil Nadu","Hyderabad, Andhra Pradesh","Noida, Uttar Pradesh","Gurgaon, Haryana","Trivandrum, Kerala","Ahmedabad, Gujarat","New Delhi, Delhi"],"Bangalore, Karnataka":"9%","Pune, Maharashtra":"-2%","Mumbai, Maharashtra":"-13%","Chennai, Tamil Nadu":"11%","Hyderabad, Andhra Pradesh":"%","Noida, Uttar Pradesh":"38%","Gurgaon, Haryana":"4%","Trivandrum, Kerala":"-34%","Ahmedabad, Gujarat":"-39%","New Delhi, Delhi":"46%","employers_component":["InfoSys Limited","Hexaware Technologies Inc.","NIIT Technology","Oracle","Tata Consultancy Services Limited","Fiserv India Pvt Ltd","HCL Technologies Ltd.","Cognizant","UST Global Inc","Temenos India Pvt Ltd"],"InfoSys Limited":"Avg. Salary: \u20b9615,960","Hexaware Technologies Inc.":"Avg. Salary: \u20b9547,500","NIIT Technology":"Avg. Salary: \u20b91,160,000","Tata Consultancy Services Limited":"Avg. Salary: \u20b9850,000","Fiserv India Pvt Ltd":"Avg. Salary: \u20b9996,547","HCL Technologies Ltd.":"Avg. Salary: \u20b9762,997","Cognizant":"Avg. Salary: \u20b9724,138","UST Global Inc":"Avg. Salary: \u20b9620,000","Temenos India Pvt Ltd":"Avg. Salary: \u20b91,000,000","related_job_component":["Software Engineer","Senior Software Engineer","Software Developer","Sr. Software Engineer \/ Developer \/ Programmer","Team Leader, IT","Software Engineer \/ Developer \/ Programmer","Associate Software Engineer","Java Developer","Web Developer"],"Software Engineer":"Avg. Salary \u20b9262k \u2014 \u20b91m","Senior Software Engineer":"Avg. Salary \u20b9493k \u2014 \u20b92m","Software Developer":"Avg. Salary \u20b9214k \u2014 \u20b91m","Sr. Software Engineer \/ Developer \/ Programmer":"Avg. Salary \u20b9432k \u2014 \u20b92m","Team Leader, IT":"Avg. Salary \u20b9584k \u2014 \u20b92m","Software Engineer \/ Developer \/ Programmer":"Avg. Salary \u20b9225k \u2014 \u20b91m","Associate Software Engineer":"Avg. Salary \u20b9240k \u2014 \u20b91m","Java Developer":"Avg. Salary \u20b9197k \u2014 \u20b91m","Web Developer":"Avg. Salary \u20b9124k \u2014 \u20b9779k"}}