{"0":{"job_title":"Technical_Advisor","avg_salary":"\u20b9993,916","salary_component":["Base Salary","Bonus","Profit Sharing","Total Pay"],"Base Salary":"\u20b9252k - \u20b93m","Bonus":"\u20b910k - \u20b9290k","Profit Sharing":"\u20b95k - \u20b975k","Total Pay":"\u20b9288k - \u20b93m","pay_by_experience_percent":["Entry Level","Early Career","Mid Career","Late Career","Experienced"],"Entry Level":"-80%","Early Career":"-61%","Mid Career":"9%","Late Career":"43%","Experienced":"21%","pay_by_experience_years":["1","1-4"],"1":"\u20b9195,000","1-4":"\u20b9391,001","gender_component":["Male","Female"],"Male":"83.3","Female":"16.7","health_benefits_componentt":["Medical","Dental","Vision","None"],"Medical":"64","Dental":"18","Vision":"15","None":"35","popular_skills_component":["Technical Analysis","Technical Services","Customer Service","Information Technology (IT) Support","Project Management"],"Technical Analysis":"9%","Technical Services":"5%","Customer Service":"\u20b9406,946","Information Technology (IT) Support":"5%","Project Management":"15%","affect_skills_component":["Program Management","Problem Solving","Project Management","Technical Analysis","Technical Services","Information Technology (IT) Support"],"Program Management":"44%","Problem Solving":"16%","career_path_component":[],"location_component":["Bangalore, Karnataka","Hyderabad, Andhra Pradesh","Noida, Uttar Pradesh","Mumbai, Maharashtra","Delhi, Delhi","New Delhi, Delhi","Kolkata, West Bengal","Chennai, Tamil Nadu","Pune, Maharashtra"],"Bangalore, Karnataka":"17%","Hyderabad, Andhra Pradesh":"-9%","Noida, Uttar Pradesh":"8%","Mumbai, Maharashtra":"-29%","Delhi, Delhi":"1%","New Delhi, Delhi":"47%","Kolkata, West Bengal":"-28%","Chennai, Tamil Nadu":"11%","Pune, Maharashtra":"204%","employers_component":["Dell, Inc."],"Dell, Inc.":"Avg. Salary: \u20b91,871,300","related_job_component":["Project Manager, (Unspecified Type \/ General)","Operations Manager","Customer Service Representative (CSR)","Civil Engineer","Project Manager, Information Technology (IT)","Service Delivery Manager","Service Engineer","Senior Project Manager, IT","Customer Service Associate"],"Project Manager, (Unspecified Type \/ General)":"Avg. Salary \u20b9458k \u2014 \u20b92m","Operations Manager":"Avg. Salary \u20b9297k \u2014 \u20b92m","Customer Service Representative (CSR)":"Avg. Salary \u20b9148k \u2014 \u20b9459k","Civil Engineer":"Avg. Salary \u20b9154k \u2014 \u20b9771k","Project Manager, Information Technology (IT)":"Avg. Salary \u20b9540k \u2014 \u20b92m","Service Delivery Manager":"Avg. Salary \u20b9405k \u2014 \u20b93m","Service Engineer":"Avg. Salary \u20b9137k \u2014 \u20b9571k","Senior Project Manager, IT":"Avg. Salary \u20b91m \u2014 \u20b93m","Customer Service Associate":"Avg. Salary \u20b9151k \u2014 \u20b9407k"}}