{"0":{"job_title":"Technical_Specialist","avg_salary":"\u20b91,250,243","salary_component":["Base Salary","Bonus","Profit Sharing","Total Pay"],"Base Salary":"\u20b9589k - \u20b92m","Bonus":"\u20b936k - \u20b9232k","Profit Sharing":"\u20b95k - \u20b9306k","Total Pay":"\u20b9610k - \u20b92m","pay_by_experience_percent":["Entry Level","Early Career","Mid Career","Late Career","Experienced"],"Entry Level":"-74%","Early Career":"-36%","Mid Career":"-5%","Late Career":"19%","Experienced":"92%","pay_by_experience_years":["1","1-4"],"1":"\u20b9325,000","1-4":"\u20b9798,232","gender_component":["Male","Female","Prefer to self-define"],"Male":"86.8","Female":"13.0","Prefer to self-define":"0.2","health_benefits_componentt":["Medical","Dental","Vision","None"],"Medical":"82","Dental":"10","Vision":"8","None":"18","popular_skills_component":["Technical Analysis","Technical Services","Software Development","Information Technology (IT) Support","Java"],"Technical Analysis":"\u20b91,243,839","Technical Services":"\u20b91,119,480","Software Development":"\u20b91,425,992","Information Technology (IT) Support":"\u20b91,065,697","Java":"\u20b91,480,199","affect_skills_component":["Machine Learning","Design","RESTful Web Services","Software Architecture","Service Oriented Architecture (SOA)","Kubernetes","Apache Spark","Agile Software Development","C++ Programming Language","Product Development"],"Machine Learning":"76%","Design":"75%","RESTful Web Services":"52%","Software Architecture":"49%","Service Oriented Architecture (SOA)":"44%","Kubernetes":"36%","Apache Spark":"26%","Agile Software Development":"24%","C++ Programming Language":"22%","Product Development":"22%","career_path_component":["Technical Architect","Senior Technical Specialist","Software Architect"],"location_component":["Bangalore, Karnataka","Pune, Maharashtra","Chennai, Tamil Nadu","Hyderabad, Andhra Pradesh","Mumbai, Maharashtra","Gurgaon, Haryana","Noida, Uttar Pradesh","New Delhi, Delhi","Noida, Delhi","Delhi, Delhi"],"Bangalore, Karnataka":"7%","Pune, Maharashtra":"11%","Chennai, Tamil Nadu":"-15%","Hyderabad, Andhra Pradesh":"10%","Mumbai, Maharashtra":"-2%","Gurgaon, Haryana":"11%","Noida, Uttar Pradesh":"-19%","New Delhi, Delhi":"-21%","Noida, Delhi":"-21%","Delhi, Delhi":"-16%","employers_component":["HCL Technologies Ltd.","Nokia, Inc.","Capgemini","Wipro Technologies Ltd.","IBM India Private Limited","Robert Bosch","Robert Bosch Engineering and Business Solutions Limited","Techmahindra Ltd","Mindtree Consulting","Philips Electronics"],"HCL Technologies Ltd.":"Avg. Salary: \u20b91,138,856","Nokia, Inc.":"Avg. Salary: \u20b91,503,324","Capgemini":"Avg. Salary: \u20b9952,882","Wipro Technologies Ltd.":"Avg. Salary: \u20b91,020,225","IBM India Private Limited":"Avg. Salary: \u20b9850,000","Robert Bosch":"Avg. Salary: \u20b91,116,600","Robert Bosch Engineering and Business Solutions Limited":"Avg. Salary: \u20b91,062,928","Techmahindra Ltd":"Avg. Salary: \u20b91,225,000","Mindtree Consulting":"Avg. Salary: \u20b9900,000","Philips Electronics":"Avg. Salary: \u20b91,394,578","related_job_component":["Software Engineer","Senior Software Engineer","Software Developer","Sr. Software Engineer \/ Developer \/ Programmer","Team Leader, IT","Information Technology (IT) Consultant","Lead Software Engineer","Software Engineer \/ Developer \/ Programmer","Associate Software Engineer"],"Software Engineer":"Avg. Salary \u20b9262k \u2014 \u20b91m","Senior Software Engineer":"Avg. Salary \u20b9493k \u2014 \u20b92m","Software Developer":"Avg. Salary \u20b9214k \u2014 \u20b91m","Sr. Software Engineer \/ Developer \/ Programmer":"Avg. Salary \u20b9432k \u2014 \u20b92m","Team Leader, IT":"Avg. Salary \u20b9584k \u2014 \u20b92m","Information Technology (IT) Consultant":"Avg. Salary \u20b9391k \u2014 \u20b92m","Lead Software Engineer":"Avg. Salary \u20b9780k \u2014 \u20b93m","Software Engineer \/ Developer \/ Programmer":"Avg. Salary \u20b9225k \u2014 \u20b91m","Associate Software Engineer":"Avg. Salary \u20b9240k \u2014 \u20b91m"}}