{"0":{"job_title":"Vendor_Manager","avg_salary":"\u20b9728,767","salary_component":["Base Salary","Bonus","Profit Sharing","Total Pay"],"Base Salary":"\u20b9248k - \u20b92m","Bonus":"\u20b920k - \u20b9421k","Profit Sharing":"\u20b90 - \u20b9104k","Total Pay":"\u20b9265k - \u20b92m","pay_by_experience_percent":["Early Career","Mid Career","Late Career"],"Early Career":"-47%","Mid Career":"22%","Late Career":"58%","pay_by_experience_years":["1-4","5-9"],"1-4":"\u20b9386,114","5-9":"\u20b9889,827","gender_component":["Male","Female"],"Male":"81.3","Female":"18.8","health_benefits_componentt":["Medical","Dental","Vision","None"],"Medical":"68","Dental":"2","Vision":"2","None":"32","popular_skills_component":["Vendor Management","Vendor Relations","Project Management","Contract Negotiation","Operations Management"],"Vendor Management":"10%","Vendor Relations":"\u20b9602,200","Project Management":"\u20b9664,470","Contract Negotiation":"40%","Operations Management":"13%","affect_skills_component":["Supplier Management","Contract Negotiation","Business Analysis","Operations Management","Vendor Management"],"Supplier Management":"72%","Business Analysis":"39%","career_path_component":[],"location_component":["Bangalore, Karnataka","Pune, Maharashtra","Mumbai, Maharashtra","Chennai, Tamil Nadu"],"Bangalore, Karnataka":"30%","Pune, Maharashtra":"-20%","Mumbai, Maharashtra":"-42%","Chennai, Tamil Nadu":"-25%","employers_component":[],"related_job_component":["Operations Manager","Project Manager, (Unspecified Type \/ General)","Business Analyst, IT","Senior Business Analyst","Project Manager, Information Technology (IT)","Civil Engineer","Operations Team Leader","Service Delivery Manager","Purchasing Manager"],"Operations Manager":"Avg. Salary \u20b9296k \u2014 \u20b92m","Project Manager, (Unspecified Type \/ General)":"Avg. Salary \u20b9461k \u2014 \u20b92m","Business Analyst, IT":"Avg. Salary \u20b9278k \u2014 \u20b91m","Senior Business Analyst":"Avg. Salary \u20b9449k \u2014 \u20b92m","Project Manager, Information Technology (IT)":"Avg. Salary \u20b9556k \u2014 \u20b92m","Civil Engineer":"Avg. Salary \u20b9155k \u2014 \u20b9770k","Operations Team Leader":"Avg. Salary \u20b9242k \u2014 \u20b9935k","Service Delivery Manager":"Avg. Salary \u20b9404k \u2014 \u20b93m","Purchasing Manager":"Avg. Salary \u20b9319k \u2014 \u20b92m"}}