{"0":{"job_title":"Workforce_Management_Analyst","avg_salary":"\u20b9394,310","salary_component":["Base Salary","Bonus","Profit Sharing","Total Pay"],"Base Salary":"\u20b9230k - \u20b9781k","Bonus":"\u20b99k - \u20b9102k","Profit Sharing":"\u20b92k - \u20b9180k","Total Pay":"\u20b9228k - \u20b9897k","pay_by_experience_percent":["Entry Level","Early Career","Mid Career","Late Career"],"Entry Level":"-24%","Early Career":"-12%","Mid Career":"18%","Late Career":"53%","pay_by_experience_years":["1"],"1":"\u20b9300,000","gender_component":["Male","Female"],"Male":"87.0","Female":"13.0","health_benefits_componentt":["Medical","Dental","Vision","None"],"Medical":"83","Dental":"8","Vision":"8","None":"17","popular_skills_component":["Microsoft Excel","Scheduling","Forecasting","Microsoft Office","Data Analysis"],"Microsoft Excel":"1%","Scheduling":"9%","Forecasting":"23%","Microsoft Office":"\u20b9349,192","Data Analysis":"11%","affect_skills_component":["Forecasting","Data Analysis","Scheduling","Microsoft Excel"],"career_path_component":[],"location_component":["Hyderabad, Andhra Pradesh","Bangalore, Karnataka","Gurgaon, Haryana","Chennai, Tamil Nadu","New Delhi, Delhi","Mumbai, Maharashtra","Pune, Maharashtra"],"Hyderabad, Andhra Pradesh":"-11%","Bangalore, Karnataka":"-15%","Gurgaon, Haryana":"-8%","Chennai, Tamil Nadu":"4%","New Delhi, Delhi":"27%","Mumbai, Maharashtra":"14%","Pune, Maharashtra":"1%","employers_component":["Amazon.com Inc","Concentrix Corporation","Accenture"],"Amazon.com Inc":"Avg. Salary: \u20b9536,000","Concentrix Corporation":"Avg. Salary: \u20b9318,617","Accenture":"Avg. Salary: \u20b9903,846","related_job_component":["Data Analyst","Civil Engineer","Mechanical Engineer","Accountant","Financial Analyst","Executive Assistant","Business Analyst, IT","Senior Business Analyst","Operations Manager"],"Data Analyst":"Avg. Salary \u20b9201k \u2014 \u20b9960k","Civil Engineer":"Avg. Salary \u20b9154k \u2014 \u20b9771k","Mechanical Engineer":"Avg. Salary \u20b9152k \u2014 \u20b9983k","Accountant":"Avg. Salary \u20b9123k \u2014 \u20b9507k","Financial Analyst":"Avg. Salary \u20b9220k \u2014 \u20b9994k","Executive Assistant":"Avg. Salary \u20b9153k \u2014 \u20b9777k","Business Analyst, IT":"Avg. Salary \u20b9275k \u2014 \u20b91m","Senior Business Analyst":"Avg. Salary \u20b9447k \u2014 \u20b92m","Operations Manager":"Avg. Salary \u20b9297k \u2014 \u20b92m"}}