{"0":{"job_title":"Area_Manager%2C_Retail","avg_salary":"\u20b9666,580","salary_component":["Base Salary","Bonus","Profit Sharing","Commission","Total Pay"],"Base Salary":"\u20b9313k - \u20b91m","Bonus":"\u20b98k - \u20b9245k","Profit Sharing":"\u20b910k - \u20b9203k","Commission":"\u20b90 - \u20b957k","Total Pay":"\u20b9339k - \u20b91m","pay_by_experience_percent":["Early Career","Mid Career","Late Career","Experienced"],"Early Career":"-25%","Mid Career":"-12%","Late Career":"21%","Experienced":"53%","pay_by_experience_years":["1-4","5-9"],"1-4":"\u20b9500,284","5-9":"\u20b9583,739","gender_component":["Male","Female"],"Male":"91.7","Female":"8.3","health_benefits_componentt":["Medical","Dental","Vision","None"],"Medical":"76","Dental":"7","Vision":"7","None":"24","popular_skills_component":["Sales Management","Operations Management","People Management","Customer Service","Team Leadership"],"Sales Management":"2%","Operations Management":"11%","People Management":"28%","Customer Service":"\u20b9660,000","Team Leadership":"\u20b9540,449","affect_skills_component":["Channel Sales","People Management","Training Management","Retail","Operations Management","Sales Management"],"Channel Sales":"30%","Training Management":"28%","Retail":"20%","career_path_component":["Area Sales Manager","Program Manager, Marketing","Credit Manager"],"location_component":["Bangalore, Karnataka","Chennai, Tamil Nadu","Mumbai, Maharashtra","New Delhi, Delhi","Hyderabad, Andhra Pradesh","Pune, Maharashtra","Kolkata, West Bengal","Delhi, Delhi","Patna, Bihar","Lucknow, Uttar Pradesh"],"Bangalore, Karnataka":"-2%","Chennai, Tamil Nadu":"46%","Mumbai, Maharashtra":"14%","New Delhi, Delhi":"59%","Hyderabad, Andhra Pradesh":"-3%","Pune, Maharashtra":"-10%","Kolkata, West Bengal":"-23%","Delhi, Delhi":"10%","Patna, Bihar":"-25%","Lucknow, Uttar Pradesh":"35%","employers_component":[],"related_job_component":["Operations Manager","Area Sales Manager","Operations Team Leader","Regional Sales Manager","Assistant Manager, Customer Service","General \/ Operations Manager","Team Lead, Operations","Retail Store Manager","Service Delivery Manager"],"Operations Manager":"Avg. Salary \u20b9297k \u2014 \u20b92m","Area Sales Manager":"Avg. Salary \u20b9299k \u2014 \u20b91m","Operations Team Leader":"Avg. Salary \u20b9242k \u2014 \u20b9948k","Regional Sales Manager":"Avg. Salary \u20b9480k \u2014 \u20b92m","Assistant Manager, Customer Service":"Avg. Salary \u20b9252k \u2014 \u20b9955k","General \/ Operations Manager":"Avg. Salary \u20b9312k \u2014 \u20b93m","Team Lead, Operations":"Avg. Salary \u20b9314k \u2014 \u20b91m","Retail Store Manager":"Avg. Salary \u20b9200k \u2014 \u20b9824k","Service Delivery Manager":"Avg. Salary \u20b9399k \u2014 \u20b93m"}}