{"0":{"job_title":"Area_Operations_Manager","avg_salary":"\u20b9586,164","salary_component":["Base Salary","Bonus","Profit Sharing","Total Pay"],"Base Salary":"\u20b9245k - \u20b91m","Bonus":"\u20b95k - \u20b9237k","Profit Sharing":"\u20b90 - \u20b9103k","Total Pay":"\u20b9272k - \u20b91m","pay_by_experience_percent":["Early Career","Mid Career","Late Career","Experienced"],"Early Career":"-35%","Mid Career":"-2%","Late Career":"28%","Experienced":"59%","pay_by_experience_years":["1-4","5-9"],"1-4":"\u20b9383,459","5-9":"\u20b9572,620","gender_component":["Male","Female"],"Male":"95.1","Female":"4.9","health_benefits_componentt":["Medical","Dental","Vision","None"],"Medical":"69","Dental":"4","Vision":"4","None":"31","popular_skills_component":["Operations Management","People Management","Team Leadership","Training","Process Improvement"],"Operations Management":"4%","People Management":"13%","Team Leadership":"\u20b9579,310","Training":"\u20b9515,000","Process Improvement":"\u20b9396,000","affect_skills_component":["Retail","People Management","Operations Management"],"Retail":"32%","career_path_component":["Operations Manager","Branch Manager, Banking","Sales Promoter"],"location_component":["Mumbai, Maharashtra","New Delhi, Delhi","Bangalore, Karnataka","Pune, Maharashtra","Delhi, Delhi","Lucknow, Uttar Pradesh","Hyderabad, Andhra Pradesh","Chennai, Tamil Nadu","Kolkata, West Bengal"],"Mumbai, Maharashtra":"11%","New Delhi, Delhi":"7%","Bangalore, Karnataka":"1%","Pune, Maharashtra":"-33%","Delhi, Delhi":"-4%","Lucknow, Uttar Pradesh":"-36%","Hyderabad, Andhra Pradesh":"-18%","Chennai, Tamil Nadu":"116%","Kolkata, West Bengal":"79%","employers_component":[],"related_job_component":["Operations Manager","Operations Team Leader","Team Lead, Operations","General \/ Operations Manager","Sr. Operations Manager","Service Delivery Manager","Assistant Manager, Customer Service","Assistant Operations Manager","Area Sales Manager"],"Operations Manager":"Avg. Salary \u20b9297k \u2014 \u20b92m","Operations Team Leader":"Avg. Salary \u20b9243k \u2014 \u20b9936k","Team Lead, Operations":"Avg. Salary \u20b9310k \u2014 \u20b91m","General \/ Operations Manager":"Avg. Salary \u20b9319k \u2014 \u20b93m","Sr. Operations Manager":"Avg. Salary \u20b9499k \u2014 \u20b92m","Service Delivery Manager":"Avg. Salary \u20b9405k \u2014 \u20b93m","Assistant Manager, Customer Service":"Avg. Salary \u20b9251k \u2014 \u20b9952k","Assistant Operations Manager":"Avg. Salary \u20b9276k \u2014 \u20b91m","Area Sales Manager":"Avg. Salary \u20b9299k \u2014 \u20b91m"}}