{"0":{"job_title":"Assistant_Plant_Manager%2FOperations","avg_salary":"\u20b9615,852","salary_component":["Base Salary","Bonus","Profit Sharing","Total Pay"],"Base Salary":"\u20b9310k - \u20b9986k","Bonus":"\u20b91k - \u20b9110k","Profit Sharing":"\u20b90 - \u20b96k","Total Pay":"\u20b9310k - \u20b9986k","pay_by_experience_percent":["Early Career","Mid Career","Late Career","Experienced"],"Early Career":"-10%","Mid Career":"-3%","Late Career":"22%","Experienced":"69%","pay_by_experience_years":["1-4","5-9"],"1-4":"\u20b9556,951","5-9":"\u20b9599,820","gender_component":["Male","Female"],"Male":"95.5","Female":"4.5","health_benefits_componentt":["Medical","Dental","Vision","None"],"Medical":"58","Dental":"8","Vision":"8","None":"42","popular_skills_component":["Operations Management","People Management","Leadership","Production Management","Microsoft Excel"],"Operations Management":"\u20b9592,176","People Management":"\u20b9574,015","Leadership":"\u20b9550,000","Production Management":"\u20b9576,100","Microsoft Excel":"\u20b9500,000","affect_skills_component":["Plant Maintenance"],"Plant Maintenance":"1%","career_path_component":["Operations Manager"],"location_component":["Hyderabad, Andhra Pradesh","Bangalore, Karnataka","Chennai, Tamil Nadu","Mumbai, Maharashtra","Pune, Maharashtra"],"Hyderabad, Andhra Pradesh":"-22%","Bangalore, Karnataka":"3%","Chennai, Tamil Nadu":"9%","Mumbai, Maharashtra":"-19%","Pune, Maharashtra":"6%","employers_component":[],"related_job_component":["Operations Manager","Operations Team Leader","Mechanical Engineer","Civil Engineer","Production Manager, Manufacturing","Accountant","General \/ Operations Manager","Service Delivery Manager","Assistant Operations Manager"],"Operations Manager":"Avg. Salary \u20b9298k \u2014 \u20b92m","Operations Team Leader":"Avg. Salary \u20b9240k \u2014 \u20b9930k","Mechanical Engineer":"Avg. Salary \u20b9151k \u2014 \u20b9977k","Civil Engineer":"Avg. Salary \u20b9156k \u2014 \u20b9780k","Production Manager, Manufacturing":"Avg. Salary \u20b9292k \u2014 \u20b92m","Accountant":"Avg. Salary \u20b9123k \u2014 \u20b9509k","General \/ Operations Manager":"Avg. Salary \u20b9327k \u2014 \u20b93m","Service Delivery Manager":"Avg. Salary \u20b9412k \u2014 \u20b93m","Assistant Operations Manager":"Avg. Salary \u20b9283k \u2014 \u20b91m"}}