{"0":{"job_title":"Assistant_Vice_President_(AVP)%2C_Regional_Director","avg_salary":"\u20b92,318,345","salary_component":["Base Salary","Bonus","Profit Sharing","Commission","Total Pay"],"Base Salary":"\u20b91m - \u20b94m","Bonus":"\u20b9151k - \u20b9795k","Profit Sharing":"\u20b950k - \u20b94m","Commission":"\u20b9197k - \u20b92m","Total Pay":"\u20b91m - \u20b95m","pay_by_experience_percent":["Early Career","Mid Career","Late Career","Experienced"],"Early Career":"-18%","Mid Career":"-10%","Late Career":"2%","Experienced":"30%","pay_by_experience_years":["1-4"],"1-4":"\u20b91,900,000","gender_component":["Male","Female"],"Male":"82.5","Female":"17.5","health_benefits_componentt":["Medical","Dental","Vision","None"],"Medical":"82","Dental":"7","Vision":"6","None":"18","popular_skills_component":["Operations Management","Project Management","Team Leadership","Business Development","Strategic Planning"],"Operations Management":"6%","Project Management":"2%","Team Leadership":"\u20b92,320,594","Business Development":"\u20b92,185,245","Strategic Planning":"16%","affect_skills_component":["People Management","Program Management","Business Analysis","Strategic Marketing","Leadership","Strategic Planning","Risk Management \/ Risk Control","Operations Management","Project Management","Big Data Analytics"],"People Management":"51%","Program Management":"41%","Business Analysis":"34%","Strategic Marketing":"29%","Leadership":"23%","Risk Management \/ Risk Control":"12%","Big Data Analytics":"2%","career_path_component":["Vice President (VP), Information Technol...","Vice President (VP), Operations","Vice President (VP), Finance"],"location_component":["Mumbai, Maharashtra","Bangalore, Karnataka","Pune, Maharashtra","Hyderabad, Andhra Pradesh","Gurgaon, Haryana","Chennai, Tamil Nadu","New Delhi, Delhi","Noida, Uttar Pradesh","Delhi, Delhi","Kolkata, West Bengal"],"Mumbai, Maharashtra":"5%","Bangalore, Karnataka":"4%","Pune, Maharashtra":"-13%","Hyderabad, Andhra Pradesh":"-8%","Gurgaon, Haryana":"4%","Chennai, Tamil Nadu":"-19%","New Delhi, Delhi":"32%","Noida, Uttar Pradesh":"16%","Delhi, Delhi":"-17%","Kolkata, West Bengal":"-4%","employers_component":["Genpact","HSBC","Citibank","HDFC Bank Pvt Ltd","EXL Service.com","J.P. Morgan Chase & Co. (JPMCC)","State Street Corporation"],"Genpact":"Avg. Salary: \u20b92,850,000","HSBC":"Avg. Salary: \u20b92,149,290","Citibank":"Avg. Salary: \u20b92,100,000","HDFC Bank Pvt Ltd":"Avg. Salary: \u20b92,220,000","EXL Service.com":"Avg. Salary: \u20b92,425,000","J.P. Morgan Chase & Co. (JPMCC)":"Avg. Salary: \u20b92,036,200","State Street Corporation":"Avg. Salary: \u20b92,450,000","related_job_component":["Operations Manager","Area Sales Manager","Project Manager, (Unspecified Type \/ General)","Operations Team Leader","Senior Business Analyst","Regional Sales Manager","Service Delivery Manager","Business Development Manager","Business Analyst, IT"],"Operations Manager":"Avg. Salary \u20b9297k \u2014 \u20b92m","Area Sales Manager":"Avg. Salary \u20b9299k \u2014 \u20b91m","Project Manager, (Unspecified Type \/ General)":"Avg. Salary \u20b9456k \u2014 \u20b92m","Operations Team Leader":"Avg. Salary \u20b9242k \u2014 \u20b9948k","Senior Business Analyst":"Avg. Salary \u20b9447k \u2014 \u20b92m","Regional Sales Manager":"Avg. Salary \u20b9480k \u2014 \u20b92m","Service Delivery Manager":"Avg. Salary \u20b9399k \u2014 \u20b93m","Business Development Manager":"Avg. Salary \u20b9266k \u2014 \u20b91m","Business Analyst, IT":"Avg. Salary \u20b9275k \u2014 \u20b91m"}}