{"0":{"job_title":"Assistant_Operations_Manager","avg_salary":"\u20b9516,949","salary_component":["Base Salary","Bonus","Profit Sharing","Commission","Total Pay"],"Base Salary":"\u20b9266k - \u20b91m","Bonus":"\u20b910k - \u20b9174k","Profit Sharing":"\u20b9-22 - \u20b9348k","Commission":"\u20b920k - \u20b9100k","Total Pay":"\u20b9293k - \u20b91m","pay_by_experience_percent":["Entry Level","Early Career","Mid Career","Late Career","Experienced"],"Entry Level":"-25%","Early Career":"-21%","Mid Career":"9%","Late Career":"39%","Experienced":"51%","pay_by_experience_years":["1"],"1":"\u20b9389,744","gender_component":["Male","Female"],"Male":"81.1","Female":"18.9","health_benefits_componentt":["Medical","Dental","Vision","None"],"Medical":"77","Dental":"6","Vision":"5","None":"23","popular_skills_component":["Operations Management","Team Management","People Management","Project Management","Customer Service"],"Operations Management":"\u20b9547,041","Team Management":"\u20b9574,170","People Management":"15%","Project Management":"18%","Customer Service":"\u20b9481,187","affect_skills_component":["Tableau Software","Data Analysis","Financial Reporting","Logistics","SAP Supply Chain Management (SAP SCM)","Risk Management \/ Risk Control","Project Management","People Management","Team Leadership","Vendor Management"],"Tableau Software":"45%","Data Analysis":"40%","Financial Reporting":"35%","Logistics":"26%","SAP Supply Chain Management (SAP SCM)":"26%","Risk Management \/ Risk Control":"24%","Team Leadership":"13%","Vendor Management":"12%","career_path_component":["Operations Manager","Sr. Operations Manager","Vice President (VP), Operations"],"location_component":["Bangalore, Karnataka","Mumbai, Maharashtra","Hyderabad, Andhra Pradesh","New Delhi, Delhi","Gurgaon, Haryana","Pune, Maharashtra","Chennai, Tamil Nadu","Kolkata, West Bengal","Delhi, Delhi","Noida, Uttar Pradesh"],"Bangalore, Karnataka":"20%","Mumbai, Maharashtra":"-11%","Hyderabad, Andhra Pradesh":"-3%","New Delhi, Delhi":"-2%","Gurgaon, Haryana":"22%","Pune, Maharashtra":"43%","Chennai, Tamil Nadu":"18%","Kolkata, West Bengal":"-5%","Delhi, Delhi":"-16%","Noida, Uttar Pradesh":"32%","employers_component":["Genpact","HSBC","Wipro Technologies Ltd.","Infosys BPO","Hinduja Global Solutions","Accenture","HDFC Bank Pvt Ltd","Tata Consultancy Services Limited","Aricent Inc"],"Genpact":"Avg. Salary: \u20b9535,000","HSBC":"Avg. Salary: \u20b9713,500","Wipro Technologies Ltd.":"Avg. Salary: \u20b9750,000","Infosys BPO":"Avg. Salary: \u20b9624,000","Hinduja Global Solutions":"Avg. Salary: \u20b9661,000","Accenture":"Avg. Salary: \u20b9819,000","HDFC Bank Pvt Ltd":"Avg. Salary: \u20b9388,500","Tata Consultancy Services Limited":"Avg. Salary: \u20b9575,196","Aricent Inc":"Avg. Salary: \u20b91,575,000","related_job_component":["Operations Manager","Project Manager, (Unspecified Type \/ General)","Operations Team Leader","Civil Engineer","Financial Analyst","Mechanical Engineer","Data Analyst","Assistant Manager, Customer Service","Accountant"],"Operations Manager":"Avg. Salary \u20b9297k \u2014 \u20b92m","Project Manager, (Unspecified Type \/ General)":"Avg. Salary \u20b9456k \u2014 \u20b92m","Operations Team Leader":"Avg. Salary \u20b9242k \u2014 \u20b9948k","Civil Engineer":"Avg. Salary \u20b9154k \u2014 \u20b9771k","Financial Analyst":"Avg. Salary \u20b9220k \u2014 \u20b9994k","Mechanical Engineer":"Avg. Salary \u20b9152k \u2014 \u20b9983k","Data Analyst":"Avg. Salary \u20b9201k \u2014 \u20b9959k","Assistant Manager, Customer Service":"Avg. Salary \u20b9252k \u2014 \u20b9955k","Accountant":"Avg. Salary \u20b9123k \u2014 \u20b9507k"}}