{"0":{"job_title":"Assistant_General_Manager_(AGM)","avg_salary":"\u20b91,675,389","salary_component":["Base Salary","Bonus","Profit Sharing","Commission","Total Pay"],"Base Salary":"\u20b9615k - \u20b93m","Bonus":"\u20b925k - \u20b9490k","Profit Sharing":"\u20b975 - \u20b9407k","Commission":"\u20b95k - \u20b9783k","Total Pay":"\u20b9677k - \u20b93m","pay_by_experience_percent":["Entry Level","Early Career","Mid Career","Late Career","Experienced"],"Entry Level":"-73%","Early Career":"-59%","Mid Career":"-8%","Late Career":"5%","Experienced":"5%","pay_by_experience_years":["1"],"1":"\u20b9450,454","gender_component":["Male","Female","Prefer to self-define"],"Male":"88.8","Female":"11.0","Prefer to self-define":"0.2","health_benefits_componentt":["Medical","Dental","Vision","None"],"Medical":"77","Dental":"10","Vision":"10","None":"23","popular_skills_component":["Operations Management","People Management","Leadership","Project Management","Team Leadership"],"Operations Management":"\u20b91,519,882","People Management":"\u20b91,624,247","Leadership":"\u20b91,761,182","Project Management":"\u20b91,838,090","Team Leadership":"\u20b91,588,341","affect_skills_component":["Software Architecture","Procurement","Vendor Management","Contract Negotiation","Strategic Marketing","Budgeting","Business Analysis","Financial Reporting","Profit & Loss (P&L) Statements","Product Marketing"],"Software Architecture":"61%","Procurement":"52%","Vendor Management":"50%","Contract Negotiation":"49%","Strategic Marketing":"43%","Budgeting":"37%","Business Analysis":"36%","Financial Reporting":"34%","Profit & Loss (P&L) Statements":"31%","Product Marketing":"31%","career_path_component":["Deputy General Manager","General \/ Operations Manager","Vice President (VP), General Manager"],"location_component":["Mumbai, Maharashtra","Bangalore, Karnataka","Chennai, Tamil Nadu","New Delhi, Delhi","Pune, Maharashtra","Hyderabad, Andhra Pradesh","Delhi, Delhi","Gurgaon, Haryana","Kolkata, West Bengal","Noida, Uttar Pradesh"],"Mumbai, Maharashtra":"14%","Bangalore, Karnataka":"6%","Chennai, Tamil Nadu":"-5%","New Delhi, Delhi":"9%","Pune, Maharashtra":"-1%","Hyderabad, Andhra Pradesh":"-10%","Delhi, Delhi":"-4%","Gurgaon, Haryana":"10%","Kolkata, West Bengal":"-6%","Noida, Uttar Pradesh":"19%","employers_component":["HCL Technologies Ltd.","Lodha Group","Vodafone","Tata Consultancy Services Limited","Jindal Group","GMR Group","Larsen & Toubro Limited","IDBI Bank Ltd.","Shapoorji Pallonji & Co. Ltd.","Cyient"],"HCL Technologies Ltd.":"Avg. Salary: \u20b91,922,275","Lodha Group":"Avg. Salary: \u20b91,800,000","Vodafone":"Avg. Salary: \u20b92,200,224","Tata Consultancy Services Limited":"Avg. Salary: \u20b93,374,815","Jindal Group":"Avg. Salary: \u20b92,248,889","GMR Group":"Avg. Salary: \u20b91,768,000","Larsen & Toubro Limited":"Avg. Salary: \u20b91,600,000","IDBI Bank Ltd.":"Avg. Salary: \u20b91,100,000","Shapoorji Pallonji & Co. Ltd.":"Avg. Salary: \u20b92,000,000","Cyient":"Avg. Salary: \u20b92,291,540","related_job_component":["Operations Manager","Business Development Manager","Project Manager, (Unspecified Type \/ General)","Area Sales Manager","Marketing Manager","Human Resources (HR) Manager","Regional Sales Manager","Relationship Manager","Operations Team Leader"],"Operations Manager":"Avg. Salary \u20b9297k \u2014 \u20b92m","Business Development Manager":"Avg. Salary \u20b9266k \u2014 \u20b91m","Project Manager, (Unspecified Type \/ General)":"Avg. Salary \u20b9456k \u2014 \u20b92m","Area Sales Manager":"Avg. Salary \u20b9299k \u2014 \u20b91m","Marketing Manager":"Avg. Salary \u20b9285k \u2014 \u20b92m","Human Resources (HR) Manager":"Avg. Salary \u20b9293k \u2014 \u20b92m","Regional Sales Manager":"Avg. Salary \u20b9480k \u2014 \u20b92m","Relationship Manager":"Avg. Salary \u20b9202k \u2014 \u20b9805k","Operations Team Leader":"Avg. Salary \u20b9242k \u2014 \u20b9948k"}}