{"0":{"job_title":"Associate_Vice_President_for_Development","avg_salary":"\u20b92,449,915","salary_component":["Base Salary","Bonus","Profit Sharing","Total Pay"],"Base Salary":"\u20b91m - \u20b94m","Bonus":"\u20b998k - \u20b9695k","Profit Sharing":"\u20b920k - \u20b9397k","Total Pay":"\u20b91m - \u20b94m","pay_by_experience_percent":["Early Career","Mid Career","Late Career","Experienced"],"Early Career":"-30%","Mid Career":"-13%","Late Career":"1%","Experienced":"25%","pay_by_experience_years":["1-4"],"1-4":"\u20b91,714,764","gender_component":["Male","Female"],"Male":"87.8","Female":"12.2","health_benefits_componentt":["Medical","Dental","Vision","None"],"Medical":"86","Dental":"10","Vision":"10","None":"14","popular_skills_component":["Project Management","People Management","Software Development","Java","Strategic Project Management"],"Project Management":"5%","People Management":"3%","Software Development":"\u20b92,483,963","Java":"\u20b92,396,237","Strategic Project Management":"\u20b92,478,968","affect_skills_component":["Program Management","Strategy","Leadership","Business Development","Java\/J2EE","Scrum","Project Management","Operations Management","People Management","Team Management"],"Program Management":"55%","Strategy":"42%","Leadership":"33%","Business Development":"16%","Java\/J2EE":"11%","Scrum":"9%","Operations Management":"4%","Team Management":"3%","career_path_component":["Vice President (VP), Technology","Business Development Director","Vice President (VP), Information Technol..."],"location_component":["Pune, Maharashtra","Mumbai, Maharashtra","Bangalore, Karnataka","Chennai, Tamil Nadu","Hyderabad, Andhra Pradesh","New Delhi, Delhi","Gurgaon, Haryana","Noida, Uttar Pradesh"],"Pune, Maharashtra":"-1%","Mumbai, Maharashtra":"-11%","Bangalore, Karnataka":"23%","Chennai, Tamil Nadu":"9%","Hyderabad, Andhra Pradesh":"-16%","New Delhi, Delhi":"%","Gurgaon, Haryana":"43%","Noida, Uttar Pradesh":"40%","employers_component":["J.P. Morgan Chase & Co. (JPMCC)","Barclays Bank PLC","Credit Suisse","Deutsche Bank","Citibank","Scope International","Barclays Technology Center India"],"J.P. Morgan Chase & Co. (JPMCC)":"Avg. Salary: \u20b92,072,289","Barclays Bank PLC":"Avg. Salary: \u20b92,471,741","Credit Suisse":"Avg. Salary: \u20b92,096,094","Deutsche Bank":"Avg. Salary: \u20b92,675,000","Citibank":"Avg. Salary: \u20b92,186,939","Scope International":"Avg. Salary: \u20b92,700,000","Barclays Technology Center India":"Avg. Salary: \u20b92,529,500","related_job_component":["Software Engineer","Senior Software Engineer","Operations Manager","Software Developer","Sr. Software Engineer \/ Developer \/ Programmer","Project Manager, (Unspecified Type \/ General)","Team Leader, IT","Information Technology (IT) Consultant","Lead Software Engineer"],"Software Engineer":"Avg. Salary \u20b9262k \u2014 \u20b91m","Senior Software Engineer":"Avg. Salary \u20b9493k \u2014 \u20b92m","Operations Manager":"Avg. Salary \u20b9297k \u2014 \u20b92m","Software Developer":"Avg. Salary \u20b9214k \u2014 \u20b91m","Sr. Software Engineer \/ Developer \/ Programmer":"Avg. Salary \u20b9432k \u2014 \u20b92m","Project Manager, (Unspecified Type \/ General)":"Avg. Salary \u20b9458k \u2014 \u20b92m","Team Leader, IT":"Avg. Salary \u20b9583k \u2014 \u20b92m","Information Technology (IT) Consultant":"Avg. Salary \u20b9391k \u2014 \u20b92m","Lead Software Engineer":"Avg. Salary \u20b9788k \u2014 \u20b93m"}}