{"0":{"job_title":"Associate_Vice_President_(AVP)%2C_Financial_Operations","avg_salary":"\u20b92,146,651","salary_component":["Base Salary","Bonus","Profit Sharing","Total Pay"],"Base Salary":"\u20b91m - \u20b93m","Bonus":"\u20b999k - \u20b9608k","Profit Sharing":"\u20b931k - \u20b9486k","Total Pay":"\u20b91m - \u20b94m","pay_by_experience_percent":["Early Career","Mid Career","Late Career","Experienced"],"Early Career":"-20%","Mid Career":"-17%","Late Career":"7%","Experienced":"67%","pay_by_experience_years":["1-4"],"1-4":"\u20b91,712,000","gender_component":["Male","Female"],"Male":"85.3","Female":"14.7","health_benefits_componentt":["Medical","Dental","Vision","None"],"Medical":"84","Dental":"6","Vision":"6","None":"16","popular_skills_component":["Operations Management","Financial Reporting","Financial Analysis","Project Management","Risk Management \/ Risk Control"],"Operations Management":"\u20b92,082,553","Financial Reporting":"8%","Financial Analysis":"3%","Project Management":"2%","Risk Management \/ Risk Control":"6%","affect_skills_component":["Business Analysis","Financial Compliance","People Management","Data Analysis","Financial Reporting","Tax Compliance","Risk Management \/ Risk Control","Financial Modeling","Financial Analysis","Project Management"],"Business Analysis":"21%","Financial Compliance":"16%","People Management":"10%","Data Analysis":"9%","Tax Compliance":"7%","Financial Modeling":"6%","career_path_component":["Vice President (VP), Finance","Vice President (VP), Operations","Vice President (VP), Information Technol..."],"location_component":["Mumbai, Maharashtra","Pune, Maharashtra","Bangalore, Karnataka","Chennai, Tamil Nadu","Hyderabad, Andhra Pradesh","New Delhi, Delhi","Gurgaon, Haryana","Delhi, Delhi","Noida, Uttar Pradesh","Gurgaon, Delhi"],"Mumbai, Maharashtra":"-9%","Pune, Maharashtra":"-1%","Bangalore, Karnataka":"14%","Chennai, Tamil Nadu":"-11%","Hyderabad, Andhra Pradesh":"13%","New Delhi, Delhi":"2%","Gurgaon, Haryana":"15%","Delhi, Delhi":"16%","Noida, Uttar Pradesh":"30%","Gurgaon, Delhi":"19%","employers_component":["Credit Suisse","Genpact","J.P. Morgan Chase & Co. (JPMCC)","HSBC","Deutsche Bank","Citibank","Barclays Shared Services Pvt Ltd"],"Credit Suisse":"Avg. Salary: \u20b91,900,000","Genpact":"Avg. Salary: \u20b92,884,941","J.P. Morgan Chase & Co. (JPMCC)":"Avg. Salary: \u20b91,867,007","HSBC":"Avg. Salary: \u20b91,922,078","Deutsche Bank":"Avg. Salary: \u20b92,567,550","Citibank":"Avg. Salary: \u20b92,265,000","Barclays Shared Services Pvt Ltd":"Avg. Salary: \u20b91,800,000","related_job_component":["Operations Manager","Financial Analyst","Project Manager, (Unspecified Type \/ General)","Finance Manager","Business Analyst, IT","Senior Business Analyst","Accountant","Data Analyst","Operations Team Leader"],"Operations Manager":"Avg. Salary \u20b9297k \u2014 \u20b92m","Financial Analyst":"Avg. Salary \u20b9220k \u2014 \u20b9994k","Project Manager, (Unspecified Type \/ General)":"Avg. Salary \u20b9456k \u2014 \u20b92m","Finance Manager":"Avg. Salary \u20b9354k \u2014 \u20b92m","Business Analyst, IT":"Avg. Salary \u20b9275k \u2014 \u20b91m","Senior Business Analyst":"Avg. Salary \u20b9447k \u2014 \u20b92m","Accountant":"Avg. Salary \u20b9123k \u2014 \u20b9507k","Data Analyst":"Avg. Salary \u20b9201k \u2014 \u20b9959k","Operations Team Leader":"Avg. Salary \u20b9242k \u2014 \u20b9948k"}}