[{"job_title":"Operations Manager","avg_salary":"₹766,239","pay_by_experience":"An entry-level Operations Manager with less than 1 year experience can expect to earn an average total compensation (includes tips, bonus, and overtime pay) of ₹362,490 based on 219 salaries. An early career Operations Manager with 1-4 years of experience earns an average total compensation of ₹436,921 based on 1,304 salaries. A mid-career Operations Manager with 5-9 years of experience earns an average total compensation of ₹697,156 based on 1,927 salaries. An experienced Operations Manager with 10-19 years of experience earns an average total compensation of ₹999,505 based on 3,152 salaries. In their late career (20 years and higher), employees earn an average total compensation of ₹1,216,871.  Read less"},{"job_title":"General / Operations Manager","avg_salary":"₹1,148,336","pay_by_experience":"An entry-level General / Operations Manager with less than 1 year experience can expect to earn an average total compensation (includes tips, bonus, and overtime pay) of ₹393,483 based on 65 salaries. An early career General / Operations Manager with 1-4 years of experience earns an average total compensation of ₹461,273 based on 246 salaries. A mid-career General / Operations Manager with 5-9 years of experience earns an average total compensation of ₹709,124 based on 289 salaries. An experienced General / Operations Manager with 10-19 years of experience earns an average total compensation of ₹1,354,282 based on 761 salaries. In their late career (20 years and higher), employees earn an average total compensation of ₹2,001,236.  Read less"},{"job_title":"Assistant General Manager (AGM)","avg_salary":"₹1,682,994","pay_by_experience":"An entry-level Assistant General Manager (AGM) with less than 1 year experience can expect to earn an average total compensation (includes tips, bonus, and overtime pay) of ₹450,454 based on 13 salaries. An early career Assistant General Manager (AGM) with 1-4 years of experience earns an average total compensation of ₹690,547 based on 52 salaries. A mid-career Assistant General Manager (AGM) with 5-9 years of experience earns an average total compensation of ₹1,545,395 based on 154 salaries. An experienced Assistant General Manager (AGM) with 10-19 years of experience earns an average total compensation of ₹1,776,075 based on 791 salaries. In their late career (20 years and higher), employees earn an average total compensation of ₹1,763,593.  Read less"},{"job_title":"Deputy General Manager","avg_salary":"₹2,001,120","pay_by_experience":"An entry-level Deputy General Manager with less than 1 year experience can expect to earn an average total compensation (includes tips, bonus, and overtime pay) of ₹419,611 based on 17 salaries. An early career Deputy General Manager with 1-4 years of experience earns an average total compensation of ₹583,264 based on 66 salaries. A mid-career Deputy General Manager with 5-9 years of experience earns an average total compensation of ₹1,381,614 based on 138 salaries. An experienced Deputy General Manager with 10-19 years of experience earns an average total compensation of ₹2,135,024 based on 640 salaries. In their late career (20 years and higher), employees earn an average total compensation of ₹2,351,795.  Read less"},{"job_title":"Chief Executive Officer (CEO)","avg_salary":"₹2,989,350","pay_by_experience":"An entry-level Chief Executive Officer (CEO) with less than 1 year experience can expect to earn an average total compensation (includes tips, bonus, and overtime pay) of ₹900,000 based on 37 salaries. An early career Chief Executive Officer (CEO) with 1-4 years of experience earns an average total compensation of ₹990,470 based on 182 salaries. A mid-career Chief Executive Officer (CEO) with 5-9 years of experience earns an average total compensation of ₹1,471,588 based on 147 salaries. An experienced Chief Executive Officer (CEO) with 10-19 years of experience earns an average total compensation of ₹3,084,114 based on 319 salaries. In their late career (20 years and higher), employees earn an average total compensation of ₹4,885,689.  Read less"},{"job_title":"Operations Supervisor","avg_salary":"₹281,552","pay_by_experience":"An entry-level Operations Supervisor with less than 1 year experience can expect to earn an average total compensation (includes tips, bonus, and overtime pay) of ₹210,206 based on 72 salaries. An early career Operations Supervisor with 1-4 years of experience earns an average total compensation of ₹241,751 based on 408 salaries. A mid-career Operations Supervisor with 5-9 years of experience earns an average total compensation of ₹352,667 based on 215 salaries. An experienced Operations Supervisor with 10-19 years of experience earns an average total compensation of ₹476,713 based on 146 salaries. In their late career (20 years and higher), employees earn an average total compensation of ₹655,150.  Read less"},{"job_title":"Vice President (VP), Operations","avg_salary":"₹3,187,361","pay_by_experience":"An early career Vice President (VP), Operations with 1-4 years of experience earns an average total compensation (includes tips, bonus, and overtime pay) of ₹1,301,798 based on 15 salaries. A mid-career Vice President (VP), Operations with 5-9 years of experience earns an average total compensation of ₹1,740,857 based on 41 salaries. An experienced Vice President (VP), Operations with 10-19 years of experience earns an average total compensation of ₹3,067,353 based on 390 salaries. In their late career (20 years and higher), employees earn an average total compensation of ₹3,986,197.  Read less"},{"job_title":"Sr. Operations Manager","avg_salary":"₹1,359,601","pay_by_experience":"An early career Sr. Operations Manager with 1-4 years of experience earns an average total compensation (includes tips, bonus, and overtime pay) of ₹654,963 based on 48 salaries. A mid-career Sr. Operations Manager with 5-9 years of experience earns an average total compensation of ₹1,012,406 based on 98 salaries. An experienced Sr. Operations Manager with 10-19 years of experience earns an average total compensation of ₹1,494,376 based on 462 salaries. In their late career (20 years and higher), employees earn an average total compensation of ₹1,236,504.  Read less"},{"job_title":"Vice President (VP), General Manager","avg_salary":"₹3,189,029","pay_by_experience":"An early career Vice President (VP), General Manager with 1-4 years of experience earns an average total compensation (includes tips, bonus, and overtime pay) of ₹1,500,000 based on 11 salaries. A mid-career Vice President (VP), General Manager with 5-9 years of experience earns an average total compensation of ₹2,013,414 based on 26 salaries. An experienced Vice President (VP), General Manager with 10-19 years of experience earns an average total compensation of ₹3,255,671 based on 262 salaries. In their late career (20 years and higher), employees earn an average total compensation of ₹3,340,011.  Read less"},{"job_title":"Director of Operations","avg_salary":"₹2,779,333","pay_by_experience":"An early career Director of Operations with 1-4 years of experience earns an average total compensation (includes tips, bonus, and overtime pay) of ₹950,000 based on 39 salaries. A mid-career Director of Operations with 5-9 years of experience earns an average total compensation of ₹1,525,263 based on 84 salaries. An experienced Director of Operations with 10-19 years of experience earns an average total compensation of ₹2,973,936 based on 317 salaries. In their late career (20 years and higher), employees earn an average total compensation of ₹3,580,905.  Read less"},{"job_title":"Chief Financial Officer (CFO)","avg_salary":"₹3,515,474","pay_by_experience":"An entry-level Chief Financial Officer (CFO) with less than 1 year experience can expect to earn an average total compensation (includes tips, bonus, and overtime pay) of ₹1,350,000 based on 20 salaries. An early career Chief Financial Officer (CFO) with 1-4 years of experience earns an average total compensation of ₹1,500,000 based on 50 salaries. A mid-career Chief Financial Officer (CFO) with 5-9 years of experience earns an average total compensation of ₹1,650,000 based on 65 salaries. An experienced Chief Financial Officer (CFO) with 10-19 years of experience earns an average total compensation of ₹3,650,293 based on 218 salaries. In their late career (20 years and higher), employees earn an average total compensation of ₹4,562,723.  Read less"},{"job_title":"Assistant Operations Manager","avg_salary":"₹515,588","pay_by_experience":"An entry-level Assistant Operations Manager with less than 1 year experience can expect to earn an average total compensation (includes tips, bonus, and overtime pay) of ₹389,744 based on 28 salaries. An early career Assistant Operations Manager with 1-4 years of experience earns an average total compensation of ₹406,132 based on 181 salaries. A mid-career Assistant Operations Manager with 5-9 years of experience earns an average total compensation of ₹574,262 based on 208 salaries. An experienced Assistant Operations Manager with 10-19 years of experience earns an average total compensation of ₹728,361 based on 146 salaries. In their late career (20 years and higher), employees earn an average total compensation of ₹780,000.  Read less"},{"job_title":"Chief Technology Officer (CTO)","avg_salary":"₹2,898,848","pay_by_experience":"An entry-level Chief Technology Officer (CTO) with less than 1 year experience can expect to earn an average total compensation (includes tips, bonus, and overtime pay) of ₹600,000 based on 9 salaries. An early career Chief Technology Officer (CTO) with 1-4 years of experience earns an average total compensation of ₹825,675 based on 58 salaries. A mid-career Chief Technology Officer (CTO) with 5-9 years of experience earns an average total compensation of ₹1,800,000 based on 70 salaries. An experienced Chief Technology Officer (CTO) with 10-19 years of experience earns an average total compensation of ₹3,102,979 based on 213 salaries. In their late career (20 years and higher), employees earn an average total compensation of ₹4,626,495.  Read less"},{"job_title":"Assistant Vice President (AVP), Regional Director","avg_salary":"₹2,321,413","pay_by_experience":"An early career Assistant Vice President (AVP), Regional Director with 1-4 years of experience earns an average total compensation (includes tips, bonus, and overtime pay) of ₹1,900,000 based on 15 salaries. A mid-career Assistant Vice President (AVP), Regional Director with 5-9 years of experience earns an average total compensation of ₹2,084,836 based on 62 salaries. An experienced Assistant Vice President (AVP), Regional Director with 10-19 years of experience earns an average total compensation of ₹2,364,640 based on 255 salaries. In their late career (20 years and higher), employees earn an average total compensation of ₹3,052,094.  Read less"},{"job_title":"Executive Director","avg_salary":"₹3,044,085","pay_by_experience":"An entry-level Executive Director with less than 1 year experience can expect to earn an average total compensation (includes tips, bonus, and overtime pay) of ₹550,000 based on 7 salaries. An early career Executive Director with 1-4 years of experience earns an average total compensation of ₹589,581 based on 37 salaries. A mid-career Executive Director with 5-9 years of experience earns an average total compensation of ₹1,000,000 based on 47 salaries. An experienced Executive Director with 10-19 years of experience earns an average total compensation of ₹3,570,927 based on 143 salaries. In their late career (20 years and higher), employees earn an average total compensation of ₹3,870,325.  Read less"},{"job_title":"Vice President (VP), Finance","avg_salary":"₹3,209,846","pay_by_experience":"An early career Vice President (VP), Finance with 1-4 years of experience earns an average total compensation (includes tips, bonus, and overtime pay) of ₹2,000,000 based on 13 salaries. A mid-career Vice President (VP), Finance with 5-9 years of experience earns an average total compensation of ₹2,422,172 based on 43 salaries. An experienced Vice President (VP), Finance with 10-19 years of experience earns an average total compensation of ₹3,497,302 based on 245 salaries. In their late career (20 years and higher), employees earn an average total compensation of ₹3,430,284.  Read less"},{"job_title":"Project Manager, Operations","avg_salary":"₹909,929","pay_by_experience":"An entry-level Project Manager, Operations with less than 1 year experience can expect to earn an average total compensation (includes tips, bonus, and overtime pay) of ₹400,000 based on 8 salaries. An early career Project Manager, Operations with 1-4 years of experience earns an average total compensation of ₹493,715 based on 69 salaries. A mid-career Project Manager, Operations with 5-9 years of experience earns an average total compensation of ₹906,085 based on 82 salaries. An experienced Project Manager, Operations with 10-19 years of experience earns an average total compensation of ₹1,212,566 based on 139 salaries. In their late career (20 years and higher), employees earn an average total compensation of ₹1,171,098.  Read less"},{"job_title":"Chief Operating Officer (COO)","avg_salary":"₹2,956,771","pay_by_experience":"An entry-level Chief Operating Officer (COO) with less than 1 year experience can expect to earn an average total compensation (includes tips, bonus, and overtime pay) of ₹200,000 based on 6 salaries. An early career Chief Operating Officer (COO) with 1-4 years of experience earns an average total compensation of ₹610,419 based on 30 salaries. A mid-career Chief Operating Officer (COO) with 5-9 years of experience earns an average total compensation of ₹1,251,419 based on 39 salaries. An experienced Chief Operating Officer (COO) with 10-19 years of experience earns an average total compensation of ₹2,719,639 based on 106 salaries. In their late career (20 years and higher), employees earn an average total compensation of ₹4,139,525.  Read less"},{"job_title":"Business Operations Manager","avg_salary":"₹995,815","pay_by_experience":"An entry-level Business Operations Manager with less than 1 year experience can expect to earn an average total compensation (includes tips, bonus, and overtime pay) of ₹550,000 based on 14 salaries. An early career Business Operations Manager with 1-4 years of experience earns an average total compensation of ₹506,759 based on 58 salaries. A mid-career Business Operations Manager with 5-9 years of experience earns an average total compensation of ₹928,348 based on 63 salaries. An experienced Business Operations Manager with 10-19 years of experience earns an average total compensation of ₹1,264,032 based on 118 salaries. In their late career (20 years and higher), employees earn an average total compensation of ₹2,619,048.  Read less"},{"job_title":"Associate Vice President (AVP), Financial Operations","avg_salary":"₹2,192,122","pay_by_experience":"An early career Associate Vice President (AVP), Financial Operations with 1-4 years of experience earns an average total compensation (includes tips, bonus, and overtime pay) of ₹1,712,000 based on 10 salaries. A mid-career Associate Vice President (AVP), Financial Operations with 5-9 years of experience earns an average total compensation of ₹1,835,364 based on 71 salaries. An experienced Associate Vice President (AVP), Financial Operations with 10-19 years of experience earns an average total compensation of ₹2,349,776 based on 174 salaries. In their late career (20 years and higher), employees earn an average total compensation of ₹3,649,315.  Read less"},{"job_title":"Operations Director","avg_salary":"₹2,600,325","pay_by_experience":"An early career Operations Director with 1-4 years of experience earns an average total compensation (includes tips, bonus, and overtime pay) of ₹500,000 based on 16 salaries. A mid-career Operations Director with 5-9 years of experience earns an average total compensation of ₹1,576,575 based on 26 salaries. An experienced Operations Director with 10-19 years of experience earns an average total compensation of ₹2,600,102 based on 120 salaries. In their late career (20 years and higher), employees earn an average total compensation of ₹3,571,562.  Read less"},{"job_title":"Customer Relationship Management (CRM) Manager","avg_salary":"₹360,621","pay_by_experience":"An entry-level Customer Relationship Management (CRM) Manager with less than 1 year experience can expect to earn an average total compensation (includes tips, bonus, and overtime pay) of ₹252,736 based on 32 salaries. An early career Customer Relationship Management (CRM) Manager with 1-4 years of experience earns an average total compensation of ₹302,696 based on 133 salaries. A mid-career Customer Relationship Management (CRM) Manager with 5-9 years of experience earns an average total compensation of ₹446,971 based on 50 salaries. An experienced Customer Relationship Management (CRM) Manager with 10-19 years of experience earns an average total compensation of ₹675,221 based on 53 salaries.   Read less"},{"job_title":"Country Manager","avg_salary":"₹2,883,815","pay_by_experience":"An early career Country Manager with 1-4 years of experience earns an average total compensation (includes tips, bonus, and overtime pay) of ₹1,430,753 based on 9 salaries. A mid-career Country Manager with 5-9 years of experience earns an average total compensation of ₹1,957,428 based on 37 salaries. An experienced Country Manager with 10-19 years of experience earns an average total compensation of ₹2,959,756 based on 128 salaries. In their late career (20 years and higher), employees earn an average total compensation of ₹3,487,379.  Read less"},{"job_title":"Associate Vice President for Development","avg_salary":"₹2,453,153","pay_by_experience":"An early career Associate Vice President for Development with 1-4 years of experience earns an average total compensation (includes tips, bonus, and overtime pay) of ₹1,714,764 based on 5 salaries. A mid-career Associate Vice President for Development with 5-9 years of experience earns an average total compensation of ₹2,151,560 based on 27 salaries. An experienced Associate Vice President for Development with 10-19 years of experience earns an average total compensation of ₹2,461,922 based on 177 salaries. In their late career (20 years and higher), employees earn an average total compensation of ₹3,531,884.  Read less"},{"job_title":"General Manager, Regional","avg_salary":"₹2,348,086","pay_by_experience":"An early career General Manager, Regional with 1-4 years of experience earns an average total compensation (includes tips, bonus, and overtime pay) of ₹1,179,162 based on 7 salaries. A mid-career General Manager, Regional with 5-9 years of experience earns an average total compensation of ₹1,850,000 based on 32 salaries. An experienced General Manager, Regional with 10-19 years of experience earns an average total compensation of ₹2,334,799 based on 105 salaries. In their late career (20 years and higher), employees earn an average total compensation of ₹2,628,219.  Read less"},{"job_title":"Chief Information Officer (CIO)","avg_salary":"₹4,216,788","pay_by_experience":"An early career Chief Information Officer (CIO) with 1-4 years of experience earns an average total compensation (includes tips, bonus, and overtime pay) of ₹450,000 based on 9 salaries. A mid-career Chief Information Officer (CIO) with 5-9 years of experience earns an average total compensation of ₹2,500,000 based on 6 salaries. An experienced Chief Information Officer (CIO) with 10-19 years of experience earns an average total compensation of ₹4,196,229 based on 47 salaries. In their late career (20 years and higher), employees earn an average total compensation of ₹4,940,991.  Read less"},{"job_title":"General Manager","avg_salary":"₹2,198,311","pay_by_experience":"An early career General Manager with 1-4 years of experience earns an average total compensation (includes tips, bonus, and overtime pay) of ₹520,000 based on 10 salaries. A mid-career General Manager with 5-9 years of experience earns an average total compensation of ₹1,750,000 based on 12 salaries. An experienced General Manager with 10-19 years of experience earns an average total compensation of ₹2,200,117 based on 67 salaries. In their late career (20 years and higher), employees earn an average total compensation of ₹2,544,291.  Read less"},{"job_title":"Program Manager, Non-Profit Organization","avg_salary":"₹605,628","pay_by_experience":"An entry-level Program Manager, Non-Profit Organization with less than 1 year experience can expect to earn an average total compensation (includes tips, bonus, and overtime pay) of ₹427,293 based on 5 salaries. An early career Program Manager, Non-Profit Organization with 1-4 years of experience earns an average total compensation of ₹516,575 based on 54 salaries. A mid-career Program Manager, Non-Profit Organization with 5-9 years of experience earns an average total compensation of ₹683,673 based on 55 salaries. An experienced Program Manager, Non-Profit Organization with 10-19 years of experience earns an average total compensation of ₹725,891 based on 31 salaries. In their late career (20 years and higher), employees earn an average total compensation of ₹574,560.  Read less"},{"job_title":"Area Manager, Retail","avg_salary":"₹647,608","pay_by_experience":"An early career Area Manager, Retail with 1-4 years of experience earns an average total compensation (includes tips, bonus, and overtime pay) of ₹500,505 based on 28 salaries. A mid-career Area Manager, Retail with 5-9 years of experience earns an average total compensation of ₹578,621 based on 43 salaries. An experienced Area Manager, Retail with 10-19 years of experience earns an average total compensation of ₹806,770 based on 70 salaries. In their late career (20 years and higher), employees earn an average total compensation of ₹1,017,365.  Read less"},{"job_title":"Facilities Manager","avg_salary":"₹739,132","pay_by_experience":"An early career Facilities Manager with 1-4 years of experience earns an average total compensation (includes tips, bonus, and overtime pay) of ₹397,023 based on 14 salaries. A mid-career Facilities Manager with 5-9 years of experience earns an average total compensation of ₹584,836 based on 34 salaries. An experienced Facilities Manager with 10-19 years of experience earns an average total compensation of ₹955,182 based on 74 salaries. In their late career (20 years and higher), employees earn an average total compensation of ₹900,000.  Read less"},{"job_title":"Regional Business Development Manager","avg_salary":"₹1,147,796","pay_by_experience":"An early career Regional Business Development Manager with 1-4 years of experience earns an average total compensation (includes tips, bonus, and overtime pay) of ₹559,000 based on 10 salaries. A mid-career Regional Business Development Manager with 5-9 years of experience earns an average total compensation of ₹927,317 based on 35 salaries. An experienced Regional Business Development Manager with 10-19 years of experience earns an average total compensation of ₹1,333,550 based on 72 salaries. In their late career (20 years and higher), employees earn an average total compensation of ₹2,000,000.  Read less"},{"job_title":"Sr. Project Manager, Operations","avg_salary":"₹1,467,175","pay_by_experience":"An early career Sr. Project Manager, Operations with 1-4 years of experience earns an average total compensation (includes tips, bonus, and overtime pay) of ₹498,761 based on 5 salaries. A mid-career Sr. Project Manager, Operations with 5-9 years of experience earns an average total compensation of ₹1,174,494 based on 17 salaries. An experienced Sr. Project Manager, Operations with 10-19 years of experience earns an average total compensation of ₹1,565,655 based on 82 salaries. In their late career (20 years and higher), employees earn an average total compensation of ₹1,800,000.  Read less"},{"job_title":"Area Operations Manager","avg_salary":"₹582,187","pay_by_experience":"An early career Area Operations Manager with 1-4 years of experience earns an average total compensation (includes tips, bonus, and overtime pay) of ₹383,459 based on 35 salaries. A mid-career Area Operations Manager with 5-9 years of experience earns an average total compensation of ₹565,819 based on 40 salaries. An experienced Area Operations Manager with 10-19 years of experience earns an average total compensation of ₹734,699 based on 54 salaries. In their late career (20 years and higher), employees earn an average total compensation of ₹930,000.  Read less"},{"job_title":"Vice President (VP), Technology","avg_salary":"₹3,559,478","pay_by_experience":"A mid-career Vice President (VP), Technology with 5-9 years of experience earns an average total compensation (includes tips, bonus, and overtime pay) of ₹3,441,187 based on 8 salaries. An experienced Vice President (VP), Technology with 10-19 years of experience earns an average total compensation of ₹3,511,039 based on 79 salaries. In their late career (20 years and higher), employees earn an average total compensation of ₹4,036,346.  Read less"},{"job_title":"Operations Administrator","avg_salary":"₹306,178","pay_by_experience":"An entry-level Operations Administrator with less than 1 year experience can expect to earn an average total compensation (includes tips, bonus, and overtime pay) of ₹255,000 based on 7 salaries. An early career Operations Administrator with 1-4 years of experience earns an average total compensation of ₹279,566 based on 68 salaries. A mid-career Operations Administrator with 5-9 years of experience earns an average total compensation of ₹380,000 based on 33 salaries. An experienced Operations Administrator with 10-19 years of experience earns an average total compensation of ₹637,255 based on 16 salaries.   Read less"},{"job_title":"Engagement Manager","avg_salary":"₹2,005,401","pay_by_experience":"An entry-level Engagement Manager with less than 1 year experience can expect to earn an average total compensation (includes tips, bonus, and overtime pay) of ₹825,000 based on 7 salaries. An early career Engagement Manager with 1-4 years of experience earns an average total compensation of ₹850,000 based on 18 salaries. A mid-career Engagement Manager with 5-9 years of experience earns an average total compensation of ₹2,199,774 based on 39 salaries. An experienced Engagement Manager with 10-19 years of experience earns an average total compensation of ₹2,279,559 based on 62 salaries. In their late career (20 years and higher), employees earn an average total compensation of ₹2,800,000.  Read less"},{"job_title":"Vice President (VP) Finance & Chief Financial Officer (CFO)","avg_salary":"₹3,684,645","pay_by_experience":"An early career Vice President (VP) Finance & Chief Financial Officer (CFO) with 1-4 years of experience earns an average total compensation (includes tips, bonus, and overtime pay) of ₹1,017,365 based on 6 salaries. A mid-career Vice President (VP) Finance & Chief Financial Officer (CFO) with 5-9 years of experience earns an average total compensation of ₹1,962,569 based on 10 salaries. An experienced Vice President (VP) Finance & Chief Financial Officer (CFO) with 10-19 years of experience earns an average total compensation of ₹3,997,997 based on 45 salaries. In their late career (20 years and higher), employees earn an average total compensation of ₹4,126,134.  Read less"},{"job_title":"Operations Officer","avg_salary":"₹297,129","pay_by_experience":"An entry-level Operations Officer with less than 1 year experience can expect to earn an average total compensation (includes tips, bonus, and overtime pay) of ₹250,000 based on 17 salaries. An early career Operations Officer with 1-4 years of experience earns an average total compensation of ₹276,679 based on 69 salaries. A mid-career Operations Officer with 5-9 years of experience earns an average total compensation of ₹350,000 based on 25 salaries. An experienced Operations Officer with 10-19 years of experience earns an average total compensation of ₹425,000 based on 11 salaries.   Read less"},{"job_title":"Senior Vice President (SVP), Operations","avg_salary":"₹5,780,368","pay_by_experience":"","Root":""},{"job_title":"President","avg_salary":"₹5,797,725","pay_by_experience":"An early career President with 1-4 years of experience earns an average total compensation (includes tips, bonus, and overtime pay) of ₹600,000 based on 5 salaries. A mid-career President with 5-9 years of experience earns an average total compensation of ₹3,930,541 based on 5 salaries. An experienced President with 10-19 years of experience earns an average total compensation of ₹5,000,000 based on 20 salaries. In their late career (20 years and higher), employees earn an average total compensation of ₹6,023,843.  Read less"},{"job_title":"Operations Manager, Banking","avg_salary":"₹450,094","pay_by_experience":"An entry-level Operations Manager, Banking with less than 1 year experience can expect to earn an average total compensation (includes tips, bonus, and overtime pay) of ₹287,823 based on 9 salaries. An early career Operations Manager, Banking with 1-4 years of experience earns an average total compensation of ₹353,706 based on 36 salaries. A mid-career Operations Manager, Banking with 5-9 years of experience earns an average total compensation of ₹545,495 based on 33 salaries. An experienced Operations Manager, Banking with 10-19 years of experience earns an average total compensation of ₹717,506 based on 23 salaries.   Read less"},{"job_title":"Storekeeper","avg_salary":"₹283,944","pay_by_experience":"An entry-level Storekeeper with less than 1 year experience can expect to earn an average total compensation (includes tips, bonus, and overtime pay) of ₹300,000 based on 10 salaries. An early career Storekeeper with 1-4 years of experience earns an average total compensation of ₹222,472 based on 35 salaries. A mid-career Storekeeper with 5-9 years of experience earns an average total compensation of ₹262,646 based on 32 salaries. An experienced Storekeeper with 10-19 years of experience earns an average total compensation of ₹240,000 based on 16 salaries. In their late career (20 years and higher), employees earn an average total compensation of ₹311,538.  Read less"},{"job_title":"Program Manager (Unspecified Type / General)","avg_salary":"₹1,385,327","pay_by_experience":"An early career Program Manager (Unspecified Type / General) with 1-4 years of experience earns an average total compensation (includes tips, bonus, and overtime pay) of ₹950,000 based on 21 salaries. A mid-career Program Manager (Unspecified Type / General) with 5-9 years of experience earns an average total compensation of ₹1,548,500 based on 29 salaries. An experienced Program Manager (Unspecified Type / General) with 10-19 years of experience earns an average total compensation of ₹2,138,634 based on 39 salaries.   Read less"},{"job_title":"Chief Information Security Officer","avg_salary":"₹2,355,581","pay_by_experience":"An early career Chief Information Security Officer with 1-4 years of experience earns an average total compensation (includes tips, bonus, and overtime pay) of ₹1,250,000 based on 10 salaries. A mid-career Chief Information Security Officer with 5-9 years of experience earns an average total compensation of ₹1,900,000 based on 14 salaries. An experienced Chief Information Security Officer with 10-19 years of experience earns an average total compensation of ₹2,883,696 based on 30 salaries. In their late career (20 years and higher), employees earn an average total compensation of ₹3,200,000.  Read less"},{"job_title":"Operations Manager, Retail","avg_salary":"₹561,465","pay_by_experience":"An early career Operations Manager, Retail with 1-4 years of experience earns an average total compensation (includes tips, bonus, and overtime pay) of ₹451,000 based on 21 salaries. A mid-career Operations Manager, Retail with 5-9 years of experience earns an average total compensation of ₹563,159 based on 33 salaries. An experienced Operations Manager, Retail with 10-19 years of experience earns an average total compensation of ₹679,412 based on 30 salaries. In their late career (20 years and higher), employees earn an average total compensation of ₹1,476,276.  Read less"},{"job_title":"Chief Security Officer (CSO)","avg_salary":"₹1,462,586","pay_by_experience":"An early career Chief Security Officer (CSO) with 1-4 years of experience earns an average total compensation (includes tips, bonus, and overtime pay) of ₹316,948 based on 9 salaries. A mid-career Chief Security Officer (CSO) with 5-9 years of experience earns an average total compensation of ₹850,000 based on 5 salaries. An experienced Chief Security Officer (CSO) with 10-19 years of experience earns an average total compensation of ₹1,444,164 based on 34 salaries. In their late career (20 years and higher), employees earn an average total compensation of ₹2,333,052.  Read less"},{"job_title":"Regional Manager, Services Company","avg_salary":"₹977,490","pay_by_experience":"An early career Regional Manager, Services Company with 1-4 years of experience earns an average total compensation (includes tips, bonus, and overtime pay) of ₹500,000 based on 13 salaries. A mid-career Regional Manager, Services Company with 5-9 years of experience earns an average total compensation of ₹661,287 based on 15 salaries. An experienced Regional Manager, Services Company with 10-19 years of experience earns an average total compensation of ₹1,163,496 based on 34 salaries. In their late career (20 years and higher), employees earn an average total compensation of ₹997,531.  Read less"},{"job_title":"Vice President (VP), Operations and Administration","avg_salary":"₹2,725,000","pay_by_experience":"A mid-career Vice President (VP), Operations and Administration with 5-9 years of experience earns an average total compensation (includes tips, bonus, and overtime pay) of ₹1,999,795 based on 5 salaries. An experienced Vice President (VP), Operations and Administration with 10-19 years of experience earns an average total compensation of ₹2,426,928 based on 35 salaries. In their late career (20 years and higher), employees earn an average total compensation of ₹3,617,325.  Read less"},{"job_title":"Revenue Manager","avg_salary":"₹933,694","pay_by_experience":"An early career Revenue Manager with 1-4 years of experience earns an average total compensation (includes tips, bonus, and overtime pay) of ₹744,000 based on 16 salaries. A mid-career Revenue Manager with 5-9 years of experience earns an average total compensation of ₹981,130 based on 36 salaries. An experienced Revenue Manager with 10-19 years of experience earns an average total compensation of ₹981,130 based on 18 salaries.   Read less"},{"job_title":"Chief Medical Officer (CMO)","avg_salary":"₹1,276,515","pay_by_experience":"An early career Chief Medical Officer (CMO) with 1-4 years of experience earns an average total compensation (includes tips, bonus, and overtime pay) of ₹799,918 based on 11 salaries. A mid-career Chief Medical Officer (CMO) with 5-9 years of experience earns an average total compensation of ₹1,276,846 based on 14 salaries. An experienced Chief Medical Officer (CMO) with 10-19 years of experience earns an average total compensation of ₹1,649,990 based on 28 salaries. In their late career (20 years and higher), employees earn an average total compensation of ₹2,000,000.  Read less"},{"job_title":"Division General Manager","avg_salary":"₹2,509,803","pay_by_experience":"An early career Division General Manager with 1-4 years of experience earns an average total compensation (includes tips, bonus, and overtime pay) of ₹1,523,809 based on 2 salaries. A mid-career Division General Manager with 5-9 years of experience earns an average total compensation of ₹1,650,000 based on 5 salaries. An experienced Division General Manager with 10-19 years of experience earns an average total compensation of ₹2,462,729 based on 34 salaries. In their late career (20 years and higher), employees earn an average total compensation of ₹2,482,856.  Read less"},{"job_title":"Chief Marketing Officer (CMO)","avg_salary":"₹2,750,000","pay_by_experience":"An early career Chief Marketing Officer (CMO) with 1-4 years of experience earns an average total compensation (includes tips, bonus, and overtime pay) of ₹508,682 based on 9 salaries. A mid-career Chief Marketing Officer (CMO) with 5-9 years of experience earns an average total compensation of ₹1,232,790 based on 12 salaries. An experienced Chief Marketing Officer (CMO) with 10-19 years of experience earns an average total compensation of ₹3,961,246 based on 29 salaries. In their late career (20 years and higher), employees earn an average total compensation of ₹3,500,000.  Read less"},{"job_title":"City Manager","avg_salary":"₹802,458","pay_by_experience":"An early career City Manager with 1-4 years of experience earns an average total compensation (includes tips, bonus, and overtime pay) of ₹672,492 based on 32 salaries. A mid-career City Manager with 5-9 years of experience earns an average total compensation of ₹940,264 based on 18 salaries. An experienced City Manager with 10-19 years of experience earns an average total compensation of ₹1,300,000 based on 19 salaries.   Read less"},{"job_title":"Chief Operations Officer (COO)","avg_salary":"₹2,502,523","pay_by_experience":"An early career Chief Operations Officer (COO) with 1-4 years of experience earns an average total compensation (includes tips, bonus, and overtime pay) of ₹400,000 based on 10 salaries. A mid-career Chief Operations Officer (COO) with 5-9 years of experience earns an average total compensation of ₹3,450,000 based on 5 salaries. An experienced Chief Operations Officer (COO) with 10-19 years of experience earns an average total compensation of ₹4,127,068 based on 22 salaries. In their late career (20 years and higher), employees earn an average total compensation of ₹3,000,000.  Read less"},{"job_title":"Vice President (VP), Strategy","avg_salary":"₹3,973,172","pay_by_experience":"A mid-career Vice President (VP), Strategy with 5-9 years of experience earns an average total compensation (includes tips, bonus, and overtime pay) of ₹2,399,029 based on 9 salaries. An experienced Vice President (VP), Strategy with 10-19 years of experience earns an average total compensation of ₹4,110,591 based on 40 salaries. In their late career (20 years and higher), employees earn an average total compensation of ₹3,850,000.  Read less"},{"job_title":"Assistant Plant Manager/Operations","avg_salary":"₹615,852","pay_by_experience":"An early career Assistant Plant Manager/Operations with 1-4 years of experience earns an average total compensation (includes tips, bonus, and overtime pay) of ₹556,951 based on 15 salaries. A mid-career Assistant Plant Manager/Operations with 5-9 years of experience earns an average total compensation of ₹599,820 based on 32 salaries. An experienced Assistant Plant Manager/Operations with 10-19 years of experience earns an average total compensation of ₹750,000 based on 12 salaries. In their late career (20 years and higher), employees earn an average total compensation of ₹1,038,000.  Read less"},{"job_title":"Chief Risk Officer (CRO)","avg_salary":"₹1,550,000","pay_by_experience":"An entry-level Chief Risk Officer (CRO) with less than 1 year experience can expect to earn an average total compensation (includes tips, bonus, and overtime pay) of ₹148,000 based on 8 salaries. An early career Chief Risk Officer (CRO) with 1-4 years of experience earns an average total compensation of ₹283,000 based on 21 salaries. A mid-career Chief Risk Officer (CRO) with 5-9 years of experience earns an average total compensation of ₹1,300,000 based on 5 salaries. An experienced Chief Risk Officer (CRO) with 10-19 years of experience earns an average total compensation of ₹5,500,000 based on 11 salaries. In their late career (20 years and higher), employees earn an average total compensation of ₹4,250,000.  Read less"},{"job_title":"Director, Supply Chain Management","avg_salary":"₹3,255,567","pay_by_experience":"An early career Director, Supply Chain Management with 1-4 years of experience earns an average total compensation (includes tips, bonus, and overtime pay) of ₹624,000 based on 6 salaries. An experienced Director, Supply Chain Management with 10-19 years of experience earns an average total compensation of ₹3,930,541 based on 19 salaries. In their late career (20 years and higher), employees earn an average total compensation of ₹3,851,582.  Read less"},{"job_title":"Senior Program Manager (Unspecified Type / General)","avg_salary":"₹2,977,218","pay_by_experience":"A mid-career Senior Program Manager (Unspecified Type / General) with 5-9 years of experience earns an average total compensation (includes tips, bonus, and overtime pay) of ₹2,700,000 based on 13 salaries. An experienced Senior Program Manager (Unspecified Type / General) with 10-19 years of experience earns an average total compensation of ₹3,073,435 based on 30 salaries. In their late career (20 years and higher), employees earn an average total compensation of ₹3,600,000.  Read less"},{"job_title":"Vice President (VP), Product Management","avg_salary":"₹4,488,869","pay_by_experience":"An early career Vice President (VP), Product Management with 1-4 years of experience earns an average total compensation (includes tips, bonus, and overtime pay) of ₹2,400,000 based on 8 salaries. A mid-career Vice President (VP), Product Management with 5-9 years of experience earns an average total compensation of ₹3,400,000 based on 10 salaries. An experienced Vice President (VP), Product Management with 10-19 years of experience earns an average total compensation of ₹4,064,512 based on 21 salaries. In their late career (20 years and higher), employees earn an average total compensation of ₹5,165,506.  Read less"},{"job_title":"Vice President (VP) of Product Development","avg_salary":"₹3,041,019","pay_by_experience":"","Root":""},{"job_title":"Continuous Improvement Manager","avg_salary":"₹1,032,250","pay_by_experience":"An early career Continuous Improvement Manager with 1-4 years of experience earns an average total compensation (includes tips, bonus, and overtime pay) of ₹583,500 based on 8 salaries. A mid-career Continuous Improvement Manager with 5-9 years of experience earns an average total compensation of ₹1,050,000 based on 16 salaries. An experienced Continuous Improvement Manager with 10-19 years of experience earns an average total compensation of ₹1,293,765 based on 26 salaries.   Read less"},{"job_title":"Diplomat","avg_salary":"₹300,000","pay_by_experience":"","Root":""},{"job_title":"Diplomat","avg_salary":"₹300,000","pay_by_experience":"","Root":""},{"job_title":"Divisional Vice President, General Manager","avg_salary":"₹3,109,873","pay_by_experience":"","Root":""},{"job_title":"State/Territory Manager, General Operations","avg_salary":"₹1,100,000","pay_by_experience":"An early career State/Territory Manager, General Operations with 1-4 years of experience earns an average total compensation (includes tips, bonus, and overtime pay) of ₹307,226 based on 6 salaries. A mid-career State/Territory Manager, General Operations with 5-9 years of experience earns an average total compensation of ₹982,635 based on 11 salaries. An experienced State/Territory Manager, General Operations with 10-19 years of experience earns an average total compensation of ₹1,146,502 based on 22 salaries. In their late career (20 years and higher), employees earn an average total compensation of ₹1,257,929.  Read less"},{"job_title":"Branch Manager, Wholesale Distributor","avg_salary":"₹471,683","pay_by_experience":"An early career Branch Manager, Wholesale Distributor with 1-4 years of experience earns an average total compensation (includes tips, bonus, and overtime pay) of ₹412,000 based on 9 salaries. A mid-career Branch Manager, Wholesale Distributor with 5-9 years of experience earns an average total compensation of ₹700,000 based on 16 salaries. An experienced Branch Manager, Wholesale Distributor with 10-19 years of experience earns an average total compensation of ₹672,000 based on 18 salaries. In their late career (20 years and higher), employees earn an average total compensation of ₹440,000.  Read less"},{"job_title":"Group General Manager","avg_salary":"₹1,800,000","pay_by_experience":"An early career Group General Manager with 1-4 years of experience earns an average total compensation (includes tips, bonus, and overtime pay) of ₹785,000 based on 5 salaries. A mid-career Group General Manager with 5-9 years of experience earns an average total compensation of ₹1,200,000 based on 6 salaries. An experienced Group General Manager with 10-19 years of experience earns an average total compensation of ₹2,100,000 based on 14 salaries. In their late career (20 years and higher), employees earn an average total compensation of ₹1,900,000.  Read less"},{"job_title":"Chief Human Resources Officer (CHRO)","avg_salary":"₹4,913,176","pay_by_experience":"","Root":""},{"job_title":"Retail General Manager (GM)","avg_salary":"₹1,800,000","pay_by_experience":"A mid-career Retail General Manager (GM) with 5-9 years of experience earns an average total compensation (includes tips, bonus, and overtime pay) of ₹1,200,000 based on 5 salaries. An experienced Retail General Manager (GM) with 10-19 years of experience earns an average total compensation of ₹2,100,000 based on 25 salaries. In their late career (20 years and higher), employees earn an average total compensation of ₹2,696,296.  Read less"},{"job_title":"Senior Director, Operations","avg_salary":"₹4,666,325","pay_by_experience":"","Root":""},{"job_title":"Country Manager, General Operations","avg_salary":"₹2,888,329","pay_by_experience":"","Root":""},{"job_title":"Vice President (VP), Procurement","avg_salary":"₹3,930,541","pay_by_experience":"","Root":""},{"job_title":"Vice President (VP), Supply Chain Management","avg_salary":"₹4,081,921","pay_by_experience":"","Root":""},{"job_title":"Business Unit Manager","avg_salary":"₹2,230,051","pay_by_experience":"An early career Business Unit Manager with 1-4 years of experience earns an average total compensation (includes tips, bonus, and overtime pay) of ₹1,800,000 based on 5 salaries. A mid-career Business Unit Manager with 5-9 years of experience earns an average total compensation of ₹990,000 based on 7 salaries. An experienced Business Unit Manager with 10-19 years of experience earns an average total compensation of ₹2,236,787 based on 12 salaries. In their late career (20 years and higher), employees earn an average total compensation of ₹3,151,525.  Read less"},{"job_title":"Director of Strategy","avg_salary":"₹3,635,340","pay_by_experience":"A mid-career Director of Strategy with 5-9 years of experience earns an average total compensation (includes tips, bonus, and overtime pay) of ₹3,399,834 based on 6 salaries. An experienced Director of Strategy with 10-19 years of experience earns an average total compensation of ₹3,748,175 based on 22 salaries. In their late career (20 years and higher), employees earn an average total compensation of ₹5,600,000.  Read less"},{"job_title":"Director, Operations and Administration","avg_salary":"₹1,038,462","pay_by_experience":"A mid-career Director, Operations and Administration with 5-9 years of experience earns an average total compensation (includes tips, bonus, and overtime pay) of ₹1,080,000 based on 5 salaries. An experienced Director, Operations and Administration with 10-19 years of experience earns an average total compensation of ₹1,410,000 based on 13 salaries. In their late career (20 years and higher), employees earn an average total compensation of ₹1,500,000.  Read less"},{"job_title":"Division Operations Manager","avg_salary":"₹1,017,365","pay_by_experience":"A mid-career Division Operations Manager with 5-9 years of experience earns an average total compensation (includes tips, bonus, and overtime pay) of ₹760,059 based on 6 salaries. An experienced Division Operations Manager with 10-19 years of experience earns an average total compensation of ₹1,473,953 based on 16 salaries. In their late career (20 years and higher), employees earn an average total compensation of ₹1,500,000.  Read less"},{"job_title":"Director, Business Operations","avg_salary":"₹3,400,000","pay_by_experience":"","Root":""},{"job_title":"General Manager, Product Development Center","avg_salary":"₹2,148,837","pay_by_experience":"","Root":""},{"job_title":"Director, Customer Service","avg_salary":"₹2,610,940","pay_by_experience":"A mid-career Director, Customer Service with 5-9 years of experience earns an average total compensation (includes tips, bonus, and overtime pay) of ₹2,000,000 based on 5 salaries. An experienced Director, Customer Service with 10-19 years of experience earns an average total compensation of ₹3,269,764 based on 18 salaries. In their late career (20 years and higher), employees earn an average total compensation of ₹3,144,851.  Read less"},{"job_title":"Facilities Director","avg_salary":"₹2,529,447","pay_by_experience":"","Root":""},{"job_title":"Sourcing Manager, Manufacturing","avg_salary":"₹1,295,986","pay_by_experience":"An early career Sourcing Manager, Manufacturing with 1-4 years of experience earns an average total compensation (includes tips, bonus, and overtime pay) of ₹725,000 based on 5 salaries. A mid-career Sourcing Manager, Manufacturing with 5-9 years of experience earns an average total compensation of ₹850,000 based on 7 salaries. An experienced Sourcing Manager, Manufacturing with 10-19 years of experience earns an average total compensation of ₹1,515,732 based on 16 salaries.   Read less"},{"job_title":"Senior Business Manager","avg_salary":"₹954,974","pay_by_experience":"","Root":""},{"job_title":"Vice President (VP), Internal Audit","avg_salary":"₹3,460,437","pay_by_experience":"","Root":""},{"job_title":"Performance Manager","avg_salary":"₹1,186,436","pay_by_experience":"An early career Performance Manager with 1-4 years of experience earns an average total compensation (includes tips, bonus, and overtime pay) of ₹600,000 based on 5 salaries. A mid-career Performance Manager with 5-9 years of experience earns an average total compensation of ₹1,150,000 based on 8 salaries. An experienced Performance Manager with 10-19 years of experience earns an average total compensation of ₹1,473,953 based on 13 salaries.   Read less"},{"job_title":"President and CEO","avg_salary":"₹5,086,824","pay_by_experience":"An early career President and CEO with 1-4 years of experience earns an average total compensation (includes tips, bonus, and overtime pay) of ₹890,000 based on 2 salaries. A mid-career President and CEO with 5-9 years of experience earns an average total compensation of ₹4,500,000 based on 2 salaries. An experienced President and CEO with 10-19 years of experience earns an average total compensation of ₹3,600,000 based on 7 salaries. In their late career (20 years and higher), employees earn an average total compensation of ₹6,967,742.  Read less"},{"job_title":"Regional Operations Director","avg_salary":"₹2,200,000","pay_by_experience":"A mid-career Regional Operations Director with 5-9 years of experience earns an average total compensation (includes tips, bonus, and overtime pay) of ₹1,342,000 based on 5 salaries. An experienced Regional Operations Director with 10-19 years of experience earns an average total compensation of ₹2,034,730 based on 7 salaries. In their late career (20 years and higher), employees earn an average total compensation of ₹3,800,000.  Read less"},{"job_title":"Vice President, Chief Operating Officer (COO)","avg_salary":"₹3,903,660","pay_by_experience":"","Root":""},{"job_title":"Director, Risk Management / Risk Control","avg_salary":"₹4,000,000","pay_by_experience":"","Root":""},{"job_title":"Operations Coordinator (Unspecified Type)","avg_salary":"₹277,986","pay_by_experience":"An early career Operations Coordinator (Unspecified Type) with 1-4 years of experience earns an average total compensation (includes tips, bonus, and overtime pay) of ₹273,046 based on 17 salaries. A mid-career Operations Coordinator (Unspecified Type) with 5-9 years of experience earns an average total compensation of ₹350,000 based on 7 salaries.   Read less"},{"job_title":"Vice President (VP), Quality","avg_salary":"₹3,500,000","pay_by_experience":"","Root":""},{"job_title":"Senior Vice President (SVP), Marketing","avg_salary":"₹4,000,000","pay_by_experience":"","Root":""},{"job_title":"Director, Product Development","avg_salary":"₹3,800,000","pay_by_experience":"","Root":""},{"job_title":"Senior Project Manager (Unspecified Type / General)","avg_salary":"₹1,819,636","pay_by_experience":"A mid-career Senior Project Manager (Unspecified Type / General) with 5-9 years of experience earns an average total compensation (includes tips, bonus, and overtime pay) of ₹1,250,000 based on 5 salaries. An experienced Senior Project Manager (Unspecified Type / General) with 10-19 years of experience earns an average total compensation of ₹1,900,000 based on 18 salaries.   Read less"},{"job_title":"Chief Legal Officer","avg_salary":"₹610,419","pay_by_experience":"An early career Chief Legal Officer with 1-4 years of experience earns an average total compensation (includes tips, bonus, and overtime pay) of ₹341,500 based on 8 salaries. An experienced Chief Legal Officer with 10-19 years of experience earns an average total compensation of ₹1,050,000 based on 7 salaries. In their late career (20 years and higher), employees earn an average total compensation of ₹6,550,000.  Read less"},{"job_title":"Facilities Coordinator","avg_salary":"₹488,211","pay_by_experience":"An early career Facilities Coordinator with 1-4 years of experience earns an average total compensation (includes tips, bonus, and overtime pay) of ₹400,000 based on 6 salaries. A mid-career Facilities Coordinator with 5-9 years of experience earns an average total compensation of ₹481,865 based on 10 salaries. An experienced Facilities Coordinator with 10-19 years of experience earns an average total compensation of ₹650,000 based on 8 salaries.   Read less"},{"job_title":"Senior Director of Strategy","avg_salary":"₹4,966,466","pay_by_experience":"","Root":""},{"job_title":"Chief Executive Officer (CEO), Non-Profit Organization","avg_salary":"₹1,179,162","pay_by_experience":"An early career Chief Executive Officer (CEO), Non-Profit Organization with 1-4 years of experience earns an average total compensation (includes tips, bonus, and overtime pay) of ₹740,000 based on 6 salaries. A mid-career Chief Executive Officer (CEO), Non-Profit Organization with 5-9 years of experience earns an average total compensation of ₹500,000 based on 6 salaries. An experienced Chief Executive Officer (CEO), Non-Profit Organization with 10-19 years of experience earns an average total compensation of ₹2,396,617 based on 9 salaries. In their late career (20 years and higher), employees earn an average total compensation of ₹2,700,000.  Read less"},{"job_title":"Partner - Accounting Firm, Tax","avg_salary":"₹1,300,000","pay_by_experience":"An early career Partner - Accounting Firm, Tax with 1-4 years of experience earns an average total compensation (includes tips, bonus, and overtime pay) of ₹600,000 based on 6 salaries. A mid-career Partner - Accounting Firm, Tax with 5-9 years of experience earns an average total compensation of ₹884,372 based on 10 salaries. An experienced Partner - Accounting Firm, Tax with 10-19 years of experience earns an average total compensation of ₹1,850,000 based on 7 salaries.   Read less"}]