{"0":{"job_title":"Branch_Manager%2C_Wholesale_Distributor","avg_salary":"\u20b9471,683","salary_component":["Base Salary","Bonus","Profit Sharing","Total Pay"],"Base Salary":"\u20b9178k - \u20b91m","Bonus":"\u20b910k - \u20b9357k","Profit Sharing":"\u20b949k - \u20b9102k","Total Pay":"\u20b9178k - \u20b92m","pay_by_experience_percent":["Early Career","Mid Career","Late Career","Experienced"],"Early Career":"-13%","Mid Career":"48%","Late Career":"42%","Experienced":"-7%","pay_by_experience_years":["1-4"],"1-4":"\u20b9412,000","gender_component":["Male"],"Male":"100.0","health_benefits_componentt":["Medical","None"],"Medical":"64","None":"36","popular_skills_component":["Sales Management","Sales","Operations Management","Customer Service"],"Sales Management":"71%","Sales":"3%","Operations Management":"99%","Customer Service":"133%","affect_skills_component":["Customer Service","Operations Management","Sales Management","Sales"],"career_path_component":["Regional Sales Manager","Channel Sales Manager"],"location_component":["Bangalore, Karnataka","Chennai, Tamil Nadu"],"Bangalore, Karnataka":"60%","Chennai, Tamil Nadu":"2%","employers_component":[],"related_job_component":["Operations Manager","Business Development Manager","Assistant Manager, Customer Service","Area Sales Manager","Retail Store Manager","Customer Service Representative (CSR)","Relationship Manager","Customer Service Associate","General \/ Operations Manager"],"Operations Manager":"Avg. Salary \u20b9297k \u2014 \u20b92m","Business Development Manager":"Avg. Salary \u20b9269k \u2014 \u20b91m","Assistant Manager, Customer Service":"Avg. Salary \u20b9251k \u2014 \u20b9952k","Area Sales Manager":"Avg. Salary \u20b9299k \u2014 \u20b91m","Retail Store Manager":"Avg. Salary \u20b9200k \u2014 \u20b9824k","Customer Service Representative (CSR)":"Avg. Salary \u20b9148k \u2014 \u20b9459k","Relationship Manager":"Avg. Salary \u20b9203k \u2014 \u20b9806k","Customer Service Associate":"Avg. Salary \u20b9151k \u2014 \u20b9407k","General \/ Operations Manager":"Avg. Salary \u20b9319k \u2014 \u20b93m"}}