{"0":{"job_title":"Business_Unit_Manager","avg_salary":"\u20b92,148,920","salary_component":["Base Salary","Bonus","Profit Sharing","Total Pay"],"Base Salary":"\u20b9362k - \u20b94m","Bonus":"\u20b9100k - \u20b9800k","Profit Sharing":"\u20b90 - \u20b950k","Total Pay":"\u20b9449k - \u20b94m","pay_by_experience_percent":["Early Career","Mid Career","Late Career","Experienced"],"Early Career":"-16%","Mid Career":"-54%","Late Career":"4%","Experienced":"47%","pay_by_experience_years":["1-4","5-9"],"1-4":"\u20b91,800,000","5-9":"\u20b9990,000","gender_component":["Male","Female"],"Male":"88.9","Female":"11.1","health_benefits_componentt":["Medical","Dental","Vision","None"],"Medical":"73","Dental":"9","Vision":"9","None":"27","popular_skills_component":["People Management","Operations Management","Sales Management","Business Strategy"],"People Management":"\u20b92,069,565","Operations Management":"1%","Sales Management":"\u20b92,036,200","Business Strategy":"10%","affect_skills_component":["Business Strategy","Operations Management"],"career_path_component":["Inside Sales Manager"],"location_component":["Bangalore, Karnataka","Chennai, Tamil Nadu","Pune, Maharashtra","Mumbai, Maharashtra","Aurangabad, Maharashtra"],"Bangalore, Karnataka":"2%","Chennai, Tamil Nadu":"9%","Pune, Maharashtra":"2%","Mumbai, Maharashtra":"-69%","Aurangabad, Maharashtra":"42%","employers_component":[],"related_job_component":["Operations Manager","Area Sales Manager","Operations Team Leader","Business Development Manager","Regional Sales Manager","General \/ Operations Manager","Retail Store Manager","Service Delivery Manager","Assistant Operations Manager"],"Operations Manager":"Avg. Salary \u20b9297k \u2014 \u20b92m","Area Sales Manager":"Avg. Salary \u20b9298k \u2014 \u20b91m","Operations Team Leader":"Avg. Salary \u20b9241k \u2014 \u20b9927k","Business Development Manager":"Avg. Salary \u20b9272k \u2014 \u20b91m","Regional Sales Manager":"Avg. Salary \u20b9481k \u2014 \u20b92m","General \/ Operations Manager":"Avg. Salary \u20b9324k \u2014 \u20b93m","Retail Store Manager":"Avg. Salary \u20b9202k \u2014 \u20b9825k","Service Delivery Manager":"Avg. Salary \u20b9412k \u2014 \u20b93m","Assistant Operations Manager":"Avg. Salary \u20b9283k \u2014 \u20b91m"}}