{"0":{"job_title":"Business_Operations_Manager","avg_salary":"\u20b9998,048","salary_component":["Base Salary","Bonus","Profit Sharing","Commission","Total Pay"],"Base Salary":"\u20b9311k - \u20b93m","Bonus":"\u20b915k - \u20b9413k","Profit Sharing":"\u20b9-22 - \u20b9604k","Commission":"\u20b90 - \u20b990k","Total Pay":"\u20b9356k - \u20b93m","pay_by_experience_percent":["Entry Level","Early Career","Mid Career","Late Career","Experienced"],"Entry Level":"-45%","Early Career":"-50%","Mid Career":"-6%","Late Career":"38%","Experienced":"162%","pay_by_experience_years":["1"],"1":"\u20b9550,000","gender_component":["Male","Female"],"Male":"80.4","Female":"19.6","health_benefits_componentt":["Medical","Dental","Vision","None"],"Medical":"70","Dental":"6","Vision":"5","None":"30","popular_skills_component":["Operations Management","People Management","Process Improvement","Microsoft Excel","Business Analysis"],"Operations Management":"\u20b9962,263","People Management":"\u20b9954,549","Process Improvement":"\u20b9957,948","Microsoft Excel":"\u20b9748,000","Business Analysis":"28%","affect_skills_component":["Business Strategy","Business Management","Strategic Project Management","Project Management","Windows Operating System General Use","Business Analysis","Budget Management"],"Business Strategy":"95%","Business Management":"83%","Strategic Project Management":"65%","Project Management":"50%","Windows Operating System General Use":"38%","Budget Management":"8%","career_path_component":["Service Delivery Manager","Business Development Manager","Assistant General Manager (AGM)"],"location_component":["Mumbai, Maharashtra","Bangalore, Karnataka","Pune, Maharashtra","New Delhi, Delhi","Chennai, Tamil Nadu","Gurgaon, Haryana","Hyderabad, Andhra Pradesh","Kolkata, West Bengal","Delhi, Delhi","Ahmedabad, Gujarat"],"Mumbai, Maharashtra":"40%","Bangalore, Karnataka":"37%","Pune, Maharashtra":"-19%","New Delhi, Delhi":"-39%","Chennai, Tamil Nadu":"45%","Gurgaon, Haryana":"75%","Hyderabad, Andhra Pradesh":"25%","Kolkata, West Bengal":"-55%","Delhi, Delhi":"-20%","Ahmedabad, Gujarat":"-4%","employers_component":["Cisco Systems Inc"],"Cisco Systems Inc":"Avg. Salary: \u20b92,947,906","related_job_component":["Operations Manager","Project Manager, (Unspecified Type \/ General)","Civil Engineer","Mechanical Engineer","Business Analyst, IT","Senior Business Analyst","Project Manager, Information Technology (IT)","Operations Team Leader","Electrical Engineer"],"Operations Manager":"Avg. Salary \u20b9296k \u2014 \u20b92m","Project Manager, (Unspecified Type \/ General)":"Avg. Salary \u20b9456k \u2014 \u20b92m","Civil Engineer":"Avg. Salary \u20b9154k \u2014 \u20b9771k","Mechanical Engineer":"Avg. Salary \u20b9152k \u2014 \u20b9983k","Business Analyst, IT":"Avg. Salary \u20b9275k \u2014 \u20b91m","Senior Business Analyst":"Avg. Salary \u20b9447k \u2014 \u20b92m","Project Manager, Information Technology (IT)":"Avg. Salary \u20b9531k \u2014 \u20b92m","Operations Team Leader":"Avg. Salary \u20b9242k \u2014 \u20b9946k","Electrical Engineer":"Avg. Salary \u20b9174k \u2014 \u20b9995k"}}