{"0":{"job_title":"Chief_Operating_Officer_(COO)","avg_salary":"\u20b92,956,771","salary_component":["Base Salary","Bonus","Profit Sharing","Commission","Total Pay"],"Base Salary":"\u20b9608k - \u20b98m","Bonus":"\u20b939k - \u20b92m","Profit Sharing":"\u20b999k - \u20b92m","Commission":"\u20b90 - \u20b991k","Total Pay":"\u20b9680k - \u20b910m","pay_by_experience_percent":["Entry Level","Early Career","Mid Career","Late Career","Experienced"],"Entry Level":"-93%","Early Career":"-79%","Mid Career":"-58%","Late Career":"-8%","Experienced":"40%","pay_by_experience_years":["1"],"1":"\u20b9200,000","gender_component":["Male","Female"],"Male":"84.4","Female":"15.6","health_benefits_componentt":["Medical","Dental","Vision","None"],"Medical":"67","Dental":"9","Vision":"11","None":"33","popular_skills_component":["Operations Management","Leadership","Strategic Planning","People Management","Strategic Project Management"],"Operations Management":"\u20b92,941,475","Leadership":"26%","Strategic Planning":"3%","People Management":"\u20b92,530,761","Strategic Project Management":"18%","affect_skills_component":["Project Management","Sales Management","Program Management","Leadership","Business Strategy","Customer Relationship Management (CRM)","Strategic Project Management","Risk Management \/ Risk Control","Strategic Planning","Team Leadership"],"Project Management":"150%","Sales Management":"120%","Program Management":"73%","Business Strategy":"22%","Customer Relationship Management (CRM)":"22%","Risk Management \/ Risk Control":"8%","Team Leadership":"1%","career_path_component":["Chief Executive Officer (CEO)","Vice President (VP), Operations","Business Consultant"],"location_component":["Mumbai, Maharashtra","Bangalore, Karnataka","Pune, Maharashtra","Hyderabad, Andhra Pradesh","Chennai, Tamil Nadu","New Delhi, Delhi","Kolkata, West Bengal","Delhi, Delhi","Noida, Uttar Pradesh","Ahmedabad, Gujarat"],"Mumbai, Maharashtra":"20%","Bangalore, Karnataka":"6%","Pune, Maharashtra":"-29%","Hyderabad, Andhra Pradesh":"-17%","Chennai, Tamil Nadu":"1%","New Delhi, Delhi":"39%","Kolkata, West Bengal":"-13%","Delhi, Delhi":"128%","Noida, Uttar Pradesh":"65%","Ahmedabad, Gujarat":"-19%","employers_component":[],"related_job_component":["Operations Manager","Area Sales Manager","Business Development Manager","Project Manager, (Unspecified Type \/ General)","Operations Team Leader","Regional Sales Manager","Service Delivery Manager","Assistant Manager, Customer Service","Team Lead, Operations"],"Operations Manager":"Avg. Salary \u20b9297k \u2014 \u20b92m","Area Sales Manager":"Avg. Salary \u20b9299k \u2014 \u20b91m","Business Development Manager":"Avg. Salary \u20b9266k \u2014 \u20b91m","Project Manager, (Unspecified Type \/ General)":"Avg. Salary \u20b9456k \u2014 \u20b92m","Operations Team Leader":"Avg. Salary \u20b9242k \u2014 \u20b9946k","Regional Sales Manager":"Avg. Salary \u20b9483k \u2014 \u20b92m","Service Delivery Manager":"Avg. Salary \u20b9400k \u2014 \u20b93m","Assistant Manager, Customer Service":"Avg. Salary \u20b9252k \u2014 \u20b9955k","Team Lead, Operations":"Avg. Salary \u20b9314k \u2014 \u20b91m"}}