{"0":{"job_title":"Chief_Security_Officer_(CSO)","avg_salary":"\u20b91,462,586","salary_component":["Base Salary","Bonus","Profit Sharing","Commission","Total Pay"],"Base Salary":"\u20b9325k - \u20b94m","Bonus":"\u20b915k - \u20b91m","Profit Sharing":"\u20b915k - \u20b92m","Commission":"\u20b90 - \u20b9238k","Total Pay":"\u20b9375k - \u20b94m","pay_by_experience_percent":["Early Career","Mid Career","Late Career","Experienced"],"Early Career":"-78%","Mid Career":"-42%","Late Career":"-1%","Experienced":"60%","pay_by_experience_years":["1-4","5-9"],"1-4":"\u20b9316,948","5-9":"\u20b9850,000","gender_component":["Male"],"Male":"100.0","health_benefits_componentt":["Medical","Dental","Vision","None"],"Medical":"76","Dental":"28","Vision":"28","None":"24","popular_skills_component":["Security Policies and Procedures","Security Risk Management","Risk Management \/ Risk Control","Operations Management","Security Investigation"],"Security Policies and Procedures":"11%","Security Risk Management":"16%","Risk Management \/ Risk Control":"3%","Operations Management":"\u20b91,250,000","Security Investigation":"23%","affect_skills_component":["Security Investigation","Security Risk Management","Security Policies and Procedures","Risk Management \/ Risk Control"],"career_path_component":[],"location_component":["Mumbai, Maharashtra","New Delhi, Delhi","Chennai, Tamil Nadu","Bangalore, Karnataka","Hyderabad, Andhra Pradesh"],"Mumbai, Maharashtra":"43%","New Delhi, Delhi":"3%","Chennai, Tamil Nadu":"-49%","Bangalore, Karnataka":"64%","Hyderabad, Andhra Pradesh":"4%","employers_component":[],"related_job_component":["Operations Manager","Operations Team Leader","General \/ Operations Manager","Assistant Manager, Customer Service","Service Delivery Manager","Assistant Operations Manager","Credit Manager","Security Manager","Information Security Manager"],"Operations Manager":"Avg. Salary \u20b9297k \u2014 \u20b92m","Operations Team Leader":"Avg. Salary \u20b9242k \u2014 \u20b9948k","General \/ Operations Manager":"Avg. Salary \u20b9312k \u2014 \u20b93m","Assistant Manager, Customer Service":"Avg. Salary \u20b9252k \u2014 \u20b9955k","Service Delivery Manager":"Avg. Salary \u20b9399k \u2014 \u20b93m","Assistant Operations Manager":"Avg. Salary \u20b9266k \u2014 \u20b91m","Credit Manager":"Avg. Salary \u20b9259k \u2014 \u20b91m","Security Manager":"Avg. Salary \u20b9358k \u2014 \u20b92m","Information Security Manager":"Avg. Salary \u20b9678k \u2014 \u20b93m"}}