{"0":{"job_title":"Chief_Marketing_Officer_(CMO)","avg_salary":"\u20b92,750,000","salary_component":["Base Salary","Bonus","Profit Sharing","Total Pay"],"Base Salary":"\u20b9511k - \u20b97m","Bonus":"\u20b9198k - \u20b92m","Profit Sharing":"\u20b998k - \u20b93m","Total Pay":"\u20b9511k - \u20b99m","pay_by_experience_percent":["Early Career","Mid Career","Late Career","Experienced"],"Early Career":"-82%","Mid Career":"-55%","Late Career":"44%","Experienced":"53%","pay_by_experience_years":["1-4","5-9"],"1-4":"\u20b9508,682","5-9":"\u20b91,232,790","gender_component":["Male","Female","Prefer to self-define"],"Male":"81.8","Female":"13.6","Prefer to self-define":"4.5","health_benefits_componentt":["Medical","Dental","Vision","None"],"Medical":"56","Dental":"3","Vision":"3","None":"44","popular_skills_component":["Strategic Marketing","Marketing Management","Branding","Marketing Communications","Online Marketing"],"Strategic Marketing":"35%","Marketing Management":"43%","Branding":"9%","Marketing Communications":"35%","Online Marketing":"9%","affect_skills_component":["Marketing Management","Strategic Marketing","Marketing Communications","Business Development","Digital Marketing","Branding","Online Marketing"],"Business Development":"15%","Digital Marketing":"12%","career_path_component":[],"location_component":["Mumbai, Maharashtra","Bangalore, Karnataka","Chennai, Tamil Nadu","New Delhi, Delhi"],"Mumbai, Maharashtra":"68%","Bangalore, Karnataka":"61%","Chennai, Tamil Nadu":"-50%","New Delhi, Delhi":"-9%","employers_component":[],"related_job_component":["Marketing Manager","Marketing Executive","Senior Marketing Manager","Area Sales Manager","Assistant Marketing Manager","Business Development Executive","Digital Marketing Manager","Sales and Marketing Manager","Brand Manager"],"Marketing Manager":"Avg. Salary \u20b9286k \u2014 \u20b92m","Marketing Executive":"Avg. Salary \u20b9150k \u2014 \u20b9559k","Senior Marketing Manager":"Avg. Salary \u20b9458k \u2014 \u20b93m","Area Sales Manager":"Avg. Salary \u20b9299k \u2014 \u20b91m","Assistant Marketing Manager":"Avg. Salary \u20b9259k \u2014 \u20b91m","Business Development Executive":"Avg. Salary \u20b9173k \u2014 \u20b9575k","Digital Marketing Manager":"Avg. Salary \u20b9231k \u2014 \u20b91m","Sales and Marketing Manager":"Avg. Salary \u20b9257k \u2014 \u20b91m","Brand Manager":"Avg. Salary \u20b9389k \u2014 \u20b92m"}}