{"0":{"job_title":"Chief_Technology_Officer_(CTO)","avg_salary":"\u20b92,899,716","salary_component":["Base Salary","Bonus","Profit Sharing","Total Pay"],"Base Salary":"\u20b9739k - \u20b97m","Bonus":"\u20b962k - \u20b93m","Profit Sharing":"\u20b998k - \u20b93m","Total Pay":"\u20b9788k - \u20b99m","pay_by_experience_percent":["Entry Level","Early Career","Mid Career","Late Career","Experienced"],"Entry Level":"-79%","Early Career":"-72%","Mid Career":"-37%","Late Career":"8%","Experienced":"58%","pay_by_experience_years":["1"],"1":"\u20b9600,000","gender_component":["Male","Female"],"Male":"97.0","Female":"3.0","health_benefits_componentt":["Medical","Dental","Vision","None"],"Medical":"52","Dental":"8","Vision":"7","None":"48","popular_skills_component":["Software Architecture","Leadership","Product Development","Project Management","IT Management"],"Software Architecture":"\u20b92,960,469","Leadership":"13%","Product Development":"\u20b92,680,872","Project Management":"\u20b92,639,462","IT Management":"\u20b92,500,583","affect_skills_component":["Strategy","Mobile applications development","MySQL","C# Programming Language","Big Data Analytics","Network Management \/ Administration","Leadership","Software as a Service (SaaS)","Software Development Management","UNIX"],"Strategy":"72%","Mobile applications development":"72%","MySQL":"34%","C# Programming Language":"24%","Big Data Analytics":"20%","Network Management \/ Administration":"16%","Software as a Service (SaaS)":"12%","Software Development Management":"3%","UNIX":"3%","career_path_component":["Chief Executive Officer (CEO)","Senior Product Manager","Web Designer"],"location_component":["Bangalore, Karnataka","Mumbai, Maharashtra","Chennai, Tamil Nadu","Pune, Maharashtra","New Delhi, Delhi","Gurgaon, Haryana","Hyderabad, Andhra Pradesh","Ahmedabad, Gujarat","Delhi, Delhi","Noida, Uttar Pradesh"],"Bangalore, Karnataka":"39%","Mumbai, Maharashtra":"3%","Chennai, Tamil Nadu":"5%","Pune, Maharashtra":"-15%","New Delhi, Delhi":"-30%","Gurgaon, Haryana":"19%","Hyderabad, Andhra Pradesh":"12%","Ahmedabad, Gujarat":"-38%","Delhi, Delhi":"-38%","Noida, Uttar Pradesh":"2%","employers_component":["True Influence"],"True Influence":"Avg. Salary: \u20b93,600,000","related_job_component":["Software Engineer","Senior Software Engineer","Software Developer","Sr. Software Engineer \/ Developer \/ Programmer","Team Leader, IT","Software Engineer \/ Developer \/ Programmer","Associate Software Engineer","Web Developer","Lead Software Engineer"],"Software Engineer":"Avg. Salary \u20b9262k \u2014 \u20b91m","Senior Software Engineer":"Avg. Salary \u20b9493k \u2014 \u20b92m","Software Developer":"Avg. Salary \u20b9214k \u2014 \u20b91m","Sr. Software Engineer \/ Developer \/ Programmer":"Avg. Salary \u20b9432k \u2014 \u20b92m","Team Leader, IT":"Avg. Salary \u20b9584k \u2014 \u20b92m","Software Engineer \/ Developer \/ Programmer":"Avg. Salary \u20b9225k \u2014 \u20b91m","Associate Software Engineer":"Avg. Salary \u20b9240k \u2014 \u20b91m","Web Developer":"Avg. Salary \u20b9124k \u2014 \u20b9779k","Lead Software Engineer":"Avg. Salary \u20b9780k \u2014 \u20b93m"}}