{"0":{"job_title":"Chief_Human_Resources_Officer_(CHRO)","avg_salary":"\u20b94,913,176","salary_component":["Base Salary","Bonus","Profit Sharing","Total Pay"],"Base Salary":"\u20b9798k - \u20b910m","Bonus":"\u20b9150k - \u20b93m","Profit Sharing":"\u20b90 - \u20b9200k","Total Pay":"\u20b9798k - \u20b911m","pay_by_experience_percent":["Late Career","Experienced"],"Late Career":"0%","Experienced":"14%","pay_by_experience_years":["10-19"],"10-19":"\u20b94,913,176","gender_component":["Male","Female"],"Male":"92.9","Female":"7.1","health_benefits_componentt":["Medical","Vision","None"],"Medical":"80","Vision":"4","None":"24","popular_skills_component":["Human Resources (HR)","Organizational Development","Strategic Planning","Leadership","Employee Relations"],"Human Resources (HR)":"\u20b94,702,310","Organizational Development":"\u20b94,272,932","Strategic Planning":"\u20b94,600,000","Leadership":"40%","Employee Relations":"\u20b94,300,000","affect_skills_component":["Leadership"],"career_path_component":[],"location_component":["Mumbai, Maharashtra","Pune, Maharashtra","Bangalore, Karnataka"],"Mumbai, Maharashtra":"40%","Pune, Maharashtra":"-15%","Bangalore, Karnataka":"-8%","employers_component":[],"related_job_component":["Human Resources (HR) Manager","Sr. Human Resources (HR) Manager","Human Resources (HR) Business Partner","Human Resources (HR) Generalist","Operations Manager","Vice President (VP), Human Resources (HR)","Human Resources (HR) Director","Chief Executive Officer (CEO)","Assistant Human Resources (HR) Manager"],"Human Resources (HR) Manager":"Avg. Salary \u20b9293k \u2014 \u20b92m","Sr. Human Resources (HR) Manager":"Avg. Salary \u20b9310k \u2014 \u20b92m","Human Resources (HR) Business Partner":"Avg. Salary \u20b9364k \u2014 \u20b92m","Human Resources (HR) Generalist":"Avg. Salary \u20b9193k \u2014 \u20b9811k","Operations Manager":"Avg. Salary \u20b9297k \u2014 \u20b92m","Vice President (VP), Human Resources (HR)":"Avg. Salary \u20b91m \u2014 \u20b96m","Human Resources (HR) Director":"Avg. Salary \u20b9900k \u2014 \u20b96m","Chief Executive Officer (CEO)":"Avg. Salary \u20b9484k \u2014 \u20b910m","Assistant Human Resources (HR) Manager":"Avg. Salary \u20b9298k \u2014 \u20b9965k"}}