{"0":{"job_title":"Chief_Operations_Officer_(COO)","avg_salary":"\u20b92,502,523","salary_component":["Base Salary","Bonus","Profit Sharing","Total Pay"],"Base Salary":"\u20b9408k - \u20b97m","Bonus":"\u20b930k - \u20b91m","Profit Sharing":"\u20b920k - \u20b91m","Total Pay":"\u20b9448k - \u20b98m","pay_by_experience_percent":["Early Career","Mid Career","Late Career","Experienced"],"Early Career":"-84%","Mid Career":"38%","Late Career":"65%","Experienced":"20%","pay_by_experience_years":["1-4","5-9"],"1-4":"\u20b9400,000","5-9":"\u20b93,450,000","gender_component":["Male","Female"],"Male":"73.3","Female":"26.7","health_benefits_componentt":["Medical","Dental","Vision","None"],"Medical":"64","Dental":"20","Vision":"12","None":"36","popular_skills_component":["Operations Management","Strategic Planning","Leadership","Business Development","Human Resources (HR)"],"Operations Management":"\u20b91,900,000","Strategic Planning":"49%","Leadership":"32%","Business Development":"\u20b92,000,000","Human Resources (HR)":"34%","affect_skills_component":["Strategic Planning","Human Resources (HR)","Leadership"],"career_path_component":[],"location_component":["Pune, Maharashtra","Mumbai, Maharashtra","New Delhi, Delhi","Bangalore, Karnataka"],"Pune, Maharashtra":"-28%","Mumbai, Maharashtra":"18%","New Delhi, Delhi":"136%","Bangalore, Karnataka":"-20%","employers_component":[],"related_job_component":["Operations Manager","Project Manager, (Unspecified Type \/ General)","Deputy General Manager","Civil Engineer","Assistant General Manager (AGM)","Operations Team Leader","Project Manager, Information Technology (IT)","General \/ Operations Manager","Chief Executive Officer (CEO)"],"Operations Manager":"Avg. Salary \u20b9297k \u2014 \u20b92m","Project Manager, (Unspecified Type \/ General)":"Avg. Salary \u20b9459k \u2014 \u20b92m","Deputy General Manager":"Avg. Salary \u20b9594k \u2014 \u20b93m","Civil Engineer":"Avg. Salary \u20b9154k \u2014 \u20b9773k","Assistant General Manager (AGM)":"Avg. Salary \u20b9624k \u2014 \u20b93m","Operations Team Leader":"Avg. Salary \u20b9243k \u2014 \u20b9936k","Project Manager, Information Technology (IT)":"Avg. Salary \u20b9547k \u2014 \u20b92m","General \/ Operations Manager":"Avg. Salary \u20b9319k \u2014 \u20b93m","Chief Executive Officer (CEO)":"Avg. Salary \u20b9481k \u2014 \u20b910m"}}