{"0":{"job_title":"Chief_Legal_Officer","avg_salary":"\u20b9610,419","salary_component":["Base Salary","Bonus","Profit Sharing","Total Pay"],"Base Salary":"\u20b9225k - \u20b99m","Bonus":"\u20b949k - \u20b9250k","Profit Sharing":"\u20b90 - \u20b920k","Total Pay":"\u20b9225k - \u20b910m","pay_by_experience_percent":["Early Career","Late Career","Experienced"],"Early Career":"-44%","Late Career":"72%","Experienced":"973%","pay_by_experience_years":["1-4","10-19"],"1-4":"\u20b9341,500","10-19":"\u20b91,050,000","gender_component":["Male","Female"],"Male":"71.4","Female":"28.6","health_benefits_componentt":["Medical","None"],"Medical":"70","None":"30","popular_skills_component":["Legal Compliance","Litigation Case Management"],"Legal Compliance":"\u20b9400,000","Litigation Case Management":"539%","affect_skills_component":["Litigation Case Management"],"career_path_component":[],"location_component":["Mumbai, Maharashtra"],"Mumbai, Maharashtra":"957%","employers_component":[],"related_job_component":["Legal Manager","Corporate Secretary","Legal Counsel","Human Resources (HR) Manager","Legal Advisor","Legal Assistant","Compliance Officer","Legal Secretary","Legal Executive \/General Counsel"],"Legal Manager":"Avg. Salary \u20b9368k \u2014 \u20b92m","Corporate Secretary":"Avg. Salary \u20b9290k \u2014 \u20b91m","Legal Counsel":"Avg. Salary \u20b9495k \u2014 \u20b94m","Human Resources (HR) Manager":"Avg. Salary \u20b9293k \u2014 \u20b92m","Legal Advisor":"Avg. Salary \u20b9237k \u2014 \u20b93m","Legal Assistant":"Avg. Salary \u20b9178k \u2014 \u20b9891k","Compliance Officer":"Avg. Salary \u20b9236k \u2014 \u20b91m","Legal Secretary":"Avg. Salary \u20b9227k \u2014 \u20b91m","Legal Executive \/General Counsel":"Avg. Salary \u20b9233k \u2014 \u20b9657k"}}