{"0":{"job_title":"Chief_Financial_Officer_(CFO)","avg_salary":"\u20b93,545,568","salary_component":["Base Salary","Bonus","Profit Sharing","Total Pay"],"Base Salary":"\u20b9834k - \u20b98m","Bonus":"\u20b947k - \u20b92m","Profit Sharing":"\u20b931 - \u20b93m","Total Pay":"\u20b9934k - \u20b910m","pay_by_experience_percent":["Entry Level","Early Career","Mid Career","Late Career","Experienced"],"Entry Level":"-62%","Early Career":"-58%","Mid Career":"-56%","Late Career":"2%","Experienced":"30%","pay_by_experience_years":["1"],"1":"\u20b91,350,000","gender_component":["Male","Female"],"Male":"89.4","Female":"10.6","health_benefits_componentt":["Medical","Dental","Vision","None"],"Medical":"68","Dental":"9","Vision":"8","None":"32","popular_skills_component":["Financial Reporting","Senior Financial Management","Strategic Planning","Accounting","Financial Analysis"],"Financial Reporting":"\u20b93,550,640","Senior Financial Management":"\u20b94,081,071","Strategic Planning":"23%","Accounting":"\u20b92,958,977","Financial Analysis":"\u20b93,248,203","affect_skills_component":["Team Leadership","Leadership","Mergers and Acquisitions","Forecasting","Risk Management \/ Risk Control","Cash Flow Management","Operations Management","Legal Compliance","Strategic Planning","Financial Modeling"],"Team Leadership":"112%","Leadership":"104%","Mergers and Acquisitions":"100%","Forecasting":"69%","Risk Management \/ Risk Control":"48%","Cash Flow Management":"40%","Operations Management":"34%","Legal Compliance":"27%","Financial Modeling":"22%","career_path_component":["Chief Executive Officer (CEO)","Vice President (VP) Finance & Chief Fina...","Finance Director"],"location_component":["Mumbai, Maharashtra","Bangalore, Karnataka","Chennai, Tamil Nadu","New Delhi, Delhi","Pune, Maharashtra","Delhi, Delhi","Kolkata, West Bengal","Gurgaon, Haryana","Ahmedabad, Gujarat","Hyderabad, Andhra Pradesh"],"Mumbai, Maharashtra":"29%","Bangalore, Karnataka":"32%","Chennai, Tamil Nadu":"12%","New Delhi, Delhi":"15%","Pune, Maharashtra":"-19%","Delhi, Delhi":"-15%","Kolkata, West Bengal":"-44%","Gurgaon, Haryana":"25%","Ahmedabad, Gujarat":"-22%","Hyderabad, Andhra Pradesh":"-15%","employers_component":["InfrasoftTech"],"InfrasoftTech":"Avg. Salary: \u20b95,192,308","related_job_component":["Finance Manager","Operations Manager","Chartered Accountant","Financial Analyst","Accountant","Senior Financial Analyst","Account Manager","Assistant Finance Manager","Account Executive"],"Finance Manager":"Avg. Salary \u20b9354k \u2014 \u20b92m","Operations Manager":"Avg. Salary \u20b9297k \u2014 \u20b92m","Chartered Accountant":"Avg. Salary \u20b9412k \u2014 \u20b92m","Financial Analyst":"Avg. Salary \u20b9220k \u2014 \u20b9994k","Accountant":"Avg. Salary \u20b9123k \u2014 \u20b9507k","Senior Financial Analyst":"Avg. Salary \u20b9303k \u2014 \u20b91m","Account Manager":"Avg. Salary \u20b9280k \u2014 \u20b91m","Assistant Finance Manager":"Avg. Salary \u20b9350k \u2014 \u20b91m","Account Executive":"Avg. Salary \u20b9155k \u2014 \u20b9499k"}}