{"0":{"job_title":"Chief_Information_Security_Officer","avg_salary":"\u20b92,329,209","salary_component":["Base Salary","Bonus","Profit Sharing","Total Pay"],"Base Salary":"\u20b91m - \u20b97m","Bonus":"\u20b949k - \u20b91m","Profit Sharing":"\u20b925k - \u20b9250k","Total Pay":"\u20b9992k - \u20b97m","pay_by_experience_percent":["Early Career","Mid Career","Late Career","Experienced"],"Early Career":"-46%","Mid Career":"-16%","Late Career":"24%","Experienced":"37%","pay_by_experience_years":["1-4"],"1-4":"\u20b91,250,000","gender_component":["Male"],"Male":"100.0","health_benefits_componentt":["Medical","Dental","Vision","None"],"Medical":"93","Dental":"29","Vision":"27","None":"7","popular_skills_component":["Cyber Security","Security Risk Management","Security Policies and Procedures","Leadership","IT Security & Infrastructure"],"Cyber Security":"64%","Security Risk Management":"27%","Security Policies and Procedures":"\u20b92,033,382","Leadership":"57%","IT Security & Infrastructure":"\u20b92,307,178","affect_skills_component":["Cyber Security","Leadership","Security Risk Management","Security Testing and Auditing"],"Security Testing and Auditing":"20%","career_path_component":["Information Technology (IT) Director"],"location_component":["Mumbai, Maharashtra","Bangalore, Karnataka","Chennai, Tamil Nadu","Hyderabad, Andhra Pradesh","Pune, Maharashtra","Kolkata, West Bengal","Ahmedabad, Gujarat","New Delhi, Delhi"],"Mumbai, Maharashtra":"29%","Bangalore, Karnataka":"50%","Chennai, Tamil Nadu":"73%","Hyderabad, Andhra Pradesh":"-23%","Pune, Maharashtra":"-12%","Kolkata, West Bengal":"-57%","Ahmedabad, Gujarat":"-7%","New Delhi, Delhi":"-36%","employers_component":[],"related_job_component":["Information Security Analyst","Security Consultant, (Computing \/ Networking \/ Information Technology)","Information Security Manager","Security Analyst","Operations Manager","Security Manager","Senior Security Consultant","Information Technology (IT) Manager","Information Security Specialist"],"Information Security Analyst":"Avg. Salary \u20b9280k \u2014 \u20b91m","Security Consultant, (Computing \/ Networking \/ Information Technology)":"Avg. Salary \u20b9310k \u2014 \u20b92m","Information Security Manager":"Avg. Salary \u20b9678k \u2014 \u20b93m","Security Analyst":"Avg. Salary \u20b9236k \u2014 \u20b9902k","Operations Manager":"Avg. Salary \u20b9297k \u2014 \u20b92m","Security Manager":"Avg. Salary \u20b9358k \u2014 \u20b92m","Senior Security Consultant":"Avg. Salary \u20b9593k \u2014 \u20b93m","Information Technology (IT) Manager":"Avg. Salary \u20b9411k \u2014 \u20b93m","Information Security Specialist":"Avg. Salary \u20b9364k \u2014 \u20b92m"}}