{"0":{"job_title":"Chief_Risk_Officer_(CRO)","avg_salary":"\u20b91,400,000","salary_component":["Base Salary","Bonus","Profit Sharing","Commission","Total Pay"],"Base Salary":"\u20b9122k - \u20b910m","Bonus":"\u20b9511 - \u20b92m","Profit Sharing":"\u20b98 - \u20b95m","Commission":"\u20b90 - \u20b930k","Total Pay":"\u20b9127k - \u20b910m","pay_by_experience_percent":["Entry Level","Early Career","Mid Career","Late Career","Experienced"],"Entry Level":"-89%","Early Career":"-80%","Mid Career":"-7%","Late Career":"293%","Experienced":"204%","pay_by_experience_years":["1","1-4"],"1":"\u20b9148,000","1-4":"\u20b9283,000","gender_component":["Male","Female"],"Male":"88.9","Female":"11.1","health_benefits_componentt":["Medical","None"],"Medical":"67","None":"33","popular_skills_component":["Risk Management \/ Risk Control","Leadership","Regulatory Compliance"],"Risk Management \/ Risk Control":"186%","Leadership":"186%","Regulatory Compliance":"\u20b91,400,000","affect_skills_component":["Risk Management \/ Risk Control","Leadership"],"career_path_component":[],"location_component":["Mumbai, Maharashtra","Bangalore, Karnataka"],"Mumbai, Maharashtra":"391%","Bangalore, Karnataka":"-83%","employers_component":[],"related_job_component":["Operations Manager","Credit Manager","Chief Executive Officer (CEO)","Risk Manager","Risk Analyst","Compliance Manager","Quality Assurance Manager","Credit Analyst","Vice President (VP), Information Technology (IT)"],"Operations Manager":"Avg. Salary \u20b9297k \u2014 \u20b92m","Credit Manager":"Avg. Salary \u20b9265k \u2014 \u20b91m","Chief Executive Officer (CEO)":"Avg. Salary \u20b9481k \u2014 \u20b910m","Risk Manager":"Avg. Salary \u20b9314k \u2014 \u20b92m","Risk Analyst":"Avg. Salary \u20b9284k \u2014 \u20b91m","Compliance Manager":"Avg. Salary \u20b9396k \u2014 \u20b92m","Quality Assurance Manager":"Avg. Salary \u20b9407k \u2014 \u20b92m","Credit Analyst":"Avg. Salary \u20b9210k \u2014 \u20b91m","Vice President (VP), Information Technology (IT)":"Avg. Salary \u20b92m \u2014 \u20b95m"}}