{"0":{"job_title":"Chief_Medical_Officer_(CMO)","avg_salary":"\u20b91,259,001","salary_component":["Base Salary","Bonus","Profit Sharing","Total Pay"],"Base Salary":"\u20b9604k - \u20b93m","Bonus":"\u20b959k - \u20b9405k","Profit Sharing":"\u20b951k - \u20b9324k","Total Pay":"\u20b9613k - \u20b94m","pay_by_experience_percent":["Early Career","Mid Career","Late Career","Experienced"],"Early Career":"-36%","Mid Career":"1%","Late Career":"31%","Experienced":"24%","pay_by_experience_years":["1-4","5-9"],"1-4":"\u20b9799,918","5-9":"\u20b91,276,846","gender_component":["Male","Female"],"Male":"75.0","Female":"25.0","health_benefits_componentt":["Medical","Dental","Vision","None"],"Medical":"71","Dental":"24","Vision":"29","None":"29","popular_skills_component":["Medicine \/ Surgery","Leadership","Internal Medicine","Team Leadership","Operations Management"],"Medicine \/ Surgery":"\u20b91,189,905","Leadership":"\u20b91,200,000","Internal Medicine":"35%","Team Leadership":"\u20b9628,571","Operations Management":"\u20b91,200,000","affect_skills_component":["Occupational Health","Internal Medicine"],"Occupational Health":"43%","career_path_component":[],"location_component":["Chennai, Tamil Nadu","Mumbai, Maharashtra","New Delhi, Delhi","Delhi, Delhi","Bangalore, Karnataka"],"Chennai, Tamil Nadu":"-5%","Mumbai, Maharashtra":"19%","New Delhi, Delhi":"%","Delhi, Delhi":"30%","Bangalore, Karnataka":"89%","employers_component":[],"related_job_component":["Operations Manager","Operations Team Leader","Team Lead, Operations","General \/ Operations Manager","Chief Executive Officer (CEO)","Assistant General Manager (AGM)","Team Leader, IT","Vice President (VP), Operations","Assistant Manager, Customer Service"],"Operations Manager":"Avg. Salary \u20b9297k \u2014 \u20b92m","Operations Team Leader":"Avg. Salary \u20b9242k \u2014 \u20b9939k","Team Lead, Operations":"Avg. Salary \u20b9312k \u2014 \u20b91m","General \/ Operations Manager":"Avg. Salary \u20b9312k \u2014 \u20b93m","Chief Executive Officer (CEO)":"Avg. Salary \u20b9484k \u2014 \u20b910m","Assistant General Manager (AGM)":"Avg. Salary \u20b9621k \u2014 \u20b93m","Team Leader, IT":"Avg. Salary \u20b9585k \u2014 \u20b92m","Vice President (VP), Operations":"Avg. Salary \u20b91m \u2014 \u20b96m","Assistant Manager, Customer Service":"Avg. Salary \u20b9252k \u2014 \u20b9955k"}}