{"0":{"job_title":"Chief_Executive_Officer_(CEO)","avg_salary":"\u20b93,003,800","salary_component":["Base Salary","Bonus","Profit Sharing","Commission","Total Pay"],"Base Salary":"\u20b9485k - \u20b910m","Bonus":"\u20b930k - \u20b93m","Profit Sharing":"\u20b96k - \u20b93m","Commission":"\u20b910k - \u20b92m","Total Pay":"\u20b9516k - \u20b912m","pay_by_experience_percent":["Entry Level","Early Career","Mid Career","Late Career","Experienced"],"Entry Level":"-68%","Early Career":"-67%","Mid Career":"-50%","Late Career":"4%","Experienced":"61%","pay_by_experience_years":["1"],"1":"\u20b9965,227","gender_component":["Male","Female"],"Male":"94.5","Female":"5.5","health_benefits_componentt":["Medical","Dental","Vision","None"],"Medical":"62","Dental":"10","Vision":"10","None":"37","popular_skills_component":["Leadership","Business Strategy","Strategic Planning","Operations Management","People Management"],"Leadership":"\u20b93,398,433","Business Strategy":"\u20b93,532,877","Strategic Planning":"\u20b93,296,574","Operations Management":"\u20b92,981,151","People Management":"\u20b93,169,069","affect_skills_component":["Business Planning","Team Building","Human Resources (HR)","Budgeting","Office Management","Production Management","Performance Management","Budget Management","Profit & Loss (P&L) Statements","Business to Business (B2B) Sales"],"Business Planning":"441%","Team Building":"120%","Human Resources (HR)":"90%","Budgeting":"88%","Office Management":"83%","Production Management":"75%","Performance Management":"73%","Budget Management":"69%","Profit & Loss (P&L) Statements":"67%","Business to Business (B2B) Sales":"64%","career_path_component":["Chief Technology Officer (CTO)","Vice President (VP), Business Developmen...","Managing Director, Sales & Marketing"],"location_component":["Mumbai, Maharashtra","Bangalore, Karnataka","Chennai, Tamil Nadu","Pune, Maharashtra","New Delhi, Delhi","Hyderabad, Andhra Pradesh","Delhi, Delhi","Kolkata, West Bengal","Ahmedabad, Gujarat","Gurgaon, Haryana"],"Mumbai, Maharashtra":"56%","Bangalore, Karnataka":"15%","Chennai, Tamil Nadu":"19%","Pune, Maharashtra":"-1%","New Delhi, Delhi":"%","Hyderabad, Andhra Pradesh":"10%","Delhi, Delhi":"%","Kolkata, West Bengal":"-30%","Ahmedabad, Gujarat":"-31%","Gurgaon, Haryana":"83%","employers_component":["Directi"],"Directi":"Avg. Salary: \u20b95,500,000","related_job_component":["Operations Manager","Business Development Manager","Area Sales Manager","Project Manager, (Unspecified Type \/ General)","Marketing Manager","Regional Sales Manager","Operations Team Leader","Mechanical Engineer","Assistant General Manager (AGM)"],"Operations Manager":"Avg. Salary \u20b9297k \u2014 \u20b92m","Business Development Manager":"Avg. Salary \u20b9266k \u2014 \u20b91m","Area Sales Manager":"Avg. Salary \u20b9299k \u2014 \u20b91m","Project Manager, (Unspecified Type \/ General)":"Avg. Salary \u20b9456k \u2014 \u20b92m","Marketing Manager":"Avg. Salary \u20b9285k \u2014 \u20b92m","Regional Sales Manager":"Avg. Salary \u20b9480k \u2014 \u20b92m","Operations Team Leader":"Avg. Salary \u20b9242k \u2014 \u20b9948k","Mechanical Engineer":"Avg. Salary \u20b9152k \u2014 \u20b9983k","Assistant General Manager (AGM)":"Avg. Salary \u20b9615k \u2014 \u20b93m"}}