{"0":{"job_title":"Chief_Information_Officer_(CIO)","avg_salary":"\u20b94,302,318","salary_component":["Base Salary","Bonus","Profit Sharing","Total Pay"],"Base Salary":"\u20b9818k - \u20b99m","Bonus":"\u20b997k - \u20b93m","Profit Sharing":"\u20b939k - \u20b97m","Total Pay":"\u20b91m - \u20b911m","pay_by_experience_percent":["Early Career","Mid Career","Late Career","Experienced"],"Early Career":"-90%","Mid Career":"-42%","Late Career":"-2%","Experienced":"16%","pay_by_experience_years":["1-4","5-9"],"1-4":"\u20b9450,000","5-9":"\u20b92,500,000","gender_component":["Male","Female","Prefer to self-define"],"Male":"95.5","Female":"3.0","Prefer to self-define":"1.5","health_benefits_componentt":["Medical","Dental","Vision","None"],"Medical":"79","Dental":"8","Vision":"7","None":"21","popular_skills_component":["IT Management","Strategic Planning","Leadership","IT Security & Infrastructure","Project Management"],"IT Management":"8%","Strategic Planning":"18%","Leadership":"32%","IT Security & Infrastructure":"\u20b94,125,806","Project Management":"16%","affect_skills_component":["SAP Enterprise Resource Planning (ERP)","Leadership","e-Commerce","Strategic Planning","Project Management","Business Intelligence","IT Management","Network Management \/ Administration"],"SAP Enterprise Resource Planning (ERP)":"35%","e-Commerce":"24%","Business Intelligence":"14%","Network Management \/ Administration":"5%","career_path_component":["Information Technology (IT) Manager"],"location_component":["Mumbai, Maharashtra","Bangalore, Karnataka","New Delhi, Delhi","Pune, Maharashtra","Kolkata, West Bengal","Delhi, Delhi","Gurgaon, Haryana","Hyderabad, Andhra Pradesh","Chennai, Tamil Nadu","Gurgaon, Delhi"],"Mumbai, Maharashtra":"15%","Bangalore, Karnataka":"-7%","New Delhi, Delhi":"74%","Pune, Maharashtra":"6%","Kolkata, West Bengal":"39%","Delhi, Delhi":"53%","Gurgaon, Haryana":"-7%","Hyderabad, Andhra Pradesh":"-28%","Chennai, Tamil Nadu":"-44%","Gurgaon, Delhi":"2%","employers_component":[],"related_job_component":["Project Manager, (Unspecified Type \/ General)","Information Technology (IT) Manager","Operations Manager","Project Manager, Information Technology (IT)","Senior Project Manager, IT","Civil Engineer","Service Delivery Manager","Chief Technology Officer (CTO)","Vice President (VP), Information Technology (IT)"],"Project Manager, (Unspecified Type \/ General)":"Avg. Salary \u20b9456k \u2014 \u20b92m","Information Technology (IT) Manager":"Avg. Salary \u20b9412k \u2014 \u20b93m","Operations Manager":"Avg. Salary \u20b9297k \u2014 \u20b92m","Project Manager, Information Technology (IT)":"Avg. Salary \u20b9531k \u2014 \u20b92m","Senior Project Manager, IT":"Avg. Salary \u20b91m \u2014 \u20b93m","Civil Engineer":"Avg. Salary \u20b9154k \u2014 \u20b9771k","Service Delivery Manager":"Avg. Salary \u20b9400k \u2014 \u20b93m","Chief Technology Officer (CTO)":"Avg. Salary \u20b9740k \u2014 \u20b97m","Vice President (VP), Information Technology (IT)":"Avg. Salary \u20b92m \u2014 \u20b95m"}}