{"0":{"job_title":"Chief_Executive_Officer_(CEO)%2C_Non-Profit_Organization","avg_salary":"\u20b91,179,162","salary_component":["Base Salary","Bonus","Total Pay"],"Base Salary":"\u20b9185k - \u20b97m","Bonus":"\u20b90 - \u20b9600k","Total Pay":"\u20b9288k - \u20b98m","pay_by_experience_percent":["Early Career","Mid Career","Late Career","Experienced"],"Early Career":"-37%","Mid Career":"-58%","Late Career":"103%","Experienced":"129%","pay_by_experience_years":["1-4"],"1-4":"\u20b9740,000","gender_component":["Male"],"Male":"100.0","health_benefits_componentt":["Medical","Dental","None"],"Medical":"86","Dental":"14","None":"14","popular_skills_component":["Leadership","Strategic Planning"],"Leadership":"2%","Strategic Planning":"53%","affect_skills_component":["Strategic Planning","Leadership"],"career_path_component":["Chief Executive Officer (CEO)"],"location_component":["Mumbai, Maharashtra"],"Mumbai, Maharashtra":"53%","employers_component":[],"related_job_component":["Operations Manager","Chief Executive Officer (CEO)","Vice President (VP), Operations","Vice President (VP), General Manager","Executive Director","Business Development Manager","Director of Operations","Deputy General Manager","Vice President (VP), Human Resources (HR)"],"Operations Manager":"Avg. Salary \u20b9299k \u2014 \u20b92m","Chief Executive Officer (CEO)":"Avg. Salary \u20b9475k \u2014 \u20b910m","Vice President (VP), Operations":"Avg. Salary \u20b91m \u2014 \u20b96m","Vice President (VP), General Manager":"Avg. Salary \u20b91m \u2014 \u20b96m","Executive Director":"Avg. Salary \u20b9406k \u2014 \u20b98m","Business Development Manager":"Avg. Salary \u20b9270k \u2014 \u20b91m","Director of Operations":"Avg. Salary \u20b9725k \u2014 \u20b96m","Deputy General Manager":"Avg. Salary \u20b9588k \u2014 \u20b93m","Vice President (VP), Human Resources (HR)":"Avg. Salary \u20b91m \u2014 \u20b96m"}}