{"0":{"job_title":"City_Manager","avg_salary":"\u20b9802,458","salary_component":["Base Salary","Bonus","Profit Sharing","Commission","Total Pay"],"Base Salary":"\u20b9361k - \u20b92m","Bonus":"\u20b935k - \u20b92m","Profit Sharing":"\u20b90 - \u20b9150k","Commission":"\u20b90 - \u20b980k","Total Pay":"\u20b9376k - \u20b92m","pay_by_experience_percent":["Early Career","Mid Career","Late Career"],"Early Career":"-16%","Mid Career":"14%","Late Career":"62%","pay_by_experience_years":["1-4","5-9"],"1-4":"\u20b9672,492","5-9":"\u20b9915,628","gender_component":["Male","Female"],"Male":"96.0","Female":"4.0","health_benefits_componentt":["Medical","Vision","None"],"Medical":"68","Vision":"6","None":"32","popular_skills_component":["Operations Management","Microsoft Excel","Strategic Planning","Team Leadership","Business Development"],"Operations Management":"\u20b9750,000","Microsoft Excel":"\u20b9734,696","Strategic Planning":"37%","Team Leadership":"\u20b9790,749","Business Development":"\u20b9508,682","affect_skills_component":["Budget Management","Strategic Planning"],"Budget Management":"62%","career_path_component":[],"location_component":["Mumbai, Maharashtra","Pune, Maharashtra","Bangalore, Karnataka","Hyderabad, Andhra Pradesh","Chennai, Tamil Nadu"],"Mumbai, Maharashtra":"12%","Pune, Maharashtra":"22%","Bangalore, Karnataka":"-5%","Hyderabad, Andhra Pradesh":"53%","Chennai, Tamil Nadu":"%","employers_component":[],"related_job_component":["Operations Manager","Civil Engineer","Mechanical Engineer","Operations Team Leader","Project Manager, (Unspecified Type \/ General)","Area Sales Manager","Accountant","Data Analyst","Executive Assistant"],"Operations Manager":"Avg. Salary \u20b9297k \u2014 \u20b92m","Civil Engineer":"Avg. Salary \u20b9154k \u2014 \u20b9771k","Mechanical Engineer":"Avg. Salary \u20b9152k \u2014 \u20b9983k","Operations Team Leader":"Avg. Salary \u20b9242k \u2014 \u20b9948k","Project Manager, (Unspecified Type \/ General)":"Avg. Salary \u20b9456k \u2014 \u20b92m","Area Sales Manager":"Avg. Salary \u20b9299k \u2014 \u20b91m","Accountant":"Avg. Salary \u20b9123k \u2014 \u20b9507k","Data Analyst":"Avg. Salary \u20b9201k \u2014 \u20b9959k","Executive Assistant":"Avg. Salary \u20b9153k \u2014 \u20b9778k"}}