{"0":{"job_title":"Clinical_Operations_Manager","avg_salary":"\u20b91,128,000","salary_component":["Base Salary","Bonus","Profit Sharing","Total Pay"],"Base Salary":"\u20b9500k - \u20b93m","Bonus":"\u20b926k - \u20b9368k","Profit Sharing":"\u20b90 - \u20b9104k","Total Pay":"\u20b9560k - \u20b93m","pay_by_experience_percent":["Mid Career","Late Career"],"Mid Career":"-4%","Late Career":"15%","pay_by_experience_years":["5-9","10-19"],"5-9":"\u20b91,078,341","10-19":"\u20b91,297,156","gender_component":["Female","Male"],"Female":"55.6","Male":"44.4","health_benefits_componentt":["Medical","Dental","Vision","None"],"Medical":"90","Dental":"10","Vision":"10","None":"10","popular_skills_component":["Operations Management","People Management","Clinical Research"],"Operations Management":"\u20b91,015,748","People Management":"\u20b91,010,000","Clinical Research":"15%","affect_skills_component":["Clinical Research"],"career_path_component":[],"location_component":["Bangalore, Karnataka","Mumbai, Maharashtra"],"Bangalore, Karnataka":"15%","Mumbai, Maharashtra":"19%","employers_component":[],"related_job_component":["Operations Manager","Operations Team Leader","Service Delivery Manager","Assistant Operations Manager","Assistant Manager, Customer Service","Team Lead, Operations","General \/ Operations Manager","Sr. Operations Manager","Retail Store Manager"],"Operations Manager":"Avg. Salary \u20b9302k \u2014 \u20b92m","Operations Team Leader":"Avg. Salary \u20b9242k \u2014 \u20b9912k","Service Delivery Manager":"Avg. Salary \u20b9441k \u2014 \u20b92m","Assistant Operations Manager":"Avg. Salary \u20b9292k \u2014 \u20b91m","Assistant Manager, Customer Service":"Avg. Salary \u20b9265k \u2014 \u20b9932k","Team Lead, Operations":"Avg. Salary \u20b9325k \u2014 \u20b91m","General \/ Operations Manager":"Avg. Salary \u20b9344k \u2014 \u20b93m","Sr. Operations Manager":"Avg. Salary \u20b9502k \u2014 \u20b92m","Retail Store Manager":"Avg. Salary \u20b9198k \u2014 \u20b9826k"}}