{"0":{"job_title":"Continuous_Improvement_Manager","avg_salary":"\u20b91,032,250","salary_component":["Base Salary","Bonus","Total Pay"],"Base Salary":"\u20b9465k - \u20b92m","Bonus":"\u20b925k - \u20b9339k","Total Pay":"\u20b9480k - \u20b92m","pay_by_experience_percent":["Early Career","Mid Career","Late Career"],"Early Career":"-43%","Mid Career":"2%","Late Career":"25%","pay_by_experience_years":["1-4","5-9"],"1-4":"\u20b9583,500","5-9":"\u20b91,050,000","gender_component":["Male","Female"],"Male":"83.3","Female":"16.7","health_benefits_componentt":["Medical","Dental","Vision","None"],"Medical":"91","Dental":"3","Vision":"6","None":"9","popular_skills_component":["Process Improvement","Lean Manufacturing","Six Sigma Black Belt","Project Management","Lean Process Engineering"],"Process Improvement":"16%","Lean Manufacturing":"\u20b91,000,000","Six Sigma Black Belt":"9%","Project Management":"38%","Lean Process Engineering":"16%","affect_skills_component":["Project Management","Data Analysis","Process Improvement","Lean Process Engineering","Six Sigma Black Belt","Team Leadership"],"Data Analysis":"31%","Team Leadership":"9%","career_path_component":[],"location_component":["Bangalore, Karnataka","Chennai, Tamil Nadu","Mumbai, Maharashtra","Pune, Maharashtra"],"Bangalore, Karnataka":"-1%","Chennai, Tamil Nadu":"31%","Mumbai, Maharashtra":"-3%","Pune, Maharashtra":"47%","employers_component":[],"related_job_component":["Project Manager, (Unspecified Type \/ General)","Operations Manager","Data Analyst","Senior Business Analyst","Civil Engineer","Operations Team Leader","Business Process \/ Management Consultant","Project Manager, Information Technology (IT)","Team Lead, Operations"],"Project Manager, (Unspecified Type \/ General)":"Avg. Salary \u20b9458k \u2014 \u20b92m","Operations Manager":"Avg. Salary \u20b9297k \u2014 \u20b92m","Data Analyst":"Avg. Salary \u20b9200k \u2014 \u20b9951k","Senior Business Analyst":"Avg. Salary \u20b9449k \u2014 \u20b92m","Civil Engineer":"Avg. Salary \u20b9154k \u2014 \u20b9771k","Operations Team Leader":"Avg. Salary \u20b9243k \u2014 \u20b9933k","Business Process \/ Management Consultant":"Avg. Salary \u20b9203k \u2014 \u20b92m","Project Manager, Information Technology (IT)":"Avg. Salary \u20b9547k \u2014 \u20b92m","Team Lead, Operations":"Avg. Salary \u20b9311k \u2014 \u20b91m"}}