{"0":{"job_title":"Country_Manager","avg_salary":"\u20b92,883,815","salary_component":["Base Salary","Bonus","Profit Sharing","Commission","Total Pay"],"Base Salary":"\u20b91m - \u20b97m","Bonus":"\u20b9125k - \u20b92m","Profit Sharing":"\u20b928 - \u20b92m","Commission":"\u20b9983k - \u20b92m","Total Pay":"\u20b91m - \u20b98m","pay_by_experience_percent":["Early Career","Mid Career","Late Career","Experienced"],"Early Career":"-50%","Mid Career":"-32%","Late Career":"3%","Experienced":"21%","pay_by_experience_years":["1-4","5-9"],"1-4":"\u20b91,430,753","5-9":"\u20b91,957,428","gender_component":["Male","Female"],"Male":"94.5","Female":"5.5","health_benefits_componentt":["Medical","Dental","Vision","None"],"Medical":"70","Dental":"10","Vision":"10","None":"29","popular_skills_component":["Business Development","Sales Management","Operations Management","People Management","Business to Business (B2B) Sales"],"Business Development":"3%","Sales Management":"2%","Operations Management":"5%","People Management":"\u20b92,599,896","Business to Business (B2B) Sales":"\u20b92,586,497","affect_skills_component":["Leadership","Team Management","Project Management","Strategic Planning","National Sales","Profit & Loss (P&L) Statements","Operations Management","Business Development","Sales Management","Strategic Project Management"],"Leadership":"37%","Team Management":"23%","Project Management":"21%","Strategic Planning":"13%","National Sales":"7%","Profit & Loss (P&L) Statements":"6%","Strategic Project Management":"2%","career_path_component":["Country Director","Managing Director, Sales & Marketing","Sales Director"],"location_component":["Mumbai, Maharashtra","Bangalore, Karnataka","New Delhi, Delhi","Pune, Maharashtra","Gurgaon, Haryana","Chennai, Tamil Nadu","Delhi, Delhi","Ahmedabad, Gujarat","Kolkata, West Bengal","Hyderabad, Andhra Pradesh"],"Mumbai, Maharashtra":"-14%","Bangalore, Karnataka":"-1%","New Delhi, Delhi":"-12%","Pune, Maharashtra":"5%","Gurgaon, Haryana":"51%","Chennai, Tamil Nadu":"6%","Delhi, Delhi":"10%","Ahmedabad, Gujarat":"-15%","Kolkata, West Bengal":"-23%","Hyderabad, Andhra Pradesh":"4%","employers_component":[],"related_job_component":["Operations Manager","Area Sales Manager","Project Manager, (Unspecified Type \/ General)","Regional Sales Manager","Operations Team Leader","Business Development Manager","Service Delivery Manager","General \/ Operations Manager","Assistant Manager, Customer Service"],"Operations Manager":"Avg. Salary \u20b9297k \u2014 \u20b92m","Area Sales Manager":"Avg. Salary \u20b9299k \u2014 \u20b91m","Project Manager, (Unspecified Type \/ General)":"Avg. Salary \u20b9458k \u2014 \u20b92m","Regional Sales Manager":"Avg. Salary \u20b9483k \u2014 \u20b92m","Operations Team Leader":"Avg. Salary \u20b9242k \u2014 \u20b9939k","Business Development Manager":"Avg. Salary \u20b9268k \u2014 \u20b91m","Service Delivery Manager":"Avg. Salary \u20b9400k \u2014 \u20b93m","General \/ Operations Manager":"Avg. Salary \u20b9312k \u2014 \u20b93m","Assistant Manager, Customer Service":"Avg. Salary \u20b9252k \u2014 \u20b9955k"}}