{"0":{"job_title":"Country_Manager%2C_General_Operations","avg_salary":"\u20b92,888,329","salary_component":["Base Salary","Bonus","Profit Sharing","Total Pay"],"Base Salary":"\u20b9674k - \u20b97m","Bonus":"\u20b912k - \u20b92m","Profit Sharing":"\u20b90 - \u20b9150k","Total Pay":"\u20b9686k - \u20b98m","pay_by_experience_percent":["Late Career","Experienced"],"Late Career":"-38%","Experienced":"11%","pay_by_experience_years":["10-19"],"10-19":"\u20b91,800,000","gender_component":["Male"],"Male":"100.0","health_benefits_componentt":["Medical","Dental","Vision","None"],"Medical":"65","Dental":"10","Vision":"5","None":"35","popular_skills_component":["Operations Management","Leadership","Business Strategy","Business Development","Microsoft Excel"],"Operations Management":"2%","Leadership":"73%","Business Strategy":"73%","Business Development":"\u20b92,441,676","Microsoft Excel":"16%","affect_skills_component":["Leadership","Business Strategy","Sales Management","Microsoft Excel","Operations Management"],"Sales Management":"73%","career_path_component":["Executive Director","Assistant Vice President (AVP), Regional..."],"location_component":["Mumbai, Maharashtra","Pune, Maharashtra","Bangalore, Karnataka","New Delhi, Delhi"],"Mumbai, Maharashtra":"24%","Pune, Maharashtra":"-18%","Bangalore, Karnataka":"-3%","New Delhi, Delhi":"4%","employers_component":[],"related_job_component":["Operations Manager","Area Sales Manager","Business Development Manager","Regional Sales Manager","Civil Engineer","Operations Team Leader","Accountant","Mechanical Engineer","Chief Executive Officer (CEO)"],"Operations Manager":"Avg. Salary \u20b9297k \u2014 \u20b92m","Area Sales Manager":"Avg. Salary \u20b9298k \u2014 \u20b91m","Business Development Manager":"Avg. Salary \u20b9272k \u2014 \u20b91m","Regional Sales Manager":"Avg. Salary \u20b9481k \u2014 \u20b92m","Civil Engineer":"Avg. Salary \u20b9156k \u2014 \u20b9781k","Operations Team Leader":"Avg. Salary \u20b9241k \u2014 \u20b9929k","Accountant":"Avg. Salary \u20b9123k \u2014 \u20b9508k","Mechanical Engineer":"Avg. Salary \u20b9151k \u2014 \u20b9981k","Chief Executive Officer (CEO)":"Avg. Salary \u20b9482k \u2014 \u20b910m"}}