{"0":{"job_title":"Customer_Relationship_Management_(CRM)_Manager","avg_salary":"\u20b9360,903","salary_component":["Base Salary","Bonus","Profit Sharing","Commission","Total Pay"],"Base Salary":"\u20b9155k - \u20b9962k","Bonus":"\u20b95k - \u20b9155k","Profit Sharing":"\u20b963 - \u20b9520k","Commission":"\u20b90 - \u20b9235k","Total Pay":"\u20b9178k - \u20b91m","pay_by_experience_percent":["Entry Level","Early Career","Mid Career","Late Career"],"Entry Level":"-30%","Early Career":"-16%","Mid Career":"28%","Late Career":"87%","pay_by_experience_years":["1"],"1":"\u20b9252,736","gender_component":["Female","Male"],"Female":"52.9","Male":"47.1","health_benefits_componentt":["Medical","Dental","Vision","None"],"Medical":"60","Dental":"7","Vision":"10","None":"39","popular_skills_component":["Customer Relationship Management (CRM)","Customer Service","Operations Management","Data Analysis","Email Marketing"],"Customer Relationship Management (CRM)":"9%","Customer Service":"\u20b9348,000","Operations Management":"11%","Data Analysis":"65%","Email Marketing":"16%","affect_skills_component":["Project Management","Data Analysis","Database Management & Reporting","Salesforce","Customer Relations","Email Marketing","Team Leadership","Operations Management","Customer Relationship Management (CRM)"],"Project Management":"88%","Database Management & Reporting":"39%","Salesforce":"25%","Customer Relations":"19%","Team Leadership":"16%","career_path_component":["Customer Relations Manager (CRM)","Quality Analyst"],"location_component":["Mumbai, Maharashtra","Bangalore, Karnataka","Chennai, Tamil Nadu","Pune, Maharashtra","Hyderabad, Andhra Pradesh","Noida, Uttar Pradesh","Kolkata, West Bengal","New Delhi, Delhi","Delhi, Delhi","Gurgaon, Haryana"],"Mumbai, Maharashtra":"-4%","Bangalore, Karnataka":"60%","Chennai, Tamil Nadu":"12%","Pune, Maharashtra":"40%","Hyderabad, Andhra Pradesh":"-14%","Noida, Uttar Pradesh":"24%","Kolkata, West Bengal":"-9%","New Delhi, Delhi":"11%","Delhi, Delhi":"36%","Gurgaon, Haryana":"66%","employers_component":[],"related_job_component":["Operations Manager","Project Manager, (Unspecified Type \/ General)","Operations Team Leader","Data Analyst","Civil Engineer","Assistant Manager, Customer Service","Mechanical Engineer","Customer Service Representative (CSR)","Team Lead, Operations"],"Operations Manager":"Avg. Salary \u20b9297k \u2014 \u20b92m","Project Manager, (Unspecified Type \/ General)":"Avg. Salary \u20b9456k \u2014 \u20b92m","Operations Team Leader":"Avg. Salary \u20b9242k \u2014 \u20b9948k","Data Analyst":"Avg. Salary \u20b9201k \u2014 \u20b9959k","Civil Engineer":"Avg. Salary \u20b9154k \u2014 \u20b9771k","Assistant Manager, Customer Service":"Avg. Salary \u20b9252k \u2014 \u20b9955k","Mechanical Engineer":"Avg. Salary \u20b9152k \u2014 \u20b9983k","Customer Service Representative (CSR)":"Avg. Salary \u20b9148k \u2014 \u20b9454k","Team Lead, Operations":"Avg. Salary \u20b9314k \u2014 \u20b91m"}}