{"0":{"job_title":"Deputy_General_Manager","avg_salary":"\u20b91,997,494","salary_component":["Base Salary","Bonus","Profit Sharing","Commission","Total Pay"],"Base Salary":"\u20b9589k - \u20b93m","Bonus":"\u20b949k - \u20b9591k","Profit Sharing":"\u20b915k - \u20b9503k","Commission":"\u20b9102k - \u20b9639k","Total Pay":"\u20b9616k - \u20b94m","pay_by_experience_percent":["Entry Level","Early Career","Mid Career","Late Career","Experienced"],"Entry Level":"-79%","Early Career":"-71%","Mid Career":"-31%","Late Career":"8%","Experienced":"18%","pay_by_experience_years":["1","1-4"],"1":"\u20b9419,611","1-4":"\u20b9583,264","gender_component":["Male","Female","Prefer to self-define"],"Male":"88.5","Female":"11.1","Prefer to self-define":"0.4","health_benefits_componentt":["Medical","Dental","Vision","None"],"Medical":"85","Dental":"16","Vision":"14","None":"15","popular_skills_component":["Operations Management","Project Management","Strategic Planning","People Management","Business Development"],"Operations Management":"\u20b92,022,100","Project Management":"\u20b92,244,263","Strategic Planning":"\u20b92,284,356","People Management":"\u20b92,316,223","Business Development":"\u20b91,953,140","affect_skills_component":["Client Interaction","Production Management","Business Strategy","Marketing Communications","Supply Chain","IT Management","Telecommunications","Sourcing","Sales","Internal Audit"],"Client Interaction":"95%","Production Management":"69%","Business Strategy":"47%","Marketing Communications":"43%","Supply Chain":"38%","IT Management":"33%","Telecommunications":"32%","Sourcing":"31%","Sales":"25%","Internal Audit":"25%","career_path_component":["General \/ Operations Manager","Vice President (VP), General Manager","General Manager, Regional"],"location_component":["Mumbai, Maharashtra","Bangalore, Karnataka","Pune, Maharashtra","Chennai, Tamil Nadu","New Delhi, Delhi","Hyderabad, Andhra Pradesh","Gurgaon, Haryana","Noida, Uttar Pradesh","Delhi, Delhi","Ahmedabad, Gujarat"],"Mumbai, Maharashtra":"7%","Bangalore, Karnataka":"13%","Pune, Maharashtra":"7%","Chennai, Tamil Nadu":"5%","New Delhi, Delhi":"-2%","Hyderabad, Andhra Pradesh":"-8%","Gurgaon, Haryana":"1%","Noida, Uttar Pradesh":"29%","Delhi, Delhi":"10%","Ahmedabad, Gujarat":"-27%","employers_component":["HCL Technologies Ltd.","Tata Motors","TATA Projects Ltd.","Tata Communications Ltd","Cognizant Technology Solutions Corp","Adani Group","CBRE Group","Jio","Vodafone","Shapoorji Pallonji & Co. Ltd."],"HCL Technologies Ltd.":"Avg. Salary: \u20b92,280,000","Tata Motors":"Avg. Salary: \u20b92,212,997","TATA Projects Ltd.":"Avg. Salary: \u20b93,184,000","Tata Communications Ltd":"Avg. Salary: \u20b93,028,326","Cognizant Technology Solutions Corp":"Avg. Salary: \u20b92,050,000","Adani Group":"Avg. Salary: \u20b91,800,000","CBRE Group":"Avg. Salary: \u20b91,750,000","Jio":"Avg. Salary: \u20b92,200,000","Vodafone":"Avg. Salary: \u20b91,853,440","Shapoorji Pallonji & Co. Ltd.":"Avg. Salary: \u20b92,427,129","related_job_component":["Operations Manager","Mechanical Engineer","Marketing Manager","Project Manager, (Unspecified Type \/ General)","Business Development Manager","Civil Engineer","Area Sales Manager","Accountant","Operations Team Leader"],"Operations Manager":"Avg. Salary \u20b9297k \u2014 \u20b92m","Mechanical Engineer":"Avg. Salary \u20b9152k \u2014 \u20b9983k","Marketing Manager":"Avg. Salary \u20b9285k \u2014 \u20b92m","Project Manager, (Unspecified Type \/ General)":"Avg. Salary \u20b9456k \u2014 \u20b92m","Business Development Manager":"Avg. Salary \u20b9266k \u2014 \u20b91m","Civil Engineer":"Avg. Salary \u20b9154k \u2014 \u20b9771k","Area Sales Manager":"Avg. Salary \u20b9299k \u2014 \u20b91m","Accountant":"Avg. Salary \u20b9123k \u2014 \u20b9507k","Operations Team Leader":"Avg. Salary \u20b9242k \u2014 \u20b9948k"}}