{"0":{"job_title":"Diplomat","avg_salary":"\u20b9300,000","salary_component":["Base Salary","Bonus","Profit Sharing","Total Pay"],"Base Salary":"\u20b9102k - \u20b92m","Bonus":"\u20b92k - \u20b9103k","Profit Sharing":"\u20b94k - \u20b978k","Total Pay":"\u20b9116k - \u20b94m","pay_by_experience_percent":["Entry Level","Early Career"],"Entry Level":"33%","Early Career":"0%","pay_by_experience_years":["1","1-4"],"1":"\u20b9400,000","1-4":"\u20b9300,000","gender_component":["Male"],"Male":"100.0","health_benefits_componentt":["Medical"],"Medical":"100","popular_skills_component":["English Language"],"English Language":"\u20b9270,000","affect_skills_component":[],"career_path_component":["Mechanical Engineer"],"location_component":["New Delhi, Delhi","Pune, Maharashtra"],"New Delhi, Delhi":"50%","Pune, Maharashtra":"-41%","employers_component":[],"related_job_component":["Primary School Teacher","High School Teacher","Content Writer","Middle School Teacher","Secondary School Teacher","Copy Editor","English as a Second Language (ESL) Teacher","Teacher Assistant","Lecturer \/ Speaker"],"Primary School Teacher":"Avg. Salary \u20b9100k \u2014 \u20b9503k","High School Teacher":"Avg. Salary \u20b9118k \u2014 \u20b9646k","Content Writer":"Avg. Salary \u20b9138k \u2014 \u20b9510k","Middle School Teacher":"Avg. Salary \u20b9121k \u2014 \u20b9510k","Secondary School Teacher":"Avg. Salary \u20b9127k \u2014 \u20b9722k","Copy Editor":"Avg. Salary \u20b9146k \u2014 \u20b9588k","English as a Second Language (ESL) Teacher":"Avg. Salary \u20b9123k \u2014 \u20b9805k","Teacher Assistant":"Avg. Salary \u20b976k \u2014 \u20b9504k","Lecturer \/ Speaker":"Avg. Salary \u20b9123k \u2014 \u20b91m"}}