{"0":{"job_title":"Director%2C_Customer_Service","avg_salary":"\u20b92,610,940","salary_component":["Base Salary","Bonus","Profit Sharing","Total Pay"],"Base Salary":"\u20b91m - \u20b95m","Bonus":"\u20b920k - \u20b9844k","Profit Sharing":"\u20b90 - \u20b910k","Total Pay":"\u20b92m - \u20b95m","pay_by_experience_percent":["Mid Career","Late Career","Experienced"],"Mid Career":"-23%","Late Career":"9%","Experienced":"20%","pay_by_experience_years":["5-9","10-19"],"5-9":"\u20b92,000,000","10-19":"\u20b92,850,000","gender_component":["Male","Female"],"Male":"92.3","Female":"7.7","health_benefits_componentt":["Medical","Dental","Vision","None"],"Medical":"76","Dental":"12","Vision":"18","None":"24","popular_skills_component":["Leadership","Customer Service","Customer Relationship Management (CRM)","Operations Management","People Management"],"Leadership":"\u20b92,316,634","Customer Service":"\u20b92,475,000","Customer Relationship Management (CRM)":"\u20b92,250,000","Operations Management":"29%","People Management":"\u20b92,522,000","affect_skills_component":["Operations Management"],"career_path_component":["Technical Services Manager"],"location_component":["Bangalore, Karnataka","Mumbai, Maharashtra","Chennai, Tamil Nadu"],"Bangalore, Karnataka":"-14%","Mumbai, Maharashtra":"30%","Chennai, Tamil Nadu":"60%","employers_component":[],"related_job_component":["Operations Manager","Assistant Manager, Customer Service","Service Delivery Manager","Operations Team Leader","Customer Service Representative (CSR)","Customer Service Manager","General \/ Operations Manager","Area Sales Manager","Assistant Operations Manager"],"Operations Manager":"Avg. Salary \u20b9297k \u2014 \u20b92m","Assistant Manager, Customer Service":"Avg. Salary \u20b9256k \u2014 \u20b9957k","Service Delivery Manager":"Avg. Salary \u20b9403k \u2014 \u20b93m","Operations Team Leader":"Avg. Salary \u20b9241k \u2014 \u20b9927k","Customer Service Representative (CSR)":"Avg. Salary \u20b9147k \u2014 \u20b9454k","Customer Service Manager":"Avg. Salary \u20b9250k \u2014 \u20b92m","General \/ Operations Manager":"Avg. Salary \u20b9321k \u2014 \u20b93m","Area Sales Manager":"Avg. Salary \u20b9299k \u2014 \u20b91m","Assistant Operations Manager":"Avg. Salary \u20b9279k \u2014 \u20b91m"}}