{"0":{"job_title":"Director_of_Strategy","avg_salary":"\u20b93,588,176","salary_component":["Base Salary","Bonus","Total Pay"],"Base Salary":"\u20b91m - \u20b97m","Bonus":"\u20b9101k - \u20b91m","Total Pay":"\u20b91m - \u20b98m","pay_by_experience_percent":["Mid Career","Late Career","Experienced"],"Mid Career":"-5%","Late Career":"2%","Experienced":"56%","pay_by_experience_years":["5-9","10-19"],"5-9":"\u20b93,399,834","10-19":"\u20b93,667,126","gender_component":["Male","Female"],"Male":"65.2","Female":"34.8","health_benefits_componentt":["Medical","Dental","Vision","None"],"Medical":"84","Dental":"16","Vision":"12","None":"16","popular_skills_component":["Strategic Planning","Business Strategy","Strategy","Data Analysis","Project Management"],"Strategic Planning":"\u20b93,524,946","Business Strategy":"7%","Strategy":"9%","Data Analysis":"\u20b93,428,231","Project Management":"25%","affect_skills_component":["Project Management","Strategy","Business Strategy","Business Development"],"Business Development":"2%","career_path_component":[],"location_component":["New Delhi, Delhi","Mumbai, Maharashtra","Hyderabad, Andhra Pradesh"],"New Delhi, Delhi":"3%","Mumbai, Maharashtra":"-48%","Hyderabad, Andhra Pradesh":"-16%","employers_component":["DCM Shriram Consolidated Limited"],"DCM Shriram Consolidated Limited":"Avg. Salary: \u20b93,639,708","related_job_component":["Project Manager, (Unspecified Type \/ General)","Operations Manager","Business Development Manager","Data Analyst","Civil Engineer","Senior Business Analyst","Project Manager, Information Technology (IT)","Chief Executive Officer (CEO)","Management Consultant"],"Project Manager, (Unspecified Type \/ General)":"Avg. Salary \u20b9459k \u2014 \u20b92m","Operations Manager":"Avg. Salary \u20b9297k \u2014 \u20b92m","Business Development Manager":"Avg. Salary \u20b9269k \u2014 \u20b91m","Data Analyst":"Avg. Salary \u20b9200k \u2014 \u20b9949k","Civil Engineer":"Avg. Salary \u20b9154k \u2014 \u20b9773k","Senior Business Analyst":"Avg. Salary \u20b9449k \u2014 \u20b92m","Project Manager, Information Technology (IT)":"Avg. Salary \u20b9547k \u2014 \u20b92m","Chief Executive Officer (CEO)":"Avg. Salary \u20b9481k \u2014 \u20b910m","Management Consultant":"Avg. Salary \u20b9352k \u2014 \u20b93m"}}