{"0":{"job_title":"Director%2C_Operations_and_Administration","avg_salary":"\u20b91,038,462","salary_component":["Base Salary","Bonus","Profit Sharing","Total Pay"],"Base Salary":"\u20b9245k - \u20b92m","Bonus":"\u20b90 - \u20b9111k","Profit Sharing":"\u20b90 - \u20b993k","Total Pay":"\u20b9261k - \u20b92m","pay_by_experience_percent":["Mid Career","Late Career","Experienced"],"Mid Career":"4%","Late Career":"36%","Experienced":"44%","pay_by_experience_years":["5-9"],"5-9":"\u20b91,080,000","gender_component":["Male","Female"],"Male":"80.0","Female":"20.0","health_benefits_componentt":["Medical","None"],"Medical":"47","None":"53","popular_skills_component":["Operations Management","Office Administration","Human Resources (HR)","Microsoft Office"],"Operations Management":"14%","Office Administration":"\u20b9966,000","Human Resources (HR)":"\u20b9720,000","Microsoft Office":"16%","affect_skills_component":["Microsoft Office","Operations Management"],"career_path_component":[],"location_component":["Hyderabad, Andhra Pradesh","Bangalore, Karnataka","Mumbai, Maharashtra"],"Hyderabad, Andhra Pradesh":"44%","Bangalore, Karnataka":"-1%","Mumbai, Maharashtra":"39%","employers_component":[],"related_job_component":["Operations Manager","Executive Assistant","Human Resources (HR) Manager","Mechanical Engineer","Operations Team Leader","Civil Engineer","Computer Operator","Administrative Assistant","Project Manager, (Unspecified Type \/ General)"],"Operations Manager":"Avg. Salary \u20b9296k \u2014 \u20b92m","Executive Assistant":"Avg. Salary \u20b9153k \u2014 \u20b9777k","Human Resources (HR) Manager":"Avg. Salary \u20b9292k \u2014 \u20b92m","Mechanical Engineer":"Avg. Salary \u20b9151k \u2014 \u20b9979k","Operations Team Leader":"Avg. Salary \u20b9242k \u2014 \u20b9935k","Civil Engineer":"Avg. Salary \u20b9155k \u2014 \u20b9770k","Computer Operator":"Avg. Salary \u20b999k \u2014 \u20b9398k","Administrative Assistant":"Avg. Salary \u20b9148k \u2014 \u20b9625k","Project Manager, (Unspecified Type \/ General)":"Avg. Salary \u20b9461k \u2014 \u20b92m"}}