{"0":{"job_title":"Director%2C_Supply_Chain_Management","avg_salary":"\u20b93,255,567","salary_component":["Base Salary","Bonus","Profit Sharing","Total Pay"],"Base Salary":"\u20b9659k - \u20b96m","Bonus":"\u20b95k - \u20b92m","Profit Sharing":"\u20b910k - \u20b92m","Total Pay":"\u20b9811k - \u20b97m","pay_by_experience_percent":["Early Career","Late Career","Experienced"],"Early Career":"-81%","Late Career":"11%","Experienced":"18%","pay_by_experience_years":["1-4"],"1-4":"\u20b9624,000","gender_component":["Male"],"Male":"100.0","health_benefits_componentt":["Medical","Dental","Vision","None"],"Medical":"85","Dental":"26","Vision":"30","None":"15","popular_skills_component":["Supply Chain","Purchasing","Operations Management","Strategic Planning"],"Supply Chain":"\u20b93,200,000","Purchasing":"3%","Operations Management":"34%","Strategic Planning":"8%","affect_skills_component":["Operations Management","Strategic Planning","Purchasing"],"career_path_component":[],"location_component":["Mumbai, Maharashtra","Bangalore, Karnataka","New Delhi, Delhi","Gurgaon, Haryana","Pune, Maharashtra"],"Mumbai, Maharashtra":"25%","Bangalore, Karnataka":"20%","New Delhi, Delhi":"-2%","Gurgaon, Haryana":"23%","Pune, Maharashtra":"38%","employers_component":[],"related_job_component":["Operations Manager","Operations Team Leader","Supply Chain Manager","General \/ Operations Manager","Deputy General Manager","Assistant Manager, Customer Service","Executive Assistant","Service Delivery Manager","Chief Executive Officer (CEO)"],"Operations Manager":"Avg. Salary \u20b9297k \u2014 \u20b92m","Operations Team Leader":"Avg. Salary \u20b9243k \u2014 \u20b9936k","Supply Chain Manager":"Avg. Salary \u20b9301k \u2014 \u20b92m","General \/ Operations Manager":"Avg. Salary \u20b9319k \u2014 \u20b93m","Deputy General Manager":"Avg. Salary \u20b9594k \u2014 \u20b93m","Assistant Manager, Customer Service":"Avg. Salary \u20b9251k \u2014 \u20b9952k","Executive Assistant":"Avg. Salary \u20b9153k \u2014 \u20b9777k","Service Delivery Manager":"Avg. Salary \u20b9405k \u2014 \u20b93m","Chief Executive Officer (CEO)":"Avg. Salary \u20b9481k \u2014 \u20b910m"}}