{"0":{"job_title":"Director%2C_Product_Development","avg_salary":"\u20b93,800,000","salary_component":["Base Salary","Bonus","Profit Sharing","Total Pay"],"Base Salary":"\u20b92m - \u20b96m","Bonus":"\u20b9198k - \u20b92m","Profit Sharing":"\u20b90 - \u20b91m","Total Pay":"\u20b92m - \u20b97m","pay_by_experience_percent":["Late Career","Experienced"],"Late Career":"-5%","Experienced":"-24%","pay_by_experience_years":["10-19"],"10-19":"\u20b93,600,000","gender_component":["Male"],"Male":"100.0","health_benefits_componentt":["Medical","Dental","Vision","None"],"Medical":"94","Dental":"6","Vision":"6","None":"6","popular_skills_component":["Product Development","Leadership","People Management","Product Management","Project Management"],"Product Development":"\u20b93,255,567","Leadership":"18%","People Management":"\u20b93,086,628","Product Management":"\u20b93,400,000","Project Management":"\u20b92,900,000","affect_skills_component":["Leadership"],"career_path_component":[],"location_component":["Pune, Maharashtra","Bangalore, Karnataka"],"Pune, Maharashtra":"-16%","Bangalore, Karnataka":"11%","employers_component":[],"related_job_component":["Operations Manager","Project Manager, (Unspecified Type \/ General)","Civil Engineer","Project Manager, Information Technology (IT)","Senior Project Manager, IT","Operations Team Leader","Senior Product Manager","Project Engineer","Product Manager, Software"],"Operations Manager":"Avg. Salary \u20b9297k \u2014 \u20b92m","Project Manager, (Unspecified Type \/ General)":"Avg. Salary \u20b9458k \u2014 \u20b92m","Civil Engineer":"Avg. Salary \u20b9154k \u2014 \u20b9771k","Project Manager, Information Technology (IT)":"Avg. Salary \u20b9540k \u2014 \u20b92m","Senior Project Manager, IT":"Avg. Salary \u20b91m \u2014 \u20b93m","Operations Team Leader":"Avg. Salary \u20b9242k \u2014 \u20b9939k","Senior Product Manager":"Avg. Salary \u20b9984k \u2014 \u20b94m","Project Engineer":"Avg. Salary \u20b9198k \u2014 \u20b9843k","Product Manager, Software":"Avg. Salary \u20b9710k \u2014 \u20b93m"}}