{"0":{"job_title":"Director_of_Operations","avg_salary":"\u20b92,812,115","salary_component":["Base Salary","Bonus","Profit Sharing","Commission","Total Pay"],"Base Salary":"\u20b9795k - \u20b96m","Bonus":"\u20b9101k - \u20b91m","Profit Sharing":"\u20b999k - \u20b93m","Commission":"\u20b9183k - \u20b9983k","Total Pay":"\u20b9921k - \u20b97m","pay_by_experience_percent":["Early Career","Mid Career","Late Career","Experienced"],"Early Career":"-66%","Mid Career":"-45%","Late Career":"6%","Experienced":"27%","pay_by_experience_years":["1-4","5-9"],"1-4":"\u20b9950,000","5-9":"\u20b91,535,999","gender_component":["Male","Female"],"Male":"90.4","Female":"9.6","health_benefits_componentt":["Medical","Dental","Vision","None"],"Medical":"70","Dental":"11","Vision":"11","None":"30","popular_skills_component":["Operations Management","People Management","Strategic Planning","Team Leadership","Project Management"],"Operations Management":"\u20b92,532,014","People Management":"\u20b92,565,979","Strategic Planning":"6%","Team Leadership":"3%","Project Management":"\u20b92,555,737","affect_skills_component":["Profit & Loss (P&L) Statements","Program Management","Leadership","Data Analysis","Product Management","Strategic Project Management","Budget Management","Supply Chain","Strategic Planning","Team Leadership"],"Profit & Loss (P&L) Statements":"108%","Program Management":"40%","Leadership":"24%","Data Analysis":"24%","Product Management":"24%","Strategic Project Management":"14%","Budget Management":"7%","Supply Chain":"7%","career_path_component":["Vice President (VP), Operations","Chief Executive Officer (CEO)","Operations Director"],"location_component":["Bangalore, Karnataka","Mumbai, Maharashtra","Chennai, Tamil Nadu","Pune, Maharashtra","Gurgaon, Haryana","New Delhi, Delhi","Hyderabad, Andhra Pradesh","Delhi, Delhi","Ahmedabad, Gujarat","Noida, Uttar Pradesh"],"Bangalore, Karnataka":"23%","Mumbai, Maharashtra":"9%","Chennai, Tamil Nadu":"-7%","Pune, Maharashtra":"3%","Gurgaon, Haryana":"6%","New Delhi, Delhi":"-9%","Hyderabad, Andhra Pradesh":"-1%","Delhi, Delhi":"-27%","Ahmedabad, Gujarat":"-49%","Noida, Uttar Pradesh":"-3%","employers_component":[],"related_job_component":["Operations Manager","Area Sales Manager","Project Manager, (Unspecified Type \/ General)","Operations Team Leader","Regional Sales Manager","Business Development Manager","Service Delivery Manager","Team Lead, Operations","Assistant Manager, Customer Service"],"Operations Manager":"Avg. Salary \u20b9297k \u2014 \u20b92m","Area Sales Manager":"Avg. Salary \u20b9299k \u2014 \u20b91m","Project Manager, (Unspecified Type \/ General)":"Avg. Salary \u20b9456k \u2014 \u20b92m","Operations Team Leader":"Avg. Salary \u20b9242k \u2014 \u20b9948k","Regional Sales Manager":"Avg. Salary \u20b9480k \u2014 \u20b92m","Business Development Manager":"Avg. Salary \u20b9266k \u2014 \u20b91m","Service Delivery Manager":"Avg. Salary \u20b9399k \u2014 \u20b93m","Team Lead, Operations":"Avg. Salary \u20b9314k \u2014 \u20b91m","Assistant Manager, Customer Service":"Avg. Salary \u20b9252k \u2014 \u20b9955k"}}