{"0":{"job_title":"Divisional_Vice_President%2C_General_Manager","avg_salary":"\u20b93,109,873","salary_component":["Base Salary","Bonus","Profit Sharing","Total Pay"],"Base Salary":"\u20b92m - \u20b95m","Bonus":"\u20b9145k - \u20b91m","Profit Sharing":"\u20b90 - \u20b9300k","Total Pay":"\u20b92m - \u20b96m","pay_by_experience_percent":["Late Career","Experienced"],"Late Career":"4%","Experienced":"-2%","pay_by_experience_years":["10-19"],"10-19":"\u20b93,237,718","gender_component":["Male"],"Male":"100.0","health_benefits_componentt":["Medical","Dental","Vision","None"],"Medical":"91","Dental":"13","Vision":"9","None":"9","popular_skills_component":["Operations Management","People Management","Product Development","Leadership","Strategic Project Management"],"Operations Management":"9%","People Management":"3%","Product Development":"\u20b92,808,000","Leadership":"33%","Strategic Project Management":"6%","affect_skills_component":["Leadership","Operations Management","Strategic Project Management","People Management","Strategic Planning"],"Strategic Planning":"3%","career_path_component":[],"location_component":["Mumbai, Maharashtra","Bangalore, Karnataka","Pune, Maharashtra","Hyderabad, Andhra Pradesh","Delhi, Delhi","New Delhi, Delhi"],"Mumbai, Maharashtra":"13%","Bangalore, Karnataka":"16%","Pune, Maharashtra":"-10%","Hyderabad, Andhra Pradesh":"7%","Delhi, Delhi":"3%","New Delhi, Delhi":"-4%","employers_component":[],"related_job_component":["Operations Manager","Operations Team Leader","Service Delivery Manager","Chief Executive Officer (CEO)","Project Manager, (Unspecified Type \/ General)","General \/ Operations Manager","Vice President (VP), Operations","Assistant Manager, Customer Service","Assistant Operations Manager"],"Operations Manager":"Avg. Salary \u20b9297k \u2014 \u20b92m","Operations Team Leader":"Avg. Salary \u20b9243k \u2014 \u20b9933k","Service Delivery Manager":"Avg. Salary \u20b9405k \u2014 \u20b93m","Chief Executive Officer (CEO)":"Avg. Salary \u20b9481k \u2014 \u20b910m","Project Manager, (Unspecified Type \/ General)":"Avg. Salary \u20b9458k \u2014 \u20b92m","General \/ Operations Manager":"Avg. Salary \u20b9319k \u2014 \u20b93m","Vice President (VP), Operations":"Avg. Salary \u20b91m \u2014 \u20b96m","Assistant Manager, Customer Service":"Avg. Salary \u20b9251k \u2014 \u20b9952k","Assistant Operations Manager":"Avg. Salary \u20b9272k \u2014 \u20b91m"}}