{"0":{"job_title":"Division_Operations_Manager","avg_salary":"\u20b91,017,365","salary_component":["Base Salary","Bonus","Profit Sharing","Total Pay"],"Base Salary":"\u20b9511k - \u20b92m","Bonus":"\u20b910k - \u20b9255k","Profit Sharing":"\u20b90 - \u20b925k","Total Pay":"\u20b9716k - \u20b92m","pay_by_experience_percent":["Mid Career","Late Career","Experienced"],"Mid Career":"-25%","Late Career":"45%","Experienced":"47%","pay_by_experience_years":["5-9","10-19"],"5-9":"\u20b9760,059","10-19":"\u20b91,473,953","gender_component":["Male","Female"],"Male":"90.0","Female":"10.0","health_benefits_componentt":["Medical","Dental","Vision","None"],"Medical":"81","Dental":"6","Vision":"13","None":"19","popular_skills_component":["Operations Management","Project Management","People Management"],"Operations Management":"45%","Project Management":"47%","People Management":"62%","affect_skills_component":["People Management","Project Management","Operations Management"],"career_path_component":["Deputy General Manager"],"location_component":["Mumbai, Maharashtra"],"Mumbai, Maharashtra":"-19%","employers_component":[],"related_job_component":["Operations Manager","Project Manager, (Unspecified Type \/ General)","Operations Team Leader","Service Delivery Manager","Assistant Operations Manager","Assistant Manager, Customer Service","Project Manager, Information Technology (IT)","Civil Engineer","Team Lead, Operations"],"Operations Manager":"Avg. Salary \u20b9302k \u2014 \u20b92m","Project Manager, (Unspecified Type \/ General)":"Avg. Salary \u20b9479k \u2014 \u20b92m","Operations Team Leader":"Avg. Salary \u20b9242k \u2014 \u20b9919k","Service Delivery Manager":"Avg. Salary \u20b9441k \u2014 \u20b92m","Assistant Operations Manager":"Avg. Salary \u20b9291k \u2014 \u20b91m","Assistant Manager, Customer Service":"Avg. Salary \u20b9265k \u2014 \u20b9932k","Project Manager, Information Technology (IT)":"Avg. Salary \u20b9604k \u2014 \u20b92m","Civil Engineer":"Avg. Salary \u20b9163k \u2014 \u20b9790k","Team Lead, Operations":"Avg. Salary \u20b9325k \u2014 \u20b91m"}}