{"0":{"job_title":"Division_General_Manager","avg_salary":"\u20b92,509,803","salary_component":["Base Salary","Bonus","Profit Sharing","Total Pay"],"Base Salary":"\u20b9875k - \u20b95m","Bonus":"\u20b998k - \u20b9996k","Profit Sharing":"\u20b9105k - \u20b9550k","Total Pay":"\u20b91m - \u20b95m","pay_by_experience_percent":["Early Career","Mid Career","Late Career","Experienced"],"Early Career":"-39%","Mid Career":"-34%","Late Career":"-2%","Experienced":"-1%","pay_by_experience_years":["1-4","5-9"],"1-4":"\u20b91,523,809","5-9":"\u20b91,650,000","gender_component":["Male","Female"],"Male":"85.7","Female":"14.3","health_benefits_componentt":["Medical","Dental","Vision","None"],"Medical":"86","Dental":"17","Vision":"14","None":"14","popular_skills_component":["Leadership","People Management","Strategic Planning","Operations Management","Budget Management"],"Leadership":"1%","People Management":"\u20b92,501,421","Strategic Planning":"28%","Operations Management":"10%","Budget Management":"63%","affect_skills_component":["Budget Management","Strategic Planning","Operations Management","Microsoft Excel","Microsoft Word","Project Management","Leadership"],"Microsoft Excel":"10%","Microsoft Word":"10%","Project Management":"10%","career_path_component":["Assistant General Manager (AGM)","Vice President (VP), Sales & Marketing"],"location_component":["Mumbai, Maharashtra","Chennai, Tamil Nadu","New Delhi, Delhi","Pune, Maharashtra","Delhi, Delhi","Bangalore, Karnataka"],"Mumbai, Maharashtra":"-4%","Chennai, Tamil Nadu":"35%","New Delhi, Delhi":"28%","Pune, Maharashtra":"-40%","Delhi, Delhi":"22%","Bangalore, Karnataka":"-47%","employers_component":[],"related_job_component":["Operations Manager","Civil Engineer","Mechanical Engineer","Project Manager, (Unspecified Type \/ General)","Operations Team Leader","Electrical Engineer","Project Manager, Information Technology (IT)","Project Engineer","Business Analyst, IT"],"Operations Manager":"Avg. Salary \u20b9297k \u2014 \u20b92m","Civil Engineer":"Avg. Salary \u20b9154k \u2014 \u20b9771k","Mechanical Engineer":"Avg. Salary \u20b9151k \u2014 \u20b9981k","Project Manager, (Unspecified Type \/ General)":"Avg. Salary \u20b9458k \u2014 \u20b92m","Operations Team Leader":"Avg. Salary \u20b9243k \u2014 \u20b9933k","Electrical Engineer":"Avg. Salary \u20b9174k \u2014 \u20b9991k","Project Manager, Information Technology (IT)":"Avg. Salary \u20b9547k \u2014 \u20b92m","Project Engineer":"Avg. Salary \u20b9198k \u2014 \u20b9843k","Business Analyst, IT":"Avg. Salary \u20b9275k \u2014 \u20b91m"}}