{"0":{"job_title":"Engagement_Manager","avg_salary":"\u20b91,943,697","salary_component":["Base Salary","Bonus","Profit Sharing","Commission","Total Pay"],"Base Salary":"\u20b9602k - \u20b94m","Bonus":"\u20b959k - \u20b9585k","Profit Sharing":"\u20b910k - \u20b91m","Commission":"\u20b90 - \u20b9750k","Total Pay":"\u20b9603k - \u20b94m","pay_by_experience_percent":["Entry Level","Early Career","Mid Career","Late Career","Experienced"],"Entry Level":"-58%","Early Career":"-56%","Mid Career":"8%","Late Career":"14%","Experienced":"44%","pay_by_experience_years":["1","1-4"],"1":"\u20b9825,000","1-4":"\u20b9850,000","gender_component":["Male","Female"],"Male":"88.4","Female":"11.6","health_benefits_componentt":["Medical","Dental","Vision","None"],"Medical":"86","Dental":"9","Vision":"8","None":"14","popular_skills_component":["Project Management","Client Interaction","People Management","Account Management","Consulting Management"],"Project Management":"20%","Client Interaction":"\u20b91,766,889","People Management":"5%","Account Management":"\u20b91,705,491","Consulting Management":"29%","affect_skills_component":["Program Management","Team Leadership","Consulting Management","Project Management","People Management","Strategic Project Management"],"Program Management":"49%","Team Leadership":"32%","Strategic Project Management":"3%","career_path_component":["Director of Engineering"],"location_component":["Bangalore, Karnataka","Mumbai, Maharashtra","Gurgaon, Haryana","New Delhi, Delhi","Hyderabad, Andhra Pradesh","Chennai, Tamil Nadu","Pune, Maharashtra","Kolkata, West Bengal"],"Bangalore, Karnataka":"13%","Mumbai, Maharashtra":"16%","Gurgaon, Haryana":"6%","New Delhi, Delhi":"-16%","Hyderabad, Andhra Pradesh":"13%","Chennai, Tamil Nadu":"-16%","Pune, Maharashtra":"-7%","Kolkata, West Bengal":"-13%","employers_component":["IMS Health Inc","Capgemini","Capgemini Consulting"],"IMS Health Inc":"Avg. Salary: \u20b92,931,918","Capgemini":"Avg. Salary: \u20b91,591,841","Capgemini Consulting":"Avg. Salary: \u20b91,749,091","related_job_component":["Operations Manager","Project Manager, (Unspecified Type \/ General)","Service Delivery Manager","Operations Team Leader","Business Development Manager","Senior Business Analyst","Business Analyst, IT","Senior Project Manager, IT","Project Manager, Information Technology (IT)"],"Operations Manager":"Avg. Salary \u20b9297k \u2014 \u20b92m","Project Manager, (Unspecified Type \/ General)":"Avg. Salary \u20b9456k \u2014 \u20b92m","Service Delivery Manager":"Avg. Salary \u20b9400k \u2014 \u20b93m","Operations Team Leader":"Avg. Salary \u20b9242k \u2014 \u20b9946k","Business Development Manager":"Avg. Salary \u20b9266k \u2014 \u20b91m","Senior Business Analyst":"Avg. Salary \u20b9447k \u2014 \u20b92m","Business Analyst, IT":"Avg. Salary \u20b9275k \u2014 \u20b91m","Senior Project Manager, IT":"Avg. Salary \u20b91m \u2014 \u20b93m","Project Manager, Information Technology (IT)":"Avg. Salary \u20b9531k \u2014 \u20b92m"}}