{"0":{"job_title":"Executive_Director%2C_Non-Profit_Organization","avg_salary":"\u20b91,210,000","salary_component":["Base Salary","Bonus","Total Pay"],"Base Salary":"\u20b9306k - \u20b94m","Bonus":"\u20b912k - \u20b9205k","Total Pay":"\u20b9309k - \u20b94m","pay_by_experience_percent":["Early Career","Mid Career","Late Career","Experienced"],"Early Career":"-59%","Mid Career":"-50%","Late Career":"62%","Experienced":"26%","pay_by_experience_years":["1-4"],"1-4":"\u20b9500,000","gender_component":["Male","Female"],"Male":"66.7","Female":"33.3","health_benefits_componentt":["Medical","None"],"Medical":"44","None":"56","popular_skills_component":["Leadership","Strategic Planning","Administration","Budget Management","Operations Management"],"Leadership":"48%","Strategic Planning":"73%","Administration":"\u20b9462,500","Budget Management":"24%","Operations Management":"32%","affect_skills_component":["Strategic Planning","Leadership","Operations Management","Budget Management"],"career_path_component":[],"location_component":["Mumbai, Maharashtra","Chennai, Tamil Nadu","New Delhi, Delhi"],"Mumbai, Maharashtra":"24%","Chennai, Tamil Nadu":"65%","New Delhi, Delhi":"24%","employers_component":[],"related_job_component":["Operations Manager","Executive Assistant","Chief Executive Officer (CEO)","General \/ Operations Manager","Assistant General Manager (AGM)","Service Delivery Manager","Executive Director","Vice President (VP), Operations","Operations Team Leader"],"Operations Manager":"Avg. Salary \u20b9297k \u2014 \u20b92m","Executive Assistant":"Avg. Salary \u20b9153k \u2014 \u20b9777k","Chief Executive Officer (CEO)":"Avg. Salary \u20b9484k \u2014 \u20b910m","General \/ Operations Manager":"Avg. Salary \u20b9312k \u2014 \u20b93m","Assistant General Manager (AGM)":"Avg. Salary \u20b9621k \u2014 \u20b93m","Service Delivery Manager":"Avg. Salary \u20b9400k \u2014 \u20b93m","Executive Director":"Avg. Salary \u20b9403k \u2014 \u20b97m","Vice President (VP), Operations":"Avg. Salary \u20b91m \u2014 \u20b96m","Operations Team Leader":"Avg. Salary \u20b9242k \u2014 \u20b9939k"}}