{"0":{"job_title":"Executive_Director","avg_salary":"\u20b93,110,746","salary_component":["Base Salary","Bonus","Profit Sharing","Commission","Total Pay"],"Base Salary":"\u20b9391k - \u20b97m","Bonus":"\u20b930k - \u20b92m","Profit Sharing":"\u20b92k - \u20b92m","Commission":"\u20b90 - \u20b9213k","Total Pay":"\u20b9445k - \u20b99m","pay_by_experience_percent":["Entry Level","Early Career","Mid Career","Late Career","Experienced"],"Entry Level":"-82%","Early Career":"-81%","Mid Career":"-63%","Late Career":"14%","Experienced":"24%","pay_by_experience_years":["1","1-4"],"1":"\u20b9550,000","1-4":"\u20b9589,581","gender_component":["Male","Female","Prefer to self-define"],"Male":"83.9","Female":"15.3","Prefer to self-define":"0.7","health_benefits_componentt":["Medical","Dental","Vision","None"],"Medical":"65","Dental":"16","Vision":"16","None":"35","popular_skills_component":["Leadership","Operations Management","Strategic Planning","Business Strategy","Administration"],"Leadership":"13%","Operations Management":"\u20b92,414,669","Strategic Planning":"\u20b93,312,914","Business Strategy":"16%","Administration":"\u20b91,939,681","affect_skills_component":["Organizational Development","Program Management","Budget Management","Business Development","Software Development","People Management","Business Strategy","Project Management","Team Leadership","Leadership"],"Organizational Development":"93%","Program Management":"38%","Budget Management":"31%","Business Development":"26%","Software Development":"22%","People Management":"17%","Project Management":"16%","Team Leadership":"16%","career_path_component":["Chief Executive Officer (CEO)","Senior Managing Director","Business Development Director"],"location_component":["Mumbai, Maharashtra","Bangalore, Karnataka","Pune, Maharashtra","New Delhi, Delhi","Hyderabad, Andhra Pradesh","Kolkata, West Bengal","Chennai, Tamil Nadu","Delhi, Delhi","Gurgaon, Haryana","Ahmedabad, Gujarat"],"Mumbai, Maharashtra":"57%","Bangalore, Karnataka":"26%","Pune, Maharashtra":"3%","New Delhi, Delhi":"-47%","Hyderabad, Andhra Pradesh":"11%","Kolkata, West Bengal":"-53%","Chennai, Tamil Nadu":"-68%","Delhi, Delhi":"-23%","Gurgaon, Haryana":"16%","Ahmedabad, Gujarat":"-71%","employers_component":["J.P. Morgan Chase & Co. (JPMCC)","J.P. Morgan Asset Management"],"J.P. Morgan Chase & Co. (JPMCC)":"Avg. Salary: \u20b95,868,834","J.P. Morgan Asset Management":"Avg. Salary: \u20b95,000,000","related_job_component":["Operations Manager","Area Sales Manager","Project Manager, (Unspecified Type \/ General)","Operations Team Leader","Assistant General Manager (AGM)","Business Development Manager","Regional Sales Manager","General \/ Operations Manager","Chief Executive Officer (CEO)"],"Operations Manager":"Avg. Salary \u20b9296k \u2014 \u20b92m","Area Sales Manager":"Avg. Salary \u20b9299k \u2014 \u20b91m","Project Manager, (Unspecified Type \/ General)":"Avg. Salary \u20b9456k \u2014 \u20b92m","Operations Team Leader":"Avg. Salary \u20b9242k \u2014 \u20b9946k","Assistant General Manager (AGM)":"Avg. Salary \u20b9615k \u2014 \u20b93m","Business Development Manager":"Avg. Salary \u20b9266k \u2014 \u20b91m","Regional Sales Manager":"Avg. Salary \u20b9480k \u2014 \u20b92m","General \/ Operations Manager":"Avg. Salary \u20b9312k \u2014 \u20b93m","Chief Executive Officer (CEO)":"Avg. Salary \u20b9485k \u2014 \u20b910m"}}