{"0":{"job_title":"Facilities_Director","avg_salary":"\u20b92,545,217","salary_component":["Base Salary","Bonus","Total Pay"],"Base Salary":"\u20b91m - \u20b94m","Bonus":"\u20b910k - \u20b91m","Total Pay":"\u20b91m - \u20b96m","pay_by_experience_percent":["Late Career","Experienced"],"Late Career":"0%","Experienced":"-3%","pay_by_experience_years":["10-19"],"10-19":"\u20b92,545,217","gender_component":["Male"],"Male":"100.0","health_benefits_componentt":["Medical","Dental","Vision","None"],"Medical":"94","Dental":"31","Vision":"25","None":"6","popular_skills_component":["Budget Management","Facility Maintenance & Coordination","Facilities Management","People Management","Operations Management"],"Budget Management":"\u20b92,415,511","Facility Maintenance & Coordination":"\u20b92,500,990","Facilities Management":"\u20b91,200,499","People Management":"\u20b92,400,000","Operations Management":"\u20b92,430,562","affect_skills_component":[],"career_path_component":[],"location_component":["Bangalore, Karnataka","Noida, Uttar Pradesh","Gurgaon, Haryana","Pune, Maharashtra"],"Bangalore, Karnataka":"-6%","Noida, Uttar Pradesh":"2%","Gurgaon, Haryana":"31%","Pune, Maharashtra":"12%","employers_component":[],"related_job_component":["Operations Manager","Operations Team Leader","Service Delivery Manager","General \/ Operations Manager","Assistant Operations Manager","Assistant Manager, Customer Service","Team Lead, Operations","Sr. Operations Manager","Retail Store Manager"],"Operations Manager":"Avg. Salary \u20b9297k \u2014 \u20b92m","Operations Team Leader":"Avg. Salary \u20b9242k \u2014 \u20b9941k","Service Delivery Manager":"Avg. Salary \u20b9405k \u2014 \u20b93m","General \/ Operations Manager":"Avg. Salary \u20b9327k \u2014 \u20b93m","Assistant Operations Manager":"Avg. Salary \u20b9279k \u2014 \u20b91m","Assistant Manager, Customer Service":"Avg. Salary \u20b9253k \u2014 \u20b9956k","Team Lead, Operations":"Avg. Salary \u20b9314k \u2014 \u20b91m","Sr. Operations Manager":"Avg. Salary \u20b9505k \u2014 \u20b92m","Retail Store Manager":"Avg. Salary \u20b9201k \u2014 \u20b9822k"}}