{"0":{"job_title":"Facilities_Manager","avg_salary":"\u20b9745,552","salary_component":["Base Salary","Bonus","Profit Sharing","Commission","Total Pay"],"Base Salary":"\u20b9363k - \u20b92m","Bonus":"\u20b92k - \u20b9302k","Profit Sharing":"\u20b9-22 - \u20b9993k","Commission":"\u20b90 - \u20b915k","Total Pay":"\u20b9381k - \u20b92m","pay_by_experience_percent":["Early Career","Mid Career","Late Career","Experienced"],"Early Career":"-47%","Mid Career":"-21%","Late Career":"30%","Experienced":"21%","pay_by_experience_years":["1-4","5-9"],"1-4":"\u20b9397,023","5-9":"\u20b9592,462","gender_component":["Male","Female"],"Male":"84.4","Female":"15.6","health_benefits_componentt":["Medical","Dental","Vision","None"],"Medical":"85","Dental":"9","Vision":"7","None":"15","popular_skills_component":["Facility Maintenance & Coordination","Facilities Management","Operations Management","Budget Management","Project Management"],"Facility Maintenance & Coordination":"2%","Facilities Management":"\u20b9712,155","Operations Management":"\u20b9640,000","Budget Management":"30%","Project Management":"33%","affect_skills_component":["Vendor Management","People Management","Project Management","Budget Management","Facility Maintenance & Coordination"],"Vendor Management":"61%","People Management":"44%","career_path_component":["Facility Manager","Senior Facilities Manager","Administrative Manager"],"location_component":["Bangalore, Karnataka","Mumbai, Maharashtra","Pune, Maharashtra","Chennai, Tamil Nadu","Hyderabad, Andhra Pradesh","New Delhi, Delhi","Noida, Uttar Pradesh","Gurgaon, Haryana","Gurgaon, Delhi"],"Bangalore, Karnataka":"-3%","Mumbai, Maharashtra":"15%","Pune, Maharashtra":"30%","Chennai, Tamil Nadu":"-8%","Hyderabad, Andhra Pradesh":"7%","New Delhi, Delhi":"3%","Noida, Uttar Pradesh":"-20%","Gurgaon, Haryana":"88%","Gurgaon, Delhi":"-26%","employers_component":["InfoSys Limited"],"InfoSys Limited":"Avg. Salary: \u20b91,183,270","related_job_component":["Operations Manager","Project Manager, (Unspecified Type \/ General)","Operations Team Leader","Service Delivery Manager","Assistant Manager, Customer Service","General \/ Operations Manager","Assistant Operations Manager","Civil Engineer","Project Manager, Information Technology (IT)"],"Operations Manager":"Avg. Salary \u20b9297k \u2014 \u20b92m","Project Manager, (Unspecified Type \/ General)":"Avg. Salary \u20b9458k \u2014 \u20b92m","Operations Team Leader":"Avg. Salary \u20b9242k \u2014 \u20b9939k","Service Delivery Manager":"Avg. Salary \u20b9405k \u2014 \u20b93m","Assistant Manager, Customer Service":"Avg. Salary \u20b9252k \u2014 \u20b9955k","General \/ Operations Manager":"Avg. Salary \u20b9322k \u2014 \u20b93m","Assistant Operations Manager":"Avg. Salary \u20b9272k \u2014 \u20b91m","Civil Engineer":"Avg. Salary \u20b9154k \u2014 \u20b9771k","Project Manager, Information Technology (IT)":"Avg. Salary \u20b9547k \u2014 \u20b92m"}}