{"0":{"job_title":"Facilities_Coordinator","avg_salary":"\u20b9496,982","salary_component":["Base Salary","Bonus","Total Pay"],"Base Salary":"\u20b9276k - \u20b9918k","Bonus":"\u20b915k - \u20b965k","Total Pay":"\u20b9290k - \u20b9918k","pay_by_experience_percent":["Early Career","Mid Career","Late Career"],"Early Career":"-20%","Mid Career":"-3%","Late Career":"31%","pay_by_experience_years":["1-4","5-9"],"1-4":"\u20b9400,000","5-9":"\u20b9481,865","gender_component":["Male","Female"],"Male":"85.7","Female":"14.3","health_benefits_componentt":["Medical","Dental","Vision"],"Medical":"100","Dental":"13","Vision":"13","popular_skills_component":["Facility Maintenance & Coordination","Facilities Management","Office Administration"],"Facility Maintenance & Coordination":"\u20b9494,000","Facilities Management":"1%","Office Administration":"\u20b9496,982","affect_skills_component":["Facilities Management"],"career_path_component":["Facilities Manager"],"location_component":["Bangalore, Karnataka"],"Bangalore, Karnataka":"-13%","employers_component":[],"related_job_component":["Administrative Assistant","Executive Assistant","Administrative \/ Office Manager","Office Administrator","Office Assistant","Facility Manager","Office Manager","Executive Administrative Assistant","Computer Operator"],"Administrative Assistant":"Avg. Salary \u20b9148k \u2014 \u20b9621k","Executive Assistant":"Avg. Salary \u20b9153k \u2014 \u20b9777k","Administrative \/ Office Manager":"Avg. Salary \u20b9201k \u2014 \u20b91m","Office Administrator":"Avg. Salary \u20b9144k \u2014 \u20b9590k","Office Assistant":"Avg. Salary \u20b9115k \u2014 \u20b9362k","Facility Manager":"Avg. Salary \u20b9287k \u2014 \u20b91m","Office Manager":"Avg. Salary \u20b9181k \u2014 \u20b91m","Executive Administrative Assistant":"Avg. Salary \u20b9174k \u2014 \u20b9585k","Computer Operator":"Avg. Salary \u20b999k \u2014 \u20b9402k"}}