{"0":{"job_title":"General_%2F_Operations_Manager","avg_salary":"\u20b91,144,761","salary_component":["Base Salary","Bonus","Profit Sharing","Commission","Total Pay"],"Base Salary":"\u20b9312k - \u20b93m","Bonus":"\u20b918k - \u20b9518k","Profit Sharing":"\u20b915 - \u20b9511k","Commission":"\u20b963 - \u20b9679k","Total Pay":"\u20b9355k - \u20b94m","pay_by_experience_percent":["Entry Level","Early Career","Mid Career","Late Career","Experienced"],"Entry Level":"-66%","Early Career":"-59%","Mid Career":"-38%","Late Career":"16%","Experienced":"72%","pay_by_experience_years":["1"],"1":"\u20b9391,501","gender_component":["Male","Female"],"Male":"87.7","Female":"12.3","health_benefits_componentt":["Medical","Dental","Vision","None"],"Medical":"71","Dental":"9","Vision":"9","None":"29","popular_skills_component":["Operations Management","People Management","Team Leadership","Project Management","Customer Service"],"Operations Management":"\u20b91,124,042","People Management":"\u20b91,166,370","Team Leadership":"\u20b91,159,616","Project Management":"\u20b91,520,917","Customer Service":"\u20b9702,003","affect_skills_component":["Big Data Analytics","Account Management","IT Management","Business Management","Lean Manufacturing","Program Management","Design","Office Management","Six Sigma Black Belt","Production Management"],"Big Data Analytics":"204%","Account Management":"162%","IT Management":"159%","Business Management":"156%","Lean Manufacturing":"149%","Program Management":"145%","Design":"145%","Office Management":"136%","Six Sigma Black Belt":"136%","Production Management":"127%","career_path_component":["Vice President (VP), Operations","Vice President (VP), General Manager","Operations Manager"],"location_component":["Mumbai, Maharashtra","Bangalore, Karnataka","Chennai, Tamil Nadu","Pune, Maharashtra","New Delhi, Delhi","Hyderabad, Andhra Pradesh","Delhi, Delhi","Kolkata, West Bengal","Gurgaon, Haryana","Ahmedabad, Gujarat"],"Mumbai, Maharashtra":"30%","Bangalore, Karnataka":"29%","Chennai, Tamil Nadu":"4%","Pune, Maharashtra":"34%","New Delhi, Delhi":"19%","Hyderabad, Andhra Pradesh":"-8%","Delhi, Delhi":"-2%","Kolkata, West Bengal":"-6%","Gurgaon, Haryana":"33%","Ahmedabad, Gujarat":"-11%","employers_component":["Vodafone","Genpact","Ericsson Inc.","HCL Technologies Ltd.","Schneider Electric Ltd","Tata Consultancy Services Limited","WNS Global Services","Reliance Industries Limited","International Business Machines (IBM) Corp.","State Bank of India"],"Vodafone":"Avg. Salary: \u20b92,954,475","Genpact":"Avg. Salary: \u20b91,077,500","Ericsson Inc.":"Avg. Salary: \u20b93,200,000","HCL Technologies Ltd.":"Avg. Salary: \u20b91,768,743","Schneider Electric Ltd":"Avg. Salary: \u20b92,950,000","Tata Consultancy Services Limited":"Avg. Salary: \u20b9562,000","WNS Global Services":"Avg. Salary: \u20b92,600,000","Reliance Industries Limited":"Avg. Salary: \u20b91,320,000","International Business Machines (IBM) Corp.":"Avg. Salary: \u20b91,500,000","State Bank of India":"Avg. Salary: \u20b9800,000","related_job_component":["Operations Manager","Project Manager, (Unspecified Type \/ General)","Mechanical Engineer","Business Development Manager","Accountant","Civil Engineer","Marketing Manager","Area Sales Manager","Senior Business Analyst"],"Operations Manager":"Avg. Salary \u20b9296k \u2014 \u20b92m","Project Manager, (Unspecified Type \/ General)":"Avg. Salary \u20b9456k \u2014 \u20b92m","Mechanical Engineer":"Avg. Salary \u20b9152k \u2014 \u20b9983k","Business Development Manager":"Avg. Salary \u20b9266k \u2014 \u20b91m","Accountant":"Avg. Salary \u20b9123k \u2014 \u20b9507k","Civil Engineer":"Avg. Salary \u20b9154k \u2014 \u20b9771k","Marketing Manager":"Avg. Salary \u20b9286k \u2014 \u20b92m","Area Sales Manager":"Avg. Salary \u20b9299k \u2014 \u20b91m","Senior Business Analyst":"Avg. Salary \u20b9447k \u2014 \u20b92m"}}