{"0":{"job_title":"General_Manager%2C_Product_Development_Center","avg_salary":"\u20b92,148,837","salary_component":["Base Salary","Bonus","Total Pay"],"Base Salary":"\u20b9613k - \u20b95m","Bonus":"\u20b949k - \u20b9993k","Total Pay":"\u20b9613k - \u20b95m","pay_by_experience_percent":["Late Career","Experienced"],"Late Career":"-2%","Experienced":"14%","pay_by_experience_years":["10-19"],"10-19":"\u20b92,100,000","gender_component":["Male","Female"],"Male":"88.2","Female":"11.8","health_benefits_componentt":["Medical","Dental","Vision","None"],"Medical":"84","Dental":"8","Vision":"8","None":"16","popular_skills_component":["Product Development","Strategic Project Management","Leadership","Engineering Design","Project Management"],"Product Development":"\u20b92,034,730","Strategic Project Management":"63%","Leadership":"23%","Engineering Design":"\u20b91,831,257","Project Management":"51%","affect_skills_component":["Strategic Project Management","Project Management","Leadership"],"career_path_component":[],"location_component":["Pune, Maharashtra","Bangalore, Karnataka","Mumbai, Maharashtra","Chennai, Tamil Nadu"],"Pune, Maharashtra":"63%","Bangalore, Karnataka":"83%","Mumbai, Maharashtra":"-2%","Chennai, Tamil Nadu":"-17%","employers_component":[],"related_job_component":["Project Manager, (Unspecified Type \/ General)","Mechanical Engineer","Civil Engineer","Design Engineer","Project Engineer","Electrical Engineer","Operations Manager","Project Manager, Information Technology (IT)","Senior Mechanical Design Engineer"],"Project Manager, (Unspecified Type \/ General)":"Avg. Salary \u20b9459k \u2014 \u20b92m","Mechanical Engineer":"Avg. Salary \u20b9151k \u2014 \u20b9982k","Civil Engineer":"Avg. Salary \u20b9154k \u2014 \u20b9773k","Design Engineer":"Avg. Salary \u20b9175k \u2014 \u20b9923k","Project Engineer":"Avg. Salary \u20b9198k \u2014 \u20b9843k","Electrical Engineer":"Avg. Salary \u20b9174k \u2014 \u20b9991k","Operations Manager":"Avg. Salary \u20b9297k \u2014 \u20b92m","Project Manager, Information Technology (IT)":"Avg. Salary \u20b9547k \u2014 \u20b92m","Senior Mechanical Design Engineer":"Avg. Salary \u20b9364k \u2014 \u20b91m"}}