{"0":{"job_title":"General_Manager","avg_salary":"\u20b92,099,291","salary_component":["Base Salary","Bonus","Profit Sharing","Commission","Total Pay"],"Base Salary":"\u20b9519k - \u20b95m","Bonus":"\u20b930k - \u20b9786k","Profit Sharing":"\u20b910k - \u20b93m","Commission":"\u20b90 - \u20b950k","Total Pay":"\u20b9576k - \u20b95m","pay_by_experience_percent":["Early Career","Mid Career","Late Career","Experienced"],"Early Career":"-75%","Mid Career":"-17%","Late Career":"7%","Experienced":"19%","pay_by_experience_years":["1-4","5-9"],"1-4":"\u20b9520,000","5-9":"\u20b91,750,000","gender_component":["Male","Female"],"Male":"91.8","Female":"8.2","health_benefits_componentt":["Medical","Dental","Vision","None"],"Medical":"72","Dental":"12","Vision":"14","None":"28","popular_skills_component":["Operations Management","People Management","Team Leadership","Customer Service","Budget Management"],"Operations Management":"7%","People Management":"11%","Team Leadership":"\u20b92,031,697","Customer Service":"\u20b92,000,000","Budget Management":"57%","affect_skills_component":["Budget Management","Business Management","Leadership","Business Development","People Management","Operations Management"],"Business Management":"57%","Leadership":"31%","Business Development":"12%","career_path_component":[],"location_component":["Mumbai, Maharashtra","New Delhi, Delhi","Pune, Maharashtra","Chennai, Tamil Nadu","Bangalore, Karnataka","Kolkata, West Bengal","Hyderabad, Andhra Pradesh","Gurgaon, Haryana"],"Mumbai, Maharashtra":"24%","New Delhi, Delhi":"5%","Pune, Maharashtra":"43%","Chennai, Tamil Nadu":"43%","Bangalore, Karnataka":"86%","Kolkata, West Bengal":"-64%","Hyderabad, Andhra Pradesh":"-14%","Gurgaon, Haryana":"24%","employers_component":[],"related_job_component":["Operations Manager","Area Sales Manager","Operations Team Leader","Project Manager, (Unspecified Type \/ General)","General \/ Operations Manager","Regional Sales Manager","Assistant Manager, Customer Service","Assistant General Manager (AGM)","Team Lead, Operations"],"Operations Manager":"Avg. Salary \u20b9296k \u2014 \u20b92m","Area Sales Manager":"Avg. Salary \u20b9299k \u2014 \u20b91m","Operations Team Leader":"Avg. Salary \u20b9242k \u2014 \u20b9946k","Project Manager, (Unspecified Type \/ General)":"Avg. Salary \u20b9456k \u2014 \u20b92m","General \/ Operations Manager":"Avg. Salary \u20b9312k \u2014 \u20b93m","Regional Sales Manager":"Avg. Salary \u20b9480k \u2014 \u20b92m","Assistant Manager, Customer Service":"Avg. Salary \u20b9252k \u2014 \u20b9955k","Assistant General Manager (AGM)":"Avg. Salary \u20b9615k \u2014 \u20b93m","Team Lead, Operations":"Avg. Salary \u20b9314k \u2014 \u20b91m"}}