{"0":{"job_title":"General_Manager%2C_Regional","avg_salary":"\u20b92,310,301","salary_component":["Base Salary","Bonus","Profit Sharing","Commission","Total Pay"],"Base Salary":"\u20b9974k - \u20b95m","Bonus":"\u20b990k - \u20b91m","Profit Sharing":"\u20b971k - \u20b9613k","Commission":"\u20b90 - \u20b9310k","Total Pay":"\u20b91m - \u20b95m","pay_by_experience_percent":["Early Career","Mid Career","Late Career","Experienced"],"Early Career":"-49%","Mid Career":"-20%","Late Career":"1%","Experienced":"10%","pay_by_experience_years":["1-4","5-9"],"1-4":"\u20b91,179,162","5-9":"\u20b91,850,000","gender_component":["Male","Female"],"Male":"88.5","Female":"11.5","health_benefits_componentt":["Medical","Dental","Vision","None"],"Medical":"81","Dental":"14","Vision":"13","None":"18","popular_skills_component":["People Management","Operations Management","Sales Management","Budget Management","Project Management"],"People Management":"\u20b92,237,275","Operations Management":"\u20b92,067,307","Sales Management":"1%","Budget Management":"1%","Project Management":"8%","affect_skills_component":["Program Management","Business Development","Windows Operating System General Use","Team Leadership","Risk Management \/ Risk Control","Project Management","Microsoft Office","Sales Management","Budget Management"],"Program Management":"47%","Business Development":"45%","Windows Operating System General Use":"30%","Team Leadership":"30%","Risk Management \/ Risk Control":"14%","Microsoft Office":"2%","career_path_component":["Vice President (VP), General Manager","Chief Executive Officer (CEO)","Director of Operations"],"location_component":["Mumbai, Maharashtra","Bangalore, Karnataka","Pune, Maharashtra","Chennai, Tamil Nadu","Kolkata, West Bengal","Gurgaon, Haryana","New Delhi, Delhi","Ahmedabad, Gujarat","Hyderabad, Andhra Pradesh","Delhi, Delhi"],"Mumbai, Maharashtra":"34%","Bangalore, Karnataka":"39%","Pune, Maharashtra":"1%","Chennai, Tamil Nadu":"-17%","Kolkata, West Bengal":"-29%","Gurgaon, Haryana":"25%","New Delhi, Delhi":"28%","Ahmedabad, Gujarat":"9%","Hyderabad, Andhra Pradesh":"-48%","Delhi, Delhi":"8%","employers_component":[],"related_job_component":["Operations Manager","Civil Engineer","Project Manager, (Unspecified Type \/ General)","Mechanical Engineer","Operations Team Leader","Area Sales Manager","Project Manager, Information Technology (IT)","Electrical Engineer","Project Engineer"],"Operations Manager":"Avg. Salary \u20b9297k \u2014 \u20b92m","Civil Engineer":"Avg. Salary \u20b9154k \u2014 \u20b9771k","Project Manager, (Unspecified Type \/ General)":"Avg. Salary \u20b9458k \u2014 \u20b92m","Mechanical Engineer":"Avg. Salary \u20b9152k \u2014 \u20b9982k","Operations Team Leader":"Avg. Salary \u20b9242k \u2014 \u20b9939k","Area Sales Manager":"Avg. Salary \u20b9299k \u2014 \u20b91m","Project Manager, Information Technology (IT)":"Avg. Salary \u20b9540k \u2014 \u20b92m","Electrical Engineer":"Avg. Salary \u20b9174k \u2014 \u20b9995k","Project Engineer":"Avg. Salary \u20b9198k \u2014 \u20b9843k"}}