{"0":{"job_title":"Group_General_Manager","avg_salary":"\u20b91,800,000","salary_component":["Base Salary","Bonus","Commission","Total Pay"],"Base Salary":"\u20b9679k - \u20b94m","Bonus":"\u20b958k - \u20b9990k","Commission":"\u20b90 - \u20b9625k","Total Pay":"\u20b9679k - \u20b95m","pay_by_experience_percent":["Mid Career","Late Career","Experienced"],"Mid Career":"-33%","Late Career":"11%","Experienced":"6%","pay_by_experience_years":["5-9","10-19"],"5-9":"\u20b91,200,000","10-19":"\u20b91,999,795","gender_component":["Male"],"Male":"100.0","health_benefits_componentt":["Medical","Dental","None"],"Medical":"68","Dental":"5","None":"32","popular_skills_component":["People Management","Leadership","Operations Management","Business Strategy","Strategic Planning"],"People Management":"17%","Leadership":"33%","Operations Management":"\u20b91,800,000","Business Strategy":"\u20b91,425,000","Strategic Planning":"36%","affect_skills_component":["Strategic Planning","Leadership","People Management"],"career_path_component":[],"location_component":["Mumbai, Maharashtra","Chennai, Tamil Nadu","Bangalore, Karnataka"],"Mumbai, Maharashtra":"67%","Chennai, Tamil Nadu":"-21%","Bangalore, Karnataka":"22%","employers_component":[],"related_job_component":["Operations Manager","Operations Team Leader","Chief Executive Officer (CEO)","General \/ Operations Manager","Service Delivery Manager","Assistant Manager, Customer Service","Vice President (VP), Operations","Assistant Operations Manager","Team Lead, Operations"],"Operations Manager":"Avg. Salary \u20b9296k \u2014 \u20b92m","Operations Team Leader":"Avg. Salary \u20b9242k \u2014 \u20b9936k","Chief Executive Officer (CEO)":"Avg. Salary \u20b9481k \u2014 \u20b910m","General \/ Operations Manager":"Avg. Salary \u20b9319k \u2014 \u20b93m","Service Delivery Manager":"Avg. Salary \u20b9405k \u2014 \u20b93m","Assistant Manager, Customer Service":"Avg. Salary \u20b9251k \u2014 \u20b9951k","Vice President (VP), Operations":"Avg. Salary \u20b91m \u2014 \u20b96m","Assistant Operations Manager":"Avg. Salary \u20b9275k \u2014 \u20b91m","Team Lead, Operations":"Avg. Salary \u20b9310k \u2014 \u20b91m"}}