{"0":{"job_title":"Online_Affiliate_Marketing_Manager","avg_salary":"\u20b9500,000","salary_component":["Base Salary","Commission","Total Pay"],"Base Salary":"\u20b9149k - \u20b9984k","Commission":"\u20b90 - \u20b9250k","Total Pay":"\u20b9126k - \u20b91m","pay_by_experience_percent":["Early Career","Mid Career"],"Early Career":"-50%","Mid Career":"81%","pay_by_experience_years":["1-4","5-9"],"1-4":"\u20b9251,429","5-9":"\u20b9905,000","gender_component":["Male","Female"],"Male":"80.0","Female":"20.0","health_benefits_componentt":["Medical","None"],"Medical":"38","None":"63","popular_skills_component":["Online Marketing"],"Online Marketing":"70%","affect_skills_component":["Online Marketing"],"career_path_component":[],"location_component":["Bangalore, Karnataka","New Delhi, Delhi"],"Bangalore, Karnataka":"40%","New Delhi, Delhi":"6%","employers_component":[],"related_job_component":["Digital Marketing Manager","Marketing Executive","Marketing Manager","Assistant Marketing Manager","Marketing Director","Senior Marketing Manager","Social Media Manager","Digital Marketing Specialist","Online Marketing Manager"],"Digital Marketing Manager":"Avg. Salary \u20b9223k \u2014 \u20b91m","Marketing Executive":"Avg. Salary \u20b9149k \u2014 \u20b9542k","Marketing Manager":"Avg. Salary \u20b9291k \u2014 \u20b92m","Assistant Marketing Manager":"Avg. Salary \u20b9260k \u2014 \u20b91m","Marketing Director":"Avg. Salary \u20b9791k \u2014 \u20b96m","Senior Marketing Manager":"Avg. Salary \u20b9444k \u2014 \u20b93m","Social Media Manager":"Avg. Salary \u20b9165k \u2014 \u20b9697k","Digital Marketing Specialist":"Avg. Salary \u20b9160k \u2014 \u20b9685k","Online Marketing Manager":"Avg. Salary \u20b9161k \u2014 \u20b92m"}}