{"0":{"job_title":"Operations_Manager%2C_Banking","avg_salary":"\u20b9450,094","salary_component":["Base Salary","Bonus","Profit Sharing","Total Pay"],"Base Salary":"\u20b9246k - \u20b9911k","Bonus":"\u20b915k - \u20b9152k","Profit Sharing":"\u20b910k - \u20b9324k","Total Pay":"\u20b9289k - \u20b9966k","pay_by_experience_percent":["Entry Level","Early Career","Mid Career","Late Career"],"Entry Level":"-36%","Early Career":"-21%","Mid Career":"21%","Late Career":"61%","pay_by_experience_years":["1"],"1":"\u20b9287,823","gender_component":["Male","Female"],"Male":"56.7","Female":"43.3","health_benefits_componentt":["Medical","Dental","Vision","None"],"Medical":"87","Dental":"11","Vision":"13","None":"13","popular_skills_component":["Operations Management","Banking","Customer Service","Team Leadership","Team Management"],"Operations Management":"11%","Banking":"\u20b9443,916","Customer Service":"44%","Team Leadership":"33%","Team Management":"\u20b9450,248","affect_skills_component":["Risk Management \/ Risk Control","Customer Service","Team Leadership","Operations Management"],"Risk Management \/ Risk Control":"61%","career_path_component":[],"location_component":["Mumbai, Maharashtra","Chennai, Tamil Nadu","New Delhi, Delhi","Bangalore, Karnataka","Ahmedabad, Gujarat","Gurgaon, Haryana"],"Mumbai, Maharashtra":"3%","Chennai, Tamil Nadu":"20%","New Delhi, Delhi":"6%","Bangalore, Karnataka":"92%","Ahmedabad, Gujarat":"144%","Gurgaon, Haryana":"-11%","employers_component":["HDFC Bank Pvt Ltd","Kotak Mahindra Bank"],"HDFC Bank Pvt Ltd":"Avg. Salary: \u20b9599,994","Kotak Mahindra Bank":"Avg. Salary: \u20b9500,000","related_job_component":["Operations Manager","Operations Team Leader","Branch Manager, Banking","Assistant Manager, Customer Service","Assistant Branch Manager, Banking","Team Lead, Operations","Customer Service Team Leader","General \/ Operations Manager","Customer Service Representative (CSR)"],"Operations Manager":"Avg. Salary \u20b9297k \u2014 \u20b92m","Operations Team Leader":"Avg. Salary \u20b9243k \u2014 \u20b9933k","Branch Manager, Banking":"Avg. Salary \u20b9349k \u2014 \u20b91m","Assistant Manager, Customer Service":"Avg. Salary \u20b9252k \u2014 \u20b9955k","Assistant Branch Manager, Banking":"Avg. Salary \u20b9244k \u2014 \u20b9844k","Team Lead, Operations":"Avg. Salary \u20b9312k \u2014 \u20b91m","Customer Service Team Leader":"Avg. Salary \u20b9235k \u2014 \u20b9820k","General \/ Operations Manager":"Avg. Salary \u20b9322k \u2014 \u20b93m","Customer Service Representative (CSR)":"Avg. Salary \u20b9148k \u2014 \u20b9459k"}}