{"0":{"job_title":"Operations_Manager","avg_salary":"\u20b9770,130","salary_component":["Base Salary","Bonus","Profit Sharing","Commission","Total Pay"],"Base Salary":"\u20b9297k - \u20b92m","Bonus":"\u20b915k - \u20b9291k","Profit Sharing":"\u20b919 - \u20b9342k","Commission":"\u20b924k - \u20b9237k","Total Pay":"\u20b9309k - \u20b92m","pay_by_experience_percent":["Entry Level","Early Career","Mid Career","Late Career","Experienced"],"Entry Level":"-53%","Early Career":"-44%","Mid Career":"-9%","Late Career":"30%","Experienced":"58%","pay_by_experience_years":["1","1-4"],"1":"\u20b9364,074","1-4":"\u20b9431,976","gender_component":["Male","Female","Prefer to self-define"],"Male":"84.9","Female":"15.0","Prefer to self-define":"0.1","health_benefits_componentt":["Medical","Dental","Vision","None"],"Medical":"75","Dental":"9","Vision":"9","None":"25","popular_skills_component":["Operations Management","People Management","Leadership","Project Management","Customer Service"],"Operations Management":"\u20b9795,813","People Management":"\u20b9915,059","Leadership":"\u20b9865,982","Project Management":"\u20b9970,651","Customer Service":"\u20b9680,158","affect_skills_component":["Program Management","IT Security & Infrastructure","Technical Services","Enterprise Resource Planning (ERP)","Strategic Planning","IT Consulting","General Ledger Accounting","Forecasting","Financial Compliance","Total Quality Management (TQM)"],"Program Management":"186%","IT Security & Infrastructure":"126%","Technical Services":"91%","Enterprise Resource Planning (ERP)":"88%","Strategic Planning":"81%","IT Consulting":"78%","General Ledger Accounting":"75%","Forecasting":"73%","Financial Compliance":"70%","Total Quality Management (TQM)":"69%","career_path_component":["Sr. Operations Manager","Project Manager, (Unspecified Type \/ Gen...","General \/ Operations Manager"],"location_component":["Mumbai, Maharashtra","Bangalore, Karnataka","Chennai, Tamil Nadu","Pune, Maharashtra","Hyderabad, Andhra Pradesh","New Delhi, Delhi","Delhi, Delhi","Gurgaon, Haryana","Kolkata, West Bengal","Ahmedabad, Gujarat"],"Mumbai, Maharashtra":"1%","Bangalore, Karnataka":"28%","Chennai, Tamil Nadu":"19%","Pune, Maharashtra":"14%","Hyderabad, Andhra Pradesh":"7%","New Delhi, Delhi":"-6%","Delhi, Delhi":"2%","Gurgaon, Haryana":"28%","Kolkata, West Bengal":"-32%","Ahmedabad, Gujarat":"-16%","employers_component":["Amazon.com Inc","Genpact","ICICI Bank","HDFC Bank Pvt Ltd","Axis Bank","Wipro","HCL Technologies Ltd.","Tata Consultancy Services Limited","HSBC","Accenture"],"Amazon.com Inc":"Avg. Salary: \u20b91,171,713","Genpact":"Avg. Salary: \u20b9813,786","ICICI Bank":"Avg. Salary: \u20b9520,977","HDFC Bank Pvt Ltd":"Avg. Salary: \u20b9566,906","Axis Bank":"Avg. Salary: \u20b9683,713","Wipro":"Avg. Salary: \u20b9984,533","HCL Technologies Ltd.":"Avg. Salary: \u20b9963,711","Tata Consultancy Services Limited":"Avg. Salary: \u20b91,106,902","HSBC":"Avg. Salary: \u20b9964,752","Accenture":"Avg. Salary: \u20b91,500,000","related_job_component":["Accountant","Mechanical Engineer","Project Manager, (Unspecified Type \/ General)","Civil Engineer","Business Development Manager","Senior Business Analyst","Area Sales Manager","Financial Analyst","Executive Assistant"],"Accountant":"Avg. Salary \u20b9123k \u2014 \u20b9507k","Mechanical Engineer":"Avg. Salary \u20b9152k \u2014 \u20b9983k","Project Manager, (Unspecified Type \/ General)":"Avg. Salary \u20b9456k \u2014 \u20b92m","Civil Engineer":"Avg. Salary \u20b9154k \u2014 \u20b9771k","Business Development Manager":"Avg. Salary \u20b9266k \u2014 \u20b91m","Senior Business Analyst":"Avg. Salary \u20b9447k \u2014 \u20b92m","Area Sales Manager":"Avg. Salary \u20b9299k \u2014 \u20b91m","Financial Analyst":"Avg. Salary \u20b9220k \u2014 \u20b9994k","Executive Assistant":"Avg. Salary \u20b9153k \u2014 \u20b9778k"}}