{"0":{"job_title":"Operations_Officer","avg_salary":"\u20b9295,565","salary_component":["Base Salary","Bonus","Profit Sharing","Commission","Total Pay"],"Base Salary":"\u20b9143k - \u20b9737k","Bonus":"\u20b910k - \u20b9206k","Profit Sharing":"\u20b934k - \u20b951k","Commission":"\u20b90 - \u20b960k","Total Pay":"\u20b9151k - \u20b9809k","pay_by_experience_percent":["Entry Level","Early Career","Mid Career","Late Career"],"Entry Level":"-15%","Early Career":"-6%","Mid Career":"16%","Late Career":"44%","pay_by_experience_years":["1","1-4"],"1":"\u20b9250,000","1-4":"\u20b9276,679","gender_component":["Male","Female"],"Male":"92.9","Female":"7.1","health_benefits_componentt":["Medical","Dental","Vision","None"],"Medical":"87","Dental":"15","Vision":"18","None":"13","popular_skills_component":["Operations Management","Microsoft Excel","Customer Service","Microsoft Office","People Management"],"Operations Management":"29%","Microsoft Excel":"\u20b9274,000","Customer Service":"\u20b9203,473","Microsoft Office":"2%","People Management":"136%","affect_skills_component":["People Management","Operations Management","Banking","Microsoft Office"],"Banking":"12%","career_path_component":["Operations Manager","Insurance Verifier"],"location_component":["Mumbai, Maharashtra","Kolkata, West Bengal","New Delhi, Delhi","Chennai, Tamil Nadu","Bangalore, Karnataka","Pune, Maharashtra"],"Mumbai, Maharashtra":"16%","Kolkata, West Bengal":"-34%","New Delhi, Delhi":"-39%","Chennai, Tamil Nadu":"20%","Bangalore, Karnataka":"-22%","Pune, Maharashtra":"69%","employers_component":["VFS Global Services Pvt Ltd"],"VFS Global Services Pvt Ltd":"Avg. Salary: \u20b9180,000","related_job_component":["Operations Manager","Civil Engineer","Mechanical Engineer","Operations Team Leader","Data Entry Operator","Accountant","Data Analyst","Executive Assistant","Assistant Manager, Customer Service"],"Operations Manager":"Avg. Salary \u20b9297k \u2014 \u20b92m","Civil Engineer":"Avg. Salary \u20b9154k \u2014 \u20b9771k","Mechanical Engineer":"Avg. Salary \u20b9152k \u2014 \u20b9983k","Operations Team Leader":"Avg. Salary \u20b9242k \u2014 \u20b9946k","Data Entry Operator":"Avg. Salary \u20b998k \u2014 \u20b9349k","Accountant":"Avg. Salary \u20b9123k \u2014 \u20b9507k","Data Analyst":"Avg. Salary \u20b9201k \u2014 \u20b9960k","Executive Assistant":"Avg. Salary \u20b9153k \u2014 \u20b9777k","Assistant Manager, Customer Service":"Avg. Salary \u20b9252k \u2014 \u20b9955k"}}