{"0":{"job_title":"Operations_Supervisor","avg_salary":"\u20b9284,599","salary_component":["Base Salary","Bonus","Profit Sharing","Commission","Total Pay"],"Base Salary":"\u20b9145k - \u20b9755k","Bonus":"\u20b95k - \u20b9100k","Profit Sharing":"\u20b917 - \u20b9242k","Commission":"\u20b98 - \u20b959k","Total Pay":"\u20b9151k - \u20b9874k","pay_by_experience_percent":["Entry Level","Early Career","Mid Career","Late Career","Experienced"],"Entry Level":"-24%","Early Career":"-15%","Mid Career":"25%","Late Career":"72%","Experienced":"130%","pay_by_experience_years":["1","1-4"],"1":"\u20b9216,007","1-4":"\u20b9242,072","gender_component":["Male","Female"],"Male":"89.7","Female":"10.3","health_benefits_componentt":["Medical","Dental","Vision","None"],"Medical":"72","Dental":"7","Vision":"7","None":"28","popular_skills_component":["Operations Management","Team Leadership","People Management","Problem Solving","Leadership"],"Operations Management":"4%","Team Leadership":"5%","People Management":"7%","Problem Solving":"6%","Leadership":"2%","affect_skills_component":["Team Management","Process Improvement","Training","Customer Service","Quality Assurance \/ Quality Control","People Management","Problem Solving","Team Leadership","Operations Management","Leadership"],"Team Management":"247%","Process Improvement":"60%","Training":"27%","Customer Service":"20%","Quality Assurance \/ Quality Control":"14%","career_path_component":["Operations Manager","Executive Assistant","Civil Engineer"],"location_component":["Mumbai, Maharashtra","Bangalore, Karnataka","Pune, Maharashtra","Chennai, Tamil Nadu","Hyderabad, Andhra Pradesh","New Delhi, Delhi","Delhi, Delhi","Kolkata, West Bengal","Jaipur, Rajasthan","Gurgaon, Haryana"],"Mumbai, Maharashtra":"19%","Bangalore, Karnataka":"48%","Pune, Maharashtra":"2%","Chennai, Tamil Nadu":"-16%","Hyderabad, Andhra Pradesh":"-7%","New Delhi, Delhi":"7%","Delhi, Delhi":"7%","Kolkata, West Bengal":"-22%","Jaipur, Rajasthan":"%","Gurgaon, Haryana":"44%","employers_component":["Amazon.com Inc"],"Amazon.com Inc":"Avg. Salary: \u20b9350,000","related_job_component":["Operations Manager","Operations Team Leader","Team Lead, Operations","Assistant Manager, Customer Service","General \/ Operations Manager","Mechanical Engineer","Customer Service Team Leader","Project Manager, (Unspecified Type \/ General)","Area Sales Manager"],"Operations Manager":"Avg. Salary \u20b9297k \u2014 \u20b92m","Operations Team Leader":"Avg. Salary \u20b9242k \u2014 \u20b9948k","Team Lead, Operations":"Avg. Salary \u20b9314k \u2014 \u20b91m","Assistant Manager, Customer Service":"Avg. Salary \u20b9252k \u2014 \u20b9955k","General \/ Operations Manager":"Avg. Salary \u20b9312k \u2014 \u20b93m","Mechanical Engineer":"Avg. Salary \u20b9152k \u2014 \u20b9983k","Customer Service Team Leader":"Avg. Salary \u20b9236k \u2014 \u20b9823k","Project Manager, (Unspecified Type \/ General)":"Avg. Salary \u20b9456k \u2014 \u20b92m","Area Sales Manager":"Avg. Salary \u20b9299k \u2014 \u20b91m"}}