{"0":{"job_title":"Operations_Manager%2C_Retail","avg_salary":"\u20b9561,465","salary_component":["Base Salary","Bonus","Profit Sharing","Total Pay"],"Base Salary":"\u20b9355k - \u20b91m","Bonus":"\u20b921k - \u20b9204k","Profit Sharing":"\u20b91 - \u20b926k","Total Pay":"\u20b9365k - \u20b91m","pay_by_experience_percent":["Early Career","Mid Career","Late Career","Experienced"],"Early Career":"-20%","Mid Career":"0%","Late Career":"21%","Experienced":"163%","pay_by_experience_years":["1-4","5-9"],"1-4":"\u20b9451,000","5-9":"\u20b9563,159","gender_component":["Male","Female"],"Male":"81.0","Female":"19.0","health_benefits_componentt":["Medical","Dental","Vision","None"],"Medical":"83","Dental":"9","Vision":"6","None":"17","popular_skills_component":["Operations Management","Microsoft Excel","Customer Service","People Management","Microsoft Office"],"Operations Management":"7%","Microsoft Excel":"23%","Customer Service":"2%","People Management":"34%","Microsoft Office":"33%","affect_skills_component":["Microsoft Word","People Management","Microsoft Office","Microsoft Excel","Inventory Management","Operations Management","Customer Service"],"Microsoft Word":"52%","Inventory Management":"16%","career_path_component":[],"location_component":["Mumbai, Maharashtra","Bangalore, Karnataka","Chennai, Tamil Nadu","Coimbatore, Tamil Nadu","Delhi, Delhi","New Delhi, Delhi","Hyderabad, Andhra Pradesh","Kolkata, West Bengal","Pune, Maharashtra"],"Mumbai, Maharashtra":"30%","Bangalore, Karnataka":"16%","Chennai, Tamil Nadu":"7%","Coimbatore, Tamil Nadu":"45%","Delhi, Delhi":"-46%","New Delhi, Delhi":"89%","Hyderabad, Andhra Pradesh":"96%","Kolkata, West Bengal":"60%","Pune, Maharashtra":"-21%","employers_component":[],"related_job_component":["Operations Manager","Civil Engineer","Mechanical Engineer","Operations Team Leader","Project Manager, (Unspecified Type \/ General)","Accountant","Data Analyst","Executive Assistant","Electrical Engineer"],"Operations Manager":"Avg. Salary \u20b9297k \u2014 \u20b92m","Civil Engineer":"Avg. Salary \u20b9154k \u2014 \u20b9771k","Mechanical Engineer":"Avg. Salary \u20b9152k \u2014 \u20b9982k","Operations Team Leader":"Avg. Salary \u20b9242k \u2014 \u20b9939k","Project Manager, (Unspecified Type \/ General)":"Avg. Salary \u20b9458k \u2014 \u20b92m","Accountant":"Avg. Salary \u20b9123k \u2014 \u20b9507k","Data Analyst":"Avg. Salary \u20b9200k \u2014 \u20b9960k","Executive Assistant":"Avg. Salary \u20b9153k \u2014 \u20b9777k","Electrical Engineer":"Avg. Salary \u20b9174k \u2014 \u20b9995k"}}