{"0":{"job_title":"Operations_Administrator","avg_salary":"\u20b9301,904","salary_component":["Base Salary","Bonus","Profit Sharing","Total Pay"],"Base Salary":"\u20b9170k - \u20b9697k","Bonus":"\u20b91k - \u20b9102k","Profit Sharing":"\u20b97 - \u20b910k","Total Pay":"\u20b9172k - \u20b9705k","pay_by_experience_percent":["Entry Level","Early Career","Mid Career","Late Career"],"Entry Level":"-16%","Early Career":"-9%","Mid Career":"21%","Late Career":"111%","pay_by_experience_years":["1","1-4"],"1":"\u20b9255,000","1-4":"\u20b9275,749","gender_component":["Male","Female"],"Male":"65.5","Female":"34.5","health_benefits_componentt":["Medical","Dental","Vision","None"],"Medical":"67","Dental":"4","Vision":"7","None":"33","popular_skills_component":["Operations Management","Microsoft Excel","Customer Service","Office Administration","Microsoft Office"],"Operations Management":"21%","Microsoft Excel":"\u20b9265,940","Customer Service":"11%","Office Administration":"\u20b9287,500","Microsoft Office":"\u20b9270,009","affect_skills_component":["Data Analysis","Administration","Operations Management","Customer Service"],"Data Analysis":"132%","Administration":"32%","career_path_component":["Operations Team Leader"],"location_component":["Mumbai, Maharashtra","Bangalore, Karnataka","Chennai, Tamil Nadu","Pune, Maharashtra","Hyderabad, Andhra Pradesh","Kolkata, West Bengal","Delhi, Delhi","Gurgaon, Haryana"],"Mumbai, Maharashtra":"-9%","Bangalore, Karnataka":"84%","Chennai, Tamil Nadu":"11%","Pune, Maharashtra":"32%","Hyderabad, Andhra Pradesh":"-7%","Kolkata, West Bengal":"13%","Delhi, Delhi":"-19%","Gurgaon, Haryana":"-12%","employers_component":[],"related_job_component":["Operations Manager","Data Analyst","Executive Assistant","Civil Engineer","Mechanical Engineer","Data Entry Operator","Accountant","Operations Team Leader","Computer Operator"],"Operations Manager":"Avg. Salary \u20b9296k \u2014 \u20b92m","Data Analyst":"Avg. Salary \u20b9201k \u2014 \u20b9959k","Executive Assistant":"Avg. Salary \u20b9153k \u2014 \u20b9778k","Civil Engineer":"Avg. Salary \u20b9154k \u2014 \u20b9771k","Mechanical Engineer":"Avg. Salary \u20b9152k \u2014 \u20b9983k","Data Entry Operator":"Avg. Salary \u20b998k \u2014 \u20b9349k","Accountant":"Avg. Salary \u20b9123k \u2014 \u20b9507k","Operations Team Leader":"Avg. Salary \u20b9242k \u2014 \u20b9946k","Computer Operator":"Avg. Salary \u20b999k \u2014 \u20b9403k"}}