{"0":{"job_title":"Operations_Director","avg_salary":"\u20b92,614,416","salary_component":["Base Salary","Bonus","Profit Sharing","Commission","Total Pay"],"Base Salary":"\u20b9804k - \u20b97m","Bonus":"\u20b998k - \u20b92m","Profit Sharing":"\u20b997 - \u20b92m","Commission":"\u20b966k - \u20b9313k","Total Pay":"\u20b9857k - \u20b97m","pay_by_experience_percent":["Early Career","Mid Career","Late Career","Experienced"],"Early Career":"-81%","Mid Career":"-43%","Late Career":"1%","Experienced":"34%","pay_by_experience_years":["1-4","5-9"],"1-4":"\u20b9500,000","5-9":"\u20b91,500,000","gender_component":["Male","Female"],"Male":"87.5","Female":"12.5","health_benefits_componentt":["Medical","Dental","Vision","None"],"Medical":"75","Dental":"9","Vision":"7","None":"24","popular_skills_component":["Operations Management","People Management","Strategic Planning","Project Management","Team Leadership"],"Operations Management":"9%","People Management":"13%","Strategic Planning":"\u20b92,396,617","Project Management":"11%","Team Leadership":"\u20b92,601,472","affect_skills_component":["Human Resources (HR)","People Management","Project Management","Operations Management"],"Human Resources (HR)":"22%","career_path_component":["Vice President (VP), Operations","Director of Operations","Chief Operating Officer (COO)"],"location_component":["Bangalore, Karnataka","Mumbai, Maharashtra","New Delhi, Delhi","Pune, Maharashtra","Chennai, Tamil Nadu","Gurgaon, Haryana","Hyderabad, Andhra Pradesh","Delhi, Delhi","Coimbatore, Tamil Nadu","Noida, Uttar Pradesh"],"Bangalore, Karnataka":"16%","Mumbai, Maharashtra":"5%","New Delhi, Delhi":"-22%","Pune, Maharashtra":"-11%","Chennai, Tamil Nadu":"17%","Gurgaon, Haryana":"28%","Hyderabad, Andhra Pradesh":"-17%","Delhi, Delhi":"15%","Coimbatore, Tamil Nadu":"17%","Noida, Uttar Pradesh":"13%","employers_component":[],"related_job_component":["Operations Manager","Project Manager, (Unspecified Type \/ General)","Operations Team Leader","Service Delivery Manager","Team Lead, Operations","General \/ Operations Manager","Assistant Manager, Customer Service","Sr. Operations Manager","Area Sales Manager"],"Operations Manager":"Avg. Salary \u20b9297k \u2014 \u20b92m","Project Manager, (Unspecified Type \/ General)":"Avg. Salary \u20b9456k \u2014 \u20b92m","Operations Team Leader":"Avg. Salary \u20b9242k \u2014 \u20b9948k","Service Delivery Manager":"Avg. Salary \u20b9399k \u2014 \u20b93m","Team Lead, Operations":"Avg. Salary \u20b9314k \u2014 \u20b91m","General \/ Operations Manager":"Avg. Salary \u20b9312k \u2014 \u20b93m","Assistant Manager, Customer Service":"Avg. Salary \u20b9252k \u2014 \u20b9955k","Sr. Operations Manager":"Avg. Salary \u20b9498k \u2014 \u20b92m","Area Sales Manager":"Avg. Salary \u20b9299k \u2014 \u20b91m"}}