{"0":{"job_title":"Operations_Coordinator_(Unspecified_Type)","avg_salary":"\u20b9277,986","salary_component":["Base Salary","Bonus","Profit Sharing","Total Pay"],"Base Salary":"\u20b9143k - \u20b9613k","Bonus":"\u20b918k - \u20b975k","Profit Sharing":"\u20b90 - \u20b920k","Total Pay":"\u20b9143k - \u20b9780k","pay_by_experience_percent":["Early Career","Mid Career"],"Early Career":"-2%","Mid Career":"26%","pay_by_experience_years":["1-4"],"1-4":"\u20b9273,046","gender_component":["Male","Female"],"Male":"80.0","Female":"20.0","health_benefits_componentt":["Medical","Dental","Vision","None"],"Medical":"58","Dental":"8","Vision":"8","None":"42","popular_skills_component":["Operations Management","Microsoft Excel"],"Operations Management":"\u20b9258,000","Microsoft Excel":"\u20b9201,600","affect_skills_component":[],"career_path_component":[],"location_component":["New Delhi, Delhi"],"New Delhi, Delhi":"62%","employers_component":[],"related_job_component":["Operations Manager","Civil Engineer","Accountant","Operations Team Leader","Mechanical Engineer","Data Analyst","Project Manager, (Unspecified Type \/ General)","Executive Assistant","Senior Executive Assistant"],"Operations Manager":"Avg. Salary \u20b9296k \u2014 \u20b92m","Civil Engineer":"Avg. Salary \u20b9155k \u2014 \u20b9770k","Accountant":"Avg. Salary \u20b9123k \u2014 \u20b9507k","Operations Team Leader":"Avg. Salary \u20b9242k \u2014 \u20b9935k","Mechanical Engineer":"Avg. Salary \u20b9151k \u2014 \u20b9978k","Data Analyst":"Avg. Salary \u20b9200k \u2014 \u20b9950k","Project Manager, (Unspecified Type \/ General)":"Avg. Salary \u20b9461k \u2014 \u20b92m","Executive Assistant":"Avg. Salary \u20b9153k \u2014 \u20b9777k","Senior Executive Assistant":"Avg. Salary \u20b9211k \u2014 \u20b9679k"}}