{"0":{"job_title":"Partner_-_Accounting_Firm%2C_Tax","avg_salary":"\u20b91,300,000","salary_component":["Base Salary","Bonus","Profit Sharing","Total Pay"],"Base Salary":"\u20b9422k - \u20b98m","Bonus":"\u20b90 - \u20b9338k","Profit Sharing":"\u20b949k - \u20b9610k","Total Pay":"\u20b9422k - \u20b912m","pay_by_experience_percent":["Early Career","Mid Career","Late Career"],"Early Career":"-54%","Mid Career":"-32%","Late Career":"42%","pay_by_experience_years":["1-4","5-9"],"1-4":"\u20b9600,000","5-9":"\u20b9884,372","gender_component":["Male","Female"],"Male":"83.3","Female":"16.7","health_benefits_componentt":["Medical","None"],"Medical":"20","None":"80","popular_skills_component":["Tax Consulting","Auditing","Tax Compliance"],"Tax Consulting":"8%","Auditing":"19%","Tax Compliance":"\u20b9610,419","affect_skills_component":["Auditing","Tax Consulting"],"career_path_component":["Chief Financial Officer (CFO)","Chartered Accountant"],"location_component":["Mumbai, Maharashtra"],"Mumbai, Maharashtra":"54%","employers_component":[],"related_job_component":["Chartered Accountant","Accountant","Finance Manager","Tax Consultant","Tax Associate","Tax Manager","Associate - Accounting or Auditing Firm","Senior Accountant","Account Executive"],"Chartered Accountant":"Avg. Salary \u20b9411k \u2014 \u20b92m","Accountant":"Avg. Salary \u20b9123k \u2014 \u20b9507k","Finance Manager":"Avg. Salary \u20b9354k \u2014 \u20b92m","Tax Consultant":"Avg. Salary \u20b9242k \u2014 \u20b9929k","Tax Associate":"Avg. Salary \u20b9216k \u2014 \u20b9915k","Tax Manager":"Avg. Salary \u20b9511k \u2014 \u20b93m","Associate - Accounting or Auditing Firm":"Avg. Salary \u20b9197k \u2014 \u20b9857k","Senior Accountant":"Avg. Salary \u20b9243k \u2014 \u20b9765k","Account Executive":"Avg. Salary \u20b9155k \u2014 \u20b9498k"}}