{"0":{"job_title":"Performance_Manager","avg_salary":"\u20b91,186,436","salary_component":["Base Salary","Bonus","Profit Sharing","Total Pay"],"Base Salary":"\u20b9455k - \u20b93m","Bonus":"\u20b930k - \u20b92m","Profit Sharing":"\u20b90 - \u20b940k","Total Pay":"\u20b9488k - \u20b93m","pay_by_experience_percent":["Early Career","Mid Career","Late Career"],"Early Career":"-49%","Mid Career":"-3%","Late Career":"24%","pay_by_experience_years":["1-4","5-9"],"1-4":"\u20b9600,000","5-9":"\u20b91,150,000","gender_component":["Male","Female"],"Male":"66.7","Female":"33.3","health_benefits_componentt":["Medical","Vision","None"],"Medical":"83","Vision":"8","None":"17","popular_skills_component":["Performance Management","Performance Analysis"],"Performance Management":"3%","Performance Analysis":"\u20b91,167,900","affect_skills_component":["Performance Management"],"career_path_component":[],"location_component":["Pune, Maharashtra","Bangalore, Karnataka"],"Pune, Maharashtra":"-16%","Bangalore, Karnataka":"85%","employers_component":[],"related_job_component":["Human Resources (HR) Manager","Human Resources (HR) Business Partner","Sr. Human Resources (HR) Manager","Performance Engineer","Human Resources (HR) Generalist","Assistant Human Resources (HR) Manager","Senior Human Resources (HR) Generalist","Consultant, Human Resources (HR)","Human Resources (HR) Director"],"Human Resources (HR) Manager":"Avg. Salary \u20b9293k \u2014 \u20b92m","Human Resources (HR) Business Partner":"Avg. Salary \u20b9364k \u2014 \u20b92m","Sr. Human Resources (HR) Manager":"Avg. Salary \u20b9313k \u2014 \u20b92m","Performance Engineer":"Avg. Salary \u20b9296k \u2014 \u20b91m","Human Resources (HR) Generalist":"Avg. Salary \u20b9194k \u2014 \u20b9809k","Assistant Human Resources (HR) Manager":"Avg. Salary \u20b9295k \u2014 \u20b9962k","Senior Human Resources (HR) Generalist":"Avg. Salary \u20b9295k \u2014 \u20b91m","Consultant, Human Resources (HR)":"Avg. Salary \u20b9191k \u2014 \u20b92m","Human Resources (HR) Director":"Avg. Salary \u20b9898k \u2014 \u20b96m"}}