{"0":{"job_title":"President_and_CEO","avg_salary":"\u20b95,086,824","salary_component":["Base Salary","Bonus","Profit Sharing","Total Pay"],"Base Salary":"\u20b91m - \u20b910m","Bonus":"\u20b9151k - \u20b96m","Profit Sharing":"\u20b90 - \u20b91m","Total Pay":"\u20b91m - \u20b915m","pay_by_experience_percent":["Early Career","Mid Career","Late Career","Experienced"],"Early Career":"-83%","Mid Career":"-12%","Late Career":"-29%","Experienced":"37%","pay_by_experience_years":["1-4","5-9"],"1-4":"\u20b9890,000","5-9":"\u20b94,500,000","gender_component":["Male","Female"],"Male":"93.3","Female":"6.7","health_benefits_componentt":["Medical","None"],"Medical":"47","None":"53","popular_skills_component":["Leadership","Operations Management","Strategic Planning","Business Strategy","People Management"],"Leadership":"3%","Operations Management":"\u20b95,000,000","Strategic Planning":"8%","Business Strategy":"31%","People Management":"13%","affect_skills_component":["Sales Management","Business Strategy","People Management","Strategic Planning","Leadership"],"Sales Management":"93%","career_path_component":["Chief Executive Officer (CEO)"],"location_component":["Mumbai, Maharashtra","New Delhi, Delhi","Bangalore, Karnataka","Chennai, Tamil Nadu"],"Mumbai, Maharashtra":"15%","New Delhi, Delhi":"75%","Bangalore, Karnataka":"-1%","Chennai, Tamil Nadu":"2%","employers_component":[],"related_job_component":["Operations Manager","Area Sales Manager","Chief Executive Officer (CEO)","Operations Team Leader","Business Development Manager","Retail Store Manager","General \/ Operations Manager","Regional Sales Manager","Service Delivery Manager"],"Operations Manager":"Avg. Salary \u20b9297k \u2014 \u20b92m","Area Sales Manager":"Avg. Salary \u20b9299k \u2014 \u20b91m","Chief Executive Officer (CEO)":"Avg. Salary \u20b9485k \u2014 \u20b910m","Operations Team Leader":"Avg. Salary \u20b9242k \u2014 \u20b9948k","Business Development Manager":"Avg. Salary \u20b9266k \u2014 \u20b91m","Retail Store Manager":"Avg. Salary \u20b9200k \u2014 \u20b9824k","General \/ Operations Manager":"Avg. Salary \u20b9312k \u2014 \u20b93m","Regional Sales Manager":"Avg. Salary \u20b9480k \u2014 \u20b92m","Service Delivery Manager":"Avg. Salary \u20b9399k \u2014 \u20b93m"}}