{"0":{"job_title":"President","avg_salary":"\u20b95,584,827","salary_component":["Base Salary","Bonus","Profit Sharing","Total Pay"],"Base Salary":"\u20b92m - \u20b911m","Bonus":"\u20b9103k - \u20b95m","Profit Sharing":"\u20b999k - \u20b95m","Total Pay":"\u20b92m - \u20b915m","pay_by_experience_percent":["Early Career","Mid Career","Late Career","Experienced"],"Early Career":"-89%","Mid Career":"-30%","Late Career":"-6%","Experienced":"8%","pay_by_experience_years":["1-4","5-9"],"1-4":"\u20b9600,000","5-9":"\u20b93,930,541","gender_component":["Male","Female"],"Male":"97.7","Female":"2.3","health_benefits_componentt":["Medical","Dental","Vision","None"],"Medical":"86","Dental":"14","Vision":"16","None":"14","popular_skills_component":["Leadership","Operations Management","Strategic Planning","Business Strategy","Sales Management"],"Leadership":"7%","Operations Management":"\u20b94,250,000","Strategic Planning":"\u20b95,000,000","Business Strategy":"21%","Sales Management":"21%","affect_skills_component":["Business Management","People Management","Profit & Loss (P&L) Statements","Strategic Project Management","Business Strategy","Sales Management","Leadership"],"Business Management":"74%","People Management":"34%","Profit & Loss (P&L) Statements":"34%","Strategic Project Management":"34%","career_path_component":["Chief Executive Officer (CEO)"],"location_component":["Mumbai, Maharashtra","New Delhi, Delhi","Pune, Maharashtra","Bangalore, Karnataka","Chennai, Tamil Nadu","Gurgaon, Haryana","Hyderabad, Andhra Pradesh","Delhi, Delhi","Kolkata, West Bengal"],"Mumbai, Maharashtra":"48%","New Delhi, Delhi":"7%","Pune, Maharashtra":"74%","Bangalore, Karnataka":"6%","Chennai, Tamil Nadu":"7%","Gurgaon, Haryana":"-19%","Hyderabad, Andhra Pradesh":"-35%","Delhi, Delhi":"-37%","Kolkata, West Bengal":"-46%","employers_component":[],"related_job_component":["Operations Manager","Operations Team Leader","Area Sales Manager","Chief Executive Officer (CEO)","General \/ Operations Manager","Business Development Manager","Team Lead, Operations","Regional Sales Manager","Service Delivery Manager"],"Operations Manager":"Avg. Salary \u20b9296k \u2014 \u20b92m","Operations Team Leader":"Avg. Salary \u20b9242k \u2014 \u20b9936k","Area Sales Manager":"Avg. Salary \u20b9299k \u2014 \u20b91m","Chief Executive Officer (CEO)":"Avg. Salary \u20b9483k \u2014 \u20b910m","General \/ Operations Manager":"Avg. Salary \u20b9325k \u2014 \u20b93m","Business Development Manager":"Avg. Salary \u20b9269k \u2014 \u20b91m","Team Lead, Operations":"Avg. Salary \u20b9312k \u2014 \u20b91m","Regional Sales Manager":"Avg. Salary \u20b9483k \u2014 \u20b92m","Service Delivery Manager":"Avg. Salary \u20b9405k \u2014 \u20b93m"}}