{"0":{"job_title":"Program_Manager%2C_Non-Profit_Organization","avg_salary":"\u20b9601,785","salary_component":["Base Salary","Bonus","Profit Sharing","Total Pay"],"Base Salary":"\u20b9233k - \u20b91m","Bonus":"\u20b910k - \u20b9153k","Profit Sharing":"\u20b90 - \u20b9105k","Total Pay":"\u20b9233k - \u20b91m","pay_by_experience_percent":["Entry Level","Early Career","Mid Career","Late Career","Experienced"],"Entry Level":"-29%","Early Career":"-14%","Mid Career":"13%","Late Career":"21%","Experienced":"-5%","pay_by_experience_years":["1"],"1":"\u20b9427,293","gender_component":["Male","Female"],"Male":"61.4","Female":"38.6","health_benefits_componentt":["Medical","Dental","Vision","None"],"Medical":"56","Dental":"11","Vision":"7","None":"44","popular_skills_component":["Program Management","Leadership","Project Management","Microsoft Office","Training"],"Program Management":"9%","Leadership":"\u20b9600,000","Project Management":"13%","Microsoft Office":"38%","Training":"\u20b9589,581","affect_skills_component":["Microsoft Excel","Budget Management","Research Analysis","Microsoft Office","Training Program Development","Project Management","Program Management","Operations Management","People Management"],"Microsoft Excel":"119%","Budget Management":"103%","Research Analysis":"50%","Training Program Development":"33%","Operations Management":"2%","People Management":"1%","career_path_component":["Country Manager","Sr. Operations Manager","Agriculture Specialist"],"location_component":["New Delhi, Delhi","Mumbai, Maharashtra","Bangalore, Karnataka","Delhi, Delhi","Hyderabad, Andhra Pradesh","Pune, Maharashtra","Lucknow, Uttar Pradesh","Chennai, Tamil Nadu","Patna, Bihar"],"New Delhi, Delhi":"13%","Mumbai, Maharashtra":"2%","Bangalore, Karnataka":"24%","Delhi, Delhi":"-5%","Hyderabad, Andhra Pradesh":"8%","Pune, Maharashtra":"-17%","Lucknow, Uttar Pradesh":"39%","Chennai, Tamil Nadu":"482%","Patna, Bihar":"-50%","employers_component":[],"related_job_component":["Operations Manager","Civil Engineer","Project Manager, (Unspecified Type \/ General)","Mechanical Engineer","Operations Team Leader","Project Manager, Information Technology (IT)","Electrical Engineer","Project Engineer","Executive Assistant"],"Operations Manager":"Avg. Salary \u20b9297k \u2014 \u20b92m","Civil Engineer":"Avg. Salary \u20b9154k \u2014 \u20b9771k","Project Manager, (Unspecified Type \/ General)":"Avg. Salary \u20b9456k \u2014 \u20b92m","Mechanical Engineer":"Avg. Salary \u20b9152k \u2014 \u20b9983k","Operations Team Leader":"Avg. Salary \u20b9242k \u2014 \u20b9939k","Project Manager, Information Technology (IT)":"Avg. Salary \u20b9540k \u2014 \u20b92m","Electrical Engineer":"Avg. Salary \u20b9174k \u2014 \u20b9995k","Project Engineer":"Avg. Salary \u20b9198k \u2014 \u20b9843k","Executive Assistant":"Avg. Salary \u20b9153k \u2014 \u20b9777k"}}