{"0":{"job_title":"Program_Manager_(Unspecified_Type_%2F_General)","avg_salary":"\u20b91,365,885","salary_component":["Base Salary","Bonus","Profit Sharing","Total Pay"],"Base Salary":"\u20b9686k - \u20b93m","Bonus":"\u20b950k - \u20b9677k","Profit Sharing":"\u20b947k - \u20b9220k","Total Pay":"\u20b9686k - \u20b93m","pay_by_experience_percent":["Early Career","Mid Career","Late Career"],"Early Career":"-30%","Mid Career":"13%","Late Career":"53%","pay_by_experience_years":["1-4"],"1-4":"\u20b9950,000","gender_component":["Male","Female"],"Male":"75.0","Female":"25.0","health_benefits_componentt":["Medical","Dental","Vision","None"],"Medical":"88","Dental":"15","Vision":"10","None":"12","popular_skills_component":["Program Management","Project Management","Operations Management","Leadership","Data Analysis"],"Program Management":"21%","Project Management":"49%","Operations Management":"29%","Leadership":"6%","Data Analysis":"\u20b91,000,000","affect_skills_component":["Strategic Planning","Project Management","Operations Management","Program Management","Project Coordinating","Leadership"],"Strategic Planning":"65%","Project Coordinating":"13%","career_path_component":[],"location_component":["Bangalore, Karnataka","Mumbai, Maharashtra","Hyderabad, Andhra Pradesh","Pune, Maharashtra","Chennai, Tamil Nadu"],"Bangalore, Karnataka":"15%","Mumbai, Maharashtra":"-16%","Hyderabad, Andhra Pradesh":"-19%","Pune, Maharashtra":"10%","Chennai, Tamil Nadu":"12%","employers_component":["Amazon.com Inc","eClerx"],"Amazon.com Inc":"Avg. Salary: \u20b91,800,000","eClerx":"Avg. Salary: \u20b91,950,000","related_job_component":["Operations Manager","Project Manager, (Unspecified Type \/ General)","Project Manager, Information Technology (IT)","Senior Project Manager, IT","Project Engineer","Service Delivery Manager","Senior Business Analyst","Data Analyst","Civil Engineer"],"Operations Manager":"Avg. Salary \u20b9297k \u2014 \u20b92m","Project Manager, (Unspecified Type \/ General)":"Avg. Salary \u20b9456k \u2014 \u20b92m","Project Manager, Information Technology (IT)":"Avg. Salary \u20b9531k \u2014 \u20b92m","Senior Project Manager, IT":"Avg. Salary \u20b91m \u2014 \u20b93m","Project Engineer":"Avg. Salary \u20b9198k \u2014 \u20b9849k","Service Delivery Manager":"Avg. Salary \u20b9399k \u2014 \u20b93m","Senior Business Analyst":"Avg. Salary \u20b9447k \u2014 \u20b92m","Data Analyst":"Avg. Salary \u20b9201k \u2014 \u20b9959k","Civil Engineer":"Avg. Salary \u20b9154k \u2014 \u20b9771k"}}