{"0":{"job_title":"Project_Manager%2C_Operations","avg_salary":"\u20b9913,239","salary_component":["Base Salary","Bonus","Profit Sharing","Commission","Total Pay"],"Base Salary":"\u20b9351k - \u20b92m","Bonus":"\u20b917k - \u20b9294k","Profit Sharing":"\u20b920k - \u20b9679k","Commission":"\u20b90 - \u20b950k","Total Pay":"\u20b9390k - \u20b92m","pay_by_experience_percent":["Entry Level","Early Career","Mid Career","Late Career","Experienced"],"Entry Level":"-56%","Early Career":"-46%","Mid Career":"-1%","Late Career":"33%","Experienced":"31%","pay_by_experience_years":["1"],"1":"\u20b9400,000","gender_component":["Male","Female"],"Male":"76.2","Female":"23.8","health_benefits_componentt":["Medical","Dental","Vision","None"],"Medical":"77","Dental":"8","Vision":"7","None":"23","popular_skills_component":["Project Management","Operations Management","Customer Relationship Management (CRM)","Process Improvement","Leadership"],"Project Management":"7%","Operations Management":"3%","Customer Relationship Management (CRM)":"\u20b9737,758","Process Improvement":"3%","Leadership":"25%","affect_skills_component":["Data Analysis","Microsoft Office","Leadership","Strategic Project Management","Project Management","Operations Management","Process Improvement"],"Data Analysis":"133%","Microsoft Office":"109%","Strategic Project Management":"16%","career_path_component":["Project Manager, (Unspecified Type \/ Gen...","Sr. Project Manager, Operations","Management Consultant"],"location_component":["Bangalore, Karnataka","Mumbai, Maharashtra","Pune, Maharashtra","Chennai, Tamil Nadu","Gurgaon, Haryana","Hyderabad, Andhra Pradesh","New Delhi, Delhi","Delhi, Delhi","Ahmedabad, Gujarat","Noida, Uttar Pradesh"],"Bangalore, Karnataka":"18%","Mumbai, Maharashtra":"-11%","Pune, Maharashtra":"15%","Chennai, Tamil Nadu":"4%","Gurgaon, Haryana":"-16%","Hyderabad, Andhra Pradesh":"5%","New Delhi, Delhi":"-26%","Delhi, Delhi":"-12%","Ahmedabad, Gujarat":"5%","Noida, Uttar Pradesh":"31%","employers_component":["HCL Technologies Ltd.","Accenture","Wipro Technologies Ltd."],"HCL Technologies Ltd.":"Avg. Salary: \u20b9873,820","Accenture":"Avg. Salary: \u20b91,007,000","Wipro Technologies Ltd.":"Avg. Salary: \u20b9900,000","related_job_component":["Operations Manager","Project Manager, (Unspecified Type \/ General)","Civil Engineer","Mechanical Engineer","Data Analyst","Operations Team Leader","Senior Business Analyst","Project Manager, Information Technology (IT)","Business Analyst, IT"],"Operations Manager":"Avg. Salary \u20b9297k \u2014 \u20b92m","Project Manager, (Unspecified Type \/ General)":"Avg. Salary \u20b9456k \u2014 \u20b92m","Civil Engineer":"Avg. Salary \u20b9154k \u2014 \u20b9771k","Mechanical Engineer":"Avg. Salary \u20b9152k \u2014 \u20b9983k","Data Analyst":"Avg. Salary \u20b9201k \u2014 \u20b9959k","Operations Team Leader":"Avg. Salary \u20b9242k \u2014 \u20b9948k","Senior Business Analyst":"Avg. Salary \u20b9447k \u2014 \u20b92m","Project Manager, Information Technology (IT)":"Avg. Salary \u20b9533k \u2014 \u20b92m","Business Analyst, IT":"Avg. Salary \u20b9275k \u2014 \u20b91m"}}