{"0":{"job_title":"Regional_Business_Development_Manager","avg_salary":"\u20b91,147,796","salary_component":["Base Salary","Bonus","Profit Sharing","Commission","Total Pay"],"Base Salary":"\u20b9512k - \u20b93m","Bonus":"\u20b915k - \u20b9520k","Profit Sharing":"\u20b9-22 - \u20b9769k","Commission":"\u20b949k - \u20b9509k","Total Pay":"\u20b9529k - \u20b93m","pay_by_experience_percent":["Early Career","Mid Career","Late Career","Experienced"],"Early Career":"-51%","Mid Career":"-19%","Late Career":"16%","Experienced":"74%","pay_by_experience_years":["1-4"],"1-4":"\u20b9559,000","gender_component":["Male","Female"],"Male":"96.5","Female":"3.5","health_benefits_componentt":["Medical","Dental","Vision","None"],"Medical":"71","Dental":"4","Vision":"5","None":"29","popular_skills_component":["Business Development","New Business Development","Sales Management","Strategic Sales","Operations Management"],"Business Development":"19%","New Business Development":"\u20b91,048,284","Sales Management":"\u20b91,090,539","Strategic Sales":"13%","Operations Management":"\u20b9850,000","affect_skills_component":["Customer Relationship Management (CRM)","Business Development","Technical Sales","Strategic Sales"],"Customer Relationship Management (CRM)":"39%","Technical Sales":"17%","career_path_component":["Regional Sales Manager"],"location_component":["Mumbai, Maharashtra","New Delhi, Delhi","Chennai, Tamil Nadu","Kolkata, West Bengal","Bangalore, Karnataka","Pune, Maharashtra","Delhi, Delhi","Hyderabad, Andhra Pradesh","Ahmedabad, Gujarat","Patna, Bihar"],"Mumbai, Maharashtra":"33%","New Delhi, Delhi":"28%","Chennai, Tamil Nadu":"-9%","Kolkata, West Bengal":"-26%","Bangalore, Karnataka":"9%","Pune, Maharashtra":"-14%","Delhi, Delhi":"-4%","Hyderabad, Andhra Pradesh":"-44%","Ahmedabad, Gujarat":"39%","Patna, Bihar":"-13%","employers_component":[],"related_job_component":["Business Development Manager","Area Sales Manager","Operations Manager","Regional Sales Manager","Relationship Manager","Senior Sales Executive","Assistant Sales Manager","Business Development Executive","Sales and Marketing Manager"],"Business Development Manager":"Avg. Salary \u20b9268k \u2014 \u20b91m","Area Sales Manager":"Avg. Salary \u20b9299k \u2014 \u20b91m","Operations Manager":"Avg. Salary \u20b9297k \u2014 \u20b92m","Regional Sales Manager":"Avg. Salary \u20b9483k \u2014 \u20b92m","Relationship Manager":"Avg. Salary \u20b9202k \u2014 \u20b9806k","Senior Sales Executive":"Avg. Salary \u20b9171k \u2014 \u20b9654k","Assistant Sales Manager":"Avg. Salary \u20b9245k \u2014 \u20b9923k","Business Development Executive":"Avg. Salary \u20b9173k \u2014 \u20b9575k","Sales and Marketing Manager":"Avg. Salary \u20b9257k \u2014 \u20b91m"}}