{"0":{"job_title":"Regional_Operations_Director","avg_salary":"\u20b92,200,000","salary_component":["Base Salary","Bonus","Profit Sharing","Total Pay"],"Base Salary":"\u20b9511k - \u20b910m","Bonus":"\u20b9195k - \u20b9750k","Profit Sharing":"\u20b90 - \u20b9363k","Total Pay":"\u20b9633k - \u20b911m","pay_by_experience_percent":["Mid Career","Late Career","Experienced"],"Mid Career":"-39%","Late Career":"-8%","Experienced":"73%","pay_by_experience_years":["5-9","10-19"],"5-9":"\u20b91,342,000","10-19":"\u20b92,034,730","gender_component":["Male","Female"],"Male":"88.9","Female":"11.1","health_benefits_componentt":["Medical","Dental","Vision","None"],"Medical":"80","Dental":"7","Vision":"7","None":"20","popular_skills_component":["Operations Management","Team Leadership","People Management"],"Operations Management":"\u20b92,200,000","Team Leadership":"90%","People Management":"\u20b91,300,000","affect_skills_component":["Team Leadership"],"career_path_component":["Security Manager"],"location_component":["New Delhi, Delhi","Bangalore, Karnataka"],"New Delhi, Delhi":"36%","Bangalore, Karnataka":"-9%","employers_component":[],"related_job_component":["Operations Manager","Operations Team Leader","Team Lead, Operations","General \/ Operations Manager","Service Delivery Manager","Assistant Operations Manager","Assistant Manager, Customer Service","Area Sales Manager","Sr. Operations Manager"],"Operations Manager":"Avg. Salary \u20b9302k \u2014 \u20b92m","Operations Team Leader":"Avg. Salary \u20b9242k \u2014 \u20b9912k","Team Lead, Operations":"Avg. Salary \u20b9325k \u2014 \u20b91m","General \/ Operations Manager":"Avg. Salary \u20b9343k \u2014 \u20b93m","Service Delivery Manager":"Avg. Salary \u20b9441k \u2014 \u20b92m","Assistant Operations Manager":"Avg. Salary \u20b9291k \u2014 \u20b91m","Assistant Manager, Customer Service":"Avg. Salary \u20b9265k \u2014 \u20b9932k","Area Sales Manager":"Avg. Salary \u20b9298k \u2014 \u20b91m","Sr. Operations Manager":"Avg. Salary \u20b9502k \u2014 \u20b92m"}}