{"0":{"job_title":"Regional_Manager%2C_Services_Company","avg_salary":"\u20b9977,490","salary_component":["Base Salary","Bonus","Profit Sharing","Commission","Total Pay"],"Base Salary":"\u20b9399k - \u20b92m","Bonus":"\u20b93k - \u20b9602k","Profit Sharing":"\u20b913 - \u20b9118k","Commission":"\u20b90 - \u20b959k","Total Pay":"\u20b9412k - \u20b92m","pay_by_experience_percent":["Early Career","Mid Career","Late Career","Experienced"],"Early Career":"-49%","Mid Career":"-32%","Late Career":"19%","Experienced":"2%","pay_by_experience_years":["1-4","5-9"],"1-4":"\u20b9500,000","5-9":"\u20b9661,287","gender_component":["Male","Female"],"Male":"92.6","Female":"7.4","health_benefits_componentt":["Medical","Dental","Vision","None"],"Medical":"72","Dental":"11","Vision":"8","None":"28","popular_skills_component":["Operations Management","Team Leadership","People Management","Project Management","Customer Relationship Management (CRM)"],"Operations Management":"5%","Team Leadership":"\u20b9925,000","People Management":"53%","Project Management":"1%","Customer Relationship Management (CRM)":"\u20b9707,497","affect_skills_component":["People Management","Sales Management","Operations Management","Project Management"],"Sales Management":"46%","career_path_component":["Regional Business Development Manager","General \/ Operations Manager","Vice President (VP), General Manager"],"location_component":["Mumbai, Maharashtra","New Delhi, Delhi","Pune, Maharashtra","Bangalore, Karnataka","Ahmedabad, Gujarat","Kolkata, West Bengal","Chennai, Tamil Nadu"],"Mumbai, Maharashtra":"48%","New Delhi, Delhi":"-3%","Pune, Maharashtra":"16%","Bangalore, Karnataka":"84%","Ahmedabad, Gujarat":"3%","Kolkata, West Bengal":"-26%","Chennai, Tamil Nadu":"12%","employers_component":[],"related_job_component":["Operations Manager","Area Sales Manager","Operations Team Leader","Project Manager, (Unspecified Type \/ General)","Service Delivery Manager","Assistant Manager, Customer Service","General \/ Operations Manager","Team Lead, Operations","Regional Sales Manager"],"Operations Manager":"Avg. Salary \u20b9297k \u2014 \u20b92m","Area Sales Manager":"Avg. Salary \u20b9299k \u2014 \u20b91m","Operations Team Leader":"Avg. Salary \u20b9242k \u2014 \u20b9948k","Project Manager, (Unspecified Type \/ General)":"Avg. Salary \u20b9456k \u2014 \u20b92m","Service Delivery Manager":"Avg. Salary \u20b9399k \u2014 \u20b93m","Assistant Manager, Customer Service":"Avg. Salary \u20b9252k \u2014 \u20b9955k","General \/ Operations Manager":"Avg. Salary \u20b9312k \u2014 \u20b93m","Team Lead, Operations":"Avg. Salary \u20b9314k \u2014 \u20b91m","Regional Sales Manager":"Avg. Salary \u20b9480k \u2014 \u20b92m"}}