{"0":{"job_title":"Retail_General_Manager_(GM)","avg_salary":"\u20b91,999,619","salary_component":["Base Salary","Bonus","Profit Sharing","Total Pay"],"Base Salary":"\u20b9414k - \u20b94m","Bonus":"\u20b939k - \u20b91m","Profit Sharing":"\u20b90 - \u20b9250k","Total Pay":"\u20b9454k - \u20b96m","pay_by_experience_percent":["Mid Career","Late Career","Experienced"],"Mid Career":"-40%","Late Career":"5%","Experienced":"35%","pay_by_experience_years":["5-9","10-19"],"5-9":"\u20b91,200,000","10-19":"\u20b92,100,000","gender_component":["Male","Female"],"Male":"75.0","Female":"25.0","health_benefits_componentt":["Medical","Dental","Vision","None"],"Medical":"71","Dental":"18","Vision":"24","None":"24","popular_skills_component":["Sales Management","People Management","Retail","Operations Management"],"Sales Management":"\u20b91,200,000","People Management":"\u20b9930,000","Retail":"20%","Operations Management":"\u20b9900,000","affect_skills_component":["Retail"],"career_path_component":[],"location_component":["Mumbai, Maharashtra","Bangalore, Karnataka","Chennai, Tamil Nadu","Gurgaon, Haryana","New Delhi, Delhi"],"Mumbai, Maharashtra":"-25%","Bangalore, Karnataka":"2%","Chennai, Tamil Nadu":"-10%","Gurgaon, Haryana":"62%","New Delhi, Delhi":"25%","employers_component":[],"related_job_component":["Operations Manager","Area Sales Manager","Operations Team Leader","Retail Store Manager","Regional Sales Manager","General \/ Operations Manager","Service Delivery Manager","Assistant Manager, Customer Service","Assistant Operations Manager"],"Operations Manager":"Avg. Salary \u20b9296k \u2014 \u20b92m","Area Sales Manager":"Avg. Salary \u20b9299k \u2014 \u20b91m","Operations Team Leader":"Avg. Salary \u20b9242k \u2014 \u20b9946k","Retail Store Manager":"Avg. Salary \u20b9200k \u2014 \u20b9824k","Regional Sales Manager":"Avg. Salary \u20b9483k \u2014 \u20b92m","General \/ Operations Manager":"Avg. Salary \u20b9312k \u2014 \u20b93m","Service Delivery Manager":"Avg. Salary \u20b9400k \u2014 \u20b93m","Assistant Manager, Customer Service":"Avg. Salary \u20b9252k \u2014 \u20b9955k","Assistant Operations Manager":"Avg. Salary \u20b9266k \u2014 \u20b91m"}}