{"0":{"job_title":"Revenue_Manager","avg_salary":"\u20b9956,701","salary_component":["Base Salary","Bonus","Profit Sharing","Total Pay"],"Base Salary":"\u20b9404k - \u20b92m","Bonus":"\u20b910k - \u20b9306k","Profit Sharing":"\u20b90 - \u20b925k","Total Pay":"\u20b9414k - \u20b92m","pay_by_experience_percent":["Early Career","Mid Career","Late Career"],"Early Career":"-22%","Mid Career":"3%","Late Career":"3%","pay_by_experience_years":["1-4","5-9"],"1-4":"\u20b9744,000","5-9":"\u20b9981,130","gender_component":["Male","Female"],"Male":"85.7","Female":"14.3","health_benefits_componentt":["Medical","Dental","Vision","None"],"Medical":"82","Dental":"8","Vision":"10","None":"18","popular_skills_component":["Forecasting","Data Analysis","Inventory Management","Strategic Planning","Pricing"],"Forecasting":"14%","Data Analysis":"6%","Inventory Management":"3%","Strategic Planning":"27%","Pricing":"57%","affect_skills_component":["Pricing","Strategic Planning","Forecasting","Microsoft Excel","Data Analysis","Financial Analysis","Inventory Management"],"Microsoft Excel":"8%","Financial Analysis":"5%","career_path_component":["Director of Revenue Management"],"location_component":["Bangalore, Karnataka","Chennai, Tamil Nadu","Gurgaon, Haryana","New Delhi, Delhi","Mumbai, Maharashtra","Pune, Maharashtra","Kolkata, West Bengal"],"Bangalore, Karnataka":"23%","Chennai, Tamil Nadu":"-13%","Gurgaon, Haryana":"25%","New Delhi, Delhi":"31%","Mumbai, Maharashtra":"45%","Pune, Maharashtra":"-45%","Kolkata, West Bengal":"18%","employers_component":[],"related_job_component":["Financial Analyst","Data Analyst","Accountant","Senior Financial Analyst","Finance Manager","Civil Engineer","Research Analyst","Mechanical Engineer","Senior Business Analyst"],"Financial Analyst":"Avg. Salary \u20b9220k \u2014 \u20b9994k","Data Analyst":"Avg. Salary \u20b9201k \u2014 \u20b9960k","Accountant":"Avg. Salary \u20b9123k \u2014 \u20b9507k","Senior Financial Analyst":"Avg. Salary \u20b9303k \u2014 \u20b91m","Finance Manager":"Avg. Salary \u20b9354k \u2014 \u20b92m","Civil Engineer":"Avg. Salary \u20b9154k \u2014 \u20b9771k","Research Analyst":"Avg. Salary \u20b9192k \u2014 \u20b9861k","Mechanical Engineer":"Avg. Salary \u20b9152k \u2014 \u20b9983k","Senior Business Analyst":"Avg. Salary \u20b9447k \u2014 \u20b92m"}}