{"0":{"job_title":"Senior_Project_Manager_(Unspecified_Type_%2F_General)","avg_salary":"\u20b91,819,636","salary_component":["Base Salary","Bonus","Total Pay"],"Base Salary":"\u20b9497k - \u20b93m","Bonus":"\u20b956k - \u20b9485k","Total Pay":"\u20b9576k - \u20b93m","pay_by_experience_percent":["Mid Career","Late Career"],"Mid Career":"-31%","Late Career":"4%","pay_by_experience_years":["5-9"],"5-9":"\u20b91,250,000","gender_component":["Male","Female"],"Male":"81.8","Female":"18.2","health_benefits_componentt":["Medical","Dental","None"],"Medical":"93","Dental":"7","None":"7","popular_skills_component":["Project Management","Process Improvement"],"Project Management":"\u20b91,753,108","Process Improvement":"\u20b91,700,000","affect_skills_component":[],"career_path_component":["Program Coordinator, Non-Profit Organiza..."],"location_component":["Bangalore, Karnataka","Mumbai, Maharashtra"],"Bangalore, Karnataka":"10%","Mumbai, Maharashtra":"-5%","employers_component":[],"related_job_component":["Project Manager, (Unspecified Type \/ General)","Operations Manager","Civil Engineer","Project Manager, Information Technology (IT)","Project Engineer","Business Process \/ Management Consultant","Mechanical Engineer","Senior Business Analyst","Project Manager, Construction"],"Project Manager, (Unspecified Type \/ General)":"Avg. Salary \u20b9468k \u2014 \u20b92m","Operations Manager":"Avg. Salary \u20b9300k \u2014 \u20b92m","Civil Engineer":"Avg. Salary \u20b9158k \u2014 \u20b9784k","Project Manager, Information Technology (IT)":"Avg. Salary \u20b9580k \u2014 \u20b92m","Project Engineer":"Avg. Salary \u20b9198k \u2014 \u20b9853k","Business Process \/ Management Consultant":"Avg. Salary \u20b9202k \u2014 \u20b92m","Mechanical Engineer":"Avg. Salary \u20b9151k \u2014 \u20b9980k","Senior Business Analyst":"Avg. Salary \u20b9443k \u2014 \u20b92m","Project Manager, Construction":"Avg. Salary \u20b9392k \u2014 \u20b92m"}}