{"0":{"job_title":"Senior_Director%2C_Operations","avg_salary":"\u20b94,666,325","salary_component":["Base Salary","Bonus","Profit Sharing","Commission","Total Pay"],"Base Salary":"\u20b92m - \u20b98m","Bonus":"\u20b9124k - \u20b93m","Profit Sharing":"\u20b90 - \u20b9350k","Commission":"\u20b90 - \u20b9556k","Total Pay":"\u20b92m - \u20b910m","pay_by_experience_percent":["Late Career","Experienced"],"Late Career":"-9%","Experienced":"5%","pay_by_experience_years":["10-19"],"10-19":"\u20b94,250,000","gender_component":["Male","Female"],"Male":"88.2","Female":"11.8","health_benefits_componentt":["Medical","Dental","Vision","None"],"Medical":"96","Dental":"19","Vision":"15","None":"4","popular_skills_component":["Operations Management","People Management","Strategic Planning","Team Leadership"],"Operations Management":"1%","People Management":"4%","Strategic Planning":"\u20b94,500,000","Team Leadership":"7%","affect_skills_component":["Team Leadership","People Management","Operations Management"],"career_path_component":["Executive Director, Non-Profit Organizat..."],"location_component":["Bangalore, Karnataka","Gurgaon, Haryana","Pune, Maharashtra","Chennai, Tamil Nadu","Mumbai, Maharashtra"],"Bangalore, Karnataka":"18%","Gurgaon, Haryana":"-1%","Pune, Maharashtra":"-1%","Chennai, Tamil Nadu":"-25%","Mumbai, Maharashtra":"1%","employers_component":[],"related_job_component":["Operations Manager","Operations Team Leader","Team Lead, Operations","General \/ Operations Manager","Service Delivery Manager","Assistant Manager, Customer Service","Assistant Operations Manager","Chief Executive Officer (CEO)","Sr. Operations Manager"],"Operations Manager":"Avg. Salary \u20b9297k \u2014 \u20b92m","Operations Team Leader":"Avg. Salary \u20b9242k \u2014 \u20b9948k","Team Lead, Operations":"Avg. Salary \u20b9314k \u2014 \u20b91m","General \/ Operations Manager":"Avg. Salary \u20b9312k \u2014 \u20b93m","Service Delivery Manager":"Avg. Salary \u20b9399k \u2014 \u20b93m","Assistant Manager, Customer Service":"Avg. Salary \u20b9252k \u2014 \u20b9955k","Assistant Operations Manager":"Avg. Salary \u20b9266k \u2014 \u20b91m","Chief Executive Officer (CEO)":"Avg. Salary \u20b9485k \u2014 \u20b910m","Sr. Operations Manager":"Avg. Salary \u20b9498k \u2014 \u20b92m"}}