{"0":{"job_title":"Senior_Business_Manager","avg_salary":"\u20b9950,000","salary_component":["Base Salary","Bonus","Profit Sharing","Commission","Total Pay"],"Base Salary":"\u20b9217k - \u20b94m","Bonus":"\u20b9100k - \u20b9800k","Profit Sharing":"\u20b90 - \u20b9561k","Commission":"\u20b90 - \u20b988k","Total Pay":"\u20b9321k - \u20b94m","pay_by_experience_percent":["Mid Career","Late Career"],"Mid Career":"-16%","Late Career":"97%","pay_by_experience_years":["5-9","10-19"],"5-9":"\u20b9800,000","10-19":"\u20b91,874,905","gender_component":["Male","Female"],"Male":"72.7","Female":"27.3","health_benefits_componentt":["Medical","Dental","None"],"Medical":"69","Dental":"8","None":"31","popular_skills_component":["Business Management","Business Development","Product Management","Sales"],"Business Management":"83%","Business Development":"83%","Product Management":"86%","Sales":"142%","affect_skills_component":["Sales","Product Management","Business Management","Business Development"],"career_path_component":[],"location_component":["Hyderabad, Andhra Pradesh","Bangalore, Karnataka"],"Hyderabad, Andhra Pradesh":"83%","Bangalore, Karnataka":"142%","employers_component":["Rexnord Industries, LLC"],"Rexnord Industries, LLC":"Avg. Salary: \u20b91,874,905","related_job_component":["Relationship Manager","Area Sales Manager","Business Development Manager","Business Development Executive","Regional Sales Manager","Marketing Executive","Sales Officer","Assistant Sales Manager","Senior Sales Executive"],"Relationship Manager":"Avg. Salary \u20b9203k \u2014 \u20b9815k","Area Sales Manager":"Avg. Salary \u20b9298k \u2014 \u20b91m","Business Development Manager":"Avg. Salary \u20b9272k \u2014 \u20b91m","Business Development Executive":"Avg. Salary \u20b9172k \u2014 \u20b9558k","Regional Sales Manager":"Avg. Salary \u20b9481k \u2014 \u20b92m","Marketing Executive":"Avg. Salary \u20b9149k \u2014 \u20b9544k","Sales Officer":"Avg. Salary \u20b9145k \u2014 \u20b9497k","Assistant Sales Manager":"Avg. Salary \u20b9245k \u2014 \u20b9920k","Senior Sales Executive":"Avg. Salary \u20b9169k \u2014 \u20b9649k"}}