{"0":{"job_title":"Senior_Vice_President_(SVP)%2C_Marketing","avg_salary":"\u20b94,000,000","salary_component":["Base Salary","Bonus","Profit Sharing","Total Pay"],"Base Salary":"\u20b91m - \u20b98m","Bonus":"\u20b9533k - \u20b93m","Profit Sharing":"\u20b90 - \u20b9650k","Total Pay":"\u20b92m - \u20b99m","pay_by_experience_percent":["Late Career","Experienced"],"Late Career":"19%","Experienced":"38%","pay_by_experience_years":["10-19"],"10-19":"\u20b94,750,000","gender_component":["Male"],"Male":"100.0","health_benefits_componentt":["Medical","Dental","Vision","None"],"Medical":"88","Dental":"12","Vision":"12","None":"12","popular_skills_component":["Strategic Marketing","Marketing Communications","Marketing Management","Leadership"],"Strategic Marketing":"30%","Marketing Communications":"\u20b93,525,000","Marketing Management":"\u20b94,000,000","Leadership":"53%","affect_skills_component":["Leadership","Strategic Marketing"],"career_path_component":[],"location_component":["Mumbai, Maharashtra","New Delhi, Delhi"],"Mumbai, Maharashtra":"%","New Delhi, Delhi":"63%","employers_component":[],"related_job_component":["Marketing Manager","Marketing Executive","Senior Marketing Manager","Assistant Marketing Manager","Brand Manager","Marketing Director","Sales and Marketing Manager","Marketing Communications Manager","Product Marketing Manager"],"Marketing Manager":"Avg. Salary \u20b9288k \u2014 \u20b92m","Marketing Executive":"Avg. Salary \u20b9149k \u2014 \u20b9549k","Senior Marketing Manager":"Avg. Salary \u20b9453k \u2014 \u20b93m","Assistant Marketing Manager":"Avg. Salary \u20b9261k \u2014 \u20b9988k","Brand Manager":"Avg. Salary \u20b9414k \u2014 \u20b92m","Marketing Director":"Avg. Salary \u20b9740k \u2014 \u20b96m","Sales and Marketing Manager":"Avg. Salary \u20b9258k \u2014 \u20b91m","Marketing Communications Manager":"Avg. Salary \u20b9319k \u2014 \u20b92m","Product Marketing Manager":"Avg. Salary \u20b9339k \u2014 \u20b93m"}}