{"0":{"job_title":"Senior_Program_Manager_(Unspecified_Type_%2F_General)","avg_salary":"\u20b92,977,218","salary_component":["Base Salary","Bonus","Profit Sharing","Total Pay"],"Base Salary":"\u20b9976k - \u20b95m","Bonus":"\u20b9102k - \u20b91m","Profit Sharing":"\u20b90 - \u20b9200k","Total Pay":"\u20b91m - \u20b95m","pay_by_experience_percent":["Mid Career","Late Career","Experienced"],"Mid Career":"-9%","Late Career":"3%","Experienced":"21%","pay_by_experience_years":["5-9"],"5-9":"\u20b92,700,000","gender_component":["Male","Female"],"Male":"88.0","Female":"12.0","health_benefits_componentt":["Medical","Dental","Vision","None"],"Medical":"88","Dental":"21","Vision":"15","None":"12","popular_skills_component":["Program Management","Operations Management","Strategic Project Management","Strategic Planning","Project Management"],"Program Management":"3%","Operations Management":"1%","Strategic Project Management":"10%","Strategic Planning":"\u20b92,885,216","Project Management":"\u20b92,989,025","affect_skills_component":["Strategic Project Management","Program Management","Operations Management"],"career_path_component":["Director of Operations"],"location_component":["Bangalore, Karnataka","Hyderabad, Andhra Pradesh","Mumbai, Maharashtra"],"Bangalore, Karnataka":"2%","Hyderabad, Andhra Pradesh":"7%","Mumbai, Maharashtra":"-39%","employers_component":["Amazon.com Inc"],"Amazon.com Inc":"Avg. Salary: \u20b94,200,000","related_job_component":["Operations Manager","Project Manager, (Unspecified Type \/ General)","Service Delivery Manager","Project Manager, Information Technology (IT)","Senior Project Manager, IT","Civil Engineer","Operations Team Leader","General \/ Operations Manager","Program Manager, IT"],"Operations Manager":"Avg. Salary \u20b9297k \u2014 \u20b92m","Project Manager, (Unspecified Type \/ General)":"Avg. Salary \u20b9456k \u2014 \u20b92m","Service Delivery Manager":"Avg. Salary \u20b9399k \u2014 \u20b93m","Project Manager, Information Technology (IT)":"Avg. Salary \u20b9531k \u2014 \u20b92m","Senior Project Manager, IT":"Avg. Salary \u20b91m \u2014 \u20b93m","Civil Engineer":"Avg. Salary \u20b9154k \u2014 \u20b9771k","Operations Team Leader":"Avg. Salary \u20b9242k \u2014 \u20b9948k","General \/ Operations Manager":"Avg. Salary \u20b9312k \u2014 \u20b93m","Program Manager, IT":"Avg. Salary \u20b9912k \u2014 \u20b93m"}}