{"0":{"job_title":"Senior_Vice_President_(SVP)%2C_Operations","avg_salary":"\u20b95,780,368","salary_component":["Base Salary","Bonus","Profit Sharing","Total Pay"],"Base Salary":"\u20b92m - \u20b910m","Bonus":"\u20b9297k - \u20b93m","Profit Sharing":"\u20b9-22 - \u20b93m","Total Pay":"\u20b92m - \u20b913m","pay_by_experience_percent":["Late Career","Experienced"],"Late Career":"-17%","Experienced":"12%","pay_by_experience_years":["10-19"],"10-19":"\u20b94,816,783","gender_component":["Male","Female"],"Male":"89.4","Female":"10.6","health_benefits_componentt":["Medical","Dental","Vision","None"],"Medical":"86","Dental":"7","Vision":"7","None":"14","popular_skills_component":["Operations Management","People Management","Leadership","Strategic Planning","Team Leadership"],"Operations Management":"1%","People Management":"\u20b95,500,000","Leadership":"9%","Strategic Planning":"12%","Team Leadership":"4%","affect_skills_component":["Strategic Planning","Leadership","Customer Relationship Management (CRM)","Team Leadership","Strategic Project Management","Risk Management \/ Risk Control","Operations Management"],"Customer Relationship Management (CRM)":"8%","Strategic Project Management":"4%","Risk Management \/ Risk Control":"4%","career_path_component":["Vice President (VP), Engineering","Chief Executive Officer (CEO)","Chief Operating Officer (COO)"],"location_component":["Mumbai, Maharashtra","Bangalore, Karnataka","Gurgaon, Haryana","Pune, Maharashtra","New Delhi, Delhi","Hyderabad, Andhra Pradesh","Gurgaon, Delhi","Chennai, Tamil Nadu"],"Mumbai, Maharashtra":"29%","Bangalore, Karnataka":"-9%","Gurgaon, Haryana":"-16%","Pune, Maharashtra":"-5%","New Delhi, Delhi":"2%","Hyderabad, Andhra Pradesh":"-1%","Gurgaon, Delhi":"33%","Chennai, Tamil Nadu":"-26%","employers_component":[],"related_job_component":["Operations Manager","Project Manager, (Unspecified Type \/ General)","Operations Team Leader","Service Delivery Manager","General \/ Operations Manager","Team Lead, Operations","Assistant Manager, Customer Service","Senior Project Manager, IT","Area Sales Manager"],"Operations Manager":"Avg. Salary \u20b9297k \u2014 \u20b92m","Project Manager, (Unspecified Type \/ General)":"Avg. Salary \u20b9456k \u2014 \u20b92m","Operations Team Leader":"Avg. Salary \u20b9242k \u2014 \u20b9948k","Service Delivery Manager":"Avg. Salary \u20b9399k \u2014 \u20b93m","General \/ Operations Manager":"Avg. Salary \u20b9312k \u2014 \u20b93m","Team Lead, Operations":"Avg. Salary \u20b9314k \u2014 \u20b91m","Assistant Manager, Customer Service":"Avg. Salary \u20b9252k \u2014 \u20b9955k","Senior Project Manager, IT":"Avg. Salary \u20b91m \u2014 \u20b93m","Area Sales Manager":"Avg. Salary \u20b9299k \u2014 \u20b91m"}}