{"0":{"job_title":"Senior_Director_of_Strategy","avg_salary":"\u20b94,966,466","salary_component":["Base Salary","Bonus","Profit Sharing","Total Pay"],"Base Salary":"\u20b92m - \u20b98m","Bonus":"\u20b9220k - \u20b92m","Profit Sharing":"\u20b90 - \u20b9300k","Total Pay":"\u20b93m - \u20b99m","pay_by_experience_percent":["Late Career","Experienced"],"Late Career":"1%","Experienced":"1%","pay_by_experience_years":["10-19"],"10-19":"\u20b95,000,000","gender_component":["Male"],"Male":"100.0","health_benefits_componentt":["Medical","Dental","Vision"],"Medical":"100","Dental":"24","Vision":"24","popular_skills_component":["Business Strategy","Strategic Planning","People Management","Strategy"],"Business Strategy":"\u20b94,700,000","Strategic Planning":"11%","People Management":"21%","Strategy":"\u20b93,800,000","affect_skills_component":["People Management","Strategic Planning"],"career_path_component":[],"location_component":["Mumbai, Maharashtra","Bangalore, Karnataka"],"Mumbai, Maharashtra":"-11%","Bangalore, Karnataka":"-9%","employers_component":[],"related_job_component":["Operations Manager","Business Development Manager","Chief Executive Officer (CEO)","Operations Team Leader","Management Consultant","Area Sales Manager","Deputy General Manager","Service Delivery Manager","Executive Director"],"Operations Manager":"Avg. Salary \u20b9297k \u2014 \u20b92m","Business Development Manager":"Avg. Salary \u20b9266k \u2014 \u20b91m","Chief Executive Officer (CEO)":"Avg. Salary \u20b9485k \u2014 \u20b910m","Operations Team Leader":"Avg. Salary \u20b9242k \u2014 \u20b9948k","Management Consultant":"Avg. Salary \u20b9350k \u2014 \u20b93m","Area Sales Manager":"Avg. Salary \u20b9299k \u2014 \u20b91m","Deputy General Manager":"Avg. Salary \u20b9589k \u2014 \u20b93m","Service Delivery Manager":"Avg. Salary \u20b9399k \u2014 \u20b93m","Executive Director":"Avg. Salary \u20b9391k \u2014 \u20b97m"}}