{"0":{"job_title":"Small_Business_Owner_%2F_Operator","avg_salary":"\u20b9900,000","salary_component":["Base Salary","Bonus","Profit Sharing","Total Pay"],"Base Salary":"\u20b9148k - \u20b95m","Bonus":"\u20b913k - \u20b9101k","Profit Sharing":"\u20b90 - \u20b9175k","Total Pay":"\u20b9183k - \u20b95m","pay_by_experience_percent":["Early Career","Mid Career","Late Career","Experienced"],"Early Career":"-33%","Mid Career":"0%","Late Career":"0%","Experienced":"106%","pay_by_experience_years":["1-4","5-9"],"1-4":"\u20b9600,000","5-9":"\u20b9900,000","gender_component":["Male"],"Male":"100.0","health_benefits_componentt":["Medical","None"],"Medical":"63","None":"38","popular_skills_component":["Leadership","Operations Management"],"Leadership":"33%","Operations Management":"\u20b9610,419","affect_skills_component":["Leadership"],"career_path_component":["Chief Executive Officer (CEO)","Graphic Designer","Director of Operations"],"location_component":[],"employers_component":[],"related_job_component":["Operations Manager","Operations Team Leader","Chief Executive Officer (CEO)","General \/ Operations Manager","Assistant Manager, Customer Service","Service Delivery Manager","Assistant General Manager (AGM)","Vice President (VP), Operations","Assistant Operations Manager"],"Operations Manager":"Avg. Salary \u20b9297k \u2014 \u20b92m","Operations Team Leader":"Avg. Salary \u20b9241k \u2014 \u20b9927k","Chief Executive Officer (CEO)":"Avg. Salary \u20b9482k \u2014 \u20b910m","General \/ Operations Manager":"Avg. Salary \u20b9321k \u2014 \u20b93m","Assistant Manager, Customer Service":"Avg. Salary \u20b9256k \u2014 \u20b9957k","Service Delivery Manager":"Avg. Salary \u20b9403k \u2014 \u20b93m","Assistant General Manager (AGM)":"Avg. Salary \u20b9648k \u2014 \u20b93m","Vice President (VP), Operations":"Avg. Salary \u20b91m \u2014 \u20b96m","Assistant Operations Manager":"Avg. Salary \u20b9282k \u2014 \u20b91m"}}