{"0":{"job_title":"Sourcing_Manager%2C_Manufacturing","avg_salary":"\u20b91,295,986","salary_component":["Base Salary","Bonus","Total Pay"],"Base Salary":"\u20b9465k - \u20b92m","Bonus":"\u20b9-22 - \u20b9194k","Total Pay":"\u20b9487k - \u20b92m","pay_by_experience_percent":["Early Career","Mid Career","Late Career"],"Early Career":"-44%","Mid Career":"-34%","Late Career":"17%","pay_by_experience_years":["1-4","5-9"],"1-4":"\u20b9725,000","5-9":"\u20b9850,000","gender_component":["Male","Female"],"Male":"77.8","Female":"22.2","health_benefits_componentt":["Medical","None"],"Medical":"90","None":"10","popular_skills_component":["Sourcing","Supplier Management","Product Development"],"Sourcing":"\u20b91,200,000","Supplier Management":"\u20b91,275,000","Product Development":"16%","affect_skills_component":["Product Development"],"career_path_component":[],"location_component":["Bangalore, Karnataka","Pune, Maharashtra"],"Bangalore, Karnataka":"8%","Pune, Maharashtra":"20%","employers_component":[],"related_job_component":["Design Engineer","Senior Mechanical Design Engineer","Technical Recruiter","Mechanical Design Engineer","Research Scientist","Recruiter","Senior Mechanical Engineer","Product Development Manager","Product Manager, Software"],"Design Engineer":"Avg. Salary \u20b9175k \u2014 \u20b9922k","Senior Mechanical Design Engineer":"Avg. Salary \u20b9368k \u2014 \u20b91m","Technical Recruiter":"Avg. Salary \u20b9177k \u2014 \u20b9588k","Mechanical Design Engineer":"Avg. Salary \u20b9158k \u2014 \u20b9825k","Research Scientist":"Avg. Salary \u20b9288k \u2014 \u20b92m","Recruiter":"Avg. Salary \u20b9143k \u2014 \u20b9685k","Senior Mechanical Engineer":"Avg. Salary \u20b9309k \u2014 \u20b91m","Product Development Manager":"Avg. Salary \u20b9387k \u2014 \u20b93m","Product Manager, Software":"Avg. Salary \u20b9704k \u2014 \u20b93m"}}