{"0":{"job_title":"Sr._Project_Manager%2C_Operations","avg_salary":"\u20b91,451,369","salary_component":["Base Salary","Bonus","Profit Sharing","Total Pay"],"Base Salary":"\u20b9491k - \u20b93m","Bonus":"\u20b940k - \u20b9400k","Profit Sharing":"\u20b975k - \u20b9225k","Total Pay":"\u20b9491k - \u20b93m","pay_by_experience_percent":["Early Career","Mid Career","Late Career","Experienced"],"Early Career":"-66%","Mid Career":"-16%","Late Career":"7%","Experienced":"20%","pay_by_experience_years":["1-4","5-9"],"1-4":"\u20b9498,761","5-9":"\u20b91,220,838","gender_component":["Male","Female"],"Male":"85.2","Female":"14.8","health_benefits_componentt":["Medical","Dental","Vision","None"],"Medical":"85","Dental":"8","Vision":"11","None":"15","popular_skills_component":["Project Management","Operations Management","Strategic Project Management","Process Improvement","Leadership"],"Project Management":"\u20b91,387,387","Operations Management":"\u20b91,375,689","Strategic Project Management":"3%","Process Improvement":"\u20b9823,826","Leadership":"6%","affect_skills_component":["Program Management","Leadership","Strategic Project Management"],"Program Management":"25%","career_path_component":[],"location_component":["Bangalore, Karnataka","Mumbai, Maharashtra","Pune, Maharashtra","New Delhi, Delhi","Chennai, Tamil Nadu","Kolkata, West Bengal","Noida, Uttar Pradesh","Hyderabad, Andhra Pradesh","Delhi, Delhi","Gurgaon, Haryana"],"Bangalore, Karnataka":"41%","Mumbai, Maharashtra":"-28%","Pune, Maharashtra":"-6%","New Delhi, Delhi":"-8%","Chennai, Tamil Nadu":"20%","Kolkata, West Bengal":"-2%","Noida, Uttar Pradesh":"22%","Hyderabad, Andhra Pradesh":"67%","Delhi, Delhi":"24%","Gurgaon, Haryana":"-31%","employers_component":[],"related_job_component":["Operations Manager","Project Manager, (Unspecified Type \/ General)","Operations Team Leader","Service Delivery Manager","Senior Project Manager, IT","Team Lead, Operations","General \/ Operations Manager","Assistant Manager, Customer Service","Project Manager, Information Technology (IT)"],"Operations Manager":"Avg. Salary \u20b9297k \u2014 \u20b92m","Project Manager, (Unspecified Type \/ General)":"Avg. Salary \u20b9456k \u2014 \u20b92m","Operations Team Leader":"Avg. Salary \u20b9242k \u2014 \u20b9948k","Service Delivery Manager":"Avg. Salary \u20b9399k \u2014 \u20b93m","Senior Project Manager, IT":"Avg. Salary \u20b91m \u2014 \u20b93m","Team Lead, Operations":"Avg. Salary \u20b9314k \u2014 \u20b91m","General \/ Operations Manager":"Avg. Salary \u20b9312k \u2014 \u20b93m","Assistant Manager, Customer Service":"Avg. Salary \u20b9252k \u2014 \u20b9955k","Project Manager, Information Technology (IT)":"Avg. Salary \u20b9533k \u2014 \u20b92m"}}