{"0":{"job_title":"Sr._Operations_Manager","avg_salary":"\u20b91,351,245","salary_component":["Base Salary","Bonus","Profit Sharing","Commission","Total Pay"],"Base Salary":"\u20b9498k - \u20b92m","Bonus":"\u20b931k - \u20b9478k","Profit Sharing":"\u20b93k - \u20b9303k","Commission":"\u20b9110k - \u20b9450k","Total Pay":"\u20b9539k - \u20b93m","pay_by_experience_percent":["Early Career","Mid Career","Late Career","Experienced"],"Early Career":"-52%","Mid Career":"-25%","Late Career":"10%","Experienced":"-8%","pay_by_experience_years":["1-4","5-9"],"1-4":"\u20b9654,963","5-9":"\u20b91,012,406","gender_component":["Male","Female"],"Male":"89.1","Female":"10.9","health_benefits_componentt":["Medical","Dental","Vision","None"],"Medical":"78","Dental":"9","Vision":"7","None":"22","popular_skills_component":["Operations Management","People Management","Process Improvement","Project Management","Team Leadership"],"Operations Management":"\u20b91,378,585","People Management":"\u20b91,452,375","Process Improvement":"11%","Project Management":"\u20b91,405,749","Team Leadership":"10%","affect_skills_component":["Strategic Planning","Data Analysis","Quality Assurance \/ Quality Control","Procurement","Client Interaction","Leadership","Process Improvement","Team Leadership","Inventory Management","Budget Management"],"Strategic Planning":"63%","Data Analysis":"37%","Quality Assurance \/ Quality Control":"29%","Procurement":"22%","Client Interaction":"18%","Leadership":"14%","Inventory Management":"10%","Budget Management":"9%","career_path_component":["General \/ Operations Manager","Operations Manager","Vice President (VP), General Manager"],"location_component":["Mumbai, Maharashtra","Bangalore, Karnataka","Pune, Maharashtra","Chennai, Tamil Nadu","New Delhi, Delhi","Gurgaon, Haryana","Hyderabad, Andhra Pradesh","Kolkata, West Bengal","Noida, Uttar Pradesh","Ahmedabad, Gujarat"],"Mumbai, Maharashtra":"-4%","Bangalore, Karnataka":"7%","Pune, Maharashtra":"17%","Chennai, Tamil Nadu":"-4%","New Delhi, Delhi":"-7%","Gurgaon, Haryana":"15%","Hyderabad, Andhra Pradesh":"12%","Kolkata, West Bengal":"-25%","Noida, Uttar Pradesh":"-25%","Ahmedabad, Gujarat":"-4%","employers_component":["Genpact","Infosys BPO","Accenture","Altisource","Amazon.com Inc","Tata Consultancy Services Limited","WNS Global Services"],"Genpact":"Avg. Salary: \u20b91,290,604","Infosys BPO":"Avg. Salary: \u20b91,350,000","Accenture":"Avg. Salary: \u20b91,354,000","Altisource":"Avg. Salary: \u20b91,900,000","Amazon.com Inc":"Avg. Salary: \u20b92,250,000","Tata Consultancy Services Limited":"Avg. Salary: \u20b91,522,000","WNS Global Services":"Avg. Salary: \u20b91,700,000","related_job_component":["Operations Manager","Project Manager, (Unspecified Type \/ General)","Operations Team Leader","Civil Engineer","Mechanical Engineer","Data Analyst","Assistant Manager, Customer Service","Business Development Manager","Senior Business Analyst"],"Operations Manager":"Avg. Salary \u20b9297k \u2014 \u20b92m","Project Manager, (Unspecified Type \/ General)":"Avg. Salary \u20b9456k \u2014 \u20b92m","Operations Team Leader":"Avg. Salary \u20b9242k \u2014 \u20b9948k","Civil Engineer":"Avg. Salary \u20b9154k \u2014 \u20b9771k","Mechanical Engineer":"Avg. Salary \u20b9152k \u2014 \u20b9983k","Data Analyst":"Avg. Salary \u20b9201k \u2014 \u20b9959k","Assistant Manager, Customer Service":"Avg. Salary \u20b9252k \u2014 \u20b9955k","Business Development Manager":"Avg. Salary \u20b9266k \u2014 \u20b91m","Senior Business Analyst":"Avg. Salary \u20b9447k \u2014 \u20b92m"}}