{"0":{"job_title":"State%2FTerritory_Manager%2C_General_Operations","avg_salary":"\u20b91,186,533","salary_component":["Base Salary","Bonus","Profit Sharing","Total Pay"],"Base Salary":"\u20b9325k - \u20b92m","Bonus":"\u20b920k - \u20b9715k","Profit Sharing":"\u20b90 - \u20b998k","Total Pay":"\u20b9407k - \u20b92m","pay_by_experience_percent":["Early Career","Mid Career","Late Career","Experienced"],"Early Career":"-62%","Mid Career":"-17%","Late Career":"-3%","Experienced":"6%","pay_by_experience_years":["1-4"],"1-4":"\u20b9450,000","gender_component":["Male"],"Male":"100.0","health_benefits_componentt":["Medical","Dental","Vision","None"],"Medical":"73","Dental":"27","Vision":"27","None":"27","popular_skills_component":["Operations Management","Sales Management","People Management","Microsoft Office"],"Operations Management":"3%","Sales Management":"2%","People Management":"\u20b91,060,000","Microsoft Office":"\u20b91,088,889","affect_skills_component":["Operations Management","Sales Management"],"career_path_component":["Credit Manager"],"location_component":["Kolkata, West Bengal","Chennai, Tamil Nadu"],"Kolkata, West Bengal":"29%","Chennai, Tamil Nadu":"-41%","employers_component":[],"related_job_component":["Operations Manager","Operations Team Leader","Area Sales Manager","Mechanical Engineer","Executive Assistant","Regional Sales Manager","General \/ Operations Manager","Civil Engineer","Service Delivery Manager"],"Operations Manager":"Avg. Salary \u20b9297k \u2014 \u20b92m","Operations Team Leader":"Avg. Salary \u20b9242k \u2014 \u20b9948k","Area Sales Manager":"Avg. Salary \u20b9299k \u2014 \u20b91m","Mechanical Engineer":"Avg. Salary \u20b9152k \u2014 \u20b9983k","Executive Assistant":"Avg. Salary \u20b9153k \u2014 \u20b9778k","Regional Sales Manager":"Avg. Salary \u20b9480k \u2014 \u20b92m","General \/ Operations Manager":"Avg. Salary \u20b9312k \u2014 \u20b93m","Civil Engineer":"Avg. Salary \u20b9154k \u2014 \u20b9771k","Service Delivery Manager":"Avg. Salary \u20b9399k \u2014 \u20b93m"}}