{"0":{"job_title":"Storekeeper","avg_salary":"\u20b9283,944","salary_component":["Base Salary","Bonus","Profit Sharing","Commission","Total Pay"],"Base Salary":"\u20b9147k - \u20b9618k","Bonus":"\u20b95k - \u20b951k","Profit Sharing":"\u20b91k - \u20b9546k","Commission":"\u20b90 - \u20b950k","Total Pay":"\u20b9157k - \u20b9753k","pay_by_experience_percent":["Entry Level","Early Career","Mid Career","Late Career","Experienced"],"Entry Level":"6%","Early Career":"-22%","Mid Career":"-8%","Late Career":"-15%","Experienced":"10%","pay_by_experience_years":["1","1-4"],"1":"\u20b9300,000","1-4":"\u20b9222,472","gender_component":["Male"],"Male":"100.0","health_benefits_componentt":["Medical","Dental","Vision","None"],"Medical":"75","Dental":"8","Vision":"8","None":"25","popular_skills_component":["Inventory Management","Store Management Suite (SMS)","Inventory Control","Order Inventory"],"Inventory Management":"4%","Store Management Suite (SMS)":"3%","Inventory Control":"\u20b9202,380","Order Inventory":"4%","affect_skills_component":["Inventory Management","Order Inventory","Store Management Suite (SMS)"],"career_path_component":[],"location_component":["Mumbai, Maharashtra","Pune, Maharashtra","Chennai, Tamil Nadu","Kolkata, West Bengal","Coimbatore, Tamil Nadu","Bangalore, Karnataka"],"Mumbai, Maharashtra":"53%","Pune, Maharashtra":"-26%","Chennai, Tamil Nadu":"-23%","Kolkata, West Bengal":"-42%","Coimbatore, Tamil Nadu":"6%","Bangalore, Karnataka":"-21%","employers_component":[],"related_job_component":["Warehouse Manager","Supply Chain Manager","Logistics Manager","Purchasing Manager","Assistant Store Manager","Warehouse Supervisor","Supply Chain Analyst","Purchaser","Store Manager (Unspecified Type)"],"Warehouse Manager":"Avg. Salary \u20b9209k \u2014 \u20b91m","Supply Chain Manager":"Avg. Salary \u20b9301k \u2014 \u20b92m","Logistics Manager":"Avg. Salary \u20b9237k \u2014 \u20b91m","Purchasing Manager":"Avg. Salary \u20b9325k \u2014 \u20b92m","Assistant Store Manager":"Avg. Salary \u20b9195k \u2014 \u20b9693k","Warehouse Supervisor":"Avg. Salary \u20b9133k \u2014 \u20b9502k","Supply Chain Analyst":"Avg. Salary \u20b9255k \u2014 \u20b91m","Purchaser":"Avg. Salary \u20b9154k \u2014 \u20b9811k","Store Manager (Unspecified Type)":"Avg. Salary \u20b9198k \u2014 \u20b9933k"}}