{"0":{"job_title":"Vice_President_(VP)%2C_Finance","avg_salary":"\u20b93,222,368","salary_component":["Base Salary","Bonus","Profit Sharing","Total Pay"],"Base Salary":"\u20b92m - \u20b95m","Bonus":"\u20b9196k - \u20b91m","Profit Sharing":"\u20b98 - \u20b9572k","Total Pay":"\u20b92m - \u20b96m","pay_by_experience_percent":["Early Career","Mid Career","Late Career","Experienced"],"Early Career":"-38%","Mid Career":"-26%","Late Career":"9%","Experienced":"6%","pay_by_experience_years":["1-4","5-9"],"1-4":"\u20b92,000,000","5-9":"\u20b92,394,066","gender_component":["Male","Female"],"Male":"83.3","Female":"16.7","health_benefits_componentt":["Medical","Dental","Vision","None"],"Medical":"81","Dental":"8","Vision":"6","None":"19","popular_skills_component":["Financial Analysis","Financial Reporting","Senior Financial Management","Accounting","Strategic Planning"],"Financial Analysis":"\u20b93,243,804","Financial Reporting":"7%","Senior Financial Management":"11%","Accounting":"8%","Strategic Planning":"8%","affect_skills_component":["Leadership","Financial Compliance","People Management","Risk Management \/ Risk Control","Senior Financial Management","Accounting","Strategic Planning","Strategic Project Management","Financial Reporting","Financial Modeling"],"Leadership":"37%","Financial Compliance":"16%","People Management":"15%","Risk Management \/ Risk Control":"12%","Strategic Project Management":"8%","Financial Modeling":"6%","career_path_component":["Chief Financial Officer (CFO)","Vice President (VP) Finance & Chief Fina...","Financial Controller"],"location_component":["Mumbai, Maharashtra","Bangalore, Karnataka","New Delhi, Delhi","Pune, Maharashtra","Hyderabad, Andhra Pradesh","Chennai, Tamil Nadu","Gurgaon, Haryana","Delhi, Delhi","Kolkata, West Bengal","Gurgaon, Delhi"],"Mumbai, Maharashtra":"%","Bangalore, Karnataka":"13%","New Delhi, Delhi":"-3%","Pune, Maharashtra":"12%","Hyderabad, Andhra Pradesh":"-15%","Chennai, Tamil Nadu":"11%","Gurgaon, Haryana":"32%","Delhi, Delhi":"-7%","Kolkata, West Bengal":"-16%","Gurgaon, Delhi":"11%","employers_component":["Deutsche Bank","J.P. Morgan Chase & Co. (JPMCC)","The Goldman Sachs Group, Inc.","HSBC","Credit Suisse"],"Deutsche Bank":"Avg. Salary: \u20b93,643,836","J.P. Morgan Chase & Co. (JPMCC)":"Avg. Salary: \u20b93,897,436","The Goldman Sachs Group, Inc.":"Avg. Salary: \u20b92,450,000","HSBC":"Avg. Salary: \u20b93,200,000","Credit Suisse":"Avg. Salary: \u20b93,700,000","related_job_component":["Finance Manager","Operations Manager","Financial Analyst","Chartered Accountant","Accountant","Senior Financial Analyst","Operations Team Leader","Chief Financial Officer (CFO)","Senior Business Analyst"],"Finance Manager":"Avg. Salary \u20b9354k \u2014 \u20b92m","Operations Manager":"Avg. Salary \u20b9297k \u2014 \u20b92m","Financial Analyst":"Avg. Salary \u20b9220k \u2014 \u20b9994k","Chartered Accountant":"Avg. Salary \u20b9412k \u2014 \u20b92m","Accountant":"Avg. Salary \u20b9123k \u2014 \u20b9507k","Senior Financial Analyst":"Avg. Salary \u20b9303k \u2014 \u20b91m","Operations Team Leader":"Avg. Salary \u20b9242k \u2014 \u20b9948k","Chief Financial Officer (CFO)":"Avg. Salary \u20b9834k \u2014 \u20b98m","Senior Business Analyst":"Avg. Salary \u20b9447k \u2014 \u20b92m"}}