{"0":{"job_title":"Vice_President_(VP)%2C_Operations","avg_salary":"\u20b93,159,595","salary_component":["Base Salary","Bonus","Profit Sharing","Commission","Total Pay"],"Base Salary":"\u20b91m - \u20b96m","Bonus":"\u20b9144k - \u20b91m","Profit Sharing":"\u20b921k - \u20b92m","Commission":"\u20b90 - \u20b9550k","Total Pay":"\u20b91m - \u20b97m","pay_by_experience_percent":["Early Career","Mid Career","Late Career","Experienced"],"Early Career":"-60%","Mid Career":"-42%","Late Career":"-3%","Experienced":"26%","pay_by_experience_years":["1-4","5-9"],"1-4":"\u20b91,274,510","5-9":"\u20b91,848,012","gender_component":["Male","Female"],"Male":"85.5","Female":"14.5","health_benefits_componentt":["Medical","Dental","Vision","None"],"Medical":"82","Dental":"11","Vision":"9","None":"17","popular_skills_component":["Operations Management","Leadership","People Management","Strategic Planning","Project Management"],"Operations Management":"\u20b93,094,697","Leadership":"\u20b93,415,162","People Management":"\u20b93,139,889","Strategic Planning":"\u20b93,105,517","Project Management":"\u20b93,001,984","affect_skills_component":["Budget Management","Supply Chain","Business Strategy","New Business Development","Performance Management","Human Resources (HR)","Manufacturing Process Engineering","Process Improvement","Lean Process Engineering","Business Management"],"Budget Management":"90%","Supply Chain":"55%","Business Strategy":"54%","New Business Development":"46%","Performance Management":"39%","Human Resources (HR)":"38%","Manufacturing Process Engineering":"35%","Process Improvement":"27%","Lean Process Engineering":"26%","Business Management":"17%","career_path_component":["Senior Vice President (SVP), Operations","Chief Executive Officer (CEO)","Vice President (VP), Information Technol..."],"location_component":["Bangalore, Karnataka","Mumbai, Maharashtra","Chennai, Tamil Nadu","Pune, Maharashtra","New Delhi, Delhi","Delhi, Delhi","Hyderabad, Andhra Pradesh","Gurgaon, Haryana","Kolkata, West Bengal","Ahmedabad, Gujarat"],"Bangalore, Karnataka":"2%","Mumbai, Maharashtra":"14%","Chennai, Tamil Nadu":"-4%","Pune, Maharashtra":"-3%","New Delhi, Delhi":"-11%","Delhi, Delhi":"12%","Hyderabad, Andhra Pradesh":"17%","Gurgaon, Haryana":"12%","Kolkata, West Bengal":"11%","Ahmedabad, Gujarat":"3%","employers_component":["J.P. Morgan Chase & Co. (JPMCC)","Genpact","The Goldman Sachs Group, Inc.","The Northern Trust Company","Swiss Re","HSBC","Barclays Shared Services Pvt Ltd","Deutsche Bank","Accenture"],"J.P. Morgan Chase & Co. (JPMCC)":"Avg. Salary: \u20b93,112,315","Genpact":"Avg. Salary: \u20b93,000,000","The Goldman Sachs Group, Inc.":"Avg. Salary: \u20b91,600,000","The Northern Trust Company":"Avg. Salary: \u20b92,696,296","Swiss Re":"Avg. Salary: \u20b92,400,000","HSBC":"Avg. Salary: \u20b93,358,000","Barclays Shared Services Pvt Ltd":"Avg. Salary: \u20b93,100,000","Deutsche Bank":"Avg. Salary: \u20b91,877,038","Accenture":"Avg. Salary: \u20b94,000,000","related_job_component":["Operations Manager","Project Manager, (Unspecified Type \/ General)","Business Development Manager","Operations Team Leader","Mechanical Engineer","Civil Engineer","Area Sales Manager","Accountant","Service Delivery Manager"],"Operations Manager":"Avg. Salary \u20b9297k \u2014 \u20b92m","Project Manager, (Unspecified Type \/ General)":"Avg. Salary \u20b9456k \u2014 \u20b92m","Business Development Manager":"Avg. Salary \u20b9266k \u2014 \u20b91m","Operations Team Leader":"Avg. Salary \u20b9242k \u2014 \u20b9948k","Mechanical Engineer":"Avg. Salary \u20b9152k \u2014 \u20b9983k","Civil Engineer":"Avg. Salary \u20b9154k \u2014 \u20b9771k","Area Sales Manager":"Avg. Salary \u20b9299k \u2014 \u20b91m","Accountant":"Avg. Salary \u20b9123k \u2014 \u20b9507k","Service Delivery Manager":"Avg. Salary \u20b9399k \u2014 \u20b93m"}}