{"0":{"job_title":"Vice_President_(VP)%2C_Operations_and_Administration","avg_salary":"\u20b92,725,000","salary_component":["Base Salary","Bonus","Profit Sharing","Total Pay"],"Base Salary":"\u20b91m - \u20b96m","Bonus":"\u20b9155k - \u20b92m","Profit Sharing":"\u20b90 - \u20b9500k","Total Pay":"\u20b91m - \u20b98m","pay_by_experience_percent":["Mid Career","Late Career","Experienced"],"Mid Career":"-27%","Late Career":"-11%","Experienced":"33%","pay_by_experience_years":["5-9"],"5-9":"\u20b91,999,795","gender_component":["Male","Female"],"Male":"71.0","Female":"29.0","health_benefits_componentt":["Medical","Dental","Vision","None"],"Medical":"77","Dental":"9","Vision":"11","None":"23","popular_skills_component":["Operations Management","People Management","Project Management","Strategic Planning","Leadership"],"Operations Management":"\u20b92,470,719","People Management":"9%","Project Management":"14%","Strategic Planning":"28%","Leadership":"32%","affect_skills_component":["Accounting","Leadership","Strategic Planning","Project Management","People Management","Human Resources (HR)"],"Accounting":"58%","Human Resources (HR)":"3%","career_path_component":[],"location_component":["Bangalore, Karnataka","Mumbai, Maharashtra","Chennai, Tamil Nadu","Gurgaon, Haryana","Hyderabad, Andhra Pradesh","New Delhi, Delhi","Pune, Maharashtra"],"Bangalore, Karnataka":"-3%","Mumbai, Maharashtra":"-12%","Chennai, Tamil Nadu":"%","Gurgaon, Haryana":"83%","Hyderabad, Andhra Pradesh":"10%","New Delhi, Delhi":"120%","Pune, Maharashtra":"-19%","employers_component":[],"related_job_component":["Operations Manager","Project Manager, (Unspecified Type \/ General)","Operations Team Leader","Service Delivery Manager","General \/ Operations Manager","Deputy General Manager","Assistant Manager, Customer Service","Assistant Operations Manager","Civil Engineer"],"Operations Manager":"Avg. Salary \u20b9297k \u2014 \u20b92m","Project Manager, (Unspecified Type \/ General)":"Avg. Salary \u20b9458k \u2014 \u20b92m","Operations Team Leader":"Avg. Salary \u20b9242k \u2014 \u20b9939k","Service Delivery Manager":"Avg. Salary \u20b9405k \u2014 \u20b93m","General \/ Operations Manager":"Avg. Salary \u20b9322k \u2014 \u20b93m","Deputy General Manager":"Avg. Salary \u20b9594k \u2014 \u20b93m","Assistant Manager, Customer Service":"Avg. Salary \u20b9252k \u2014 \u20b9955k","Assistant Operations Manager":"Avg. Salary \u20b9272k \u2014 \u20b91m","Civil Engineer":"Avg. Salary \u20b9154k \u2014 \u20b9771k"}}