{"0":{"job_title":"Vice_President%2C_Chief_Operating_Officer_(COO)","avg_salary":"\u20b93,903,660","salary_component":["Base Salary","Bonus","Profit Sharing","Total Pay"],"Base Salary":"\u20b92m - \u20b912m","Bonus":"\u20b9197k - \u20b93m","Profit Sharing":"\u20b90 - \u20b9300k","Total Pay":"\u20b92m - \u20b912m","pay_by_experience_percent":["Late Career","Experienced"],"Late Career":"9%","Experienced":"-22%","pay_by_experience_years":["10-19"],"10-19":"\u20b94,250,000","gender_component":["Male","Female"],"Male":"92.9","Female":"7.1","health_benefits_componentt":["Medical","Dental","None"],"Medical":"83","Dental":"6","None":"17","popular_skills_component":["Operations Management","Leadership","Strategic Planning","People Management","Project Management"],"Operations Management":"\u20b93,903,660","Leadership":"2%","Strategic Planning":"38%","People Management":"28%","Project Management":"54%","affect_skills_component":["Project Management","Strategic Planning","People Management","Leadership"],"career_path_component":[],"location_component":["Pune, Maharashtra"],"Pune, Maharashtra":"2%","employers_component":[],"related_job_component":["Operations Manager","Project Manager, (Unspecified Type \/ General)","Operations Team Leader","Area Sales Manager","Service Delivery Manager","General \/ Operations Manager","Chief Executive Officer (CEO)","Assistant Manager, Customer Service","Civil Engineer"],"Operations Manager":"Avg. Salary \u20b9297k \u2014 \u20b92m","Project Manager, (Unspecified Type \/ General)":"Avg. Salary \u20b9458k \u2014 \u20b92m","Operations Team Leader":"Avg. Salary \u20b9242k \u2014 \u20b9939k","Area Sales Manager":"Avg. Salary \u20b9299k \u2014 \u20b91m","Service Delivery Manager":"Avg. Salary \u20b9400k \u2014 \u20b93m","General \/ Operations Manager":"Avg. Salary \u20b9312k \u2014 \u20b93m","Chief Executive Officer (CEO)":"Avg. Salary \u20b9484k \u2014 \u20b910m","Assistant Manager, Customer Service":"Avg. Salary \u20b9252k \u2014 \u20b9955k","Civil Engineer":"Avg. Salary \u20b9154k \u2014 \u20b9771k"}}