{"0":{"job_title":"Vice_President_(VP)_Finance_%26_Chief_Financial_Officer_(CFO)","avg_salary":"\u20b93,684,645","salary_component":["Base Salary","Bonus","Profit Sharing","Total Pay"],"Base Salary":"\u20b91m - \u20b98m","Bonus":"\u20b999k - \u20b92m","Profit Sharing":"\u20b930k - \u20b9700k","Total Pay":"\u20b91m - \u20b99m","pay_by_experience_percent":["Early Career","Mid Career","Late Career","Experienced"],"Early Career":"-72%","Mid Career":"-47%","Late Career":"9%","Experienced":"12%","pay_by_experience_years":["1-4"],"1-4":"\u20b91,017,365","gender_component":["Male"],"Male":"100.0","health_benefits_componentt":["Medical","Dental","Vision","None"],"Medical":"72","Dental":"10","Vision":"11","None":"28","popular_skills_component":["Financial Reporting","Accounting","Financial Analysis","Fundraising","Financial Compliance"],"Financial Reporting":"\u20b93,115,333","Accounting":"\u20b93,144,433","Financial Analysis":"3%","Fundraising":"\u20b93,600,000","Financial Compliance":"87%","affect_skills_component":["Regulatory Compliance","Financial Compliance","Mergers and Acquisitions","Senior Financial Management","Financial Analysis"],"Regulatory Compliance":"112%","Mergers and Acquisitions":"55%","Senior Financial Management":"6%","career_path_component":["Chief Financial Officer (CFO)"],"location_component":["Mumbai, Maharashtra","Bangalore, Karnataka","Pune, Maharashtra","Chennai, Tamil Nadu","New Delhi, Delhi","Hyderabad, Andhra Pradesh","Delhi, Delhi","Ahmedabad, Gujarat"],"Mumbai, Maharashtra":"15%","Bangalore, Karnataka":"42%","Pune, Maharashtra":"-2%","Chennai, Tamil Nadu":"9%","New Delhi, Delhi":"7%","Hyderabad, Andhra Pradesh":"-23%","Delhi, Delhi":"9%","Ahmedabad, Gujarat":"-38%","employers_component":[],"related_job_component":["Finance Manager","Financial Analyst","Chartered Accountant","Accountant","Senior Financial Analyst","Assistant Finance Manager","Financial Controller","Chief Financial Officer (CFO)","Account Executive"],"Finance Manager":"Avg. Salary \u20b9354k \u2014 \u20b92m","Financial Analyst":"Avg. Salary \u20b9220k \u2014 \u20b9995k","Chartered Accountant":"Avg. Salary \u20b9411k \u2014 \u20b92m","Accountant":"Avg. Salary \u20b9123k \u2014 \u20b9507k","Senior Financial Analyst":"Avg. Salary \u20b9304k \u2014 \u20b91m","Assistant Finance Manager":"Avg. Salary \u20b9354k \u2014 \u20b91m","Financial Controller":"Avg. Salary \u20b9603k \u2014 \u20b94m","Chief Financial Officer (CFO)":"Avg. Salary \u20b9814k \u2014 \u20b99m","Account Executive":"Avg. Salary \u20b9155k \u2014 \u20b9498k"}}