{"0":{"job_title":"Vice_President_(VP)%2C_Procurement","avg_salary":"\u20b93,800,000","salary_component":["Base Salary","Bonus","Profit Sharing","Total Pay"],"Base Salary":"\u20b9919k - \u20b97m","Bonus":"\u20b973k - \u20b92m","Profit Sharing":"\u20b90 - \u20b91m","Total Pay":"\u20b91m - \u20b97m","pay_by_experience_percent":["Late Career","Experienced"],"Late Career":"5%","Experienced":"-8%","pay_by_experience_years":["10-19"],"10-19":"\u20b94,000,000","gender_component":["Male"],"Male":"100.0","health_benefits_componentt":["Medical","Dental","Vision","None"],"Medical":"87","Dental":"13","Vision":"13","None":"13","popular_skills_component":["Procurement","Leadership","Contract Negotiation","Sourcing","Negotiation"],"Procurement":"32%","Leadership":"22%","Contract Negotiation":"18%","Sourcing":"\u20b92,502,523","Negotiation":"18%","affect_skills_component":["Procurement","Supply Chain","Leadership","Contract Negotiation","Negotiation"],"Supply Chain":"32%","career_path_component":["Procurement Director"],"location_component":["Mumbai, Maharashtra","Chennai, Tamil Nadu"],"Mumbai, Maharashtra":"20%","Chennai, Tamil Nadu":"-8%","employers_component":[],"related_job_component":["Operations Manager","Procurement Manager","Purchasing Manager","Procurement Specialist","Technical Recruiter","Buyer","Recruiter","Strategic Sourcing Manager","Procurement Analyst"],"Operations Manager":"Avg. Salary \u20b9297k \u2014 \u20b92m","Procurement Manager":"Avg. Salary \u20b9364k \u2014 \u20b92m","Purchasing Manager":"Avg. Salary \u20b9325k \u2014 \u20b92m","Procurement Specialist":"Avg. Salary \u20b9245k \u2014 \u20b9933k","Technical Recruiter":"Avg. Salary \u20b9177k \u2014 \u20b9591k","Buyer":"Avg. Salary \u20b9299k \u2014 \u20b91m","Recruiter":"Avg. Salary \u20b9142k \u2014 \u20b9696k","Strategic Sourcing Manager":"Avg. Salary \u20b9612k \u2014 \u20b92m","Procurement Analyst":"Avg. Salary \u20b9217k \u2014 \u20b9685k"}}