{"0":{"job_title":"Vice_President_(VP)%2C_Technology","avg_salary":"\u20b93,573,720","salary_component":["Base Salary","Bonus","Profit Sharing","Total Pay"],"Base Salary":"\u20b92m - \u20b96m","Bonus":"\u20b9201k - \u20b91m","Profit Sharing":"\u20b9197k - \u20b9712k","Total Pay":"\u20b92m - \u20b97m","pay_by_experience_percent":["Mid Career","Late Career","Experienced"],"Mid Career":"-4%","Late Career":"-2%","Experienced":"15%","pay_by_experience_years":["5-9","10-19"],"5-9":"\u20b93,441,187","10-19":"\u20b93,493,611","gender_component":["Male","Female"],"Male":"85.5","Female":"14.5","health_benefits_componentt":["Medical","Dental","Vision","None"],"Medical":"95","Dental":"13","Vision":"12","None":"5","popular_skills_component":["Leadership","People Management","Software Architecture","Project Management","Product Development"],"Leadership":"12%","People Management":"2%","Software Architecture":"9%","Project Management":"\u20b93,226,921","Product Development":"6%","affect_skills_component":["Development Operations (DevOps)","Cloud Computing","Strategic Project Management","Big Data Analytics","Leadership","Software Architecture","Product Development","People Management"],"Development Operations (DevOps)":"68%","Cloud Computing":"68%","Strategic Project Management":"25%","Big Data Analytics":"15%","career_path_component":[],"location_component":["Bangalore, Karnataka","Mumbai, Maharashtra","Chennai, Tamil Nadu","Pune, Maharashtra","Hyderabad, Andhra Pradesh","New Delhi, Delhi","Gurgaon, Haryana","Kolkata, West Bengal"],"Bangalore, Karnataka":"9%","Mumbai, Maharashtra":"-11%","Chennai, Tamil Nadu":"-25%","Pune, Maharashtra":"8%","Hyderabad, Andhra Pradesh":"-12%","New Delhi, Delhi":"15%","Gurgaon, Haryana":"34%","Kolkata, West Bengal":"-43%","employers_component":["J.P. Morgan Chase & Co. (JPMCC)"],"J.P. Morgan Chase & Co. (JPMCC)":"Avg. Salary: \u20b93,255,567","related_job_component":["Operations Manager","Software Engineer","Senior Software Engineer","Project Manager, (Unspecified Type \/ General)","Software Developer","Project Manager, Information Technology (IT)","Operations Team Leader","Sr. Software Engineer \/ Developer \/ Programmer","Lead Software Engineer"],"Operations Manager":"Avg. Salary \u20b9297k \u2014 \u20b92m","Software Engineer":"Avg. Salary \u20b9262k \u2014 \u20b91m","Senior Software Engineer":"Avg. Salary \u20b9493k \u2014 \u20b92m","Project Manager, (Unspecified Type \/ General)":"Avg. Salary \u20b9456k \u2014 \u20b92m","Software Developer":"Avg. Salary \u20b9214k \u2014 \u20b91m","Project Manager, Information Technology (IT)":"Avg. Salary \u20b9531k \u2014 \u20b92m","Operations Team Leader":"Avg. Salary \u20b9242k \u2014 \u20b9948k","Sr. Software Engineer \/ Developer \/ Programmer":"Avg. Salary \u20b9432k \u2014 \u20b92m","Lead Software Engineer":"Avg. Salary \u20b9780k \u2014 \u20b93m"}}