{"0":{"job_title":"Vice_President_(VP)%2C_Supply_Chain_Management","avg_salary":"\u20b94,081,921","salary_component":["Base Salary","Bonus","Profit Sharing","Total Pay"],"Base Salary":"\u20b91m - \u20b96m","Bonus":"\u20b950k - \u20b92m","Profit Sharing":"\u20b90 - \u20b9125k","Total Pay":"\u20b91m - \u20b97m","pay_by_experience_percent":["Late Career","Experienced"],"Late Career":"0%","Experienced":"2%","pay_by_experience_years":["10-19"],"10-19":"\u20b94,100,000","gender_component":["Male"],"Male":"100.0","health_benefits_componentt":["Medical","None"],"Medical":"86","None":"14","popular_skills_component":["Supply Chain","Strategic Planning","Leadership","Operations Management","Procurement"],"Supply Chain":"11%","Strategic Planning":"4%","Leadership":"22%","Operations Management":"\u20b94,100,000","Procurement":"14%","affect_skills_component":["Leadership","Procurement","Contract Negotiation","Supply Chain","Strategic Planning"],"Contract Negotiation":"13%","career_path_component":[],"location_component":["Mumbai, Maharashtra"],"Mumbai, Maharashtra":"3%","employers_component":[],"related_job_component":["Operations Manager","Chief Executive Officer (CEO)","Logistics Manager","Operations Team Leader","General \/ Operations Manager","Vice President (VP), Operations","Supply Chain Manager","Procurement Manager","Assistant General Manager (AGM)"],"Operations Manager":"Avg. Salary \u20b9297k \u2014 \u20b92m","Chief Executive Officer (CEO)":"Avg. Salary \u20b9485k \u2014 \u20b910m","Logistics Manager":"Avg. Salary \u20b9236k \u2014 \u20b91m","Operations Team Leader":"Avg. Salary \u20b9242k \u2014 \u20b9946k","General \/ Operations Manager":"Avg. Salary \u20b9312k \u2014 \u20b93m","Vice President (VP), Operations":"Avg. Salary \u20b91m \u2014 \u20b96m","Supply Chain Manager":"Avg. Salary \u20b9301k \u2014 \u20b92m","Procurement Manager":"Avg. Salary \u20b9364k \u2014 \u20b92m","Assistant General Manager (AGM)":"Avg. Salary \u20b9615k \u2014 \u20b93m"}}