{"0":{"job_title":"Vice_President_(VP)%2C_Quality","avg_salary":"\u20b93,700,000","salary_component":["Base Salary","Bonus","Profit Sharing","Total Pay"],"Base Salary":"\u20b91m - \u20b96m","Bonus":"\u20b980k - \u20b91m","Profit Sharing":"\u20b9113k - \u20b91m","Total Pay":"\u20b91m - \u20b96m","pay_by_experience_percent":["Late Career","Experienced"],"Late Career":"-20%","Experienced":"9%","pay_by_experience_years":["10-19"],"10-19":"\u20b92,966,089","gender_component":["Male","Female"],"Male":"91.7","Female":"8.3","health_benefits_componentt":["Medical","Dental","Vision","None"],"Medical":"83","Dental":"22","Vision":"28","None":"11","popular_skills_component":["Quality Assurance \/ Quality Control","Six Sigma Black Belt","Leadership","Regulatory Compliance","Quality Improvement \/ QA"],"Quality Assurance \/ Quality Control":"\u20b92,671,445","Six Sigma Black Belt":"\u20b93,049,180","Leadership":"\u20b93,200,000","Regulatory Compliance":"\u20b92,623,640","Quality Improvement \/ QA":"1%","affect_skills_component":["Total Quality Management (TQM)","Quality Improvement \/ QA"],"Total Quality Management (TQM)":"22%","career_path_component":["Vice President (VP), Operations"],"location_component":["Mumbai, Maharashtra","Bangalore, Karnataka","Hyderabad, Andhra Pradesh"],"Mumbai, Maharashtra":"8%","Bangalore, Karnataka":"-11%","Hyderabad, Andhra Pradesh":"-16%","employers_component":[],"related_job_component":["Quality Assurance Manager","Quality Manager","Quality Analyst","Quality Assurance (QA) \/ Quality Control (QC) Engineer","Quality Assurance (QA) Engineer","Quality Assurance (QA) \/ Quality Control (QC) Inspector","Operations Manager","Quality Assurance Analyst","Assistant Manager, Quality Control"],"Quality Assurance Manager":"Avg. Salary \u20b9406k \u2014 \u20b92m","Quality Manager":"Avg. Salary \u20b9300k \u2014 \u20b92m","Quality Analyst":"Avg. Salary \u20b9201k \u2014 \u20b9737k","Quality Assurance (QA) \/ Quality Control (QC) Engineer":"Avg. Salary \u20b9145k \u2014 \u20b9616k","Quality Assurance (QA) Engineer":"Avg. Salary \u20b9180k \u2014 \u20b9841k","Quality Assurance (QA) \/ Quality Control (QC) Inspector":"Avg. Salary \u20b9122k \u2014 \u20b9686k","Operations Manager":"Avg. Salary \u20b9297k \u2014 \u20b92m","Quality Assurance Analyst":"Avg. Salary \u20b9173k \u2014 \u20b9888k","Assistant Manager, Quality Control":"Avg. Salary \u20b9308k \u2014 \u20b91m"}}