{"0":{"job_title":"Vice_President_(VP)%2C_Product_Management","avg_salary":"\u20b94,310,887","salary_component":["Base Salary","Bonus","Profit Sharing","Total Pay"],"Base Salary":"\u20b92m - \u20b96m","Bonus":"\u20b9207k - \u20b92m","Profit Sharing":"\u20b90 - \u20b9775k","Total Pay":"\u20b92m - \u20b99m","pay_by_experience_percent":["Early Career","Mid Career","Late Career","Experienced"],"Early Career":"-44%","Mid Career":"-21%","Late Career":"-6%","Experienced":"16%","pay_by_experience_years":["1-4"],"1-4":"\u20b92,400,000","gender_component":["Male","Female"],"Male":"89.7","Female":"10.3","health_benefits_componentt":["Medical","Dental","Vision","None"],"Medical":"77","Dental":"15","Vision":"18","None":"23","popular_skills_component":["Product Management","Leadership","Strategic Planning","Strategy","Product Development"],"Product Management":"9%","Leadership":"18%","Strategic Planning":"16%","Strategy":"22%","Product Development":"4%","affect_skills_component":["Strategy","Leadership","Strategic Planning","Product Management","Product Development"],"career_path_component":["Senior Vice President (SVP), Product Man..."],"location_component":["Bangalore, Karnataka","Mumbai, Maharashtra","Hyderabad, Andhra Pradesh"],"Bangalore, Karnataka":"15%","Mumbai, Maharashtra":"1%","Hyderabad, Andhra Pradesh":"-11%","employers_component":[],"related_job_component":["Operations Manager","Chief Executive Officer (CEO)","Senior Product Manager","Product Manager, Software","Operations Team Leader","Vice President (VP), Operations","Vice President (VP), General Manager","Assistant General Manager (AGM)","Information Technology (IT) Director"],"Operations Manager":"Avg. Salary \u20b9297k \u2014 \u20b92m","Chief Executive Officer (CEO)":"Avg. Salary \u20b9481k \u2014 \u20b910m","Senior Product Manager":"Avg. Salary \u20b9981k \u2014 \u20b94m","Product Manager, Software":"Avg. Salary \u20b9714k \u2014 \u20b93m","Operations Team Leader":"Avg. Salary \u20b9243k \u2014 \u20b9936k","Vice President (VP), Operations":"Avg. Salary \u20b91m \u2014 \u20b96m","Vice President (VP), General Manager":"Avg. Salary \u20b91m \u2014 \u20b96m","Assistant General Manager (AGM)":"Avg. Salary \u20b9624k \u2014 \u20b93m","Information Technology (IT) Director":"Avg. Salary \u20b92m \u2014 \u20b95m"}}