{"0":{"job_title":"Vice_President_(VP)%2C_General_Manager","avg_salary":"\u20b93,194,653","salary_component":["Base Salary","Bonus","Profit Sharing","Commission","Total Pay"],"Base Salary":"\u20b91m - \u20b96m","Bonus":"\u20b960k - \u20b91m","Profit Sharing":"\u20b915 - \u20b91m","Commission":"\u20b90 - \u20b9600k","Total Pay":"\u20b91m - \u20b97m","pay_by_experience_percent":["Early Career","Mid Career","Late Career","Experienced"],"Early Career":"-53%","Mid Career":"-36%","Late Career":"2%","Experienced":"5%","pay_by_experience_years":["1-4"],"1-4":"\u20b91,500,000","gender_component":["Male","Female","Prefer to self-define"],"Male":"91.1","Female":"8.1","Prefer to self-define":"0.8","health_benefits_componentt":["Medical","Dental","Vision","None"],"Medical":"82","Dental":"13","Vision":"13","None":"18","popular_skills_component":["Operations Management","Leadership","Strategic Planning","People Management","Profit & Loss (P&L) Statements"],"Operations Management":"\u20b92,696,655","Leadership":"\u20b93,527,143","Strategic Planning":"\u20b93,419,845","People Management":"\u20b93,255,633","Profit & Loss (P&L) Statements":"\u20b93,430,572","affect_skills_component":["Product Management","Consulting Management","Strategic Project Management","Team Management","Strategy","Business to Business (B2B) Sales","Procurement","Program Management","Strategy Development","Manufacturing Process Engineering"],"Product Management":"88%","Consulting Management":"64%","Strategic Project Management":"45%","Team Management":"44%","Strategy":"33%","Business to Business (B2B) Sales":"31%","Procurement":"25%","Program Management":"25%","Strategy Development":"22%","Manufacturing Process Engineering":"16%","career_path_component":["Vice President (VP), Human Resources (HR...","Chief Executive Officer (CEO)","Chief Operating Officer (COO)"],"location_component":["Mumbai, Maharashtra","Bangalore, Karnataka","Chennai, Tamil Nadu","Pune, Maharashtra","Hyderabad, Andhra Pradesh","New Delhi, Delhi","Gurgaon, Haryana","Kolkata, West Bengal","Ahmedabad, Gujarat","Delhi, Delhi"],"Mumbai, Maharashtra":"10%","Bangalore, Karnataka":"8%","Chennai, Tamil Nadu":"-8%","Pune, Maharashtra":"7%","Hyderabad, Andhra Pradesh":"-8%","New Delhi, Delhi":"-3%","Gurgaon, Haryana":"9%","Kolkata, West Bengal":"-35%","Ahmedabad, Gujarat":"-15%","Delhi, Delhi":"-4%","employers_component":["Lodha Group","HCL Technologies Ltd."],"Lodha Group":"Avg. Salary: \u20b94,200,000","HCL Technologies Ltd.":"Avg. Salary: \u20b92,958,784","related_job_component":["Operations Manager","Area Sales Manager","Project Manager, (Unspecified Type \/ General)","Business Development Manager","Marketing Manager","Regional Sales Manager","Mechanical Engineer","Operations Team Leader","Human Resources (HR) Manager"],"Operations Manager":"Avg. Salary \u20b9297k \u2014 \u20b92m","Area Sales Manager":"Avg. Salary \u20b9299k \u2014 \u20b91m","Project Manager, (Unspecified Type \/ General)":"Avg. Salary \u20b9456k \u2014 \u20b92m","Business Development Manager":"Avg. Salary \u20b9266k \u2014 \u20b91m","Marketing Manager":"Avg. Salary \u20b9285k \u2014 \u20b92m","Regional Sales Manager":"Avg. Salary \u20b9480k \u2014 \u20b92m","Mechanical Engineer":"Avg. Salary \u20b9152k \u2014 \u20b9983k","Operations Team Leader":"Avg. Salary \u20b9242k \u2014 \u20b9948k","Human Resources (HR) Manager":"Avg. Salary \u20b9293k \u2014 \u20b92m"}}