{"0":{"job_title":"Vice_President_(VP)%2C_Strategy","avg_salary":"\u20b93,973,172","salary_component":["Base Salary","Bonus","Profit Sharing","Total Pay"],"Base Salary":"\u20b92m - \u20b98m","Bonus":"\u20b9196k - \u20b92m","Profit Sharing":"\u20b90 - \u20b9225k","Total Pay":"\u20b92m - \u20b910m","pay_by_experience_percent":["Mid Career","Late Career","Experienced"],"Mid Career":"-40%","Late Career":"5%","Experienced":"88%","pay_by_experience_years":["5-9","10-19"],"5-9":"\u20b92,399,029","10-19":"\u20b94,164,359","gender_component":["Male","Female"],"Male":"89.3","Female":"10.7","health_benefits_componentt":["Medical","Dental","Vision","None"],"Medical":"84","Dental":"16","Vision":"18","None":"16","popular_skills_component":["Strategic Planning","Business Strategy","Strategy Development","Leadership","Financial Modeling"],"Strategic Planning":"\u20b93,488,823","Business Strategy":"4%","Strategy Development":"23%","Leadership":"\u20b93,000,000","Financial Modeling":"1%","affect_skills_component":["Strategy Development","Business Strategy","Financial Modeling"],"career_path_component":["Strategic Planning Analyst"],"location_component":["Mumbai, Maharashtra","Bangalore, Karnataka","New Delhi, Delhi","Chennai, Tamil Nadu"],"Mumbai, Maharashtra":"2%","Bangalore, Karnataka":"13%","New Delhi, Delhi":"32%","Chennai, Tamil Nadu":"6%","employers_component":[],"related_job_component":["Project Manager, (Unspecified Type \/ General)","Operations Manager","Civil Engineer","Business Development Manager","Chief Executive Officer (CEO)","Project Manager, Information Technology (IT)","Project Engineer","Senior Project Manager, IT","Mechanical Engineer"],"Project Manager, (Unspecified Type \/ General)":"Avg. Salary \u20b9456k \u2014 \u20b92m","Operations Manager":"Avg. Salary \u20b9297k \u2014 \u20b92m","Civil Engineer":"Avg. Salary \u20b9154k \u2014 \u20b9771k","Business Development Manager":"Avg. Salary \u20b9266k \u2014 \u20b91m","Chief Executive Officer (CEO)":"Avg. Salary \u20b9485k \u2014 \u20b910m","Project Manager, Information Technology (IT)":"Avg. Salary \u20b9531k \u2014 \u20b92m","Project Engineer":"Avg. Salary \u20b9198k \u2014 \u20b9849k","Senior Project Manager, IT":"Avg. Salary \u20b91m \u2014 \u20b93m","Mechanical Engineer":"Avg. Salary \u20b9152k \u2014 \u20b9983k"}}