{"0":{"job_title":"Vice_President_(VP)_of_Product_Development","avg_salary":"\u20b93,041,019","salary_component":["Base Salary","Bonus","Profit Sharing","Total Pay"],"Base Salary":"\u20b92m - \u20b96m","Bonus":"\u20b9146k - \u20b91m","Profit Sharing":"\u20b90 - \u20b9500k","Total Pay":"\u20b92m - \u20b97m","pay_by_experience_percent":["Late Career","Experienced"],"Late Career":"5%","Experienced":"9%","pay_by_experience_years":["10-19"],"10-19":"\u20b93,191,643","gender_component":["Male","Female"],"Male":"89.3","Female":"10.7","health_benefits_componentt":["Medical","Dental","Vision","None"],"Medical":"83","Dental":"3","Vision":"3","None":"17","popular_skills_component":["Product Development","Product Management","Strategic Project Management","Software Architecture","Leadership"],"Product Development":"4%","Product Management":"9%","Strategic Project Management":"\u20b92,888,329","Software Architecture":"\u20b92,923,077","Leadership":"\u20b93,000,000","affect_skills_component":["Product Management","Product Development"],"career_path_component":[],"location_component":["Mumbai, Maharashtra","Bangalore, Karnataka","Chennai, Tamil Nadu","Hyderabad, Andhra Pradesh"],"Mumbai, Maharashtra":"2%","Bangalore, Karnataka":"26%","Chennai, Tamil Nadu":"2%","Hyderabad, Andhra Pradesh":"4%","employers_component":[],"related_job_component":["Project Manager, (Unspecified Type \/ General)","Operations Manager","Data Analyst","Project Manager, Information Technology (IT)","Civil Engineer","Senior Business Analyst","Senior Project Manager, IT","Chief Technology Officer (CTO)","Project Engineer"],"Project Manager, (Unspecified Type \/ General)":"Avg. Salary \u20b9456k \u2014 \u20b92m","Operations Manager":"Avg. Salary \u20b9297k \u2014 \u20b92m","Data Analyst":"Avg. Salary \u20b9201k \u2014 \u20b9959k","Project Manager, Information Technology (IT)":"Avg. Salary \u20b9531k \u2014 \u20b92m","Civil Engineer":"Avg. Salary \u20b9154k \u2014 \u20b9771k","Senior Business Analyst":"Avg. Salary \u20b9447k \u2014 \u20b92m","Senior Project Manager, IT":"Avg. Salary \u20b91m \u2014 \u20b93m","Chief Technology Officer (CTO)":"Avg. Salary \u20b9739k \u2014 \u20b97m","Project Engineer":"Avg. Salary \u20b9198k \u2014 \u20b9849k"}}