{"0":{"job_title":"Vice_President_(VP)%2C_Internal_Audit","avg_salary":"\u20b93,460,437","salary_component":["Base Salary","Bonus","Total Pay"],"Base Salary":"\u20b91m - \u20b96m","Bonus":"\u20b9145k - \u20b91m","Total Pay":"\u20b91m - \u20b97m","pay_by_experience_percent":["Late Career","Experienced"],"Late Career":"5%","Experienced":"21%","pay_by_experience_years":["10-19"],"10-19":"\u20b93,643,836","gender_component":["Male","Female"],"Male":"75.0","Female":"25.0","health_benefits_componentt":["Medical","Dental","None"],"Medical":"74","Dental":"5","None":"21","popular_skills_component":["Internal Audit","Risk Management \/ Risk Control","Auditing"],"Internal Audit":"5%","Risk Management \/ Risk Control":"5%","Auditing":"30%","affect_skills_component":["Auditing","Internal Audit","Risk Management \/ Risk Control"],"career_path_component":[],"location_component":["Mumbai, Maharashtra","Bangalore, Karnataka"],"Mumbai, Maharashtra":"-2%","Bangalore, Karnataka":"20%","employers_component":[],"related_job_component":["Chartered Accountant","Internal Auditor","Internal Auditing Manager","Credit Manager","Senior Manager Auditor","Auditor","Safety Officer","Associate - Accounting or Auditing Firm","Quality Manager"],"Chartered Accountant":"Avg. Salary \u20b9411k \u2014 \u20b92m","Internal Auditor":"Avg. Salary \u20b9201k \u2014 \u20b91m","Internal Auditing Manager":"Avg. Salary \u20b9404k \u2014 \u20b92m","Credit Manager":"Avg. Salary \u20b9265k \u2014 \u20b91m","Senior Manager Auditor":"Avg. Salary \u20b9849k \u2014 \u20b93m","Auditor":"Avg. Salary \u20b9122k \u2014 \u20b91m","Safety Officer":"Avg. Salary \u20b9186k \u2014 \u20b9749k","Associate - Accounting or Auditing Firm":"Avg. Salary \u20b9197k \u2014 \u20b9857k","Quality Manager":"Avg. Salary \u20b9298k \u2014 \u20b92m"}}