{"0":{"job_title":"Aerospace_Engineer","avg_salary":"\u20b9836,782","salary_component":["Base Salary","Bonus","Profit Sharing","Commission","Total Pay"],"Base Salary":"\u20b9199k - \u20b93m","Bonus":"\u20b95k - \u20b9207k","Profit Sharing":"\u20b92k - \u20b9500k","Commission":"\u20b90 - \u20b9140k","Total Pay":"\u20b9202k - \u20b94m","pay_by_experience_percent":["Entry Level","Early Career","Mid Career","Late Career","Experienced"],"Entry Level":"6%","Early Career":"-14%","Mid Career":"18%","Late Career":"18%","Experienced":"146%","pay_by_experience_years":["1","1-4"],"1":"\u20b9886,910","1-4":"\u20b9719,153","gender_component":["Male","Female","Prefer to self-define"],"Male":"81.1","Female":"17.0","Prefer to self-define":"1.9","health_benefits_componentt":["Medical","Dental","Vision","None"],"Medical":"73","Dental":"13","Vision":"14","None":"26","popular_skills_component":["Engineering Design","Technical Analysis","Systems Engineering","Aeros","Avionics"],"Engineering Design":"1%","Technical Analysis":"8%","Systems Engineering":"17%","Aeros":"\u20b9800,000","Avionics":"\u20b9700,000","affect_skills_component":["Finite Element Analysis (FEA)","ANSYS Simulation Software","Project Management","Systems Engineering","Technical Analysis","Engineering Design"],"Finite Element Analysis (FEA)":"67%","ANSYS Simulation Software":"28%","Project Management":"23%","career_path_component":[],"location_component":["Bangalore, Karnataka","Mumbai, Maharashtra","Hyderabad, Andhra Pradesh","New Delhi, Delhi","Chennai, Tamil Nadu","Pune, Maharashtra","Ahmedabad, Gujarat","Kolkata, West Bengal","Delhi, Delhi","Trivandrum, Kerala"],"Bangalore, Karnataka":"-14%","Mumbai, Maharashtra":"-4%","Hyderabad, Andhra Pradesh":"-15%","New Delhi, Delhi":"33%","Chennai, Tamil Nadu":"-15%","Pune, Maharashtra":"8%","Ahmedabad, Gujarat":"22%","Kolkata, West Bengal":"31%","Delhi, Delhi":"20%","Trivandrum, Kerala":"-28%","employers_component":["Airbus","The Boeing Company","Altran Technologies India Pvt Ltd"],"Airbus":"Avg. Salary: \u20b9950,000","The Boeing Company":"Avg. Salary: \u20b9840,000","Altran Technologies India Pvt Ltd":"Avg. Salary: \u20b9450,000","related_job_component":["Mechanical Engineer","Civil Engineer","Design Engineer","Electrical Engineer","Project Manager, (Unspecified Type \/ General)","Project Engineer","Mechanical Design Engineer","Senior Mechanical Engineer","Accountant"],"Mechanical Engineer":"Avg. Salary \u20b9152k \u2014 \u20b9983k","Civil Engineer":"Avg. Salary \u20b9154k \u2014 \u20b9771k","Design Engineer":"Avg. Salary \u20b9174k \u2014 \u20b9926k","Electrical Engineer":"Avg. Salary \u20b9174k \u2014 \u20b9995k","Project Manager, (Unspecified Type \/ General)":"Avg. Salary \u20b9456k \u2014 \u20b92m","Project Engineer":"Avg. Salary \u20b9198k \u2014 \u20b9849k","Mechanical Design Engineer":"Avg. Salary \u20b9160k \u2014 \u20b9820k","Senior Mechanical Engineer":"Avg. Salary \u20b9308k \u2014 \u20b91m","Accountant":"Avg. Salary \u20b9123k \u2014 \u20b9507k"}}