{"0":{"job_title":"Aeronautical_Engineer","avg_salary":"\u20b9610,403","salary_component":["Base Salary","Bonus","Profit Sharing","Commission","Total Pay"],"Base Salary":"\u20b9101k - \u20b94m","Bonus":"\u20b92k - \u20b9509k","Profit Sharing":"\u20b91k - \u20b93m","Commission":"\u20b90 - \u20b93m","Total Pay":"\u20b9103k - \u20b96m","pay_by_experience_percent":["Entry Level","Early Career","Mid Career","Late Career","Experienced"],"Entry Level":"-1%","Early Career":"-17%","Mid Career":"6%","Late Career":"138%","Experienced":"97%","pay_by_experience_years":["1","1-4"],"1":"\u20b9604,024","1-4":"\u20b9506,837","gender_component":["Male","Female"],"Male":"87.5","Female":"12.5","health_benefits_componentt":["Medical","Dental","Vision","None"],"Medical":"66","Dental":"14","Vision":"21","None":"34","popular_skills_component":["Engineering Design","Aeros","Avionics","CATIA"],"Engineering Design":"23%","Aeros":"6%","Avionics":"\u20b9550,000","CATIA":"\u20b9600,000","affect_skills_component":["Engineering Design","Aeros"],"career_path_component":[],"location_component":["Bangalore, Karnataka","Chennai, Tamil Nadu","Mumbai, Maharashtra","Delhi, Delhi","Hyderabad, Andhra Pradesh","New Delhi, Delhi","Ahmedabad, Gujarat","Pune, Maharashtra","Coimbatore, Tamil Nadu"],"Bangalore, Karnataka":"6%","Chennai, Tamil Nadu":"12%","Mumbai, Maharashtra":"-26%","Delhi, Delhi":"64%","Hyderabad, Andhra Pradesh":"17%","New Delhi, Delhi":"15%","Ahmedabad, Gujarat":"-47%","Pune, Maharashtra":"-5%","Coimbatore, Tamil Nadu":"-34%","employers_component":[],"related_job_component":["Design Engineer","Mechanical Engineer","Mechanical Design Engineer","Electrical Engineer","Civil Engineer","Senior Mechanical Design Engineer","Project Engineer","Senior Mechanical Engineer","Design Engineering Manager"],"Design Engineer":"Avg. Salary \u20b9174k \u2014 \u20b9927k","Mechanical Engineer":"Avg. Salary \u20b9152k \u2014 \u20b9983k","Mechanical Design Engineer":"Avg. Salary \u20b9160k \u2014 \u20b9820k","Electrical Engineer":"Avg. Salary \u20b9174k \u2014 \u20b9995k","Civil Engineer":"Avg. Salary \u20b9154k \u2014 \u20b9771k","Senior Mechanical Design Engineer":"Avg. Salary \u20b9362k \u2014 \u20b91m","Project Engineer":"Avg. Salary \u20b9198k \u2014 \u20b9849k","Senior Mechanical Engineer":"Avg. Salary \u20b9308k \u2014 \u20b91m","Design Engineering Manager":"Avg. Salary \u20b9625k \u2014 \u20b93m"}}