{"0":{"job_title":"Architect_(but_not_Landscape_or_Naval)","avg_salary":"\u20b9350,752","salary_component":["Base Salary","Bonus","Profit Sharing","Total Pay"],"Base Salary":"\u20b9174k - \u20b9991k","Bonus":"\u20b92k - \u20b9151k","Profit Sharing":"\u20b997 - \u20b9181k","Total Pay":"\u20b9175k - \u20b91m","pay_by_experience_percent":["Entry Level","Early Career","Mid Career","Late Career","Experienced"],"Entry Level":"-38%","Early Career":"-14%","Mid Career":"65%","Late Career":"196%","Experienced":"236%","pay_by_experience_years":["1"],"1":"\u20b9217,867","gender_component":["Male","Female","Prefer to self-define"],"Male":"58.0","Female":"41.7","Prefer to self-define":"0.3","health_benefits_componentt":["Medical","Dental","Vision","None"],"Medical":"29","Dental":"3","Vision":"3","None":"70","popular_skills_component":["Autodesk AutoCAD","Adobe Photoshop","Design","Microsoft Office","Autodesk Revit Architecture"],"Autodesk AutoCAD":"\u20b9329,602","Adobe Photoshop":"\u20b9305,892","Design":"4%","Microsoft Office":"18%","Autodesk Revit Architecture":"3%","affect_skills_component":["Project Management","Project Coordinating","Autodesk AutoCAD Architecture","Microsoft Office","Design","Autodesk Revit Architecture"],"Project Management":"39%","Project Coordinating":"39%","Autodesk AutoCAD Architecture":"33%","career_path_component":["Design Architect","Project Architect","Senior Project Architect"],"location_component":["Mumbai, Maharashtra","Bangalore, Karnataka","New Delhi, Delhi","Pune, Maharashtra","Chennai, Tamil Nadu","Delhi, Delhi","Ahmedabad, Gujarat","Gurgaon, Haryana","Hyderabad, Andhra Pradesh","Kolkata, West Bengal"],"Mumbai, Maharashtra":"-3%","Bangalore, Karnataka":"24%","New Delhi, Delhi":"22%","Pune, Maharashtra":"-7%","Chennai, Tamil Nadu":"-11%","Delhi, Delhi":"4%","Ahmedabad, Gujarat":"%","Gurgaon, Haryana":"16%","Hyderabad, Andhra Pradesh":"-27%","Kolkata, West Bengal":"-14%","employers_component":["Architect Hafeez Contractor","Total Environment","WS Atkins Consultants Limited","Chief Architect","Dar Al Handasah","P G Patki Architects"],"Architect Hafeez Contractor":"Avg. Salary: \u20b9311,538","Total Environment":"Avg. Salary: \u20b9450,000","WS Atkins Consultants Limited":"Avg. Salary: \u20b9468,000","Chief Architect":"Avg. Salary: \u20b9204,878","Dar Al Handasah":"Avg. Salary: \u20b9531,200","P G Patki Architects":"Avg. Salary: \u20b9404,000","related_job_component":["Civil Engineer","Mechanical Engineer","Project Manager, (Unspecified Type \/ General)","Design Architect","Interior Designer","Design Engineer","Project Engineer","Electrical Engineer","Project Manager, Information Technology (IT)"],"Civil Engineer":"Avg. Salary \u20b9154k \u2014 \u20b9771k","Mechanical Engineer":"Avg. Salary \u20b9152k \u2014 \u20b9983k","Project Manager, (Unspecified Type \/ General)":"Avg. Salary \u20b9456k \u2014 \u20b92m","Design Architect":"Avg. Salary \u20b9152k \u2014 \u20b91m","Interior Designer":"Avg. Salary \u20b9134k \u2014 \u20b9897k","Design Engineer":"Avg. Salary \u20b9174k \u2014 \u20b9926k","Project Engineer":"Avg. Salary \u20b9198k \u2014 \u20b9849k","Electrical Engineer":"Avg. Salary \u20b9174k \u2014 \u20b9995k","Project Manager, Information Technology (IT)":"Avg. Salary \u20b9531k \u2014 \u20b92m"}}