{"0":{"job_title":"Architectural_Designer","avg_salary":"\u20b9401,499","salary_component":["Base Salary","Bonus","Profit Sharing","Commission","Total Pay"],"Base Salary":"\u20b9174k - \u20b91m","Bonus":"\u20b95k - \u20b9126k","Profit Sharing":"\u20b9650 - \u20b9350k","Commission":"\u20b90 - \u20b9300k","Total Pay":"\u20b9181k - \u20b91m","pay_by_experience_percent":["Entry Level","Early Career","Mid Career","Late Career","Experienced"],"Entry Level":"-26%","Early Career":"-24%","Mid Career":"14%","Late Career":"80%","Experienced":"647%","pay_by_experience_years":["1","1-4"],"1":"\u20b9298,708","1-4":"\u20b9306,978","gender_component":["Male","Female"],"Male":"57.1","Female":"42.9","health_benefits_componentt":["Medical","Dental","Vision","None"],"Medical":"50","Dental":"2","Vision":"4","None":"50","popular_skills_component":["Autodesk AutoCAD","Autodesk Revit Architecture","3D Rendering","Design","Adobe Photoshop"],"Autodesk AutoCAD":"\u20b9350,915","Autodesk Revit Architecture":"\u20b9367,811","3D Rendering":"\u20b9309,675","Design":"16%","Adobe Photoshop":"\u20b9360,000","affect_skills_component":["Project Coordinating","Design","Autodesk AutoCAD Architecture"],"Project Coordinating":"31%","Autodesk AutoCAD Architecture":"15%","career_path_component":["Architect (but not Landscape or Naval)","Assistant General Manager (AGM)"],"location_component":["Bangalore, Karnataka","Mumbai, Maharashtra","Hyderabad, Andhra Pradesh","Chennai, Tamil Nadu","Pune, Maharashtra","Delhi, Delhi","New Delhi, Delhi","Ahmedabad, Gujarat","Kolkata, West Bengal","Gurgaon, Haryana"],"Bangalore, Karnataka":"4%","Mumbai, Maharashtra":"11%","Hyderabad, Andhra Pradesh":"-22%","Chennai, Tamil Nadu":"-23%","Pune, Maharashtra":"47%","Delhi, Delhi":"-22%","New Delhi, Delhi":"12%","Ahmedabad, Gujarat":"22%","Kolkata, West Bengal":"-13%","Gurgaon, Haryana":"-10%","employers_component":[],"related_job_component":["Design Architect","Architect (but not Landscape or Naval)","Interior Designer","Civil Engineer","Graphic Designer","Design Engineer","Mechanical Engineer","3D Artist","Project Manager, (Unspecified Type \/ General)"],"Design Architect":"Avg. Salary \u20b9152k \u2014 \u20b91m","Architect (but not Landscape or Naval)":"Avg. Salary \u20b9174k \u2014 \u20b9991k","Interior Designer":"Avg. Salary \u20b9134k \u2014 \u20b9897k","Civil Engineer":"Avg. Salary \u20b9154k \u2014 \u20b9771k","Graphic Designer":"Avg. Salary \u20b9141k \u2014 \u20b9621k","Design Engineer":"Avg. Salary \u20b9174k \u2014 \u20b9926k","Mechanical Engineer":"Avg. Salary \u20b9152k \u2014 \u20b9983k","3D Artist":"Avg. Salary \u20b9156k \u2014 \u20b9866k","Project Manager, (Unspecified Type \/ General)":"Avg. Salary \u20b9458k \u2014 \u20b92m"}}