{"0":{"job_title":"Architectural_Draftsman","avg_salary":"\u20b9343,707","salary_component":["Base Salary","Bonus","Profit Sharing","Total Pay"],"Base Salary":"\u20b9148k - \u20b9613k","Bonus":"\u20b95k - \u20b959k","Profit Sharing":"\u20b97 - \u20b9233k","Total Pay":"\u20b9148k - \u20b9841k","pay_by_experience_percent":["Entry Level","Early Career","Mid Career","Late Career","Experienced"],"Entry Level":"-29%","Early Career":"-29%","Mid Career":"1%","Late Career":"46%","Experienced":"89%","pay_by_experience_years":["1","1-4"],"1":"\u20b9244,898","1-4":"\u20b9243,671","gender_component":["Male","Female"],"Male":"87.0","Female":"13.0","health_benefits_componentt":["Medical","Dental","Vision","None"],"Medical":"27","Dental":"4","Vision":"2","None":"73","popular_skills_component":["Autodesk AutoCAD","Autodesk AutoCAD Architecture","Microsoft Office","Adobe Photoshop","Autodesk Revit Architecture"],"Autodesk AutoCAD":"5%","Autodesk AutoCAD Architecture":"1%","Microsoft Office":"15%","Adobe Photoshop":"39%","Autodesk Revit Architecture":"5%","affect_skills_component":["Adobe Photoshop","Computer Aided Drafting & Design (CADD)","Microsoft Office","Autodesk AutoCAD","Autodesk Revit Architecture","SketchUp","Autodesk AutoCAD Architecture"],"Computer Aided Drafting & Design (CADD)":"19%","SketchUp":"2%","career_path_component":["Interior Designer"],"location_component":["Mumbai, Maharashtra","Chennai, Tamil Nadu","Pune, Maharashtra","Bangalore, Karnataka","Hyderabad, Andhra Pradesh","Kolkata, West Bengal","Ahmedabad, Gujarat","New Delhi, Delhi"],"Mumbai, Maharashtra":"-11%","Chennai, Tamil Nadu":"43%","Pune, Maharashtra":"-15%","Bangalore, Karnataka":"1%","Hyderabad, Andhra Pradesh":"-20%","Kolkata, West Bengal":"-20%","Ahmedabad, Gujarat":"2%","New Delhi, Delhi":"16%","employers_component":[],"related_job_component":["Civil Engineer","Design Architect","Mechanical Engineer","Architect (but not Landscape or Naval)","Interior Designer","Design Engineer","Graphic Designer","Electrical Engineer","Project Engineer"],"Civil Engineer":"Avg. Salary \u20b9154k \u2014 \u20b9771k","Design Architect":"Avg. Salary \u20b9152k \u2014 \u20b91m","Mechanical Engineer":"Avg. Salary \u20b9151k \u2014 \u20b9981k","Architect (but not Landscape or Naval)":"Avg. Salary \u20b9174k \u2014 \u20b9991k","Interior Designer":"Avg. Salary \u20b9134k \u2014 \u20b9897k","Design Engineer":"Avg. Salary \u20b9174k \u2014 \u20b9923k","Graphic Designer":"Avg. Salary \u20b9142k \u2014 \u20b9620k","Electrical Engineer":"Avg. Salary \u20b9174k \u2014 \u20b9995k","Project Engineer":"Avg. Salary \u20b9198k \u2014 \u20b9843k"}}