{"0":{"job_title":"AutoCAD_Designer","avg_salary":"\u20b9299,050","salary_component":["Base Salary","Bonus","Profit Sharing","Commission","Total Pay"],"Base Salary":"\u20b9119k - \u20b91m","Bonus":"\u20b92k - \u20b9102k","Profit Sharing":"\u20b91k - \u20b9202k","Commission":"\u20b90 - \u20b920k","Total Pay":"\u20b9121k - \u20b91m","pay_by_experience_percent":["Entry Level","Early Career","Mid Career","Late Career","Experienced"],"Entry Level":"-16%","Early Career":"-16%","Mid Career":"52%","Late Career":"104%","Experienced":"368%","pay_by_experience_years":["1","1-4"],"1":"\u20b9249,801","1-4":"\u20b9252,068","gender_component":["Male","Female","Prefer to self-define"],"Male":"88.4","Female":"10.5","Prefer to self-define":"1.2","health_benefits_componentt":["Medical","Dental","Vision","None"],"Medical":"44","Dental":"4","Vision":"5","None":"54","popular_skills_component":["Autodesk AutoCAD","Computer Aided Drafting & Design (CADD)","Engineering Design","Microsoft Excel","Microsoft Office"],"Autodesk AutoCAD":"\u20b9294,024","Computer Aided Drafting & Design (CADD)":"\u20b9210,000","Engineering Design":"2%","Microsoft Excel":"\u20b9244,898","Microsoft Office":"\u20b9213,647","affect_skills_component":["Autodesk Software","Autodesk AutoCAD Civil 3D","Autodesk Revit Architecture","Engineering Design"],"Autodesk Software":"60%","Autodesk AutoCAD Civil 3D":"37%","Autodesk Revit Architecture":"7%","career_path_component":["Design Engineer","Computer Aided Design (CAD) Designer","Architectural Draftsman"],"location_component":["Hyderabad, Andhra Pradesh","Chennai, Tamil Nadu","Mumbai, Maharashtra","Bangalore, Karnataka","New Delhi, Delhi","Pune, Maharashtra","Delhi, Delhi","Ahmedabad, Gujarat","Gurgaon, Haryana","Noida, Uttar Pradesh"],"Hyderabad, Andhra Pradesh":"1%","Chennai, Tamil Nadu":"-23%","Mumbai, Maharashtra":"60%","Bangalore, Karnataka":"-10%","New Delhi, Delhi":"25%","Pune, Maharashtra":"19%","Delhi, Delhi":"84%","Ahmedabad, Gujarat":"4%","Gurgaon, Haryana":"70%","Noida, Uttar Pradesh":"20%","employers_component":[],"related_job_component":["Mechanical Engineer","Civil Engineer","Design Engineer","Electrical Engineer","Mechanical Design Engineer","Project Engineer","Design Architect","Senior Mechanical Design Engineer","Accountant"],"Mechanical Engineer":"Avg. Salary \u20b9152k \u2014 \u20b9983k","Civil Engineer":"Avg. Salary \u20b9154k \u2014 \u20b9771k","Design Engineer":"Avg. Salary \u20b9174k \u2014 \u20b9927k","Electrical Engineer":"Avg. Salary \u20b9174k \u2014 \u20b9995k","Mechanical Design Engineer":"Avg. Salary \u20b9160k \u2014 \u20b9820k","Project Engineer":"Avg. Salary \u20b9198k \u2014 \u20b9849k","Design Architect":"Avg. Salary \u20b9152k \u2014 \u20b91m","Senior Mechanical Design Engineer":"Avg. Salary \u20b9362k \u2014 \u20b91m","Accountant":"Avg. Salary \u20b9123k \u2014 \u20b9507k"}}