{"0":{"job_title":"Automation_Engineer","avg_salary":"\u20b9450,313","salary_component":["Base Salary","Bonus","Profit Sharing","Commission","Total Pay"],"Base Salary":"\u20b9183k - \u20b9981k","Bonus":"\u20b95k - \u20b9123k","Profit Sharing":"\u20b92k - \u20b9298k","Commission":"\u20b90 - \u20b931k","Total Pay":"\u20b9193k - \u20b91m","pay_by_experience_percent":["Entry Level","Early Career","Mid Career","Late Career","Experienced"],"Entry Level":"-43%","Early Career":"-7%","Mid Career":"64%","Late Career":"130%","Experienced":"365%","pay_by_experience_years":["1","1-4"],"1":"\u20b9254,702","1-4":"\u20b9418,114","gender_component":["Male","Female","Prefer to self-define"],"Male":"84.0","Female":"15.7","Prefer to self-define":"0.3","health_benefits_componentt":["Medical","Dental","Vision","None"],"Medical":"72","Dental":"7","Vision":"7","None":"28","popular_skills_component":["Test Automation","Automation Scripting","Programmable Logic Controllers (PLC) \/ Automation","Selenium Automated Test Tool","Human-Machine Interface (HMI)"],"Test Automation":"18%","Automation Scripting":"11%","Programmable Logic Controllers (PLC) \/ Automation":"\u20b9304,390","Selenium Automated Test Tool":"28%","Human-Machine Interface (HMI)":"\u20b9300,060","affect_skills_component":["Linux","Python","Windows PowerShell","Jenkins","Machine Learning","Selenium Automated Test Tool","Java","Cucumber","Test Automation","Automation Scripting"],"Linux":"333%","Python":"55%","Windows PowerShell":"42%","Jenkins":"33%","Machine Learning":"31%","Java":"25%","Cucumber":"19%","career_path_component":["Senior Automation Engineer","Senior Quality Assurance (QA) \/ Test Aut...","Industrial Automation Engineer"],"location_component":["Bangalore, Karnataka","Pune, Maharashtra","Chennai, Tamil Nadu","Hyderabad, Andhra Pradesh","Mumbai, Maharashtra","Ahmedabad, Gujarat","Noida, Uttar Pradesh","Gurgaon, Haryana","New Delhi, Delhi","Delhi, Delhi"],"Bangalore, Karnataka":"16%","Pune, Maharashtra":"11%","Chennai, Tamil Nadu":"20%","Hyderabad, Andhra Pradesh":"6%","Mumbai, Maharashtra":"-14%","Ahmedabad, Gujarat":"-27%","Noida, Uttar Pradesh":"1%","Gurgaon, Haryana":"72%","New Delhi, Delhi":"-31%","Delhi, Delhi":"-6%","employers_component":["Capgemini","Tata Consultancy Services Limited","Cognizant","HCL Technologies Ltd.","IBM India Private Limited","InfoSys Limited","Cognizant Technology Solutions Corp","EY (Ernst & Young)","Cmi Fpe Ltd","Siemens Ltd"],"Capgemini":"Avg. Salary: \u20b9452,000","Tata Consultancy Services Limited":"Avg. Salary: \u20b9497,855","Cognizant":"Avg. Salary: \u20b9552,947","HCL Technologies Ltd.":"Avg. Salary: \u20b9177,760","IBM India Private Limited":"Avg. Salary: \u20b9789,000","InfoSys Limited":"Avg. Salary: \u20b9344,000","Cognizant Technology Solutions Corp":"Avg. Salary: \u20b9556,697","EY (Ernst & Young)":"Avg. Salary: \u20b9800,000","Cmi Fpe Ltd":"Avg. Salary: \u20b9208,300","Siemens Ltd":"Avg. Salary: \u20b9850,000","related_job_component":["Software Engineer","Senior Software Engineer","Software Developer","Sr. Software Engineer \/ Developer \/ Programmer","Test \/ Quality Assurance (QA) Engineer (Computer Software)","Senior Quality Assurance (QA) \/ Test Automation Engineer","Data Scientist","Software Engineer \/ Developer \/ Programmer","Associate Software Engineer"],"Software Engineer":"Avg. Salary \u20b9262k \u2014 \u20b91m","Senior Software Engineer":"Avg. Salary \u20b9493k \u2014 \u20b92m","Software Developer":"Avg. Salary \u20b9214k \u2014 \u20b91m","Sr. Software Engineer \/ Developer \/ Programmer":"Avg. Salary \u20b9432k \u2014 \u20b92m","Test \/ Quality Assurance (QA) Engineer (Computer Software)":"Avg. Salary \u20b9190k \u2014 \u20b9868k","Senior Quality Assurance (QA) \/ Test Automation Engineer":"Avg. Salary \u20b9414k \u2014 \u20b92m","Data Scientist":"Avg. Salary \u20b9343k \u2014 \u20b92m","Software Engineer \/ Developer \/ Programmer":"Avg. Salary \u20b9225k \u2014 \u20b91m","Associate Software Engineer":"Avg. Salary \u20b9240k \u2014 \u20b91m"}}