{"0":{"job_title":"Automotive_Engineer","avg_salary":"\u20b9623,294","salary_component":["Base Salary","Bonus","Profit Sharing","Commission","Total Pay"],"Base Salary":"\u20b9217k - \u20b92m","Bonus":"\u20b95k - \u20b9203k","Profit Sharing":"\u20b92k - \u20b9775k","Commission":"\u20b90 - \u20b9150k","Total Pay":"\u20b9270k - \u20b92m","pay_by_experience_percent":["Entry Level","Early Career","Mid Career","Late Career","Experienced"],"Entry Level":"-7%","Early Career":"-6%","Mid Career":"20%","Late Career":"143%","Experienced":"60%","pay_by_experience_years":["1","1-4"],"1":"\u20b9580,650","1-4":"\u20b9587,228","gender_component":["Male","Female","Prefer to self-define"],"Male":"93.6","Female":"4.3","Prefer to self-define":"2.1","health_benefits_componentt":["Medical","Dental","Vision","None"],"Medical":"71","Dental":"8","Vision":"13","None":"26","popular_skills_component":["Engineering Design","Autodesk AutoCAD","Product Development","Project Management","Matlab"],"Engineering Design":"\u20b9604,024","Autodesk AutoCAD":"\u20b9550,000","Product Development":"4%","Project Management":"4%","Matlab":"8%","affect_skills_component":["Automotive Engine Repair","System Testing","Simulation","CATIA","Test Engineering","Microsoft Excel","Matlab","Product Development","Project Management"],"Automotive Engine Repair":"85%","System Testing":"64%","Simulation":"60%","CATIA":"52%","Test Engineering":"52%","Microsoft Excel":"44%","career_path_component":[],"location_component":["Chennai, Tamil Nadu","Bangalore, Karnataka","Pune, Maharashtra","New Delhi, Delhi","Mumbai, Maharashtra","Hyderabad, Andhra Pradesh","Delhi, Delhi","Kolkata, West Bengal","Ahmedabad, Gujarat","Gurgaon, Haryana"],"Chennai, Tamil Nadu":"-4%","Bangalore, Karnataka":"26%","Pune, Maharashtra":"36%","New Delhi, Delhi":"20%","Mumbai, Maharashtra":"-2%","Hyderabad, Andhra Pradesh":"-18%","Delhi, Delhi":"%","Kolkata, West Bengal":"28%","Ahmedabad, Gujarat":"-51%","Gurgaon, Haryana":"-33%","employers_component":["Mahindra & Mahindra Ltd.","Tata Motors"],"Mahindra & Mahindra Ltd.":"Avg. Salary: \u20b9937,500","Tata Motors":"Avg. Salary: \u20b9800,000","related_job_component":["Mechanical Engineer","Civil Engineer","Design Engineer","Project Manager, (Unspecified Type \/ General)","Electrical Engineer","Project Engineer","Senior Mechanical Engineer","Mechanical Design Engineer","Senior Mechanical Design Engineer"],"Mechanical Engineer":"Avg. Salary \u20b9152k \u2014 \u20b9983k","Civil Engineer":"Avg. Salary \u20b9154k \u2014 \u20b9771k","Design Engineer":"Avg. Salary \u20b9174k \u2014 \u20b9927k","Project Manager, (Unspecified Type \/ General)":"Avg. Salary \u20b9458k \u2014 \u20b92m","Electrical Engineer":"Avg. Salary \u20b9174k \u2014 \u20b9995k","Project Engineer":"Avg. Salary \u20b9198k \u2014 \u20b9849k","Senior Mechanical Engineer":"Avg. Salary \u20b9307k \u2014 \u20b91m","Mechanical Design Engineer":"Avg. Salary \u20b9160k \u2014 \u20b9820k","Senior Mechanical Design Engineer":"Avg. Salary \u20b9362k \u2014 \u20b91m"}}