[{"job_title":"Civil Engineer","avg_salary":"₹308,346","pay_by_experience":"An entry-level Civil Engineer with less than 1 year experience can expect to earn an average total compensation (includes tips, bonus, and overtime pay) of ₹244,385 based on 1,210 salaries. An early career Civil Engineer with 1-4 years of experience earns an average total compensation of ₹290,930 based on 5,131 salaries. A mid-career Civil Engineer with 5-9 years of experience earns an average total compensation of ₹464,789 based on 1,665 salaries. An experienced Civil Engineer with 10-19 years of experience earns an average total compensation of ₹648,263 based on 668 salaries. In their late career (20 years and higher), employees earn an average total compensation of ₹853,342.  Read less"},{"job_title":"Mechanical Engineer","avg_salary":"₹349,704","pay_by_experience":"An entry-level Mechanical Engineer with less than 1 year experience can expect to earn an average total compensation (includes tips, bonus, and overtime pay) of ₹279,727 based on 1,884 salaries. An early career Mechanical Engineer with 1-4 years of experience earns an average total compensation of ₹300,296 based on 4,640 salaries. A mid-career Mechanical Engineer with 5-9 years of experience earns an average total compensation of ₹541,266 based on 1,541 salaries. An experienced Mechanical Engineer with 10-19 years of experience earns an average total compensation of ₹877,620 based on 680 salaries. In their late career (20 years and higher), employees earn an average total compensation of ₹996,290.  Read less"},{"job_title":"Design Engineer","avg_salary":"₹371,507","pay_by_experience":"An entry-level Design Engineer with less than 1 year experience can expect to earn an average total compensation (includes tips, bonus, and overtime pay) of ₹245,714 based on 514 salaries. An early career Design Engineer with 1-4 years of experience earns an average total compensation of ₹329,835 based on 3,188 salaries. A mid-career Design Engineer with 5-9 years of experience earns an average total compensation of ₹585,222 based on 1,221 salaries. An experienced Design Engineer with 10-19 years of experience earns an average total compensation of ₹994,574 based on 311 salaries. In their late career (20 years and higher), employees earn an average total compensation of ₹1,179,162.  Read less"},{"job_title":"Electrical Engineer","avg_salary":"₹365,859","pay_by_experience":"An entry-level Electrical Engineer with less than 1 year experience can expect to earn an average total compensation (includes tips, bonus, and overtime pay) of ₹294,270 based on 687 salaries. An early career Electrical Engineer with 1-4 years of experience earns an average total compensation of ₹299,858 based on 2,003 salaries. A mid-career Electrical Engineer with 5-9 years of experience earns an average total compensation of ₹496,072 based on 921 salaries. An experienced Electrical Engineer with 10-19 years of experience earns an average total compensation of ₹695,754 based on 428 salaries. In their late career (20 years and higher), employees earn an average total compensation of ₹1,070,000.  Read less"},{"job_title":"Project Engineer","avg_salary":"₹384,359","pay_by_experience":"An entry-level Project Engineer with less than 1 year experience can expect to earn an average total compensation (includes tips, bonus, and overtime pay) of ₹309,541 based on 209 salaries. An early career Project Engineer with 1-4 years of experience earns an average total compensation of ₹346,436 based on 1,856 salaries. A mid-career Project Engineer with 5-9 years of experience earns an average total compensation of ₹529,263 based on 843 salaries. An experienced Project Engineer with 10-19 years of experience earns an average total compensation of ₹784,223 based on 304 salaries. In their late career (20 years and higher), employees earn an average total compensation of ₹924,324.  Read less"},{"job_title":"Building Information Modeling (BIM) Coordinator","avg_salary":"₹408,103","pay_by_experience":"An entry-level Building Information Modeling (BIM) Coordinator with less than 1 year experience can expect to earn an average total compensation (includes tips, bonus, and overtime pay) of ₹248,021 based on 384 salaries. An early career Building Information Modeling (BIM) Coordinator with 1-4 years of experience earns an average total compensation of ₹362,385 based on 1,696 salaries. A mid-career Building Information Modeling (BIM) Coordinator with 5-9 years of experience earns an average total compensation of ₹599,145 based on 624 salaries. An experienced Building Information Modeling (BIM) Coordinator with 10-19 years of experience earns an average total compensation of ₹818,985 based on 432 salaries. In their late career (20 years and higher), employees earn an average total compensation of ₹1,200,000.  Read less"},{"job_title":"Mechanical Design Engineer","avg_salary":"₹343,249","pay_by_experience":"An entry-level Mechanical Design Engineer with less than 1 year experience can expect to earn an average total compensation (includes tips, bonus, and overtime pay) of ₹213,164 based on 232 salaries. An early career Mechanical Design Engineer with 1-4 years of experience earns an average total compensation of ₹297,890 based on 1,330 salaries. A mid-career Mechanical Design Engineer with 5-9 years of experience earns an average total compensation of ₹579,627 based on 482 salaries. An experienced Mechanical Design Engineer with 10-19 years of experience earns an average total compensation of ₹901,527 based on 160 salaries. In their late career (20 years and higher), employees earn an average total compensation of ₹1,000,000.  Read less"},{"job_title":"Test Engineer","avg_salary":"₹411,743","pay_by_experience":"An entry-level Test Engineer with less than 1 year experience can expect to earn an average total compensation (includes tips, bonus, and overtime pay) of ₹292,451 based on 103 salaries. An early career Test Engineer with 1-4 years of experience earns an average total compensation of ₹400,487 based on 1,517 salaries. A mid-career Test Engineer with 5-9 years of experience earns an average total compensation of ₹656,056 based on 368 salaries. An experienced Test Engineer with 10-19 years of experience earns an average total compensation of ₹854,971 based on 37 salaries.   Read less"},{"job_title":"Senior Test Engineer","avg_salary":"₹712,142","pay_by_experience":"An early career Senior Test Engineer with 1-4 years of experience earns an average total compensation (includes tips, bonus, and overtime pay) of ₹591,853 based on 573 salaries. A mid-career Senior Test Engineer with 5-9 years of experience earns an average total compensation of ₹780,465 based on 1,167 salaries. An experienced Senior Test Engineer with 10-19 years of experience earns an average total compensation of ₹1,037,994 based on 144 salaries.   Read less"},{"job_title":"Design Architect","avg_salary":"₹355,074","pay_by_experience":"An entry-level Design Architect with less than 1 year experience can expect to earn an average total compensation (includes tips, bonus, and overtime pay) of ₹240,030 based on 200 salaries. An early career Design Architect with 1-4 years of experience earns an average total compensation of ₹296,461 based on 1,094 salaries. A mid-career Design Architect with 5-9 years of experience earns an average total compensation of ₹618,365 based on 285 salaries. An experienced Design Architect with 10-19 years of experience earns an average total compensation of ₹1,197,447 based on 172 salaries. In their late career (20 years and higher), employees earn an average total compensation of ₹2,463,025.  Read less"},{"job_title":"Production Engineer","avg_salary":"₹297,923","pay_by_experience":"An entry-level Production Engineer with less than 1 year experience can expect to earn an average total compensation (includes tips, bonus, and overtime pay) of ₹201,118 based on 192 salaries. An early career Production Engineer with 1-4 years of experience earns an average total compensation of ₹265,350 based on 1,014 salaries. A mid-career Production Engineer with 5-9 years of experience earns an average total compensation of ₹409,476 based on 375 salaries. An experienced Production Engineer with 10-19 years of experience earns an average total compensation of ₹496,963 based on 129 salaries. In their late career (20 years and higher), employees earn an average total compensation of ₹493,214.  Read less"},{"job_title":"Senior Quality Assurance (QA) / Test Automation Engineer","avg_salary":"₹889,806","pay_by_experience":"An entry-level Senior Quality Assurance (QA) / Test Automation Engineer with less than 1 year experience can expect to earn an average total compensation (includes tips, bonus, and overtime pay) of ₹318,367 based on 5 salaries. An early career Senior Quality Assurance (QA) / Test Automation Engineer with 1-4 years of experience earns an average total compensation of ₹649,008 based on 426 salaries. A mid-career Senior Quality Assurance (QA) / Test Automation Engineer with 5-9 years of experience earns an average total compensation of ₹961,600 based on 1,036 salaries. An experienced Senior Quality Assurance (QA) / Test Automation Engineer with 10-19 years of experience earns an average total compensation of ₹1,475,456 based on 230 salaries.   Read less"},{"job_title":"Senior Mechanical Engineer","avg_salary":"₹700,213","pay_by_experience":"An entry-level Senior Mechanical Engineer with less than 1 year experience can expect to earn an average total compensation (includes tips, bonus, and overtime pay) of ₹566,000 based on 14 salaries. An early career Senior Mechanical Engineer with 1-4 years of experience earns an average total compensation of ₹519,452 based on 283 salaries. A mid-career Senior Mechanical Engineer with 5-9 years of experience earns an average total compensation of ₹715,950 based on 695 salaries. An experienced Senior Mechanical Engineer with 10-19 years of experience earns an average total compensation of ₹977,320 based on 377 salaries. In their late career (20 years and higher), employees earn an average total compensation of ₹950,000.  Read less"},{"job_title":"Quality Assurance (QA) / Quality Control (QC) Engineer","avg_salary":"₹294,028","pay_by_experience":"An entry-level Quality Assurance (QA) / Quality Control (QC) Engineer with less than 1 year experience can expect to earn an average total compensation (includes tips, bonus, and overtime pay) of ₹183,242 based on 81 salaries. An early career Quality Assurance (QA) / Quality Control (QC) Engineer with 1-4 years of experience earns an average total compensation of ₹247,791 based on 834 salaries. A mid-career Quality Assurance (QA) / Quality Control (QC) Engineer with 5-9 years of experience earns an average total compensation of ₹416,192 based on 297 salaries. An experienced Quality Assurance (QA) / Quality Control (QC) Engineer with 10-19 years of experience earns an average total compensation of ₹633,417 based on 83 salaries. In their late career (20 years and higher), employees earn an average total compensation of ₹600,000.  Read less"},{"job_title":"Service Engineer","avg_salary":"₹267,319","pay_by_experience":"An entry-level Service Engineer with less than 1 year experience can expect to earn an average total compensation (includes tips, bonus, and overtime pay) of ₹182,428 based on 108 salaries. An early career Service Engineer with 1-4 years of experience earns an average total compensation of ₹242,933 based on 722 salaries. A mid-career Service Engineer with 5-9 years of experience earns an average total compensation of ₹385,644 based on 298 salaries. An experienced Service Engineer with 10-19 years of experience earns an average total compensation of ₹431,216 based on 121 salaries. In their late career (20 years and higher), employees earn an average total compensation of ₹555,000.  Read less"},{"job_title":"Desktop Support Engineer","avg_salary":"₹194,153","pay_by_experience":"An entry-level Desktop Support Engineer with less than 1 year experience can expect to earn an average total compensation (includes tips, bonus, and overtime pay) of ₹156,760 based on 102 salaries. An early career Desktop Support Engineer with 1-4 years of experience earns an average total compensation of ₹190,388 based on 773 salaries. A mid-career Desktop Support Engineer with 5-9 years of experience earns an average total compensation of ₹245,638 based on 195 salaries. An experienced Desktop Support Engineer with 10-19 years of experience earns an average total compensation of ₹248,135 based on 42 salaries.   Read less"},{"job_title":"Automation Engineer","avg_salary":"₹461,484","pay_by_experience":"An entry-level Automation Engineer with less than 1 year experience can expect to earn an average total compensation (includes tips, bonus, and overtime pay) of ₹251,430 based on 107 salaries. An early career Automation Engineer with 1-4 years of experience earns an average total compensation of ₹416,850 based on 688 salaries. A mid-career Automation Engineer with 5-9 years of experience earns an average total compensation of ₹739,111 based on 233 salaries. An experienced Automation Engineer with 10-19 years of experience earns an average total compensation of ₹1,033,653 based on 52 salaries. In their late career (20 years and higher), employees earn an average total compensation of ₹2,095,238.  Read less"},{"job_title":"Senior Mechanical Design Engineer","avg_salary":"₹658,780","pay_by_experience":"An entry-level Senior Mechanical Design Engineer with less than 1 year experience can expect to earn an average total compensation (includes tips, bonus, and overtime pay) of ₹500,000 based on 6 salaries. An early career Senior Mechanical Design Engineer with 1-4 years of experience earns an average total compensation of ₹497,188 based on 184 salaries. A mid-career Senior Mechanical Design Engineer with 5-9 years of experience earns an average total compensation of ₹669,267 based on 618 salaries. An experienced Senior Mechanical Design Engineer with 10-19 years of experience earns an average total compensation of ₹914,702 based on 214 salaries. In their late career (20 years and higher), employees earn an average total compensation of ₹1,500,000.  Read less"},{"job_title":"Safety Officer","avg_salary":"₹354,160","pay_by_experience":"An entry-level Safety Officer with less than 1 year experience can expect to earn an average total compensation (includes tips, bonus, and overtime pay) of ₹257,150 based on 110 salaries. An early career Safety Officer with 1-4 years of experience earns an average total compensation of ₹310,823 based on 559 salaries. A mid-career Safety Officer with 5-9 years of experience earns an average total compensation of ₹432,445 based on 253 salaries. An experienced Safety Officer with 10-19 years of experience earns an average total compensation of ₹581,748 based on 82 salaries. In their late career (20 years and higher), employees earn an average total compensation of ₹968,277.  Read less"},{"job_title":"Structural Engineer","avg_salary":"₹490,887","pay_by_experience":"An entry-level Structural Engineer with less than 1 year experience can expect to earn an average total compensation (includes tips, bonus, and overtime pay) of ₹317,142 based on 104 salaries. An early career Structural Engineer with 1-4 years of experience earns an average total compensation of ₹393,047 based on 472 salaries. A mid-career Structural Engineer with 5-9 years of experience earns an average total compensation of ₹743,215 based on 213 salaries. An experienced Structural Engineer with 10-19 years of experience earns an average total compensation of ₹1,031,871 based on 98 salaries. In their late career (20 years and higher), employees earn an average total compensation of ₹1,900,000.  Read less"},{"job_title":"Process Engineer","avg_salary":"₹454,055","pay_by_experience":"An entry-level Process Engineer with less than 1 year experience can expect to earn an average total compensation (includes tips, bonus, and overtime pay) of ₹292,813 based on 76 salaries. An early career Process Engineer with 1-4 years of experience earns an average total compensation of ₹360,781 based on 493 salaries. A mid-career Process Engineer with 5-9 years of experience earns an average total compensation of ₹684,205 based on 216 salaries. An experienced Process Engineer with 10-19 years of experience earns an average total compensation of ₹1,280,827 based on 107 salaries. In their late career (20 years and higher), employees earn an average total compensation of ₹1,300,000.  Read less"},{"job_title":"Architect (but not Landscape or Naval)","avg_salary":"₹346,696","pay_by_experience":"An entry-level Architect (but not Landscape or Naval) with less than 1 year experience can expect to earn an average total compensation (includes tips, bonus, and overtime pay) of ₹217,867 based on 90 salaries. An early career Architect (but not Landscape or Naval) with 1-4 years of experience earns an average total compensation of ₹300,810 based on 537 salaries. A mid-career Architect (but not Landscape or Naval) with 5-9 years of experience earns an average total compensation of ₹579,175 based on 136 salaries. An experienced Architect (but not Landscape or Naval) with 10-19 years of experience earns an average total compensation of ₹1,037,596 based on 85 salaries. In their late career (20 years and higher), employees earn an average total compensation of ₹1,179,162.  Read less"},{"job_title":"Senior Project Engineer","avg_salary":"₹647,783","pay_by_experience":"An early career Senior Project Engineer with 1-4 years of experience earns an average total compensation (includes tips, bonus, and overtime pay) of ₹553,705 based on 202 salaries. A mid-career Senior Project Engineer with 5-9 years of experience earns an average total compensation of ₹679,816 based on 446 salaries. An experienced Senior Project Engineer with 10-19 years of experience earns an average total compensation of ₹827,365 based on 147 salaries. In their late career (20 years and higher), employees earn an average total compensation of ₹813,466.  Read less"},{"job_title":"Manufacturing Engineer","avg_salary":"₹410,352","pay_by_experience":"An entry-level Manufacturing Engineer with less than 1 year experience can expect to earn an average total compensation (includes tips, bonus, and overtime pay) of ₹293,223 based on 63 salaries. An early career Manufacturing Engineer with 1-4 years of experience earns an average total compensation of ₹338,754 based on 350 salaries. A mid-career Manufacturing Engineer with 5-9 years of experience earns an average total compensation of ₹528,320 based on 221 salaries. An experienced Manufacturing Engineer with 10-19 years of experience earns an average total compensation of ₹751,066 based on 115 salaries. In their late career (20 years and higher), employees earn an average total compensation of ₹600,000.  Read less"},{"job_title":"Senior Electrical Engineer","avg_salary":"₹655,889","pay_by_experience":"An entry-level Senior Electrical Engineer with less than 1 year experience can expect to earn an average total compensation (includes tips, bonus, and overtime pay) of ₹480,000 based on 7 salaries. An early career Senior Electrical Engineer with 1-4 years of experience earns an average total compensation of ₹448,637 based on 117 salaries. A mid-career Senior Electrical Engineer with 5-9 years of experience earns an average total compensation of ₹649,121 based on 269 salaries. An experienced Senior Electrical Engineer with 10-19 years of experience earns an average total compensation of ₹930,019 based on 197 salaries. In their late career (20 years and higher), employees earn an average total compensation of ₹1,463,872.  Read less"},{"job_title":"Chemical Engineer","avg_salary":"₹489,282","pay_by_experience":"An entry-level Chemical Engineer with less than 1 year experience can expect to earn an average total compensation (includes tips, bonus, and overtime pay) of ₹414,030 based on 188 salaries. An early career Chemical Engineer with 1-4 years of experience earns an average total compensation of ₹402,534 based on 257 salaries. A mid-career Chemical Engineer with 5-9 years of experience earns an average total compensation of ₹618,242 based on 102 salaries. An experienced Chemical Engineer with 10-19 years of experience earns an average total compensation of ₹993,293 based on 49 salaries. In their late career (20 years and higher), employees earn an average total compensation of ₹1,589,937.  Read less"},{"job_title":"Electronics Engineer","avg_salary":"₹400,183","pay_by_experience":"An entry-level Electronics Engineer with less than 1 year experience can expect to earn an average total compensation (includes tips, bonus, and overtime pay) of ₹388,374 based on 188 salaries. An early career Electronics Engineer with 1-4 years of experience earns an average total compensation of ₹381,890 based on 266 salaries. A mid-career Electronics Engineer with 5-9 years of experience earns an average total compensation of ₹510,928 based on 83 salaries. An experienced Electronics Engineer with 10-19 years of experience earns an average total compensation of ₹1,100,000 based on 30 salaries. In their late career (20 years and higher), employees earn an average total compensation of ₹492,000.  Read less"},{"job_title":"Electrical Design Engineer","avg_salary":"₹396,391","pay_by_experience":"An entry-level Electrical Design Engineer with less than 1 year experience can expect to earn an average total compensation (includes tips, bonus, and overtime pay) of ₹203,394 based on 43 salaries. An early career Electrical Design Engineer with 1-4 years of experience earns an average total compensation of ₹306,118 based on 279 salaries. A mid-career Electrical Design Engineer with 5-9 years of experience earns an average total compensation of ₹587,521 based on 148 salaries. An experienced Electrical Design Engineer with 10-19 years of experience earns an average total compensation of ₹900,000 based on 44 salaries. In their late career (20 years and higher), employees earn an average total compensation of ₹1,200,000.  Read less"},{"job_title":"Design Verification Engineer","avg_salary":"₹889,589","pay_by_experience":"An entry-level Design Verification Engineer with less than 1 year experience can expect to earn an average total compensation (includes tips, bonus, and overtime pay) of ₹311,276 based on 38 salaries. An early career Design Verification Engineer with 1-4 years of experience earns an average total compensation of ₹616,560 based on 291 salaries. A mid-career Design Verification Engineer with 5-9 years of experience earns an average total compensation of ₹1,794,512 based on 124 salaries. An experienced Design Verification Engineer with 10-19 years of experience earns an average total compensation of ₹2,632,784 based on 45 salaries.   Read less"},{"job_title":"Project Manager, Engineering","avg_salary":"₹1,232,310","pay_by_experience":"An entry-level Project Manager, Engineering with less than 1 year experience can expect to earn an average total compensation (includes tips, bonus, and overtime pay) of ₹393,054 based on 22 salaries. An early career Project Manager, Engineering with 1-4 years of experience earns an average total compensation of ₹450,000 based on 55 salaries. A mid-career Project Manager, Engineering with 5-9 years of experience earns an average total compensation of ₹898,074 based on 110 salaries. An experienced Project Manager, Engineering with 10-19 years of experience earns an average total compensation of ₹1,477,076 based on 238 salaries. In their late career (20 years and higher), employees earn an average total compensation of ₹1,753,642.  Read less"},{"job_title":"Staff Engineer","avg_salary":"₹2,439,745","pay_by_experience":"An early career Staff Engineer with 1-4 years of experience earns an average total compensation (includes tips, bonus, and overtime pay) of ₹1,599,538 based on 33 salaries. A mid-career Staff Engineer with 5-9 years of experience earns an average total compensation of ₹2,077,180 based on 152 salaries. An experienced Staff Engineer with 10-19 years of experience earns an average total compensation of ₹2,983,164 based on 286 salaries. In their late career (20 years and higher), employees earn an average total compensation of ₹3,515,891.  Read less"},{"job_title":"Instrumentation Engineer","avg_salary":"₹416,501","pay_by_experience":"An entry-level Instrumentation Engineer with less than 1 year experience can expect to earn an average total compensation (includes tips, bonus, and overtime pay) of ₹313,680 based on 51 salaries. An early career Instrumentation Engineer with 1-4 years of experience earns an average total compensation of ₹330,485 based on 183 salaries. A mid-career Instrumentation Engineer with 5-9 years of experience earns an average total compensation of ₹546,821 based on 131 salaries. An experienced Instrumentation Engineer with 10-19 years of experience earns an average total compensation of ₹986,948 based on 60 salaries. In their late career (20 years and higher), employees earn an average total compensation of ₹1,200,000.  Read less"},{"job_title":"Design Engineering Manager","avg_salary":"₹1,329,770","pay_by_experience":"An early career Design Engineering Manager with 1-4 years of experience earns an average total compensation (includes tips, bonus, and overtime pay) of ₹589,581 based on 18 salaries. A mid-career Design Engineering Manager with 5-9 years of experience earns an average total compensation of ₹976,045 based on 77 salaries. An experienced Design Engineering Manager with 10-19 years of experience earns an average total compensation of ₹1,488,059 based on 281 salaries. In their late career (20 years and higher), employees earn an average total compensation of ₹2,800,000.  Read less"},{"job_title":"AutoCAD Designer","avg_salary":"₹297,451","pay_by_experience":"An entry-level AutoCAD Designer with less than 1 year experience can expect to earn an average total compensation (includes tips, bonus, and overtime pay) of ₹249,801 based on 126 salaries. An early career AutoCAD Designer with 1-4 years of experience earns an average total compensation of ₹251,246 based on 188 salaries. A mid-career AutoCAD Designer with 5-9 years of experience earns an average total compensation of ₹455,087 based on 52 salaries. An experienced AutoCAD Designer with 10-19 years of experience earns an average total compensation of ₹593,218 based on 37 salaries. In their late career (20 years and higher), employees earn an average total compensation of ₹1,400,000.  Read less"},{"job_title":"Senior Civil Engineer","avg_salary":"₹586,283","pay_by_experience":"An early career Senior Civil Engineer with 1-4 years of experience earns an average total compensation (includes tips, bonus, and overtime pay) of ₹468,316 based on 63 salaries. A mid-career Senior Civil Engineer with 5-9 years of experience earns an average total compensation of ₹536,203 based on 149 salaries. An experienced Senior Civil Engineer with 10-19 years of experience earns an average total compensation of ₹663,705 based on 136 salaries. In their late career (20 years and higher), employees earn an average total compensation of ₹936,024.  Read less"},{"job_title":"Senior Automation Engineer","avg_salary":"₹875,001","pay_by_experience":"An early career Senior Automation Engineer with 1-4 years of experience earns an average total compensation (includes tips, bonus, and overtime pay) of ₹641,163 based on 81 salaries. A mid-career Senior Automation Engineer with 5-9 years of experience earns an average total compensation of ₹912,495 based on 260 salaries. An experienced Senior Automation Engineer with 10-19 years of experience earns an average total compensation of ₹1,316,634 based on 61 salaries.   Read less"},{"job_title":"Junior Mechanical Engineer","avg_salary":"₹241,372","pay_by_experience":"An entry-level Junior Mechanical Engineer with less than 1 year experience can expect to earn an average total compensation (includes tips, bonus, and overtime pay) of ₹203,363 based on 102 salaries. An early career Junior Mechanical Engineer with 1-4 years of experience earns an average total compensation of ₹229,453 based on 213 salaries. A mid-career Junior Mechanical Engineer with 5-9 years of experience earns an average total compensation of ₹285,533 based on 43 salaries. An experienced Junior Mechanical Engineer with 10-19 years of experience earns an average total compensation of ₹456,771 based on 12 salaries.   Read less"},{"job_title":"Director of Engineering","avg_salary":"₹4,089,648","pay_by_experience":"A mid-career Director of Engineering with 5-9 years of experience earns an average total compensation (includes tips, bonus, and overtime pay) of ₹3,777,213 based on 22 salaries. An experienced Director of Engineering with 10-19 years of experience earns an average total compensation of ₹4,058,916 based on 200 salaries. In their late career (20 years and higher), employees earn an average total compensation of ₹4,401,556.  Read less"},{"job_title":"Radio Frequency (RF) Engineer","avg_salary":"₹303,023","pay_by_experience":"An entry-level Radio Frequency (RF) Engineer with less than 1 year experience can expect to earn an average total compensation (includes tips, bonus, and overtime pay) of ₹205,243 based on 61 salaries. An early career Radio Frequency (RF) Engineer with 1-4 years of experience earns an average total compensation of ₹288,282 based on 217 salaries. A mid-career Radio Frequency (RF) Engineer with 5-9 years of experience earns an average total compensation of ₹452,065 based on 66 salaries. An experienced Radio Frequency (RF) Engineer with 10-19 years of experience earns an average total compensation of ₹989,237 based on 24 salaries.   Read less"},{"job_title":"Aerospace Engineer","avg_salary":"₹820,183","pay_by_experience":"An entry-level Aerospace Engineer with less than 1 year experience can expect to earn an average total compensation (includes tips, bonus, and overtime pay) of ₹886,910 based on 80 salaries. An early career Aerospace Engineer with 1-4 years of experience earns an average total compensation of ₹700,000 based on 147 salaries. A mid-career Aerospace Engineer with 5-9 years of experience earns an average total compensation of ₹988,963 based on 63 salaries. An experienced Aerospace Engineer with 10-19 years of experience earns an average total compensation of ₹1,000,000 based on 36 salaries. In their late career (20 years and higher), employees earn an average total compensation of ₹2,062,608.  Read less"},{"job_title":"Draughtsman","avg_salary":"₹286,568","pay_by_experience":"An entry-level Draughtsman with less than 1 year experience can expect to earn an average total compensation (includes tips, bonus, and overtime pay) of ₹175,692 based on 32 salaries. An early career Draughtsman with 1-4 years of experience earns an average total compensation of ₹218,433 based on 135 salaries. A mid-career Draughtsman with 5-9 years of experience earns an average total compensation of ₹341,570 based on 78 salaries. An experienced Draughtsman with 10-19 years of experience earns an average total compensation of ₹457,690 based on 75 salaries. In their late career (20 years and higher), employees earn an average total compensation of ₹680,474.  Read less"},{"job_title":"Field Service Engineer","avg_salary":"₹348,947","pay_by_experience":"An entry-level Field Service Engineer with less than 1 year experience can expect to earn an average total compensation (includes tips, bonus, and overtime pay) of ₹185,461 based on 20 salaries. An early career Field Service Engineer with 1-4 years of experience earns an average total compensation of ₹288,366 based on 158 salaries. A mid-career Field Service Engineer with 5-9 years of experience earns an average total compensation of ₹487,662 based on 94 salaries. An experienced Field Service Engineer with 10-19 years of experience earns an average total compensation of ₹550,000 based on 49 salaries. In their late career (20 years and higher), employees earn an average total compensation of ₹850,000.  Read less"},{"job_title":"Structural Design Engineer","avg_salary":"₹484,862","pay_by_experience":"An entry-level Structural Design Engineer with less than 1 year experience can expect to earn an average total compensation (includes tips, bonus, and overtime pay) of ₹262,407 based on 25 salaries. An early career Structural Design Engineer with 1-4 years of experience earns an average total compensation of ₹393,154 based on 176 salaries. A mid-career Structural Design Engineer with 5-9 years of experience earns an average total compensation of ₹714,617 based on 77 salaries. An experienced Structural Design Engineer with 10-19 years of experience earns an average total compensation of ₹1,186,852 based on 38 salaries. In their late career (20 years and higher), employees earn an average total compensation of ₹2,400,000.  Read less"},{"job_title":"Steel Detailer","avg_salary":"₹235,350","pay_by_experience":"An entry-level Steel Detailer with less than 1 year experience can expect to earn an average total compensation (includes tips, bonus, and overtime pay) of ₹145,571 based on 25 salaries. An early career Steel Detailer with 1-4 years of experience earns an average total compensation of ₹206,372 based on 231 salaries. A mid-career Steel Detailer with 5-9 years of experience earns an average total compensation of ₹412,168 based on 54 salaries. An experienced Steel Detailer with 10-19 years of experience earns an average total compensation of ₹500,000 based on 15 salaries.   Read less"},{"job_title":"Hardware Engineer","avg_salary":"₹413,928","pay_by_experience":"An entry-level Hardware Engineer with less than 1 year experience can expect to earn an average total compensation (includes tips, bonus, and overtime pay) of ₹298,326 based on 37 salaries. An early career Hardware Engineer with 1-4 years of experience earns an average total compensation of ₹334,724 based on 175 salaries. A mid-career Hardware Engineer with 5-9 years of experience earns an average total compensation of ₹654,660 based on 72 salaries. An experienced Hardware Engineer with 10-19 years of experience earns an average total compensation of ₹1,600,000 based on 33 salaries. In their late career (20 years and higher), employees earn an average total compensation of ₹1,000,000.  Read less"},{"job_title":"Computer Aided Design (CAD) Designer","avg_salary":"₹343,958","pay_by_experience":"An entry-level Computer Aided Design (CAD) Designer with less than 1 year experience can expect to earn an average total compensation (includes tips, bonus, and overtime pay) of ₹204,257 based on 53 salaries. An early career Computer Aided Design (CAD) Designer with 1-4 years of experience earns an average total compensation of ₹255,498 based on 166 salaries. A mid-career Computer Aided Design (CAD) Designer with 5-9 years of experience earns an average total compensation of ₹560,000 based on 55 salaries. An experienced Computer Aided Design (CAD) Designer with 10-19 years of experience earns an average total compensation of ₹805,374 based on 36 salaries. In their late career (20 years and higher), employees earn an average total compensation of ₹990,000.  Read less"},{"job_title":"Biomedical Engineer","avg_salary":"₹361,308","pay_by_experience":"An entry-level Biomedical Engineer with less than 1 year experience can expect to earn an average total compensation (includes tips, bonus, and overtime pay) of ₹356,041 based on 77 salaries. An early career Biomedical Engineer with 1-4 years of experience earns an average total compensation of ₹308,960 based on 153 salaries. A mid-career Biomedical Engineer with 5-9 years of experience earns an average total compensation of ₹402,209 based on 59 salaries. An experienced Biomedical Engineer with 10-19 years of experience earns an average total compensation of ₹505,652 based on 17 salaries. In their late career (20 years and higher), employees earn an average total compensation of ₹300,000.  Read less"},{"job_title":"Vice President (VP), Engineering","avg_salary":"₹3,993,278","pay_by_experience":"A mid-career Vice President (VP), Engineering with 5-9 years of experience earns an average total compensation (includes tips, bonus, and overtime pay) of ₹2,664,000 based on 31 salaries. An experienced Vice President (VP), Engineering with 10-19 years of experience earns an average total compensation of ₹3,946,874 based on 121 salaries. In their late career (20 years and higher), employees earn an average total compensation of ₹4,633,890.  Read less"},{"job_title":"Mechanical Designer","avg_salary":"₹368,128","pay_by_experience":"An entry-level Mechanical Designer with less than 1 year experience can expect to earn an average total compensation (includes tips, bonus, and overtime pay) of ₹304,699 based on 53 salaries. An early career Mechanical Designer with 1-4 years of experience earns an average total compensation of ₹302,552 based on 142 salaries. A mid-career Mechanical Designer with 5-9 years of experience earns an average total compensation of ₹496,905 based on 54 salaries. An experienced Mechanical Designer with 10-19 years of experience earns an average total compensation of ₹707,684 based on 51 salaries. In their late career (20 years and higher), employees earn an average total compensation of ₹610,419.  Read less"},{"job_title":"Senior Engineering Manager","avg_salary":"₹3,542,661","pay_by_experience":"An early career Senior Engineering Manager with 1-4 years of experience earns an average total compensation (includes tips, bonus, and overtime pay) of ₹2,850,000 based on 5 salaries. A mid-career Senior Engineering Manager with 5-9 years of experience earns an average total compensation of ₹3,560,777 based on 14 salaries. An experienced Senior Engineering Manager with 10-19 years of experience earns an average total compensation of ₹3,597,260 based on 226 salaries. In their late career (20 years and higher), employees earn an average total compensation of ₹3,144,394.  Read less"},{"job_title":"Performance Engineer","avg_salary":"₹619,682","pay_by_experience":"An entry-level Performance Engineer with less than 1 year experience can expect to earn an average total compensation (includes tips, bonus, and overtime pay) of ₹318,000 based on 5 salaries. An early career Performance Engineer with 1-4 years of experience earns an average total compensation of ₹513,303 based on 151 salaries. A mid-career Performance Engineer with 5-9 years of experience earns an average total compensation of ₹923,222 based on 101 salaries. An experienced Performance Engineer with 10-19 years of experience earns an average total compensation of ₹1,380,000 based on 33 salaries.   Read less"},{"job_title":"Industrial Engineer","avg_salary":"₹405,366","pay_by_experience":"An entry-level Industrial Engineer with less than 1 year experience can expect to earn an average total compensation (includes tips, bonus, and overtime pay) of ₹290,021 based on 25 salaries. An early career Industrial Engineer with 1-4 years of experience earns an average total compensation of ₹334,808 based on 159 salaries. A mid-career Industrial Engineer with 5-9 years of experience earns an average total compensation of ₹696,500 based on 59 salaries. An experienced Industrial Engineer with 10-19 years of experience earns an average total compensation of ₹1,123,748 based on 34 salaries. In their late career (20 years and higher), employees earn an average total compensation of ₹810,000.  Read less"},{"job_title":"Physical Design Engineer","avg_salary":"₹621,168","pay_by_experience":"An entry-level Physical Design Engineer with less than 1 year experience can expect to earn an average total compensation (includes tips, bonus, and overtime pay) of ₹325,869 based on 30 salaries. An early career Physical Design Engineer with 1-4 years of experience earns an average total compensation of ₹515,004 based on 175 salaries. A mid-career Physical Design Engineer with 5-9 years of experience earns an average total compensation of ₹2,093,874 based on 47 salaries. An experienced Physical Design Engineer with 10-19 years of experience earns an average total compensation of ₹2,950,890 based on 20 salaries.   Read less"},{"job_title":"Graduate Civil Engineer","avg_salary":"₹278,265","pay_by_experience":"An entry-level Graduate Civil Engineer with less than 1 year experience can expect to earn an average total compensation (includes tips, bonus, and overtime pay) of ₹251,345 based on 90 salaries. An early career Graduate Civil Engineer with 1-4 years of experience earns an average total compensation of ₹251,383 based on 143 salaries. A mid-career Graduate Civil Engineer with 5-9 years of experience earns an average total compensation of ₹479,323 based on 14 salaries. An experienced Graduate Civil Engineer with 10-19 years of experience earns an average total compensation of ₹640,000 based on 10 salaries. In their late career (20 years and higher), employees earn an average total compensation of ₹2,048,780.  Read less"},{"job_title":"Computer Aided Design (CAD) Engineer","avg_salary":"₹310,546","pay_by_experience":"An entry-level Computer Aided Design (CAD) Engineer with less than 1 year experience can expect to earn an average total compensation (includes tips, bonus, and overtime pay) of ₹184,017 based on 37 salaries. An early career Computer Aided Design (CAD) Engineer with 1-4 years of experience earns an average total compensation of ₹297,787 based on 158 salaries. A mid-career Computer Aided Design (CAD) Engineer with 5-9 years of experience earns an average total compensation of ₹451,797 based on 49 salaries. An experienced Computer Aided Design (CAD) Engineer with 10-19 years of experience earns an average total compensation of ₹762,500 based on 24 salaries.   Read less"},{"job_title":"Validation Engineer","avg_salary":"₹489,595","pay_by_experience":"An entry-level Validation Engineer with less than 1 year experience can expect to earn an average total compensation (includes tips, bonus, and overtime pay) of ₹242,875 based on 18 salaries. An early career Validation Engineer with 1-4 years of experience earns an average total compensation of ₹386,202 based on 146 salaries. A mid-career Validation Engineer with 5-9 years of experience earns an average total compensation of ₹853,004 based on 71 salaries. An experienced Validation Engineer with 10-19 years of experience earns an average total compensation of ₹1,300,000 based on 23 salaries.   Read less"},{"job_title":"Desktop Engineer","avg_salary":"₹197,100","pay_by_experience":"An entry-level Desktop Engineer with less than 1 year experience can expect to earn an average total compensation (includes tips, bonus, and overtime pay) of ₹151,775 based on 18 salaries. An early career Desktop Engineer with 1-4 years of experience earns an average total compensation of ₹186,088 based on 177 salaries. A mid-career Desktop Engineer with 5-9 years of experience earns an average total compensation of ₹249,833 based on 46 salaries. An experienced Desktop Engineer with 10-19 years of experience earns an average total compensation of ₹300,000 based on 10 salaries.   Read less"},{"job_title":"Architectural Designer","avg_salary":"₹397,038","pay_by_experience":"An entry-level Architectural Designer with less than 1 year experience can expect to earn an average total compensation (includes tips, bonus, and overtime pay) of ₹298,708 based on 34 salaries. An early career Architectural Designer with 1-4 years of experience earns an average total compensation of ₹309,923 based on 103 salaries. A mid-career Architectural Designer with 5-9 years of experience earns an average total compensation of ₹449,987 based on 61 salaries. An experienced Architectural Designer with 10-19 years of experience earns an average total compensation of ₹722,136 based on 40 salaries. In their late career (20 years and higher), employees earn an average total compensation of ₹3,000,000.  Read less"},{"job_title":"Site Reliability Engineer (SRE)","avg_salary":"₹1,183,784","pay_by_experience":"An entry-level Site Reliability Engineer (SRE) with less than 1 year experience can expect to earn an average total compensation (includes tips, bonus, and overtime pay) of ₹380,000 based on 13 salaries. An early career Site Reliability Engineer (SRE) with 1-4 years of experience earns an average total compensation of ₹889,827 based on 98 salaries. A mid-career Site Reliability Engineer (SRE) with 5-9 years of experience earns an average total compensation of ₹1,463,682 based on 93 salaries. An experienced Site Reliability Engineer (SRE) with 10-19 years of experience earns an average total compensation of ₹2,025,690 based on 39 salaries.   Read less"},{"job_title":"Field Engineer","avg_salary":"₹296,780","pay_by_experience":"An entry-level Field Engineer with less than 1 year experience can expect to earn an average total compensation (includes tips, bonus, and overtime pay) of ₹226,784 based on 30 salaries. An early career Field Engineer with 1-4 years of experience earns an average total compensation of ₹261,436 based on 151 salaries. A mid-career Field Engineer with 5-9 years of experience earns an average total compensation of ₹375,061 based on 40 salaries. An experienced Field Engineer with 10-19 years of experience earns an average total compensation of ₹475,000 based on 15 salaries.   Read less"},{"job_title":"Automotive Engineer","avg_salary":"₹619,315","pay_by_experience":"An entry-level Automotive Engineer with less than 1 year experience can expect to earn an average total compensation (includes tips, bonus, and overtime pay) of ₹585,549 based on 53 salaries. An early career Automotive Engineer with 1-4 years of experience earns an average total compensation of ₹583,912 based on 104 salaries. A mid-career Automotive Engineer with 5-9 years of experience earns an average total compensation of ₹695,423 based on 50 salaries. An experienced Automotive Engineer with 10-19 years of experience earns an average total compensation of ₹1,516,000 based on 31 salaries. In their late career (20 years and higher), employees earn an average total compensation of ₹1,000,000.  Read less"},{"job_title":"Supplier Quality Engineer (SQE)","avg_salary":"₹388,766","pay_by_experience":"An entry-level Supplier Quality Engineer (SQE) with less than 1 year experience can expect to earn an average total compensation (includes tips, bonus, and overtime pay) of ₹190,000 based on 6 salaries. An early career Supplier Quality Engineer (SQE) with 1-4 years of experience earns an average total compensation of ₹287,111 based on 119 salaries. A mid-career Supplier Quality Engineer (SQE) with 5-9 years of experience earns an average total compensation of ₹543,833 based on 72 salaries. An experienced Supplier Quality Engineer (SQE) with 10-19 years of experience earns an average total compensation of ₹850,000 based on 33 salaries.   Read less"},{"job_title":"Land Surveyor","avg_salary":"₹327,602","pay_by_experience":"An entry-level Land Surveyor with less than 1 year experience can expect to earn an average total compensation (includes tips, bonus, and overtime pay) of ₹254,341 based on 17 salaries. An early career Land Surveyor with 1-4 years of experience earns an average total compensation of ₹298,219 based on 78 salaries. A mid-career Land Surveyor with 5-9 years of experience earns an average total compensation of ₹364,606 based on 81 salaries. An experienced Land Surveyor with 10-19 years of experience earns an average total compensation of ₹384,086 based on 38 salaries. In their late career (20 years and higher), employees earn an average total compensation of ₹550,000.  Read less"},{"job_title":"Environmental Health & Safety (EHS) Manager","avg_salary":"₹926,085","pay_by_experience":"An entry-level Environmental Health & Safety (EHS) Manager with less than 1 year experience can expect to earn an average total compensation (includes tips, bonus, and overtime pay) of ₹360,236 based on 8 salaries. An early career Environmental Health & Safety (EHS) Manager with 1-4 years of experience earns an average total compensation of ₹496,647 based on 34 salaries. A mid-career Environmental Health & Safety (EHS) Manager with 5-9 years of experience earns an average total compensation of ₹855,407 based on 57 salaries. An experienced Environmental Health & Safety (EHS) Manager with 10-19 years of experience earns an average total compensation of ₹1,094,960 based on 96 salaries. In their late career (20 years and higher), employees earn an average total compensation of ₹1,937,775.  Read less"},{"job_title":"Research and Development Engineer","avg_salary":"₹545,587","pay_by_experience":"An entry-level Research and Development Engineer with less than 1 year experience can expect to earn an average total compensation (includes tips, bonus, and overtime pay) of ₹311,601 based on 40 salaries. An early career Research and Development Engineer with 1-4 years of experience earns an average total compensation of ₹459,151 based on 116 salaries. A mid-career Research and Development Engineer with 5-9 years of experience earns an average total compensation of ₹950,334 based on 45 salaries. An experienced Research and Development Engineer with 10-19 years of experience earns an average total compensation of ₹1,000,000 based on 20 salaries.   Read less"},{"job_title":"Civil Engineer, Road / Highway","avg_salary":"₹393,737","pay_by_experience":"An entry-level Civil Engineer, Road / Highway with less than 1 year experience can expect to earn an average total compensation (includes tips, bonus, and overtime pay) of ₹273,224 based on 25 salaries. An early career Civil Engineer, Road / Highway with 1-4 years of experience earns an average total compensation of ₹314,667 based on 123 salaries. A mid-career Civil Engineer, Road / Highway with 5-9 years of experience earns an average total compensation of ₹786,138 based on 46 salaries. An experienced Civil Engineer, Road / Highway with 10-19 years of experience earns an average total compensation of ₹900,000 based on 31 salaries. In their late career (20 years and higher), employees earn an average total compensation of ₹1,200,000.  Read less"},{"job_title":"Principal Architect","avg_salary":"₹2,986,262","pay_by_experience":"A mid-career Principal Architect with 5-9 years of experience earns an average total compensation (includes tips, bonus, and overtime pay) of ₹2,456,588 based on 9 salaries. An experienced Principal Architect with 10-19 years of experience earns an average total compensation of ₹2,935,633 based on 139 salaries. In their late career (20 years and higher), employees earn an average total compensation of ₹3,755,588.  Read less"},{"job_title":"Safety Engineer","avg_salary":"₹395,430","pay_by_experience":"An entry-level Safety Engineer with less than 1 year experience can expect to earn an average total compensation (includes tips, bonus, and overtime pay) of ₹253,712 based on 18 salaries. An early career Safety Engineer with 1-4 years of experience earns an average total compensation of ₹358,942 based on 104 salaries. A mid-career Safety Engineer with 5-9 years of experience earns an average total compensation of ₹519,564 based on 69 salaries. An experienced Safety Engineer with 10-19 years of experience earns an average total compensation of ₹652,437 based on 19 salaries.   Read less"},{"job_title":"Aeronautical Engineer","avg_salary":"₹604,678","pay_by_experience":"An entry-level Aeronautical Engineer with less than 1 year experience can expect to earn an average total compensation (includes tips, bonus, and overtime pay) of ₹600,000 based on 74 salaries. An early career Aeronautical Engineer with 1-4 years of experience earns an average total compensation of ₹515,161 based on 87 salaries. A mid-career Aeronautical Engineer with 5-9 years of experience earns an average total compensation of ₹650,000 based on 31 salaries. An experienced Aeronautical Engineer with 10-19 years of experience earns an average total compensation of ₹1,454,370 based on 14 salaries. In their late career (20 years and higher), employees earn an average total compensation of ₹1,200,000.  Read less"},{"job_title":"Electronics Technician","avg_salary":"₹254,861","pay_by_experience":"An entry-level Electronics Technician with less than 1 year experience can expect to earn an average total compensation (includes tips, bonus, and overtime pay) of ₹215,696 based on 35 salaries. An early career Electronics Technician with 1-4 years of experience earns an average total compensation of ₹209,847 based on 98 salaries. A mid-career Electronics Technician with 5-9 years of experience earns an average total compensation of ₹316,845 based on 51 salaries. An experienced Electronics Technician with 10-19 years of experience earns an average total compensation of ₹294,732 based on 21 salaries. In their late career (20 years and higher), employees earn an average total compensation of ₹400,000.  Read less"},{"job_title":"Project Engineer, Construction","avg_salary":"₹507,307","pay_by_experience":"An entry-level Project Engineer, Construction with less than 1 year experience can expect to earn an average total compensation (includes tips, bonus, and overtime pay) of ₹244,168 based on 12 salaries. An early career Project Engineer, Construction with 1-4 years of experience earns an average total compensation of ₹385,164 based on 65 salaries. A mid-career Project Engineer, Construction with 5-9 years of experience earns an average total compensation of ₹513,947 based on 64 salaries. An experienced Project Engineer, Construction with 10-19 years of experience earns an average total compensation of ₹650,000 based on 46 salaries. In their late career (20 years and higher), employees earn an average total compensation of ₹650,000.  Read less"},{"job_title":"Computer Hardware Engineer","avg_salary":"₹245,796","pay_by_experience":"An entry-level Computer Hardware Engineer with less than 1 year experience can expect to earn an average total compensation (includes tips, bonus, and overtime pay) of ₹256,973 based on 34 salaries. An early career Computer Hardware Engineer with 1-4 years of experience earns an average total compensation of ₹201,121 based on 83 salaries. A mid-career Computer Hardware Engineer with 5-9 years of experience earns an average total compensation of ₹250,629 based on 52 salaries. An experienced Computer Hardware Engineer with 10-19 years of experience earns an average total compensation of ₹253,148 based on 33 salaries. In their late career (20 years and higher), employees earn an average total compensation of ₹393,054.  Read less"},{"job_title":"Environmental Engineer","avg_salary":"₹443,610","pay_by_experience":"An entry-level Environmental Engineer with less than 1 year experience can expect to earn an average total compensation (includes tips, bonus, and overtime pay) of ₹305,198 based on 42 salaries. An early career Environmental Engineer with 1-4 years of experience earns an average total compensation of ₹386,539 based on 106 salaries. A mid-career Environmental Engineer with 5-9 years of experience earns an average total compensation of ₹726,250 based on 29 salaries. An experienced Environmental Engineer with 10-19 years of experience earns an average total compensation of ₹1,019,862 based on 19 salaries.   Read less"},{"job_title":"Civil Engineer in Training","avg_salary":"₹228,301","pay_by_experience":"An entry-level Civil Engineer in Training with less than 1 year experience can expect to earn an average total compensation (includes tips, bonus, and overtime pay) of ₹204,383 based on 90 salaries. An early career Civil Engineer in Training with 1-4 years of experience earns an average total compensation of ₹220,000 based on 98 salaries. A mid-career Civil Engineer in Training with 5-9 years of experience earns an average total compensation of ₹455,000 based on 6 salaries.   Read less"},{"job_title":"Senior Project Manager, Engineering","avg_salary":"₹1,800,626","pay_by_experience":"An early career Senior Project Manager, Engineering with 1-4 years of experience earns an average total compensation (includes tips, bonus, and overtime pay) of ₹576,385 based on 7 salaries. A mid-career Senior Project Manager, Engineering with 5-9 years of experience earns an average total compensation of ₹1,099,421 based on 22 salaries. An experienced Senior Project Manager, Engineering with 10-19 years of experience earns an average total compensation of ₹1,889,525 based on 131 salaries. In their late career (20 years and higher), employees earn an average total compensation of ₹2,175,132.  Read less"},{"job_title":"Computer Aided Design (CAD) Drafter","avg_salary":"₹292,532","pay_by_experience":"An entry-level Computer Aided Design (CAD) Drafter with less than 1 year experience can expect to earn an average total compensation (includes tips, bonus, and overtime pay) of ₹153,613 based on 31 salaries. An early career Computer Aided Design (CAD) Drafter with 1-4 years of experience earns an average total compensation of ₹230,074 based on 94 salaries. A mid-career Computer Aided Design (CAD) Drafter with 5-9 years of experience earns an average total compensation of ₹503,041 based on 32 salaries. An experienced Computer Aided Design (CAD) Drafter with 10-19 years of experience earns an average total compensation of ₹503,250 based on 27 salaries. In their late career (20 years and higher), employees earn an average total compensation of ₹599,154.  Read less"},{"job_title":"Piping Designer","avg_salary":"₹486,343","pay_by_experience":"An entry-level Piping Designer with less than 1 year experience can expect to earn an average total compensation (includes tips, bonus, and overtime pay) of ₹235,841 based on 8 salaries. An early career Piping Designer with 1-4 years of experience earns an average total compensation of ₹307,084 based on 65 salaries. A mid-career Piping Designer with 5-9 years of experience earns an average total compensation of ₹612,082 based on 50 salaries. An experienced Piping Designer with 10-19 years of experience earns an average total compensation of ₹847,320 based on 56 salaries. In their late career (20 years and higher), employees earn an average total compensation of ₹700,000.  Read less"},{"job_title":"Engineering Technician","avg_salary":"₹304,872","pay_by_experience":"An entry-level Engineering Technician with less than 1 year experience can expect to earn an average total compensation (includes tips, bonus, and overtime pay) of ₹201,683 based on 24 salaries. An early career Engineering Technician with 1-4 years of experience earns an average total compensation of ₹207,873 based on 83 salaries. A mid-career Engineering Technician with 5-9 years of experience earns an average total compensation of ₹351,309 based on 54 salaries. An experienced Engineering Technician with 10-19 years of experience earns an average total compensation of ₹589,581 based on 22 salaries. In their late career (20 years and higher), employees earn an average total compensation of ₹700,000.  Read less"},{"job_title":"Petroleum Engineer","avg_salary":"₹793,796","pay_by_experience":"An entry-level Petroleum Engineer with less than 1 year experience can expect to earn an average total compensation (includes tips, bonus, and overtime pay) of ₹712,210 based on 56 salaries. An early career Petroleum Engineer with 1-4 years of experience earns an average total compensation of ₹783,891 based on 87 salaries. A mid-career Petroleum Engineer with 5-9 years of experience earns an average total compensation of ₹988,696 based on 20 salaries. An experienced Petroleum Engineer with 10-19 years of experience earns an average total compensation of ₹900,000 based on 13 salaries.   Read less"},{"job_title":"Program Manager, Engineering","avg_salary":"₹1,876,321","pay_by_experience":"An early career Program Manager, Engineering with 1-4 years of experience earns an average total compensation (includes tips, bonus, and overtime pay) of ₹896,313 based on 13 salaries. A mid-career Program Manager, Engineering with 5-9 years of experience earns an average total compensation of ₹1,288,170 based on 39 salaries. An experienced Program Manager, Engineering with 10-19 years of experience earns an average total compensation of ₹2,099,137 based on 98 salaries. In their late career (20 years and higher), employees earn an average total compensation of ₹3,242,696.  Read less"},{"job_title":"Civil Engineering Supervisor","avg_salary":"₹306,348","pay_by_experience":"An entry-level Civil Engineering Supervisor with less than 1 year experience can expect to earn an average total compensation (includes tips, bonus, and overtime pay) of ₹182,843 based on 12 salaries. An early career Civil Engineering Supervisor with 1-4 years of experience earns an average total compensation of ₹243,528 based on 87 salaries. A mid-career Civil Engineering Supervisor with 5-9 years of experience earns an average total compensation of ₹303,833 based on 35 salaries. An experienced Civil Engineering Supervisor with 10-19 years of experience earns an average total compensation of ₹471,665 based on 34 salaries. In their late career (20 years and higher), employees earn an average total compensation of ₹920,001.  Read less"},{"job_title":"HVAC Design Engineer","avg_salary":"₹286,264","pay_by_experience":"An entry-level HVAC Design Engineer with less than 1 year experience can expect to earn an average total compensation (includes tips, bonus, and overtime pay) of ₹197,661 based on 18 salaries. An early career HVAC Design Engineer with 1-4 years of experience earns an average total compensation of ₹244,522 based on 111 salaries. A mid-career HVAC Design Engineer with 5-9 years of experience earns an average total compensation of ₹598,989 based on 33 salaries. An experienced HVAC Design Engineer with 10-19 years of experience earns an average total compensation of ₹1,186,000 based on 8 salaries.   Read less"},{"job_title":"Architectural Draftsman","avg_salary":"₹346,642","pay_by_experience":"An entry-level Architectural Draftsman with less than 1 year experience can expect to earn an average total compensation (includes tips, bonus, and overtime pay) of ₹244,898 based on 10 salaries. An early career Architectural Draftsman with 1-4 years of experience earns an average total compensation of ₹243,671 based on 52 salaries. A mid-career Architectural Draftsman with 5-9 years of experience earns an average total compensation of ₹346,273 based on 57 salaries. An experienced Architectural Draftsman with 10-19 years of experience earns an average total compensation of ₹497,495 based on 50 salaries. In their late career (20 years and higher), employees earn an average total compensation of ₹650,000.  Read less"},{"job_title":"Field Service Technician","avg_salary":"₹244,533","pay_by_experience":"An entry-level Field Service Technician with less than 1 year experience can expect to earn an average total compensation (includes tips, bonus, and overtime pay) of ₹204,193 based on 14 salaries. An early career Field Service Technician with 1-4 years of experience earns an average total compensation of ₹208,852 based on 93 salaries. A mid-career Field Service Technician with 5-9 years of experience earns an average total compensation of ₹305,209 based on 33 salaries. An experienced Field Service Technician with 10-19 years of experience earns an average total compensation of ₹325,000 based on 24 salaries.   Read less"},{"job_title":"Hardware Design Engineer","avg_salary":"₹412,376","pay_by_experience":"An entry-level Hardware Design Engineer with less than 1 year experience can expect to earn an average total compensation (includes tips, bonus, and overtime pay) of ₹300,000 based on 9 salaries. An early career Hardware Design Engineer with 1-4 years of experience earns an average total compensation of ₹358,373 based on 107 salaries. A mid-career Hardware Design Engineer with 5-9 years of experience earns an average total compensation of ₹819,671 based on 40 salaries. An experienced Hardware Design Engineer with 10-19 years of experience earns an average total compensation of ₹2,000,000 based on 10 salaries.   Read less"},{"job_title":"HVAC Engineer","avg_salary":"₹296,958","pay_by_experience":"An entry-level HVAC Engineer with less than 1 year experience can expect to earn an average total compensation (includes tips, bonus, and overtime pay) of ₹217,982 based on 25 salaries. An early career HVAC Engineer with 1-4 years of experience earns an average total compensation of ₹249,369 based on 90 salaries. A mid-career HVAC Engineer with 5-9 years of experience earns an average total compensation of ₹460,838 based on 29 salaries. An experienced HVAC Engineer with 10-19 years of experience earns an average total compensation of ₹734,697 based on 15 salaries.   Read less"},{"job_title":"Quality Control (QC) Technician","avg_salary":"₹221,033","pay_by_experience":"An entry-level Quality Control (QC) Technician with less than 1 year experience can expect to earn an average total compensation (includes tips, bonus, and overtime pay) of ₹194,977 based on 28 salaries. An early career Quality Control (QC) Technician with 1-4 years of experience earns an average total compensation of ₹202,006 based on 90 salaries. A mid-career Quality Control (QC) Technician with 5-9 years of experience earns an average total compensation of ₹380,000 based on 27 salaries. An experienced Quality Control (QC) Technician with 10-19 years of experience earns an average total compensation of ₹347,500 based on 9 salaries.   Read less"},{"job_title":"Operations Engineer","avg_salary":"₹424,153","pay_by_experience":"An entry-level Operations Engineer with less than 1 year experience can expect to earn an average total compensation (includes tips, bonus, and overtime pay) of ₹320,000 based on 13 salaries. An early career Operations Engineer with 1-4 years of experience earns an average total compensation of ₹403,388 based on 85 salaries. A mid-career Operations Engineer with 5-9 years of experience earns an average total compensation of ₹605,562 based on 42 salaries. An experienced Operations Engineer with 10-19 years of experience earns an average total compensation of ₹1,572,500 based on 8 salaries.   Read less"},{"job_title":"Senior Structural Engineer","avg_salary":"₹1,009,439","pay_by_experience":"An early career Senior Structural Engineer with 1-4 years of experience earns an average total compensation (includes tips, bonus, and overtime pay) of ₹797,324 based on 10 salaries. A mid-career Senior Structural Engineer with 5-9 years of experience earns an average total compensation of ₹893,210 based on 62 salaries. An experienced Senior Structural Engineer with 10-19 years of experience earns an average total compensation of ₹1,251,862 based on 66 salaries. In their late career (20 years and higher), employees earn an average total compensation of ₹1,650,000.  Read less"},{"job_title":"Senior Instrumentation Engineer","avg_salary":"₹966,076","pay_by_experience":"An early career Senior Instrumentation Engineer with 1-4 years of experience earns an average total compensation (includes tips, bonus, and overtime pay) of ₹450,000 based on 11 salaries. A mid-career Senior Instrumentation Engineer with 5-9 years of experience earns an average total compensation of ₹816,235 based on 45 salaries. An experienced Senior Instrumentation Engineer with 10-19 years of experience earns an average total compensation of ₹1,142,304 based on 80 salaries. In their late career (20 years and higher), employees earn an average total compensation of ₹2,358,324.  Read less"},{"job_title":"Intern Architect","avg_salary":"₹147,952","pay_by_experience":"An entry-level Intern Architect with less than 1 year experience can expect to earn an average total compensation (includes tips, bonus, and overtime pay) of ₹141,733 based on 70 salaries. An early career Intern Architect with 1-4 years of experience earns an average total compensation of ₹180,000 based on 68 salaries. A mid-career Intern Architect with 5-9 years of experience earns an average total compensation of ₹600,000 based on 7 salaries.   Read less"},{"job_title":"Research Engineer","avg_salary":"₹699,881","pay_by_experience":"An entry-level Research Engineer with less than 1 year experience can expect to earn an average total compensation (includes tips, bonus, and overtime pay) of ₹520,719 based on 15 salaries. An early career Research Engineer with 1-4 years of experience earns an average total compensation of ₹620,095 based on 83 salaries. A mid-career Research Engineer with 5-9 years of experience earns an average total compensation of ₹1,288,290 based on 33 salaries. An experienced Research Engineer with 10-19 years of experience earns an average total compensation of ₹1,047,872 based on 8 salaries.   Read less"},{"job_title":"Robotics Engineer","avg_salary":"₹433,102","pay_by_experience":"An entry-level Robotics Engineer with less than 1 year experience can expect to earn an average total compensation (includes tips, bonus, and overtime pay) of ₹358,675 based on 28 salaries. An early career Robotics Engineer with 1-4 years of experience earns an average total compensation of ₹409,066 based on 79 salaries. A mid-career Robotics Engineer with 5-9 years of experience earns an average total compensation of ₹602,413 based on 22 salaries. An experienced Robotics Engineer with 10-19 years of experience earns an average total compensation of ₹2,100,000 based on 8 salaries.   Read less"},{"job_title":"Electrical Technician","avg_salary":"₹251,303","pay_by_experience":"An entry-level Electrical Technician with less than 1 year experience can expect to earn an average total compensation (includes tips, bonus, and overtime pay) of ₹150,085 based on 7 salaries. An early career Electrical Technician with 1-4 years of experience earns an average total compensation of ₹226,582 based on 58 salaries. A mid-career Electrical Technician with 5-9 years of experience earns an average total compensation of ₹254,324 based on 39 salaries. An experienced Electrical Technician with 10-19 years of experience earns an average total compensation of ₹406,946 based on 29 salaries. In their late career (20 years and higher), employees earn an average total compensation of ₹660,000.  Read less"},{"job_title":"Product Support Engineer","avg_salary":"₹462,901","pay_by_experience":"An entry-level Product Support Engineer with less than 1 year experience can expect to earn an average total compensation (includes tips, bonus, and overtime pay) of ₹353,779 based on 19 salaries. An early career Product Support Engineer with 1-4 years of experience earns an average total compensation of ₹433,120 based on 90 salaries. A mid-career Product Support Engineer with 5-9 years of experience earns an average total compensation of ₹750,000 based on 27 salaries.   Read less"},{"job_title":"Chief Engineer","avg_salary":"₹2,000,817","pay_by_experience":"An early career Chief Engineer with 1-4 years of experience earns an average total compensation (includes tips, bonus, and overtime pay) of ₹480,000 based on 6 salaries. A mid-career Chief Engineer with 5-9 years of experience earns an average total compensation of ₹1,908,241 based on 24 salaries. An experienced Chief Engineer with 10-19 years of experience earns an average total compensation of ₹2,097,787 based on 60 salaries. In their late career (20 years and higher), employees earn an average total compensation of ₹2,299,294.  Read less"},{"job_title":"Mechanical Engineering Manager","avg_salary":"₹1,210,512","pay_by_experience":"An entry-level Mechanical Engineering Manager with less than 1 year experience can expect to earn an average total compensation (includes tips, bonus, and overtime pay) of ₹250,000 based on 6 salaries. An early career Mechanical Engineering Manager with 1-4 years of experience earns an average total compensation of ₹425,000 based on 15 salaries. A mid-career Mechanical Engineering Manager with 5-9 years of experience earns an average total compensation of ₹1,047,184 based on 21 salaries. An experienced Mechanical Engineering Manager with 10-19 years of experience earns an average total compensation of ₹1,430,409 based on 77 salaries. In their late career (20 years and higher), employees earn an average total compensation of ₹2,448,980.  Read less"},{"job_title":"Integration Engineer","avg_salary":"₹632,398","pay_by_experience":"An entry-level Integration Engineer with less than 1 year experience can expect to earn an average total compensation (includes tips, bonus, and overtime pay) of ₹350,000 based on 7 salaries. An early career Integration Engineer with 1-4 years of experience earns an average total compensation of ₹525,771 based on 68 salaries. A mid-career Integration Engineer with 5-9 years of experience earns an average total compensation of ₹879,984 based on 44 salaries. An experienced Integration Engineer with 10-19 years of experience earns an average total compensation of ₹1,300,000 based on 14 salaries.   Read less"},{"job_title":"Marine Engineer","avg_salary":"₹709,859","pay_by_experience":"An entry-level Marine Engineer with less than 1 year experience can expect to earn an average total compensation (includes tips, bonus, and overtime pay) of ₹580,650 based on 28 salaries. An early career Marine Engineer with 1-4 years of experience earns an average total compensation of ₹587,228 based on 50 salaries. A mid-career Marine Engineer with 5-9 years of experience earns an average total compensation of ₹1,179,162 based on 33 salaries. An experienced Marine Engineer with 10-19 years of experience earns an average total compensation of ₹1,171,098 based on 18 salaries. In their late career (20 years and higher), employees earn an average total compensation of ₹1,318,000.  Read less"},{"job_title":"Senior Project Architect","avg_salary":"₹1,005,804","pay_by_experience":"An early career Senior Project Architect with 1-4 years of experience earns an average total compensation (includes tips, bonus, and overtime pay) of ₹396,000 based on 7 salaries. A mid-career Senior Project Architect with 5-9 years of experience earns an average total compensation of ₹780,000 based on 44 salaries. An experienced Senior Project Architect with 10-19 years of experience earns an average total compensation of ₹1,392,685 based on 67 salaries. In their late career (20 years and higher), employees earn an average total compensation of ₹2,358,324.  Read less"}]