{"0":{"job_title":"Biomedical_Engineer","avg_salary":"\u20b9359,625","salary_component":["Base Salary","Bonus","Profit Sharing","Total Pay"],"Base Salary":"\u20b9151k - \u20b91m","Bonus":"\u20b93k - \u20b9103k","Profit Sharing":"\u20b92k - \u20b9500k","Total Pay":"\u20b9165k - \u20b91m","pay_by_experience_percent":["Entry Level","Early Career","Mid Career","Late Career","Experienced"],"Entry Level":"-1%","Early Career":"-15%","Mid Career":"13%","Late Career":"41%","Experienced":"-17%","pay_by_experience_years":["1","1-4"],"1":"\u20b9356,041","1-4":"\u20b9306,777","gender_component":["Male","Female"],"Male":"67.7","Female":"32.3","health_benefits_componentt":["Medical","Dental","Vision","None"],"Medical":"53","Dental":"9","Vision":"10","None":"45","popular_skills_component":["Medical Devices","Equipment Maintenance","Project Management","Engineering Design","Research Analysis"],"Medical Devices":"\u20b9345,442","Equipment Maintenance":"\u20b9350,755","Project Management":"43%","Engineering Design":"\u20b9303,391","Research Analysis":"13%","affect_skills_component":["Project Management","Research Analysis","Clinical Research"],"Clinical Research":"1%","career_path_component":["Biomedical Engineering Manager","Clinical Applications Specialist"],"location_component":["Chennai, Tamil Nadu","Mumbai, Maharashtra","Bangalore, Karnataka","Pune, Maharashtra","Kolkata, West Bengal","Hyderabad, Andhra Pradesh","Coimbatore, Tamil Nadu","Ahmedabad, Gujarat","New Delhi, Delhi","Ernakulam, Kerala"],"Chennai, Tamil Nadu":"%","Mumbai, Maharashtra":"-15%","Bangalore, Karnataka":"2%","Pune, Maharashtra":"-3%","Kolkata, West Bengal":"-11%","Hyderabad, Andhra Pradesh":"31%","Coimbatore, Tamil Nadu":"-21%","Ahmedabad, Gujarat":"-12%","New Delhi, Delhi":"39%","Ernakulam, Kerala":"3%","employers_component":[],"related_job_component":["Mechanical Engineer","Project Manager, (Unspecified Type \/ General)","Civil Engineer","Electrical Engineer","Design Engineer","Project Engineer","Project Manager, Information Technology (IT)","Senior Mechanical Engineer","Project Manager, Engineering"],"Mechanical Engineer":"Avg. Salary \u20b9152k \u2014 \u20b9983k","Project Manager, (Unspecified Type \/ General)":"Avg. Salary \u20b9456k \u2014 \u20b92m","Civil Engineer":"Avg. Salary \u20b9154k \u2014 \u20b9771k","Electrical Engineer":"Avg. Salary \u20b9174k \u2014 \u20b9995k","Design Engineer":"Avg. Salary \u20b9174k \u2014 \u20b9926k","Project Engineer":"Avg. Salary \u20b9198k \u2014 \u20b9849k","Project Manager, Information Technology (IT)":"Avg. Salary \u20b9531k \u2014 \u20b92m","Senior Mechanical Engineer":"Avg. Salary \u20b9308k \u2014 \u20b91m","Project Manager, Engineering":"Avg. Salary \u20b9358k \u2014 \u20b93m"}}