{"0":{"job_title":"Building_Information_Modeling_(BIM)_Coordinator","avg_salary":"\u20b9406,421","salary_component":["Base Salary","Bonus","Profit Sharing","Total Pay"],"Base Salary":"\u20b9199k - \u20b9995k","Bonus":"\u20b95k - \u20b9100k","Profit Sharing":"\u20b9964 - \u20b9330k","Total Pay":"\u20b9200k - \u20b91m","pay_by_experience_percent":["Entry Level","Early Career","Mid Career","Late Career","Experienced"],"Entry Level":"-39%","Early Career":"-11%","Mid Career":"47%","Late Career":"102%","Experienced":"195%","pay_by_experience_years":["1"],"1":"\u20b9248,021","gender_component":["Male","Female"],"Male":"85.4","Female":"14.6","health_benefits_componentt":["Medical","Dental","Vision","None"],"Medical":"55","Dental":"5","Vision":"4","None":"45","popular_skills_component":["Autodesk AutoCAD","Autodesk Navisworks","Autodesk Revit MEP","Autodesk Revit Architecture","Autodesk Revit"],"Autodesk AutoCAD":"9%","Autodesk Navisworks":"12%","Autodesk Revit MEP":"\u20b9362,682","Autodesk Revit Architecture":"\u20b9357,123","Autodesk Revit":"11%","affect_skills_component":["Autodesk Navisworks","Autodesk Revit","Autodesk AutoCAD"],"career_path_component":["Building Information Modeling (BIM) Mana...","Project Manager, Architecture","Architectural Draftsman"],"location_component":["Chennai, Tamil Nadu","Bangalore, Karnataka","Mumbai, Maharashtra","Pune, Maharashtra","Hyderabad, Andhra Pradesh","Ahmedabad, Gujarat","New Delhi, Delhi","Kolkata, West Bengal","Nagpur, Maharashtra","Coimbatore, Tamil Nadu"],"Chennai, Tamil Nadu":"15%","Bangalore, Karnataka":"-11%","Mumbai, Maharashtra":"88%","Pune, Maharashtra":"-3%","Hyderabad, Andhra Pradesh":"23%","Ahmedabad, Gujarat":"-36%","New Delhi, Delhi":"18%","Kolkata, West Bengal":"-21%","Nagpur, Maharashtra":"-26%","Coimbatore, Tamil Nadu":"-26%","employers_component":["WS Atkins Consultants Limited"],"WS Atkins Consultants Limited":"Avg. Salary: \u20b9900,000","related_job_component":["Civil Engineer","Mechanical Engineer","Design Engineer","Design Architect","Project Engineer","Project Manager, (Unspecified Type \/ General)","Architect (but not Landscape or Naval)","Mechanical Design Engineer","Interior Designer"],"Civil Engineer":"Avg. Salary \u20b9154k \u2014 \u20b9771k","Mechanical Engineer":"Avg. Salary \u20b9152k \u2014 \u20b9983k","Design Engineer":"Avg. Salary \u20b9174k \u2014 \u20b9926k","Design Architect":"Avg. Salary \u20b9152k \u2014 \u20b91m","Project Engineer":"Avg. Salary \u20b9198k \u2014 \u20b9849k","Project Manager, (Unspecified Type \/ General)":"Avg. Salary \u20b9456k \u2014 \u20b92m","Architect (but not Landscape or Naval)":"Avg. Salary \u20b9174k \u2014 \u20b9991k","Mechanical Design Engineer":"Avg. Salary \u20b9160k \u2014 \u20b9822k","Interior Designer":"Avg. Salary \u20b9132k \u2014 \u20b9899k"}}