{"0":{"job_title":"Chemical_Engineer","avg_salary":"\u20b9489,667","salary_component":["Base Salary","Bonus","Profit Sharing","Commission","Total Pay"],"Base Salary":"\u20b9192k - \u20b91m","Bonus":"\u20b95k - \u20b9198k","Profit Sharing":"\u20b94k - \u20b9253k","Commission":"\u20b90 - \u20b9500k","Total Pay":"\u20b9199k - \u20b92m","pay_by_experience_percent":["Entry Level","Early Career","Mid Career","Late Career","Experienced"],"Entry Level":"-15%","Early Career":"-18%","Mid Career":"26%","Late Career":"103%","Experienced":"225%","pay_by_experience_years":["1","1-4"],"1":"\u20b9415,050","1-4":"\u20b9402,534","gender_component":["Male","Female"],"Male":"90.5","Female":"9.5","health_benefits_componentt":["Medical","Dental","Vision","None"],"Medical":"71","Dental":"15","Vision":"15","None":"28","popular_skills_component":["Chemical Process Engineering","Microsoft Excel","Process Improvement","Microsoft Office","Engineering Design"],"Chemical Process Engineering":"2%","Microsoft Excel":"\u20b9488,983","Process Improvement":"28%","Microsoft Office":"2%","Engineering Design":"5%","affect_skills_component":["Process Improvement","Project Management","Technical Analysis","Data Analysis","Engineering Design","Microsoft Word","Chemical Process Engineering","Microsoft Office"],"Project Management":"27%","Technical Analysis":"23%","Data Analysis":"22%","Microsoft Word":"4%","career_path_component":["SAP Consultant","Production Manager, Manufacturing","Production Engineer"],"location_component":["Mumbai, Maharashtra","Pune, Maharashtra","Ahmedabad, Gujarat","Chennai, Tamil Nadu","New Delhi, Delhi","Hyderabad, Andhra Pradesh","Bangalore, Karnataka","Surat, Gujarat","Jamnagar, Gujarat","Baroda, Gujarat"],"Mumbai, Maharashtra":"-12%","Pune, Maharashtra":"-29%","Ahmedabad, Gujarat":"-16%","Chennai, Tamil Nadu":"24%","New Delhi, Delhi":"4%","Hyderabad, Andhra Pradesh":"-6%","Bangalore, Karnataka":"20%","Surat, Gujarat":"-13%","Jamnagar, Gujarat":"15%","Baroda, Gujarat":"-23%","employers_component":["Reliance Industries Limited"],"Reliance Industries Limited":"Avg. Salary: \u20b9821,218","related_job_component":["Mechanical Engineer","Civil Engineer","Project Manager, (Unspecified Type \/ General)","Electrical Engineer","Operations Manager","Data Analyst","Project Engineer","Senior Business Analyst","Design Engineer"],"Mechanical Engineer":"Avg. Salary \u20b9152k \u2014 \u20b9983k","Civil Engineer":"Avg. Salary \u20b9154k \u2014 \u20b9771k","Project Manager, (Unspecified Type \/ General)":"Avg. Salary \u20b9456k \u2014 \u20b92m","Electrical Engineer":"Avg. Salary \u20b9174k \u2014 \u20b9995k","Operations Manager":"Avg. Salary \u20b9297k \u2014 \u20b92m","Data Analyst":"Avg. Salary \u20b9201k \u2014 \u20b9959k","Project Engineer":"Avg. Salary \u20b9198k \u2014 \u20b9849k","Senior Business Analyst":"Avg. Salary \u20b9447k \u2014 \u20b92m","Design Engineer":"Avg. Salary \u20b9174k \u2014 \u20b9926k"}}