{"0":{"job_title":"Chief_Engineer","avg_salary":"\u20b92,000,965","salary_component":["Base Salary","Bonus","Profit Sharing","Total Pay"],"Base Salary":"\u20b9598k - \u20b93m","Bonus":"\u20b98k - \u20b9508k","Profit Sharing":"\u20b950k - \u20b9340k","Total Pay":"\u20b9650k - \u20b94m","pay_by_experience_percent":["Early Career","Mid Career","Late Career","Experienced"],"Early Career":"-76%","Mid Career":"-5%","Late Career":"5%","Experienced":"15%","pay_by_experience_years":["1-4","5-9"],"1-4":"\u20b9480,000","5-9":"\u20b91,908,241","gender_component":["Male","Female"],"Male":"97.9","Female":"2.1","health_benefits_componentt":["Medical","Dental","Vision","None"],"Medical":"82","Dental":"9","Vision":"9","None":"16","popular_skills_component":["Engineering Design","Project Management","People Management","Maintenance","Facility Maintenance & Coordination"],"Engineering Design":"23%","Project Management":"22%","People Management":"45%","Maintenance":"\u20b91,000,000","Facility Maintenance & Coordination":"\u20b91,650,000","affect_skills_component":["Software Development","People Management","Team Leadership","Systems Engineering","Engineering Design","Project Management","Software Architecture","Operations Management"],"Software Development":"49%","Team Leadership":"25%","Systems Engineering":"25%","Software Architecture":"10%","Operations Management":"2%","career_path_component":["Deputy General Manager","Civil Engineer","Marine Engineer"],"location_component":["Bangalore, Karnataka","Mumbai, Maharashtra","Pune, Maharashtra","Chennai, Tamil Nadu","Noida, Uttar Pradesh","Kolkata, West Bengal","New Delhi, Delhi","Delhi, Delhi","Lucknow, Uttar Pradesh"],"Bangalore, Karnataka":"13%","Mumbai, Maharashtra":"2%","Pune, Maharashtra":"-45%","Chennai, Tamil Nadu":"25%","Noida, Uttar Pradesh":"-9%","Kolkata, West Bengal":"-69%","New Delhi, Delhi":"2%","Delhi, Delhi":"-8%","Lucknow, Uttar Pradesh":"-85%","employers_component":["Samsung Electronics Ltd.","Samsung India Software Operations","Samsung"],"Samsung Electronics Ltd.":"Avg. Salary: \u20b92,200,000","Samsung India Software Operations":"Avg. Salary: \u20b92,298,258","Samsung":"Avg. Salary: \u20b92,795,735","related_job_component":["Operations Manager","Mechanical Engineer","Project Manager, (Unspecified Type \/ General)","Operations Team Leader","Electrical Engineer","Civil Engineer","Team Lead, Operations","General \/ Operations Manager","Service Delivery Manager"],"Operations Manager":"Avg. Salary \u20b9297k \u2014 \u20b92m","Mechanical Engineer":"Avg. Salary \u20b9152k \u2014 \u20b9983k","Project Manager, (Unspecified Type \/ General)":"Avg. Salary \u20b9456k \u2014 \u20b92m","Operations Team Leader":"Avg. Salary \u20b9242k \u2014 \u20b9946k","Electrical Engineer":"Avg. Salary \u20b9174k \u2014 \u20b9995k","Civil Engineer":"Avg. Salary \u20b9154k \u2014 \u20b9771k","Team Lead, Operations":"Avg. Salary \u20b9314k \u2014 \u20b91m","General \/ Operations Manager":"Avg. Salary \u20b9312k \u2014 \u20b93m","Service Delivery Manager":"Avg. Salary \u20b9400k \u2014 \u20b93m"}}