{"0":{"job_title":"Civil_Engineer","avg_salary":"\u20b9309,210","salary_component":["Base Salary","Bonus","Profit Sharing","Commission","Total Pay"],"Base Salary":"\u20b9154k - \u20b9771k","Bonus":"\u20b95k - \u20b9102k","Profit Sharing":"\u20b91k - \u20b9251k","Commission":"\u20b95k - \u20b9412k","Total Pay":"\u20b9169k - \u20b9871k","pay_by_experience_percent":["Entry Level","Early Career","Mid Career","Late Career","Experienced"],"Entry Level":"-21%","Early Career":"-6%","Mid Career":"51%","Late Career":"104%","Experienced":"172%","pay_by_experience_years":["1","1-4"],"1":"\u20b9243,829","1-4":"\u20b9291,586","gender_component":["Male","Female","Prefer to self-define"],"Male":"94.5","Female":"5.5","Prefer to self-define":"0.1","health_benefits_componentt":["Medical","Dental","Vision","None"],"Medical":"50","Dental":"5","Vision":"6","None":"49","popular_skills_component":["Autodesk AutoCAD","Construction Site Inspection","Microsoft Excel","Project Management","Microsoft Office"],"Autodesk AutoCAD":"\u20b9299,399","Construction Site Inspection":"\u20b9303,298","Microsoft Excel":"\u20b9304,316","Project Management":"\u20b9351,782","Microsoft Office":"\u20b9304,640","affect_skills_component":["Bentley WaterCAD","Structural Analysis and Design (STAAD)","Strategic Planning","SAP Enterprise Resource Planning (ERP)","Bentley InRoad Software Suite","Project Coordinating","Materials Requirement Planning (MRP)","Bentley GEOPAK Civil Engineering Suite","Team Leadership","Primavera P6"],"Bentley WaterCAD":"173%","Structural Analysis and Design (STAAD)":"167%","Strategic Planning":"162%","SAP Enterprise Resource Planning (ERP)":"132%","Bentley InRoad Software Suite":"110%","Project Coordinating":"89%","Materials Requirement Planning (MRP)":"78%","Bentley GEOPAK Civil Engineering Suite":"54%","Team Leadership":"45%","Primavera P6":"39%","career_path_component":["Project Engineer","Senior Civil Engineer","Project Manager, Construction"],"location_component":["Mumbai, Maharashtra","Pune, Maharashtra","Bangalore, Karnataka","Chennai, Tamil Nadu","Hyderabad, Andhra Pradesh","New Delhi, Delhi","Kolkata, West Bengal","Ahmedabad, Gujarat","Delhi, Delhi","Lucknow, Uttar Pradesh"],"Mumbai, Maharashtra":"14%","Pune, Maharashtra":"-1%","Bangalore, Karnataka":"8%","Chennai, Tamil Nadu":"-3%","Hyderabad, Andhra Pradesh":"-2%","New Delhi, Delhi":"18%","Kolkata, West Bengal":"2%","Ahmedabad, Gujarat":"-1%","Delhi, Delhi":"16%","Lucknow, Uttar Pradesh":"-2%","employers_component":["Larsen & Toubro Limited","Shapoorji Pallonji & Co. Ltd.","Infra Corporation","Larsen and Toubro Ltd.","Nagarjuna Construction Company Limited","Hindustan Construction Company Ltd.","Lodha Group","JMC Projects","Afcons Infrastructure Limited","Sobha Developers Ltd"],"Larsen & Toubro Limited":"Avg. Salary: \u20b9563,153","Shapoorji Pallonji & Co. Ltd.":"Avg. Salary: \u20b9415,504","Infra Corporation":"Avg. Salary: \u20b9296,609","Larsen and Toubro Ltd.":"Avg. Salary: \u20b9521,989","Nagarjuna Construction Company Limited":"Avg. Salary: \u20b9244,168","Hindustan Construction Company Ltd.":"Avg. Salary: \u20b9512,500","Lodha Group":"Avg. Salary: \u20b9552,792","JMC Projects":"Avg. Salary: \u20b9343,055","Afcons Infrastructure Limited":"Avg. Salary: \u20b9330,000","Sobha Developers Ltd":"Avg. Salary: \u20b9342,857","related_job_component":["Mechanical Engineer","Project Manager, (Unspecified Type \/ General)","Design Engineer","Project Engineer","Electrical Engineer","Project Manager, Information Technology (IT)","Project Manager, Construction","Business Analyst, IT","Structural Engineer"],"Mechanical Engineer":"Avg. Salary \u20b9152k \u2014 \u20b9983k","Project Manager, (Unspecified Type \/ General)":"Avg. Salary \u20b9456k \u2014 \u20b92m","Design Engineer":"Avg. Salary \u20b9174k \u2014 \u20b9926k","Project Engineer":"Avg. Salary \u20b9198k \u2014 \u20b9849k","Electrical Engineer":"Avg. Salary \u20b9174k \u2014 \u20b9995k","Project Manager, Information Technology (IT)":"Avg. Salary \u20b9531k \u2014 \u20b92m","Project Manager, Construction":"Avg. Salary \u20b9389k \u2014 \u20b92m","Business Analyst, IT":"Avg. Salary \u20b9275k \u2014 \u20b91m","Structural Engineer":"Avg. Salary \u20b9211k \u2014 \u20b91m"}}