{"0":{"job_title":"Civil_Engineer_in_Training","avg_salary":"\u20b9216,180","salary_component":["Base Salary","Bonus","Profit Sharing","Total Pay"],"Base Salary":"\u20b9119k - \u20b9485k","Bonus":"\u20b92k - \u20b976k","Profit Sharing":"\u20b9750 - \u20b9278k","Total Pay":"\u20b9121k - \u20b9531k","pay_by_experience_percent":["Entry Level","Early Career","Mid Career"],"Entry Level":"-5%","Early Career":"-7%","Mid Career":"110%","pay_by_experience_years":["1"],"1":"\u20b9204,383","gender_component":["Male","Female"],"Male":"80.0","Female":"20.0","health_benefits_componentt":["Medical","Dental","Vision","None"],"Medical":"47","Dental":"6","Vision":"6","None":"53","popular_skills_component":["Autodesk AutoCAD","Autodesk AutoCAD Civil 3D","Microsoft Office","Microsoft Excel","Engineering Design"],"Autodesk AutoCAD":"\u20b9200,000","Autodesk AutoCAD Civil 3D":"2%","Microsoft Office":"\u20b9197,739","Microsoft Excel":"\u20b9196,527","Engineering Design":"\u20b9200,000","affect_skills_component":["Project Management","Microsoft Word","Construction Site Inspection","Construction Estimating","Autodesk AutoCAD Civil 3D"],"Project Management":"25%","Microsoft Word":"13%","Construction Site Inspection":"12%","Construction Estimating":"4%","career_path_component":["Civil Engineer","Design Engineer","Project Engineer"],"location_component":["Hyderabad, Andhra Pradesh","Bangalore, Karnataka","Mumbai, Maharashtra","Pune, Maharashtra","Kolkata, West Bengal","Chennai, Tamil Nadu","Delhi, Delhi","Indore, Madhya Pradesh","Patna, Bihar","Lucknow, Uttar Pradesh"],"Hyderabad, Andhra Pradesh":"-17%","Bangalore, Karnataka":"-6%","Mumbai, Maharashtra":"8%","Pune, Maharashtra":"36%","Kolkata, West Bengal":"-17%","Chennai, Tamil Nadu":"27%","Delhi, Delhi":"-20%","Indore, Madhya Pradesh":"39%","Patna, Bihar":"18%","Lucknow, Uttar Pradesh":"-3%","employers_component":[],"related_job_component":["Civil Engineer","Mechanical Engineer","Project Manager, (Unspecified Type \/ General)","Electrical Engineer","Design Engineer","Project Engineer","Business Analyst, IT","Project Manager, Construction","Operations Manager"],"Civil Engineer":"Avg. Salary \u20b9154k \u2014 \u20b9771k","Mechanical Engineer":"Avg. Salary \u20b9152k \u2014 \u20b9983k","Project Manager, (Unspecified Type \/ General)":"Avg. Salary \u20b9456k \u2014 \u20b92m","Electrical Engineer":"Avg. Salary \u20b9174k \u2014 \u20b9995k","Design Engineer":"Avg. Salary \u20b9174k \u2014 \u20b9926k","Project Engineer":"Avg. Salary \u20b9198k \u2014 \u20b9849k","Business Analyst, IT":"Avg. Salary \u20b9275k \u2014 \u20b91m","Project Manager, Construction":"Avg. Salary \u20b9389k \u2014 \u20b92m","Operations Manager":"Avg. Salary \u20b9297k \u2014 \u20b92m"}}