{"0":{"job_title":"Civil_Engineering_Supervisor","avg_salary":"\u20b9307,147","salary_component":["Base Salary","Bonus","Profit Sharing","Total Pay"],"Base Salary":"\u20b9141k - \u20b9809k","Bonus":"\u20b910k - \u20b9103k","Profit Sharing":"\u20b928 - \u20b9175k","Total Pay":"\u20b9147k - \u20b9924k","pay_by_experience_percent":["Entry Level","Early Career","Mid Career","Late Career","Experienced"],"Entry Level":"-40%","Early Career":"-25%","Mid Career":"-1%","Late Career":"54%","Experienced":"200%","pay_by_experience_years":["1"],"1":"\u20b9182,843","gender_component":["Male"],"Male":"100.0","health_benefits_componentt":["Medical","Vision","None"],"Medical":"56","Vision":"5","None":"41","popular_skills_component":["Construction Site Inspection","Autodesk AutoCAD","Project Management","Microsoft Excel","Microsoft Office"],"Construction Site Inspection":"\u20b9300,000","Autodesk AutoCAD":"14%","Project Management":"\u20b9305,187","Microsoft Excel":"30%","Microsoft Office":"\u20b9200,000","affect_skills_component":["Microsoft Excel","Autodesk AutoCAD"],"career_path_component":[],"location_component":["Chennai, Tamil Nadu","Mumbai, Maharashtra","Hyderabad, Andhra Pradesh","Bangalore, Karnataka","Pune, Maharashtra","New Delhi, Delhi","Kolkata, West Bengal","Ahmedabad, Gujarat","Nagpur, Maharashtra","Coimbatore, Tamil Nadu"],"Chennai, Tamil Nadu":"-1%","Mumbai, Maharashtra":"%","Hyderabad, Andhra Pradesh":"63%","Bangalore, Karnataka":"24%","Pune, Maharashtra":"9%","New Delhi, Delhi":"37%","Kolkata, West Bengal":"-27%","Ahmedabad, Gujarat":"28%","Nagpur, Maharashtra":"-1%","Coimbatore, Tamil Nadu":"-12%","employers_component":[],"related_job_component":["Civil Engineer","Mechanical Engineer","Project Manager, (Unspecified Type \/ General)","Operations Manager","Project Engineer","Electrical Engineer","Operations Team Leader","Design Engineer","Project Manager, Information Technology (IT)"],"Civil Engineer":"Avg. Salary \u20b9154k \u2014 \u20b9771k","Mechanical Engineer":"Avg. Salary \u20b9152k \u2014 \u20b9983k","Project Manager, (Unspecified Type \/ General)":"Avg. Salary \u20b9456k \u2014 \u20b92m","Operations Manager":"Avg. Salary \u20b9297k \u2014 \u20b92m","Project Engineer":"Avg. Salary \u20b9198k \u2014 \u20b9849k","Electrical Engineer":"Avg. Salary \u20b9174k \u2014 \u20b9995k","Operations Team Leader":"Avg. Salary \u20b9242k \u2014 \u20b9948k","Design Engineer":"Avg. Salary \u20b9174k \u2014 \u20b9927k","Project Manager, Information Technology (IT)":"Avg. Salary \u20b9533k \u2014 \u20b92m"}}