{"0":{"job_title":"Civil_Engineer%2C_Road_%2F_Highway","avg_salary":"\u20b9393,737","salary_component":["Base Salary","Bonus","Profit Sharing","Commission","Total Pay"],"Base Salary":"\u20b9185k - \u20b91m","Bonus":"\u20b92k - \u20b9100k","Profit Sharing":"\u20b92k - \u20b9146k","Commission":"\u20b90 - \u20b920k","Total Pay":"\u20b9196k - \u20b91m","pay_by_experience_percent":["Entry Level","Early Career","Mid Career","Late Career","Experienced"],"Entry Level":"-31%","Early Career":"-20%","Mid Career":"100%","Late Career":"129%","Experienced":"205%","pay_by_experience_years":["1"],"1":"\u20b9273,224","gender_component":["Male"],"Male":"100.0","health_benefits_componentt":["Medical","Vision","None"],"Medical":"82","Vision":"2","None":"16","popular_skills_component":["Engineering Design","Autodesk AutoCAD Civil 3D","Microsoft Excel","Construction Site Inspection","Microsoft Office"],"Engineering Design":"37%","Autodesk AutoCAD Civil 3D":"11%","Microsoft Excel":"\u20b9292,268","Construction Site Inspection":"\u20b9303,391","Microsoft Office":"\u20b9330,000","affect_skills_component":["Bentley MXROAD Modeling Software","Quality Assurance \/ Quality Control","Project Management","Engineering Design","Autodesk AutoCAD","Autodesk AutoCAD Civil 3D"],"Bentley MXROAD Modeling Software":"132%","Quality Assurance \/ Quality Control":"115%","Project Management":"71%","Autodesk AutoCAD":"22%","career_path_component":["Civil Engineer"],"location_component":["Mumbai, Maharashtra","Hyderabad, Andhra Pradesh","New Delhi, Delhi","Bangalore, Karnataka","Delhi, Delhi","Kolkata, West Bengal","Pune, Maharashtra","Ahmedabad, Gujarat","Gurgaon, Haryana","Nagpur, Maharashtra"],"Mumbai, Maharashtra":"-3%","Hyderabad, Andhra Pradesh":"-10%","New Delhi, Delhi":"30%","Bangalore, Karnataka":"27%","Delhi, Delhi":"83%","Kolkata, West Bengal":"86%","Pune, Maharashtra":"14%","Ahmedabad, Gujarat":"-9%","Gurgaon, Haryana":"111%","Nagpur, Maharashtra":"-45%","employers_component":["Larsen & Toubro Limited"],"Larsen & Toubro Limited":"Avg. Salary: \u20b9384,000","related_job_component":["Civil Engineer","Mechanical Engineer","Project Manager, (Unspecified Type \/ General)","Design Engineer","Electrical Engineer","Project Engineer","Project Manager, Construction","Project Manager, Information Technology (IT)","Accountant"],"Civil Engineer":"Avg. Salary \u20b9154k \u2014 \u20b9771k","Mechanical Engineer":"Avg. Salary \u20b9152k \u2014 \u20b9982k","Project Manager, (Unspecified Type \/ General)":"Avg. Salary \u20b9458k \u2014 \u20b92m","Design Engineer":"Avg. Salary \u20b9174k \u2014 \u20b9926k","Electrical Engineer":"Avg. Salary \u20b9174k \u2014 \u20b9995k","Project Engineer":"Avg. Salary \u20b9198k \u2014 \u20b9843k","Project Manager, Construction":"Avg. Salary \u20b9392k \u2014 \u20b92m","Project Manager, Information Technology (IT)":"Avg. Salary \u20b9547k \u2014 \u20b92m","Accountant":"Avg. Salary \u20b9123k \u2014 \u20b9507k"}}