{"0":{"job_title":"Computer_Aided_Design_(CAD)_Engineer","avg_salary":"\u20b9309,671","salary_component":["Base Salary","Bonus","Profit Sharing","Total Pay"],"Base Salary":"\u20b9125k - \u20b9814k","Bonus":"\u20b95k - \u20b9100k","Profit Sharing":"\u20b914 - \u20b9705k","Total Pay":"\u20b9140k - \u20b9871k","pay_by_experience_percent":["Entry Level","Early Career","Mid Career","Late Career"],"Entry Level":"-42%","Early Career":"-4%","Mid Career":"46%","Late Career":"146%","pay_by_experience_years":["1"],"1":"\u20b9179,167","gender_component":["Male","Female"],"Male":"93.7","Female":"6.3","health_benefits_componentt":["Medical","Dental","Vision","None"],"Medical":"60","Dental":"5","Vision":"4","None":"40","popular_skills_component":["Autodesk AutoCAD","Engineering Design","CATIA","SolidWorks","Microsoft Office"],"Autodesk AutoCAD":"\u20b9298,951","Engineering Design":"17%","CATIA":"\u20b9300,000","SolidWorks":"\u20b9262,005","Microsoft Office":"6%","affect_skills_component":["Microsoft Word","Engineering Design","Pro\/Engineer","Microsoft Office"],"Microsoft Word":"168%","Pro\/Engineer":"12%","career_path_component":["Design Engineer","Mechanical Design Engineer","Product Development Engineer"],"location_component":["Pune, Maharashtra","Bangalore, Karnataka","Chennai, Tamil Nadu","Hyderabad, Andhra Pradesh","Mumbai, Maharashtra","New Delhi, Delhi","Coimbatore, Tamil Nadu","Ahmedabad, Gujarat","Delhi, Delhi","Gurgaon, Delhi"],"Pune, Maharashtra":"-1%","Bangalore, Karnataka":"1%","Chennai, Tamil Nadu":"21%","Hyderabad, Andhra Pradesh":"-19%","Mumbai, Maharashtra":"-27%","New Delhi, Delhi":"-55%","Coimbatore, Tamil Nadu":"-42%","Ahmedabad, Gujarat":"8%","Delhi, Delhi":"13%","Gurgaon, Delhi":"61%","employers_component":["DB Consulting Group, Inc.","HCL Technologies Ltd."],"DB Consulting Group, Inc.":"Avg. Salary: \u20b9300,808","HCL Technologies Ltd.":"Avg. Salary: \u20b9342,000","related_job_component":["Mechanical Engineer","Design Engineer","Civil Engineer","Mechanical Design Engineer","Electrical Engineer","Project Engineer","Senior Mechanical Design Engineer","Senior Mechanical Engineer","Accountant"],"Mechanical Engineer":"Avg. Salary \u20b9152k \u2014 \u20b9983k","Design Engineer":"Avg. Salary \u20b9174k \u2014 \u20b9927k","Civil Engineer":"Avg. Salary \u20b9154k \u2014 \u20b9771k","Mechanical Design Engineer":"Avg. Salary \u20b9160k \u2014 \u20b9820k","Electrical Engineer":"Avg. Salary \u20b9174k \u2014 \u20b9995k","Project Engineer":"Avg. Salary \u20b9198k \u2014 \u20b9849k","Senior Mechanical Design Engineer":"Avg. Salary \u20b9362k \u2014 \u20b91m","Senior Mechanical Engineer":"Avg. Salary \u20b9308k \u2014 \u20b91m","Accountant":"Avg. Salary \u20b9123k \u2014 \u20b9507k"}}