{"0":{"job_title":"Computer_Aided_Design_(CAD)_Drafter","avg_salary":"\u20b9283,648","salary_component":["Base Salary","Bonus","Profit Sharing","Total Pay"],"Base Salary":"\u20b9101k - \u20b9651k","Bonus":"\u20b94k - \u20b968k","Profit Sharing":"\u20b91k - \u20b957k","Total Pay":"\u20b9102k - \u20b9757k","pay_by_experience_percent":["Entry Level","Early Career","Mid Career","Late Career","Experienced"],"Entry Level":"-46%","Early Career":"-19%","Mid Career":"77%","Late Career":"77%","Experienced":"111%","pay_by_experience_years":["1"],"1":"\u20b9153,613","gender_component":["Male","Female"],"Male":"94.1","Female":"5.9","health_benefits_componentt":["Medical","None"],"Medical":"52","None":"48","popular_skills_component":["Autodesk AutoCAD","Computer Aided Drafting & Design (CADD)","Computer Aided Design (CAD)","Microsoft Office","SolidWorks"],"Autodesk AutoCAD":"\u20b9249,430","Computer Aided Drafting & Design (CADD)":"\u20b9251,068","Computer Aided Design (CAD)":"\u20b9276,000","Microsoft Office":"\u20b9250,252","SolidWorks":"23%","affect_skills_component":["Autodesk Revit Architecture","SolidWorks","Microsoft Word"],"Autodesk Revit Architecture":"24%","Microsoft Word":"4%","career_path_component":["Computer Aided Design (CAD) Engineer","Design Engineer","Mechanical Design Engineer"],"location_component":["Bangalore, Karnataka","Chennai, Tamil Nadu","Mumbai, Maharashtra","Pune, Maharashtra","Kolkata, West Bengal","Hyderabad, Andhra Pradesh","Delhi, Delhi","Gurgaon, Haryana","Coimbatore, Tamil Nadu"],"Bangalore, Karnataka":"43%","Chennai, Tamil Nadu":"-9%","Mumbai, Maharashtra":"-11%","Pune, Maharashtra":"-47%","Kolkata, West Bengal":"15%","Hyderabad, Andhra Pradesh":"67%","Delhi, Delhi":"8%","Gurgaon, Haryana":"76%","Coimbatore, Tamil Nadu":"-52%","employers_component":[],"related_job_component":["Mechanical Engineer","Civil Engineer","Design Engineer","Electrical Engineer","Design Architect","Project Engineer","Accountant","Data Analyst","Mechanical Design Engineer"],"Mechanical Engineer":"Avg. Salary \u20b9152k \u2014 \u20b9983k","Civil Engineer":"Avg. Salary \u20b9154k \u2014 \u20b9771k","Design Engineer":"Avg. Salary \u20b9174k \u2014 \u20b9926k","Electrical Engineer":"Avg. Salary \u20b9174k \u2014 \u20b9995k","Design Architect":"Avg. Salary \u20b9152k \u2014 \u20b91m","Project Engineer":"Avg. Salary \u20b9198k \u2014 \u20b9843k","Accountant":"Avg. Salary \u20b9123k \u2014 \u20b9507k","Data Analyst":"Avg. Salary \u20b9200k \u2014 \u20b9960k","Mechanical Design Engineer":"Avg. Salary \u20b9159k \u2014 \u20b9820k"}}