{"0":{"job_title":"Computer_Aided_Design_(CAD)_Designer","avg_salary":"\u20b9343,239","salary_component":["Base Salary","Bonus","Profit Sharing","Total Pay"],"Base Salary":"\u20b9143k - \u20b9924k","Bonus":"\u20b94k - \u20b9104k","Profit Sharing":"\u20b9993 - \u20b9200k","Total Pay":"\u20b9143k - \u20b91m","pay_by_experience_percent":["Entry Level","Early Career","Mid Career","Late Career","Experienced"],"Entry Level":"-40%","Early Career":"-26%","Mid Career":"63%","Late Career":"136%","Experienced":"188%","pay_by_experience_years":["1"],"1":"\u20b9204,257","gender_component":["Male","Female"],"Male":"86.5","Female":"13.5","health_benefits_componentt":["Medical","Dental","Vision","None"],"Medical":"40","Dental":"7","Vision":"9","None":"60","popular_skills_component":["Autodesk AutoCAD","Computer Aided Design (CAD)","Engineering Design","Computer Aided Drafting & Design (CADD)","SolidWorks"],"Autodesk AutoCAD":"\u20b9292,125","Computer Aided Design (CAD)":"\u20b9338,363","Engineering Design":"21%","Computer Aided Drafting & Design (CADD)":"\u20b9300,000","SolidWorks":"\u20b9294,915","affect_skills_component":["Cadence Electronic Design Software","Microsoft Excel","Engineering Design","Microsoft Office","NX Unigraphics","Pro\/Engineer"],"Cadence Electronic Design Software":"96%","Microsoft Excel":"22%","Microsoft Office":"17%","NX Unigraphics":"17%","Pro\/Engineer":"12%","career_path_component":["Design Engineer","Computer Aided Design (CAD) Engineer","Mechanical Design Engineer"],"location_component":["Pune, Maharashtra","Chennai, Tamil Nadu","Mumbai, Maharashtra","Bangalore, Karnataka","Hyderabad, Andhra Pradesh","New Delhi, Delhi","Delhi, Delhi","Coimbatore, Tamil Nadu","Kolkata, West Bengal","Ahmedabad, Gujarat"],"Pune, Maharashtra":"22%","Chennai, Tamil Nadu":"13%","Mumbai, Maharashtra":"-5%","Bangalore, Karnataka":"27%","Hyderabad, Andhra Pradesh":"-14%","New Delhi, Delhi":"-23%","Delhi, Delhi":"-35%","Coimbatore, Tamil Nadu":"-9%","Kolkata, West Bengal":"-31%","Ahmedabad, Gujarat":"-15%","employers_component":[],"related_job_component":["Mechanical Engineer","Design Engineer","Civil Engineer","Mechanical Design Engineer","Electrical Engineer","Project Engineer","Senior Mechanical Design Engineer","Accountant","Senior Mechanical Engineer"],"Mechanical Engineer":"Avg. Salary \u20b9152k \u2014 \u20b9982k","Design Engineer":"Avg. Salary \u20b9174k \u2014 \u20b9926k","Civil Engineer":"Avg. Salary \u20b9154k \u2014 \u20b9771k","Mechanical Design Engineer":"Avg. Salary \u20b9159k \u2014 \u20b9820k","Electrical Engineer":"Avg. Salary \u20b9174k \u2014 \u20b9995k","Project Engineer":"Avg. Salary \u20b9198k \u2014 \u20b9843k","Senior Mechanical Design Engineer":"Avg. Salary \u20b9364k \u2014 \u20b91m","Accountant":"Avg. Salary \u20b9123k \u2014 \u20b9507k","Senior Mechanical Engineer":"Avg. Salary \u20b9310k \u2014 \u20b91m"}}