{"0":{"job_title":"Computer_Hardware_Engineer","avg_salary":"\u20b9246,439","salary_component":["Base Salary","Bonus","Profit Sharing","Commission","Total Pay"],"Base Salary":"\u20b9115k - \u20b9839k","Bonus":"\u20b9986 - \u20b9100k","Profit Sharing":"\u20b9196 - \u20b9306k","Commission":"\u20b90 - \u20b96k","Total Pay":"\u20b9124k - \u20b91m","pay_by_experience_percent":["Entry Level","Early Career","Mid Career","Late Career","Experienced"],"Entry Level":"4%","Early Career":"-19%","Mid Career":"2%","Late Career":"3%","Experienced":"59%","pay_by_experience_years":["1"],"1":"\u20b9256,973","gender_component":["Male"],"Male":"100.0","health_benefits_componentt":["Medical","Dental","Vision","None"],"Medical":"40","Dental":"8","Vision":"8","None":"60","popular_skills_component":["Computer Hardware Technician","Network Support","System Repair","Software Installation & Upgrade","Hardware Configuration"],"Computer Hardware Technician":"\u20b9245,410","Network Support":"42%","System Repair":"\u20b9242,000","Software Installation & Upgrade":"7%","Hardware Configuration":"4%","affect_skills_component":["C++ Programming Language","Network Support","Software Installation & Upgrade","Hardware Configuration"],"C++ Programming Language":"225%","career_path_component":["Hardware Engineer","Network Engineer","Desktop Engineer"],"location_component":["Mumbai, Maharashtra","New Delhi, Delhi","Pune, Maharashtra","Bangalore, Karnataka","Delhi, Delhi","Chennai, Tamil Nadu","Kolkata, West Bengal","Lucknow, Uttar Pradesh","Ahmedabad, Gujarat","Surat, Gujarat"],"Mumbai, Maharashtra":"-18%","New Delhi, Delhi":"24%","Pune, Maharashtra":"-7%","Bangalore, Karnataka":"103%","Delhi, Delhi":"34%","Chennai, Tamil Nadu":"1%","Kolkata, West Bengal":"%","Lucknow, Uttar Pradesh":"3%","Ahmedabad, Gujarat":"-49%","Surat, Gujarat":"%","employers_component":[],"related_job_component":["Software Engineer","Desktop Support Engineer","Senior Software Engineer","Network Engineer","Software Developer","Technical Support Engineer","Sr. Software Engineer \/ Developer \/ Programmer","Software Engineer \/ Developer \/ Programmer","Associate Software Engineer"],"Software Engineer":"Avg. Salary \u20b9262k \u2014 \u20b91m","Desktop Support Engineer":"Avg. Salary \u20b9125k \u2014 \u20b9334k","Senior Software Engineer":"Avg. Salary \u20b9492k \u2014 \u20b92m","Network Engineer":"Avg. Salary \u20b9162k \u2014 \u20b9809k","Software Developer":"Avg. Salary \u20b9213k \u2014 \u20b91m","Technical Support Engineer":"Avg. Salary \u20b9174k \u2014 \u20b9879k","Sr. Software Engineer \/ Developer \/ Programmer":"Avg. Salary \u20b9431k \u2014 \u20b92m","Software Engineer \/ Developer \/ Programmer":"Avg. Salary \u20b9224k \u2014 \u20b91m","Associate Software Engineer":"Avg. Salary \u20b9240k \u2014 \u20b91m"}}