{"0":{"job_title":"Design_Engineering_Manager","avg_salary":"\u20b91,321,636","salary_component":["Base Salary","Bonus","Profit Sharing","Total Pay"],"Base Salary":"\u20b9625k - \u20b93m","Bonus":"\u20b934k - \u20b9504k","Profit Sharing":"\u20b94k - \u20b9582k","Total Pay":"\u20b9675k - \u20b93m","pay_by_experience_percent":["Early Career","Mid Career","Late Career","Experienced"],"Early Career":"-55%","Mid Career":"-25%","Late Career":"13%","Experienced":"116%","pay_by_experience_years":["1-4","5-9"],"1-4":"\u20b9589,581","5-9":"\u20b9986,840","gender_component":["Male","Female","Prefer to self-define"],"Male":"96.6","Female":"2.9","Prefer to self-define":"0.5","health_benefits_componentt":["Medical","Dental","Vision","None"],"Medical":"81","Dental":"15","Vision":"14","None":"18","popular_skills_component":["Engineering Design","Product Development","Project Management","People Management","Microsoft Excel"],"Engineering Design":"3%","Product Development":"15%","Project Management":"16%","People Management":"39%","Microsoft Excel":"\u20b91,013,329","affect_skills_component":["People Management","Team Management","Computer Aided Design (CAD)","Production Support","Project Management","Product Development","Engineering Design"],"Team Management":"36%","Computer Aided Design (CAD)":"33%","Production Support":"29%","career_path_component":["Design Manager","Project Manager, Engineering","Senior Engineering Manager"],"location_component":["Pune, Maharashtra","Chennai, Tamil Nadu","Bangalore, Karnataka","Mumbai, Maharashtra","Gurgaon, Haryana","Kolkata, West Bengal","Hyderabad, Andhra Pradesh","Faridabad, Haryana","Ahmedabad, Gujarat","New Delhi, Delhi"],"Pune, Maharashtra":"4%","Chennai, Tamil Nadu":"-3%","Bangalore, Karnataka":"36%","Mumbai, Maharashtra":"-7%","Gurgaon, Haryana":"-8%","Kolkata, West Bengal":"-39%","Hyderabad, Andhra Pradesh":"-17%","Faridabad, Haryana":"2%","Ahmedabad, Gujarat":"-38%","New Delhi, Delhi":"41%","employers_component":["Larsen & Toubro Limited","Tata Motors","Intel Corporation","United Conveyor Corporation","Schneider Electric Ltd","Larsen and Toubro Ltd.","Mahindra & Mahindra Ltd.","General Electric Co (GE)","BorgWarner, Inc.","Siemens Ltd"],"Larsen & Toubro Limited":"Avg. Salary: \u20b9863,887","Tata Motors":"Avg. Salary: \u20b9780,000","Intel Corporation":"Avg. Salary: \u20b93,244,000","United Conveyor Corporation":"Avg. Salary: \u20b91,956,834","Schneider Electric Ltd":"Avg. Salary: \u20b91,770,525","Larsen and Toubro Ltd.":"Avg. Salary: \u20b9800,000","Mahindra & Mahindra Ltd.":"Avg. Salary: \u20b91,245,691","General Electric Co (GE)":"Avg. Salary: \u20b93,129,240","BorgWarner, Inc.":"Avg. Salary: \u20b91,495,456","Siemens Ltd":"Avg. Salary: \u20b92,095,238","related_job_component":["Mechanical Engineer","Civil Engineer","Design Engineer","Project Manager, (Unspecified Type \/ General)","Operations Manager","Electrical Engineer","Project Engineer","Mechanical Design Engineer","Operations Team Leader"],"Mechanical Engineer":"Avg. Salary \u20b9152k \u2014 \u20b9983k","Civil Engineer":"Avg. Salary \u20b9154k \u2014 \u20b9771k","Design Engineer":"Avg. Salary \u20b9174k \u2014 \u20b9927k","Project Manager, (Unspecified Type \/ General)":"Avg. Salary \u20b9456k \u2014 \u20b92m","Operations Manager":"Avg. Salary \u20b9297k \u2014 \u20b92m","Electrical Engineer":"Avg. Salary \u20b9174k \u2014 \u20b9995k","Project Engineer":"Avg. Salary \u20b9198k \u2014 \u20b9849k","Mechanical Design Engineer":"Avg. Salary \u20b9160k \u2014 \u20b9820k","Operations Team Leader":"Avg. Salary \u20b9242k \u2014 \u20b9948k"}}