{"0":{"job_title":"Design_Architect","avg_salary":"\u20b9356,674","salary_component":["Base Salary","Bonus","Profit Sharing","Commission","Total Pay"],"Base Salary":"\u20b9152k - \u20b91m","Bonus":"\u20b95k - \u20b9199k","Profit Sharing":"\u20b92k - \u20b9506k","Commission":"\u20b933k - \u20b977k","Total Pay":"\u20b9157k - \u20b91m","pay_by_experience_percent":["Entry Level","Early Career","Mid Career","Late Career","Experienced"],"Entry Level":"-33%","Early Career":"-17%","Mid Career":"73%","Late Career":"236%","Experienced":"602%","pay_by_experience_years":["1","1-4"],"1":"\u20b9238,953","1-4":"\u20b9296,687","gender_component":["Male","Female","Prefer to self-define"],"Male":"50.3","Female":"49.6","Prefer to self-define":"0.2","health_benefits_componentt":["Medical","Dental","Vision","None"],"Medical":"29","Dental":"3","Vision":"3","None":"70","popular_skills_component":["Autodesk AutoCAD","Adobe Photoshop","Design","Autodesk Revit Architecture","SketchUp"],"Autodesk AutoCAD":"\u20b9334,769","Adobe Photoshop":"\u20b9318,087","Design":"\u20b9362,382","Autodesk Revit Architecture":"\u20b9360,766","SketchUp":"\u20b9298,481","affect_skills_component":["Computer Aided Drafting & Design (CADD)","Corel Draw","Adobe Illustrator","Adobe InDesign","Project Management","Microsoft Excel","Graphic Design","Microsoft Word","Autodesk AutoCAD Architecture","Autodesk SketchBook Pro"],"Computer Aided Drafting & Design (CADD)":"503%","Corel Draw":"419%","Adobe Illustrator":"99%","Adobe InDesign":"42%","Project Management":"41%","Microsoft Excel":"40%","Graphic Design":"36%","Microsoft Word":"35%","Autodesk AutoCAD Architecture":"26%","Autodesk SketchBook Pro":"19%","career_path_component":["Project Architect","Architect (but not Landscape or Naval)","Senior Project Architect"],"location_component":["Mumbai, Maharashtra","Bangalore, Karnataka","Pune, Maharashtra","Chennai, Tamil Nadu","New Delhi, Delhi","Hyderabad, Andhra Pradesh","Delhi, Delhi","Ahmedabad, Gujarat","Kolkata, West Bengal","Gurgaon, Haryana"],"Mumbai, Maharashtra":"1%","Bangalore, Karnataka":"20%","Pune, Maharashtra":"18%","Chennai, Tamil Nadu":"-18%","New Delhi, Delhi":"14%","Hyderabad, Andhra Pradesh":"-12%","Delhi, Delhi":"15%","Ahmedabad, Gujarat":"-29%","Kolkata, West Bengal":"-9%","Gurgaon, Haryana":"-1%","employers_component":["Architect Hafeez Contractor","Dar Al Handasah","RSP Architects Ltd","Gensler","Morphogenesis"],"Architect Hafeez Contractor":"Avg. Salary: \u20b9400,000","Dar Al Handasah":"Avg. Salary: \u20b9610,419","RSP Architects Ltd":"Avg. Salary: \u20b9360,000","Gensler":"Avg. Salary: \u20b9610,419","Morphogenesis":"Avg. Salary: \u20b9300,000","related_job_component":["Civil Engineer","Mechanical Engineer","Graphic Designer","Project Manager, (Unspecified Type \/ General)","Design Engineer","Project Engineer","Interior Designer","Electrical Engineer","Architect (but not Landscape or Naval)"],"Civil Engineer":"Avg. Salary \u20b9154k \u2014 \u20b9771k","Mechanical Engineer":"Avg. Salary \u20b9152k \u2014 \u20b9983k","Graphic Designer":"Avg. Salary \u20b9141k \u2014 \u20b9624k","Project Manager, (Unspecified Type \/ General)":"Avg. Salary \u20b9456k \u2014 \u20b92m","Design Engineer":"Avg. Salary \u20b9174k \u2014 \u20b9926k","Project Engineer":"Avg. Salary \u20b9198k \u2014 \u20b9849k","Interior Designer":"Avg. Salary \u20b9132k \u2014 \u20b9899k","Electrical Engineer":"Avg. Salary \u20b9174k \u2014 \u20b9995k","Architect (but not Landscape or Naval)":"Avg. Salary \u20b9174k \u2014 \u20b9991k"}}