{"0":{"job_title":"Design_Verification_Engineer","avg_salary":"\u20b9886,233","salary_component":["Base Salary","Bonus","Profit Sharing","Total Pay"],"Base Salary":"\u20b9292k - \u20b92m","Bonus":"\u20b920k - \u20b9312k","Profit Sharing":"\u20b96k - \u20b9983k","Total Pay":"\u20b9295k - \u20b93m","pay_by_experience_percent":["Entry Level","Early Career","Mid Career","Late Career"],"Entry Level":"-65%","Early Career":"-30%","Mid Career":"101%","Late Career":"191%","pay_by_experience_years":["1"],"1":"\u20b9311,276","gender_component":["Male","Female"],"Male":"82.2","Female":"17.8","health_benefits_componentt":["Medical","Dental","Vision","None"],"Medical":"80","Dental":"14","Vision":"12","None":"20","popular_skills_component":["Verilog","Perl","Engineering Design, Semiconductor","Verilog VHDL","C++ Programming Language"],"Verilog":"\u20b9881,957","Perl":"\u20b9716,679","Engineering Design, Semiconductor":"35%","Verilog VHDL":"12%","C++ Programming Language":"10%","affect_skills_component":["Microprocessor","Simulation","Problem Solving","Python","Medical Devices","Engineering Design, Semiconductor","Test Planning","Verilog VHDL","C++ Programming Language"],"Microprocessor":"189%","Simulation":"81%","Problem Solving":"69%","Python":"66%","Medical Devices":"64%","Test Planning":"30%","career_path_component":["Design Engineer","Senior Test Engineer"],"location_component":["Bangalore, Karnataka","Hyderabad, Andhra Pradesh","Ahmedabad, Gujarat","Noida, Uttar Pradesh","Pune, Maharashtra","New Delhi, Delhi","Chennai, Tamil Nadu"],"Bangalore, Karnataka":"35%","Hyderabad, Andhra Pradesh":"-21%","Ahmedabad, Gujarat":"-65%","Noida, Uttar Pradesh":"-44%","Pune, Maharashtra":"2%","New Delhi, Delhi":"65%","Chennai, Tamil Nadu":"-55%","employers_component":["Intel Corporation","Nvidia Corp","Synopsys, Inc","Qualcomm India Private Limited","SoCtronics","Mirafra Technologies","eInfochips","Altran Technologies India Pvt Ltd","Arm, Inc."],"Intel Corporation":"Avg. Salary: \u20b91,941,962","Nvidia Corp":"Avg. Salary: \u20b92,716,500","Synopsys, Inc":"Avg. Salary: \u20b91,675,000","Qualcomm India Private Limited":"Avg. Salary: \u20b92,254,000","SoCtronics":"Avg. Salary: \u20b9300,000","Mirafra Technologies":"Avg. Salary: \u20b9750,000","eInfochips":"Avg. Salary: \u20b9420,000","Altran Technologies India Pvt Ltd":"Avg. Salary: \u20b91,300,000","Arm, Inc.":"Avg. Salary: \u20b91,600,000","related_job_component":["Software Engineer","Senior Software Engineer","Test \/ Quality Assurance (QA) Engineer (Computer Software)","Software Developer","Sr. Software Engineer \/ Developer \/ Programmer","Software Engineer \/ Developer \/ Programmer","Sr. Test \/ Quality Assurance (QA) Engineer, (Computer Software)","Software Test Lead","Software Tester"],"Software Engineer":"Avg. Salary \u20b9262k \u2014 \u20b91m","Senior Software Engineer":"Avg. Salary \u20b9493k \u2014 \u20b92m","Test \/ Quality Assurance (QA) Engineer (Computer Software)":"Avg. Salary \u20b9190k \u2014 \u20b9868k","Software Developer":"Avg. Salary \u20b9214k \u2014 \u20b91m","Sr. Software Engineer \/ Developer \/ Programmer":"Avg. Salary \u20b9432k \u2014 \u20b92m","Software Engineer \/ Developer \/ Programmer":"Avg. Salary \u20b9225k \u2014 \u20b91m","Sr. Test \/ Quality Assurance (QA) Engineer, (Computer Software)":"Avg. Salary \u20b9410k \u2014 \u20b91m","Software Test Lead":"Avg. Salary \u20b9656k \u2014 \u20b92m","Software Tester":"Avg. Salary \u20b9180k \u2014 \u20b9781k"}}