{"0":{"job_title":"Design_Engineer","avg_salary":"\u20b9371,976","salary_component":["Base Salary","Bonus","Profit Sharing","Commission","Total Pay"],"Base Salary":"\u20b9174k - \u20b9927k","Bonus":"\u20b95k - \u20b9103k","Profit Sharing":"\u20b91k - \u20b9253k","Commission":"\u20b91k - \u20b998k","Total Pay":"\u20b9178k - \u20b9994k","pay_by_experience_percent":["Entry Level","Early Career","Mid Career","Late Career","Experienced"],"Entry Level":"-34%","Early Career":"-11%","Mid Career":"56%","Late Career":"165%","Experienced":"214%","pay_by_experience_years":["1","1-4"],"1":"\u20b9245,863","1-4":"\u20b9330,072","gender_component":["Male","Female","Prefer to self-define"],"Male":"92.0","Female":"7.9","Prefer to self-define":"0.1","health_benefits_componentt":["Medical","Dental","Vision","None"],"Medical":"66","Dental":"5","Vision":"6","None":"34","popular_skills_component":["Engineering Design","Computer Aided Design (CAD)","Autodesk AutoCAD","SolidWorks","Product Development"],"Engineering Design":"\u20b9392,234","Computer Aided Design (CAD)":"\u20b9352,397","Autodesk AutoCAD":"\u20b9298,604","SolidWorks":"\u20b9300,680","Product Development":"\u20b9420,935","affect_skills_component":["Telecommunications","Digital Design","Engineering Design, Semiconductor","Structural Analysis and Design (STAAD)","Verilog VHDL","Verilog","Bentley MicroStation","Windows NT \/ 2000 \/ XP Networking","Simulation","Java"],"Telecommunications":"275%","Digital Design":"219%","Engineering Design, Semiconductor":"214%","Structural Analysis and Design (STAAD)":"166%","Verilog VHDL":"102%","Verilog":"102%","Bentley MicroStation":"86%","Windows NT \/ 2000 \/ XP Networking":"76%","Simulation":"75%","Java":"75%","career_path_component":["Senior Mechanical Design Engineer","Mechanical Design Engineer","Mechanical Engineer"],"location_component":["Pune, Maharashtra","Bangalore, Karnataka","Chennai, Tamil Nadu","Mumbai, Maharashtra","Hyderabad, Andhra Pradesh","Coimbatore, Tamil Nadu","Ahmedabad, Gujarat","New Delhi, Delhi","Gurgaon, Haryana","Delhi, Delhi"],"Pune, Maharashtra":"2%","Bangalore, Karnataka":"17%","Chennai, Tamil Nadu":"6%","Mumbai, Maharashtra":"%","Hyderabad, Andhra Pradesh":"-10%","Coimbatore, Tamil Nadu":"-31%","Ahmedabad, Gujarat":"-25%","New Delhi, Delhi":"7%","Gurgaon, Haryana":"32%","Delhi, Delhi":"9%","employers_component":["Cyient","Tata Technologies Limited","Renault Nissan","HCL Technologies Ltd.","Larsen & Toubro Limited","Mahindra & Mahindra Ltd.","Jacobs Engineering Group Inc","Tata Motors","Flowserve Corporation","Ashok Leyland"],"Cyient":"Avg. Salary: \u20b9336,697","Tata Technologies Limited":"Avg. Salary: \u20b9459,835","Renault Nissan":"Avg. Salary: \u20b9545,205","HCL Technologies Ltd.":"Avg. Salary: \u20b9390,000","Larsen & Toubro Limited":"Avg. Salary: \u20b9573,913","Mahindra & Mahindra Ltd.":"Avg. Salary: \u20b9608,756","Jacobs Engineering Group Inc":"Avg. Salary: \u20b9750,000","Tata Motors":"Avg. Salary: \u20b9772,716","Flowserve Corporation":"Avg. Salary: \u20b9625,000","Ashok Leyland":"Avg. Salary: \u20b9300,303","related_job_component":["Mechanical Engineer","Civil Engineer","Software Engineer","Electrical Engineer","Project Engineer","Mechanical Design Engineer","Senior Software Engineer","Project Manager, (Unspecified Type \/ General)","Senior Mechanical Engineer"],"Mechanical Engineer":"Avg. Salary \u20b9152k \u2014 \u20b9983k","Civil Engineer":"Avg. Salary \u20b9154k \u2014 \u20b9771k","Software Engineer":"Avg. Salary \u20b9262k \u2014 \u20b91m","Electrical Engineer":"Avg. Salary \u20b9174k \u2014 \u20b9995k","Project Engineer":"Avg. Salary \u20b9198k \u2014 \u20b9849k","Mechanical Design Engineer":"Avg. Salary \u20b9160k \u2014 \u20b9820k","Senior Software Engineer":"Avg. Salary \u20b9493k \u2014 \u20b92m","Project Manager, (Unspecified Type \/ General)":"Avg. Salary \u20b9456k \u2014 \u20b92m","Senior Mechanical Engineer":"Avg. Salary \u20b9308k \u2014 \u20b91m"}}