{"0":{"job_title":"Desktop_Engineer","avg_salary":"\u20b9196,681","salary_component":["Base Salary","Bonus","Profit Sharing","Total Pay"],"Base Salary":"\u20b9119k - \u20b9333k","Bonus":"\u20b9503 - \u20b995k","Profit Sharing":"\u20b92k - \u20b9100k","Total Pay":"\u20b9120k - \u20b9356k","pay_by_experience_percent":["Entry Level","Early Career","Mid Career","Late Career"],"Entry Level":"-22%","Early Career":"-6%","Mid Career":"27%","Late Career":"53%","pay_by_experience_years":["1","1-4"],"1":"\u20b9152,734","1-4":"\u20b9185,515","gender_component":["Male"],"Male":"100.0","health_benefits_componentt":["Medical","Vision","None"],"Medical":"38","Vision":"2","None":"62","popular_skills_component":["Help Desk \/ Desktop Support (Tier 2)","Help Desk \/ Desktop Support (Tier 1)","Information Technology (IT) Support","Network Support","Windows Support"],"Help Desk \/ Desktop Support (Tier 2)":"\u20b9193,898","Help Desk \/ Desktop Support (Tier 1)":"\u20b9192,462","Information Technology (IT) Support":"3%","Network Support":"9%","Windows Support":"3%","affect_skills_component":["Microsoft Active Directory","Network Support","Information Technology (IT) Support","Windows Support","System Administration"],"Microsoft Active Directory":"10%","System Administration":"3%","career_path_component":["System Administrator, Windows Server","Senior Systems Engineer","Desktop Support Engineer"],"location_component":["Mumbai, Maharashtra","Bangalore, Karnataka","Hyderabad, Andhra Pradesh","Chennai, Tamil Nadu","Delhi, Delhi","Pune, Maharashtra","Noida, Uttar Pradesh","New Delhi, Delhi","Gurgaon, Haryana","Ahmedabad, Gujarat"],"Mumbai, Maharashtra":"-7%","Bangalore, Karnataka":"10%","Hyderabad, Andhra Pradesh":"17%","Chennai, Tamil Nadu":"22%","Delhi, Delhi":"2%","Pune, Maharashtra":"1%","Noida, Uttar Pradesh":"1%","New Delhi, Delhi":"24%","Gurgaon, Haryana":"-21%","Ahmedabad, Gujarat":"6%","employers_component":[],"related_job_component":["Desktop Support Engineer","Technical Support Engineer","Systems Administrator","System Administrator, Windows Server","System Administrator, Computer \/ Network","Network Engineer","Service Desk Analyst","Support Engineer, Information Technology (IT)","Senior Systems Administrator"],"Desktop Support Engineer":"Avg. Salary \u20b9125k \u2014 \u20b9332k","Technical Support Engineer":"Avg. Salary \u20b9174k \u2014 \u20b9883k","Systems Administrator":"Avg. Salary \u20b9179k \u2014 \u20b9915k","System Administrator, Windows Server":"Avg. Salary \u20b9205k \u2014 \u20b9856k","System Administrator, Computer \/ Network":"Avg. Salary \u20b9152k \u2014 \u20b9727k","Network Engineer":"Avg. Salary \u20b9164k \u2014 \u20b9808k","Service Desk Analyst":"Avg. Salary \u20b9192k \u2014 \u20b9574k","Support Engineer, Information Technology (IT)":"Avg. Salary \u20b9180k \u2014 \u20b9642k","Senior Systems Administrator":"Avg. Salary \u20b9378k \u2014 \u20b91m"}}