{"0":{"job_title":"Desktop_Support_Engineer","avg_salary":"\u20b9193,709","salary_component":["Base Salary","Bonus","Profit Sharing","Total Pay"],"Base Salary":"\u20b9125k - \u20b9328k","Bonus":"\u20b91k - \u20b940k","Profit Sharing":"\u20b911 - \u20b925k","Total Pay":"\u20b9126k - \u20b9343k","pay_by_experience_percent":["Entry Level","Early Career","Mid Career","Late Career"],"Entry Level":"-19%","Early Career":"-2%","Mid Career":"27%","Late Career":"28%","pay_by_experience_years":["1","1-4"],"1":"\u20b9156,760","1-4":"\u20b9190,203","gender_component":["Male","Female"],"Male":"98.0","Female":"2.0","health_benefits_componentt":["Medical","Dental","Vision","None"],"Medical":"49","Dental":"2","Vision":"2","None":"50","popular_skills_component":["Help Desk \/ Desktop Support (Tier 2)","Software Installation & Upgrade","Help Desk \/ Desktop Support","Windows Support","Computer Hardware Technician"],"Help Desk \/ Desktop Support (Tier 2)":"3%","Software Installation & Upgrade":"1%","Help Desk \/ Desktop Support":"\u20b9188,174","Windows Support":"4%","Computer Hardware Technician":"1%","affect_skills_component":["System Administration","Windows Support","Windows NT \/ 2000 \/ XP Networking","Help Desk \/ Desktop Support (Tier 2)","Systems Troubleshooting","Windows Operating System General Use","Microsoft Active Directory","Software Installation & Upgrade","Computer Hardware Technician"],"System Administration":"20%","Windows NT \/ 2000 \/ XP Networking":"4%","Systems Troubleshooting":"2%","Windows Operating System General Use":"2%","Microsoft Active Directory":"2%","career_path_component":["Technical Support Engineer","Systems Administrator","Network Engineer"],"location_component":["Mumbai, Maharashtra","Bangalore, Karnataka","Pune, Maharashtra","Chennai, Tamil Nadu","Hyderabad, Andhra Pradesh","New Delhi, Delhi","Gurgaon, Haryana","Delhi, Delhi","Noida, Uttar Pradesh","Kolkata, West Bengal"],"Mumbai, Maharashtra":"-5%","Bangalore, Karnataka":"4%","Pune, Maharashtra":"1%","Chennai, Tamil Nadu":"-12%","Hyderabad, Andhra Pradesh":"3%","New Delhi, Delhi":"14%","Gurgaon, Haryana":"8%","Delhi, Delhi":"4%","Noida, Uttar Pradesh":"-8%","Kolkata, West Bengal":"-22%","employers_component":["Wipro Technologies Ltd.","Wipro","HCL Infosystem Ltd.","Cognizant","IMSI India Pvt. Ltd.","HCL Technologies Ltd.","CMS Computers","Magna Infotech","NetConnect","Microland"],"Wipro Technologies Ltd.":"Avg. Salary: \u20b9182,951","Wipro":"Avg. Salary: \u20b9158,500","HCL Infosystem Ltd.":"Avg. Salary: \u20b9165,000","Cognizant":"Avg. Salary: \u20b9174,086","IMSI India Pvt. Ltd.":"Avg. Salary: \u20b9142,456","HCL Technologies Ltd.":"Avg. Salary: \u20b9387,097","CMS Computers":"Avg. Salary: \u20b9177,965","Magna Infotech":"Avg. Salary: \u20b9100,000","NetConnect":"Avg. Salary: \u20b9212,000","Microland":"Avg. Salary: \u20b9192,500","related_job_component":["Technical Support Engineer","System Administrator, Windows Server","System Administrator, Computer \/ Network","Network Engineer","Systems Administrator","Systems Engineer, IT","Information Technology (IT) Manager","Senior Technical Support Engineer","Technical Support Specialist"],"Technical Support Engineer":"Avg. Salary \u20b9174k \u2014 \u20b9883k","System Administrator, Windows Server":"Avg. Salary \u20b9205k \u2014 \u20b9856k","System Administrator, Computer \/ Network":"Avg. Salary \u20b9152k \u2014 \u20b9727k","Network Engineer":"Avg. Salary \u20b9164k \u2014 \u20b9808k","Systems Administrator":"Avg. Salary \u20b9179k \u2014 \u20b9915k","Systems Engineer, IT":"Avg. Salary \u20b9197k \u2014 \u20b9627k","Information Technology (IT) Manager":"Avg. Salary \u20b9411k \u2014 \u20b93m","Senior Technical Support Engineer":"Avg. Salary \u20b9272k \u2014 \u20b92m","Technical Support Specialist":"Avg. Salary \u20b9236k \u2014 \u20b91m"}}