{"0":{"job_title":"Director_of_Engineering","avg_salary":"\u20b94,099,568","salary_component":["Base Salary","Bonus","Profit Sharing","Total Pay"],"Base Salary":"\u20b92m - \u20b97m","Bonus":"\u20b9205k - \u20b92m","Profit Sharing":"\u20b9193k - \u20b92m","Total Pay":"\u20b92m - \u20b97m","pay_by_experience_percent":["Mid Career","Late Career","Experienced"],"Mid Career":"-8%","Late Career":"0%","Experienced":"7%","pay_by_experience_years":["5-9","10-19"],"5-9":"\u20b93,777,213","10-19":"\u20b94,081,387","gender_component":["Male","Female"],"Male":"93.8","Female":"6.2","health_benefits_componentt":["Medical","Dental","Vision","None"],"Medical":"84","Dental":"14","Vision":"11","None":"15","popular_skills_component":["People Management","Product Development","Project Management","Leadership","Engineering Design"],"People Management":"\u20b94,129,633","Product Development":"\u20b94,145,259","Project Management":"\u20b94,109,884","Leadership":"5%","Engineering Design":"3%","affect_skills_component":["Software Development Management","Java","Program Management","Agile Software Development","Strategic Planning","Leadership","Operations Management","Software Development","Engineering Design","Budget Management"],"Software Development Management":"18%","Java":"15%","Program Management":"12%","Agile Software Development":"11%","Strategic Planning":"6%","Operations Management":"5%","Software Development":"5%","Budget Management":"2%","career_path_component":["Vice President (VP), Engineering","Vice President (VP), Engineering (Comput...","Vice President (VP), General Manager"],"location_component":["Bangalore, Karnataka","Pune, Maharashtra","Hyderabad, Andhra Pradesh","Mumbai, Maharashtra","Chennai, Tamil Nadu","Gurgaon, Haryana","Noida, Uttar Pradesh","New Delhi, Delhi"],"Bangalore, Karnataka":"11%","Pune, Maharashtra":"-1%","Hyderabad, Andhra Pradesh":"-16%","Mumbai, Maharashtra":"-3%","Chennai, Tamil Nadu":"-8%","Gurgaon, Haryana":"-13%","Noida, Uttar Pradesh":"-21%","New Delhi, Delhi":"-13%","employers_component":["Replicon Inc.","Synerzip"],"Replicon Inc.":"Avg. Salary: \u20b94,368,601","Synerzip":"Avg. Salary: \u20b94,197,619","related_job_component":["Operations Manager","Software Engineer","Project Manager, (Unspecified Type \/ General)","Senior Software Engineer","Mechanical Engineer","Operations Team Leader","Civil Engineer","Senior Project Manager, IT","Project Manager, Information Technology (IT)"],"Operations Manager":"Avg. Salary \u20b9297k \u2014 \u20b92m","Software Engineer":"Avg. Salary \u20b9262k \u2014 \u20b91m","Project Manager, (Unspecified Type \/ General)":"Avg. Salary \u20b9456k \u2014 \u20b92m","Senior Software Engineer":"Avg. Salary \u20b9493k \u2014 \u20b92m","Mechanical Engineer":"Avg. Salary \u20b9152k \u2014 \u20b9983k","Operations Team Leader":"Avg. Salary \u20b9242k \u2014 \u20b9948k","Civil Engineer":"Avg. Salary \u20b9154k \u2014 \u20b9771k","Senior Project Manager, IT":"Avg. Salary \u20b91m \u2014 \u20b93m","Project Manager, Information Technology (IT)":"Avg. Salary \u20b9531k \u2014 \u20b92m"}}