{"0":{"job_title":"Draughtsman","avg_salary":"\u20b9290,360","salary_component":["Base Salary","Bonus","Profit Sharing","Total Pay"],"Base Salary":"\u20b9123k - \u20b9659k","Bonus":"\u20b92k - \u20b973k","Profit Sharing":"\u20b92k - \u20b9123k","Total Pay":"\u20b9125k - \u20b9700k","pay_by_experience_percent":["Entry Level","Early Career","Mid Career","Late Career","Experienced"],"Entry Level":"-39%","Early Career":"-24%","Mid Career":"21%","Late Career":"55%","Experienced":"134%","pay_by_experience_years":["1","1-4"],"1":"\u20b9175,692","1-4":"\u20b9219,946","gender_component":["Male","Female"],"Male":"93.4","Female":"6.6","health_benefits_componentt":["Medical","Dental","Vision","None"],"Medical":"52","Dental":"1","Vision":"1","None":"48","popular_skills_component":["Autodesk AutoCAD","Computer Aided Design (CAD)","Computer Aided Drafting & Design (CADD)","Microsoft Office","SolidWorks"],"Autodesk AutoCAD":"\u20b9266,429","Computer Aided Design (CAD)":"\u20b9274,130","Computer Aided Drafting & Design (CADD)":"7%","Microsoft Office":"\u20b9288,630","SolidWorks":"\u20b9260,033","affect_skills_component":["Autodesk Revit Architecture","Autodesk Inventor","Autodesk Revit MEP","Computer Aided Drafting & Design (CADD)","Autodesk AutoCAD Mechanical"],"Autodesk Revit Architecture":"72%","Autodesk Inventor":"72%","Autodesk Revit MEP":"16%","Autodesk AutoCAD Mechanical":"4%","career_path_component":["Piping Designer","Design Engineer","Mechanical Drafter"],"location_component":["Mumbai, Maharashtra","Pune, Maharashtra","Chennai, Tamil Nadu","New Delhi, Delhi","Hyderabad, Andhra Pradesh","Bangalore, Karnataka","Ahmedabad, Gujarat","Delhi, Delhi","Kolkata, West Bengal","Gurgaon, Haryana"],"Mumbai, Maharashtra":"5%","Pune, Maharashtra":"17%","Chennai, Tamil Nadu":"-1%","New Delhi, Delhi":"-10%","Hyderabad, Andhra Pradesh":"-2%","Bangalore, Karnataka":"21%","Ahmedabad, Gujarat":"-1%","Delhi, Delhi":"71%","Kolkata, West Bengal":"-14%","Gurgaon, Haryana":"-5%","employers_component":[],"related_job_component":["Mechanical Engineer","Design Engineer","Civil Engineer","Mechanical Design Engineer","Design Architect","Interior Designer","Architect (but not Landscape or Naval)","Senior Mechanical Design Engineer","Electrical Engineer"],"Mechanical Engineer":"Avg. Salary \u20b9152k \u2014 \u20b9983k","Design Engineer":"Avg. Salary \u20b9174k \u2014 \u20b9926k","Civil Engineer":"Avg. Salary \u20b9154k \u2014 \u20b9771k","Mechanical Design Engineer":"Avg. Salary \u20b9160k \u2014 \u20b9822k","Design Architect":"Avg. Salary \u20b9152k \u2014 \u20b91m","Interior Designer":"Avg. Salary \u20b9132k \u2014 \u20b9899k","Architect (but not Landscape or Naval)":"Avg. Salary \u20b9174k \u2014 \u20b9991k","Senior Mechanical Design Engineer":"Avg. Salary \u20b9363k \u2014 \u20b91m","Electrical Engineer":"Avg. Salary \u20b9174k \u2014 \u20b9995k"}}