{"0":{"job_title":"Electrical_Technician","avg_salary":"\u20b9254,560","salary_component":["Base Salary","Bonus","Profit Sharing","Total Pay"],"Base Salary":"\u20b9118k - \u20b9710k","Bonus":"\u20b95k - \u20b958k","Profit Sharing":"\u20b91k - \u20b9498k","Total Pay":"\u20b9131k - \u20b91m","pay_by_experience_percent":["Entry Level","Early Career","Mid Career","Late Career","Experienced"],"Entry Level":"-42%","Early Career":"-9%","Mid Career":"0%","Late Career":"77%","Experienced":"136%","pay_by_experience_years":["1","1-4"],"1":"\u20b9147,170","1-4":"\u20b9232,258","gender_component":["Male"],"Male":"100.0","health_benefits_componentt":["Medical","Dental","Vision","None"],"Medical":"52","Dental":"8","Vision":"8","None":"48","popular_skills_component":["Maintenance","Troubleshooting","Electronic Troubleshooting","Systems Troubleshooting","Programmable Logic Controllers (PLC) \/ Automation"],"Maintenance":"2%","Troubleshooting":"\u20b9255,744","Electronic Troubleshooting":"\u20b9220,000","Systems Troubleshooting":"16%","Programmable Logic Controllers (PLC) \/ Automation":"\u20b9234,000","affect_skills_component":["Systems Troubleshooting","Maintenance"],"career_path_component":["Electrical Supervisor"],"location_component":["Chennai, Tamil Nadu","Mumbai, Maharashtra","Bangalore, Karnataka","Kolkata, West Bengal","Pune, Maharashtra","Hyderabad, Andhra Pradesh","New Delhi, Delhi","Lucknow, Uttar Pradesh"],"Chennai, Tamil Nadu":"-12%","Mumbai, Maharashtra":"16%","Bangalore, Karnataka":"-35%","Kolkata, West Bengal":"-29%","Pune, Maharashtra":"-14%","Hyderabad, Andhra Pradesh":"-3%","New Delhi, Delhi":"55%","Lucknow, Uttar Pradesh":"24%","employers_component":[],"related_job_component":["Maintenance Engineer","Electrical Engineer","Technical Support Engineer","Service Engineer","Mechanical Engineer","Electrical Maintenance Engineer","Electrician","Maintenance Technician","Senior Technical Support Engineer"],"Maintenance Engineer":"Avg. Salary \u20b9151k \u2014 \u20b9658k","Electrical Engineer":"Avg. Salary \u20b9174k \u2014 \u20b9995k","Technical Support Engineer":"Avg. Salary \u20b9174k \u2014 \u20b9879k","Service Engineer":"Avg. Salary \u20b9136k \u2014 \u20b9571k","Mechanical Engineer":"Avg. Salary \u20b9152k \u2014 \u20b9983k","Electrical Maintenance Engineer":"Avg. Salary \u20b9146k \u2014 \u20b9751k","Electrician":"Avg. Salary \u20b9123k \u2014 \u20b9554k","Maintenance Technician":"Avg. Salary \u20b9135k \u2014 \u20b9593k","Senior Technical Support Engineer":"Avg. Salary \u20b9272k \u2014 \u20b92m"}}