{"0":{"job_title":"Electronics_Engineer","avg_salary":"\u20b9400,845","salary_component":["Base Salary","Bonus","Profit Sharing","Commission","Total Pay"],"Base Salary":"\u20b9153k - \u20b91m","Bonus":"\u20b95k - \u20b9205k","Profit Sharing":"\u20b91k - \u20b9197k","Commission":"\u20b90 - \u20b9200k","Total Pay":"\u20b9168k - \u20b91m","pay_by_experience_percent":["Entry Level","Early Career","Mid Career","Late Career","Experienced"],"Entry Level":"-3%","Early Career":"-7%","Mid Career":"27%","Late Career":"192%","Experienced":"-50%","pay_by_experience_years":["1","1-4"],"1":"\u20b9389,941","1-4":"\u20b9374,166","gender_component":["Male","Female"],"Male":"86.8","Female":"13.2","health_benefits_componentt":["Medical","Dental","Vision","None"],"Medical":"64","Dental":"9","Vision":"12","None":"35","popular_skills_component":["Electronic Troubleshooting","C Programming Language","Engineering Design","Microsoft Office","Embedded \/ Real-Time \/ RTOS"],"Electronic Troubleshooting":"\u20b9399,996","C Programming Language":"1%","Engineering Design":"11%","Microsoft Office":"\u20b9320,000","Embedded \/ Real-Time \/ RTOS":"2%","affect_skills_component":["Automation Scripting","Computer Aided Design (CAD)","Matlab","Simulation Program with Integrated Circuits Emphasis (SPICE)","System Testing","Engineering Design","Embedded \/ Real-Time \/ RTOS","C Programming Language","Project Management"],"Automation Scripting":"182%","Computer Aided Design (CAD)":"75%","Matlab":"67%","Simulation Program with Integrated Circuits Emphasis (SPICE)":"50%","System Testing":"28%","Project Management":"1%","career_path_component":["Senior Hardware Design Engineer","Program Manager, Electronics","Senior Product Manager"],"location_component":["Mumbai, Maharashtra","Bangalore, Karnataka","Pune, Maharashtra","Chennai, Tamil Nadu","New Delhi, Delhi","Delhi, Delhi","Ahmedabad, Gujarat","Kolkata, West Bengal","Hyderabad, Andhra Pradesh","Gurgaon, Haryana"],"Mumbai, Maharashtra":"-14%","Bangalore, Karnataka":"50%","Pune, Maharashtra":"1%","Chennai, Tamil Nadu":"27%","New Delhi, Delhi":"1%","Delhi, Delhi":"70%","Ahmedabad, Gujarat":"-25%","Kolkata, West Bengal":"%","Hyderabad, Andhra Pradesh":"-13%","Gurgaon, Haryana":"-20%","employers_component":["Bharat Electronics Limited"],"Bharat Electronics Limited":"Avg. Salary: \u20b9800,000","related_job_component":["Mechanical Engineer","Civil Engineer","Design Engineer","Electrical Engineer","Project Manager, (Unspecified Type \/ General)","Project Engineer","Software Engineer","Senior Software Engineer","Project Manager, Information Technology (IT)"],"Mechanical Engineer":"Avg. Salary \u20b9152k \u2014 \u20b9983k","Civil Engineer":"Avg. Salary \u20b9154k \u2014 \u20b9771k","Design Engineer":"Avg. Salary \u20b9174k \u2014 \u20b9926k","Electrical Engineer":"Avg. Salary \u20b9174k \u2014 \u20b9995k","Project Manager, (Unspecified Type \/ General)":"Avg. Salary \u20b9456k \u2014 \u20b92m","Project Engineer":"Avg. Salary \u20b9198k \u2014 \u20b9849k","Software Engineer":"Avg. Salary \u20b9263k \u2014 \u20b91m","Senior Software Engineer":"Avg. Salary \u20b9493k \u2014 \u20b92m","Project Manager, Information Technology (IT)":"Avg. Salary \u20b9531k \u2014 \u20b92m"}}