{"0":{"job_title":"Electrical_Design_Engineer","avg_salary":"\u20b9388,662","salary_component":["Base Salary","Bonus","Profit Sharing","Total Pay"],"Base Salary":"\u20b9176k - \u20b9999k","Bonus":"\u20b95k - \u20b9146k","Profit Sharing":"\u20b913 - \u20b974k","Total Pay":"\u20b9179k - \u20b91m","pay_by_experience_percent":["Entry Level","Early Career","Mid Career","Late Career","Experienced"],"Entry Level":"-48%","Early Career":"-22%","Mid Career":"50%","Late Career":"128%","Experienced":"209%","pay_by_experience_years":["1"],"1":"\u20b9203,394","gender_component":["Male","Female"],"Male":"86.3","Female":"13.8","health_benefits_componentt":["Medical","Dental","Vision","None"],"Medical":"66","Dental":"6","Vision":"5","None":"34","popular_skills_component":["Engineering Design","Autodesk AutoCAD","Autodesk AutoCAD Electrical","Microsoft Office","Microsoft Excel"],"Engineering Design":"4%","Autodesk AutoCAD":"\u20b9350,676","Autodesk AutoCAD Electrical":"\u20b9340,893","Microsoft Office":"\u20b9358,187","Microsoft Excel":"\u20b9323,890","affect_skills_component":["DIALux Lighting Design Software","Autodesk Revit MEP","Windows Operating System General Use","Engineering Design","Computer Aided Design (CAD)"],"DIALux Lighting Design Software":"70%","Autodesk Revit MEP":"29%","Windows Operating System General Use":"24%","Computer Aided Design (CAD)":"3%","career_path_component":["Senior Electrical Engineer","Electrical Engineer","Design Engineer"],"location_component":["Bangalore, Karnataka","Chennai, Tamil Nadu","Pune, Maharashtra","Mumbai, Maharashtra","Hyderabad, Andhra Pradesh","Ahmedabad, Gujarat","New Delhi, Delhi","Kolkata, West Bengal","Gurgaon, Haryana","Delhi, Delhi"],"Bangalore, Karnataka":"16%","Chennai, Tamil Nadu":"-4%","Pune, Maharashtra":"-9%","Mumbai, Maharashtra":"-9%","Hyderabad, Andhra Pradesh":"-17%","Ahmedabad, Gujarat":"-9%","New Delhi, Delhi":"52%","Kolkata, West Bengal":"-23%","Gurgaon, Haryana":"175%","Delhi, Delhi":"16%","employers_component":["Larsen & Toubro Limited","ABB India","Sterling and Wilson Ltd"],"Larsen & Toubro Limited":"Avg. Salary: \u20b9589,169","ABB India":"Avg. Salary: \u20b9867,500","Sterling and Wilson Ltd":"Avg. Salary: \u20b9435,000","related_job_component":["Mechanical Engineer","Civil Engineer","Electrical Engineer","Design Engineer","Project Manager, (Unspecified Type \/ General)","Project Engineer","Business Analyst, IT","Operations Manager","Project Manager, Information Technology (IT)"],"Mechanical Engineer":"Avg. Salary \u20b9152k \u2014 \u20b9983k","Civil Engineer":"Avg. Salary \u20b9154k \u2014 \u20b9771k","Electrical Engineer":"Avg. Salary \u20b9174k \u2014 \u20b9995k","Design Engineer":"Avg. Salary \u20b9174k \u2014 \u20b9926k","Project Manager, (Unspecified Type \/ General)":"Avg. Salary \u20b9456k \u2014 \u20b92m","Project Engineer":"Avg. Salary \u20b9198k \u2014 \u20b9843k","Business Analyst, IT":"Avg. Salary \u20b9275k \u2014 \u20b91m","Operations Manager":"Avg. Salary \u20b9297k \u2014 \u20b92m","Project Manager, Information Technology (IT)":"Avg. Salary \u20b9531k \u2014 \u20b92m"}}