{"0":{"job_title":"Electronics_Technician","avg_salary":"\u20b9261,608","salary_component":["Base Salary","Bonus","Profit Sharing","Total Pay"],"Base Salary":"\u20b9140k - \u20b9696k","Bonus":"\u20b91k - \u20b9114k","Profit Sharing":"\u20b9485 - \u20b9206k","Total Pay":"\u20b9141k - \u20b9919k","pay_by_experience_percent":["Entry Level","Early Career","Mid Career","Late Career","Experienced"],"Entry Level":"-19%","Early Career":"-19%","Mid Career":"24%","Late Career":"13%","Experienced":"53%","pay_by_experience_years":["1","1-4"],"1":"\u20b9213,090","1-4":"\u20b9211,317","gender_component":["Male","Female"],"Male":"94.1","Female":"5.9","health_benefits_componentt":["Medical","Dental","Vision","None"],"Medical":"57","Dental":"5","Vision":"7","None":"43","popular_skills_component":["Electronic Troubleshooting","Electronic Equipment Installation","System Repair","Soldering","Systems Troubleshooting"],"Electronic Troubleshooting":"\u20b9261,082","Electronic Equipment Installation":"1%","System Repair":"\u20b9225,000","Soldering":"\u20b9220,000","Systems Troubleshooting":"\u20b9251,007","affect_skills_component":["Technical Services","Electronic Equipment Installation"],"Technical Services":"10%","career_path_component":["Service Engineer","Electronics Engineer"],"location_component":["Bangalore, Karnataka","Pune, Maharashtra","Hyderabad, Andhra Pradesh","Chennai, Tamil Nadu","Kolkata, West Bengal","Mumbai, Maharashtra","Delhi, Delhi","New Delhi, Delhi","Ahmedabad, Gujarat","Gurgaon, Haryana"],"Bangalore, Karnataka":"-22%","Pune, Maharashtra":"-20%","Hyderabad, Andhra Pradesh":"24%","Chennai, Tamil Nadu":"45%","Kolkata, West Bengal":"22%","Mumbai, Maharashtra":"-33%","Delhi, Delhi":"15%","New Delhi, Delhi":"-10%","Ahmedabad, Gujarat":"91%","Gurgaon, Haryana":"-31%","employers_component":[],"related_job_component":["Service Engineer","Test \/ Quality Assurance (QA) Engineer (Computer Software)","Test Engineer","Senior Test Engineer","Software Tester","Sr. Test \/ Quality Assurance (QA) Engineer, (Computer Software)","Software Test Lead","Field Service Engineer","Test Analyst"],"Service Engineer":"Avg. Salary \u20b9136k \u2014 \u20b9571k","Test \/ Quality Assurance (QA) Engineer (Computer Software)":"Avg. Salary \u20b9190k \u2014 \u20b9867k","Test Engineer":"Avg. Salary \u20b9223k \u2014 \u20b9765k","Senior Test Engineer":"Avg. Salary \u20b9391k \u2014 \u20b91m","Software Tester":"Avg. Salary \u20b9180k \u2014 \u20b9781k","Sr. Test \/ Quality Assurance (QA) Engineer, (Computer Software)":"Avg. Salary \u20b9411k \u2014 \u20b91m","Software Test Lead":"Avg. Salary \u20b9656k \u2014 \u20b92m","Field Service Engineer":"Avg. Salary \u20b9158k \u2014 \u20b9817k","Test Analyst":"Avg. Salary \u20b9302k \u2014 \u20b9930k"}}