{"0":{"job_title":"Electrical_Engineer","avg_salary":"\u20b9367,382","salary_component":["Base Salary","Bonus","Profit Sharing","Commission","Total Pay"],"Base Salary":"\u20b9174k - \u20b9995k","Bonus":"\u20b95k - \u20b9125k","Profit Sharing":"\u20b91k - \u20b9263k","Commission":"\u20b91k - \u20b9291k","Total Pay":"\u20b9180k - \u20b91m","pay_by_experience_percent":["Entry Level","Early Career","Mid Career","Late Career","Experienced"],"Entry Level":"-20%","Early Career":"-18%","Mid Career":"35%","Late Career":"92%","Experienced":"210%","pay_by_experience_years":["1","1-4"],"1":"\u20b9294,376","1-4":"\u20b9299,852","gender_component":["Male","Female"],"Male":"93.6","Female":"6.4","health_benefits_componentt":["Medical","Dental","Vision","None"],"Medical":"70","Dental":"9","Vision":"10","None":"30","popular_skills_component":["Engineering Design","Project Management","Microsoft Excel","Microsoft Office","Maintenance"],"Engineering Design":"16%","Project Management":"\u20b9389,804","Microsoft Excel":"\u20b9348,372","Microsoft Office":"\u20b9338,609","Maintenance":"\u20b9336,905","affect_skills_component":["Labview","Energy Supply (Gas and Electricity)","Test Automation","Autodesk Revit MEP","Renewable Energy \/ Renewable Power","Python","Equipment Maintenance","Operations Management","Strategic Project Management","Engineering Design"],"Labview":"118%","Energy Supply (Gas and Electricity)":"118%","Test Automation":"114%","Autodesk Revit MEP":"74%","Renewable Energy \/ Renewable Power":"52%","Python":"38%","Equipment Maintenance":"31%","Operations Management":"26%","Strategic Project Management":"22%","career_path_component":["Senior Electrical Engineer","Project Engineer","Electrical Design Engineer"],"location_component":["Bangalore, Karnataka","Chennai, Tamil Nadu","Mumbai, Maharashtra","Pune, Maharashtra","Hyderabad, Andhra Pradesh","Ahmedabad, Gujarat","Kolkata, West Bengal","New Delhi, Delhi","Delhi, Delhi","Jaipur, Rajasthan"],"Bangalore, Karnataka":"15%","Chennai, Tamil Nadu":"8%","Mumbai, Maharashtra":"6%","Pune, Maharashtra":"1%","Hyderabad, Andhra Pradesh":"-9%","Ahmedabad, Gujarat":"-16%","Kolkata, West Bengal":"8%","New Delhi, Delhi":"10%","Delhi, Delhi":"7%","Jaipur, Rajasthan":"-21%","employers_component":["Larsen & Toubro Limited","Torrent Power","General Electric Co (GE)","ABB India","Siemens Ltd","Micron Electricals","Tata Power Company","JSW Steel Ltd","Suzlon Wind Energy Corp","Tata Steel"],"Larsen & Toubro Limited":"Avg. Salary: \u20b9573,251","Torrent Power":"Avg. Salary: \u20b9359,493","General Electric Co (GE)":"Avg. Salary: \u20b91,200,000","ABB India":"Avg. Salary: \u20b9722,602","Siemens Ltd":"Avg. Salary: \u20b9505,652","Micron Electricals":"Avg. Salary: \u20b9250,000","Tata Power Company":"Avg. Salary: \u20b9850,000","JSW Steel Ltd":"Avg. Salary: \u20b9535,068","Suzlon Wind Energy Corp":"Avg. Salary: \u20b9287,000","Tata Steel":"Avg. Salary: \u20b9425,000","related_job_component":["Mechanical Engineer","Civil Engineer","Project Manager, (Unspecified Type \/ General)","Design Engineer","Project Engineer","Operations Manager","Software Engineer","Senior Software Engineer","Project Manager, Information Technology (IT)"],"Mechanical Engineer":"Avg. Salary \u20b9152k \u2014 \u20b9983k","Civil Engineer":"Avg. Salary \u20b9154k \u2014 \u20b9771k","Project Manager, (Unspecified Type \/ General)":"Avg. Salary \u20b9456k \u2014 \u20b92m","Design Engineer":"Avg. Salary \u20b9174k \u2014 \u20b9926k","Project Engineer":"Avg. Salary \u20b9198k \u2014 \u20b9849k","Operations Manager":"Avg. Salary \u20b9296k \u2014 \u20b92m","Software Engineer":"Avg. Salary \u20b9263k \u2014 \u20b91m","Senior Software Engineer":"Avg. Salary \u20b9493k \u2014 \u20b92m","Project Manager, Information Technology (IT)":"Avg. Salary \u20b9531k \u2014 \u20b92m"}}