{"0":{"job_title":"Engineering_Technician","avg_salary":"\u20b9304,872","salary_component":["Base Salary","Bonus","Profit Sharing","Commission","Total Pay"],"Base Salary":"\u20b9138k - \u20b9715k","Bonus":"\u20b93k - \u20b982k","Profit Sharing":"\u20b9812 - \u20b9639k","Commission":"\u20b90 - \u20b93k","Total Pay":"\u20b9140k - \u20b9748k","pay_by_experience_percent":["Entry Level","Early Career","Mid Career","Late Career","Experienced"],"Entry Level":"-34%","Early Career":"-32%","Mid Career":"15%","Late Career":"93%","Experienced":"130%","pay_by_experience_years":["1","1-4"],"1":"\u20b9201,683","1-4":"\u20b9207,873","gender_component":["Male","Female"],"Male":"89.3","Female":"10.7","health_benefits_componentt":["Medical","Dental","Vision","None"],"Medical":"70","Dental":"10","Vision":"10","None":"30","popular_skills_component":["Technical Analysis","Test Engineering","Troubleshooting","Electronic Troubleshooting","Engineering Design"],"Technical Analysis":"7%","Test Engineering":"3%","Troubleshooting":"29%","Electronic Troubleshooting":"15%","Engineering Design":"22%","affect_skills_component":["Troubleshooting","Engineering Design","Microsoft Excel","Electronic Troubleshooting","Technical Analysis","Test Engineering"],"Microsoft Excel":"18%","career_path_component":["Supplier Quality Engineer (SQE)","Telecommunications Engineer"],"location_component":["Pune, Maharashtra","Bangalore, Karnataka","Mumbai, Maharashtra","Chennai, Tamil Nadu","Ahmedabad, Gujarat","Hyderabad, Andhra Pradesh","Coimbatore, Tamil Nadu","Kolkata, West Bengal","Patna, Bihar","Delhi, Delhi"],"Pune, Maharashtra":"-36%","Bangalore, Karnataka":"-10%","Mumbai, Maharashtra":"80%","Chennai, Tamil Nadu":"23%","Ahmedabad, Gujarat":"19%","Hyderabad, Andhra Pradesh":"23%","Coimbatore, Tamil Nadu":"-60%","Kolkata, West Bengal":"-10%","Patna, Bihar":"8%","Delhi, Delhi":"162%","employers_component":[],"related_job_component":["Mechanical Engineer","Civil Engineer","Electrical Engineer","Design Engineer","Accountant","Project Engineer","Quality Assurance (QA) \/ Quality Control (QC) Inspector","Quality Assurance (QA) \/ Quality Control (QC) Engineer","Data Analyst"],"Mechanical Engineer":"Avg. Salary \u20b9152k \u2014 \u20b9983k","Civil Engineer":"Avg. Salary \u20b9154k \u2014 \u20b9771k","Electrical Engineer":"Avg. Salary \u20b9174k \u2014 \u20b9995k","Design Engineer":"Avg. Salary \u20b9174k \u2014 \u20b9926k","Accountant":"Avg. Salary \u20b9123k \u2014 \u20b9507k","Project Engineer":"Avg. Salary \u20b9198k \u2014 \u20b9849k","Quality Assurance (QA) \/ Quality Control (QC) Inspector":"Avg. Salary \u20b9122k \u2014 \u20b9685k","Quality Assurance (QA) \/ Quality Control (QC) Engineer":"Avg. Salary \u20b9146k \u2014 \u20b9616k","Data Analyst":"Avg. Salary \u20b9201k \u2014 \u20b9960k"}}