{"0":{"job_title":"Environmental_Engineer","avg_salary":"\u20b9446,835","salary_component":["Base Salary","Bonus","Profit Sharing","Total Pay"],"Base Salary":"\u20b9179k - \u20b9999k","Bonus":"\u20b92k - \u20b9126k","Profit Sharing":"\u20b9970 - \u20b9253k","Total Pay":"\u20b9190k - \u20b91m","pay_by_experience_percent":["Entry Level","Early Career","Mid Career","Late Career"],"Entry Level":"-32%","Early Career":"-15%","Mid Career":"61%","Late Career":"114%","pay_by_experience_years":["1","1-4"],"1":"\u20b9305,198","1-4":"\u20b9380,000","gender_component":["Male","Female"],"Male":"75.0","Female":"25.0","health_benefits_componentt":["Medical","Dental","Vision","None"],"Medical":"63","Dental":"9","Vision":"13","None":"35","popular_skills_component":["Environmental Consulting","Environmental Compliance","Engineering Design","Project Management","Microsoft Office"],"Environmental Consulting":"5%","Environmental Compliance":"\u20b9404,137","Engineering Design":"7%","Project Management":"4%","Microsoft Office":"\u20b9366,251","affect_skills_component":["Engineering Design","Environmental Consulting","Project Management","Data Analysis","Microsoft Excel"],"Data Analysis":"4%","Microsoft Excel":"2%","career_path_component":["Environmental Consultant","Environmental Manager","Assistant Manager"],"location_component":["Bangalore, Karnataka","Pune, Maharashtra","Mumbai, Maharashtra","Chennai, Tamil Nadu","Ahmedabad, Gujarat","Delhi, Delhi","Hyderabad, Andhra Pradesh","New Delhi, Delhi","Lucknow, Uttar Pradesh","Surat, Gujarat"],"Bangalore, Karnataka":"28%","Pune, Maharashtra":"29%","Mumbai, Maharashtra":"17%","Chennai, Tamil Nadu":"-34%","Ahmedabad, Gujarat":"-26%","Delhi, Delhi":"-32%","Hyderabad, Andhra Pradesh":"10%","New Delhi, Delhi":"7%","Lucknow, Uttar Pradesh":"-47%","Surat, Gujarat":"-53%","employers_component":[],"related_job_component":["Civil Engineer","Mechanical Engineer","Project Manager, (Unspecified Type \/ General)","Data Analyst","Electrical Engineer","Design Engineer","Project Engineer","Operations Manager","Business Analyst, IT"],"Civil Engineer":"Avg. Salary \u20b9154k \u2014 \u20b9771k","Mechanical Engineer":"Avg. Salary \u20b9152k \u2014 \u20b9983k","Project Manager, (Unspecified Type \/ General)":"Avg. Salary \u20b9458k \u2014 \u20b92m","Data Analyst":"Avg. Salary \u20b9200k \u2014 \u20b9960k","Electrical Engineer":"Avg. Salary \u20b9174k \u2014 \u20b9995k","Design Engineer":"Avg. Salary \u20b9174k \u2014 \u20b9926k","Project Engineer":"Avg. Salary \u20b9198k \u2014 \u20b9843k","Operations Manager":"Avg. Salary \u20b9297k \u2014 \u20b92m","Business Analyst, IT":"Avg. Salary \u20b9275k \u2014 \u20b91m"}}