{"0":{"job_title":"Environmental_Health_%26_Safety_(EHS)_Manager","avg_salary":"\u20b9915,472","salary_component":["Base Salary","Bonus","Profit Sharing","Total Pay"],"Base Salary":"\u20b9399k - \u20b92m","Bonus":"\u20b920k - \u20b9253k","Profit Sharing":"\u20b93k - \u20b9596k","Total Pay":"\u20b9403k - \u20b92m","pay_by_experience_percent":["Entry Level","Early Career","Mid Career","Late Career","Experienced"],"Entry Level":"-61%","Early Career":"-46%","Mid Career":"-7%","Late Career":"22%","Experienced":"99%","pay_by_experience_years":["1"],"1":"\u20b9360,236","gender_component":["Male","Female"],"Male":"89.5","Female":"10.5","health_benefits_componentt":["Medical","Dental","Vision","None"],"Medical":"88","Dental":"13","Vision":"15","None":"13","popular_skills_component":["Safety Compliance","Environmental Compliance","Risk Management \/ Risk Control","Safety Training","Occupational Health"],"Safety Compliance":"32%","Environmental Compliance":"\u20b9874,286","Risk Management \/ Risk Control":"\u20b9734,239","Safety Training":"\u20b9913,703","Occupational Health":"31%","affect_skills_component":["Safety Compliance","Occupational Health"],"career_path_component":["Safety Officer","Safety Manager"],"location_component":["Mumbai, Maharashtra","Bangalore, Karnataka","Chennai, Tamil Nadu","Pune, Maharashtra","Kolkata, West Bengal","Ahmedabad, Gujarat","Delhi, Delhi","Hyderabad, Andhra Pradesh","Gurgaon, Haryana","New Delhi, Delhi"],"Mumbai, Maharashtra":"-3%","Bangalore, Karnataka":"-12%","Chennai, Tamil Nadu":"53%","Pune, Maharashtra":"-20%","Kolkata, West Bengal":"-3%","Ahmedabad, Gujarat":"31%","Delhi, Delhi":"-2%","Hyderabad, Andhra Pradesh":"-2%","Gurgaon, Haryana":"8%","New Delhi, Delhi":"5%","employers_component":["Jones Lang LaSalle"],"Jones Lang LaSalle":"Avg. Salary: \u20b91,179,162","related_job_component":["Safety Officer","Credit Manager","Safety Manager","Risk Analyst","Credit Analyst","Risk Manager","Safety Engineer","Operations Manager","Internal Auditing Manager"],"Safety Officer":"Avg. Salary \u20b9186k \u2014 \u20b9761k","Credit Manager":"Avg. Salary \u20b9259k \u2014 \u20b91m","Safety Manager":"Avg. Salary \u20b9374k \u2014 \u20b92m","Risk Analyst":"Avg. Salary \u20b9286k \u2014 \u20b91m","Credit Analyst":"Avg. Salary \u20b9211k \u2014 \u20b91m","Risk Manager":"Avg. Salary \u20b9319k \u2014 \u20b92m","Safety Engineer":"Avg. Salary \u20b9181k \u2014 \u20b9876k","Operations Manager":"Avg. Salary \u20b9296k \u2014 \u20b92m","Internal Auditing Manager":"Avg. Salary \u20b9410k \u2014 \u20b92m"}}