{"0":{"job_title":"Field_Service_Technician","avg_salary":"\u20b9245,821","salary_component":["Base Salary","Bonus","Profit Sharing","Commission","Total Pay"],"Base Salary":"\u20b9118k - \u20b9483k","Bonus":"\u20b95k - \u20b957k","Profit Sharing":"\u20b98 - \u20b9255k","Commission":"\u20b90 - \u20b953k","Total Pay":"\u20b9123k - \u20b9530k","pay_by_experience_percent":["Entry Level","Early Career","Mid Career","Late Career"],"Entry Level":"-17%","Early Career":"-15%","Mid Career":"24%","Late Career":"32%","pay_by_experience_years":["1","1-4"],"1":"\u20b9204,193","1-4":"\u20b9208,852","gender_component":["Male","Female"],"Male":"95.8","Female":"4.2","health_benefits_componentt":["Medical","None"],"Medical":"48","None":"52","popular_skills_component":["Technical Services","Troubleshooting","Equipment Maintenance","Customer Service","Maintenance"],"Technical Services":"\u20b9208,118","Troubleshooting":"\u20b9244,898","Equipment Maintenance":"\u20b9243,480","Customer Service":"\u20b9229,565","Maintenance":"\u20b9188,571","affect_skills_component":["Electronic Troubleshooting"],"Electronic Troubleshooting":"20%","career_path_component":["Service Engineer","Desktop Support Engineer","Assistant Manager, Customer Service"],"location_component":["Mumbai, Maharashtra","Hyderabad, Andhra Pradesh","Bangalore, Karnataka","Pune, Maharashtra","Delhi, Delhi","New Delhi, Delhi","Chennai, Tamil Nadu","Indore, Madhya Pradesh","Kolkata, West Bengal","Patna, Bihar"],"Mumbai, Maharashtra":"32%","Hyderabad, Andhra Pradesh":"59%","Bangalore, Karnataka":"-2%","Pune, Maharashtra":"-4%","Delhi, Delhi":"19%","New Delhi, Delhi":"-20%","Chennai, Tamil Nadu":"22%","Indore, Madhya Pradesh":"-39%","Kolkata, West Bengal":"-27%","Patna, Bihar":"-18%","employers_component":[],"related_job_component":["Service Engineer","Technical Support Engineer","Maintenance Engineer","Customer Service Representative (CSR)","Electrical Engineer","Customer Service Associate","Operations Manager","Technical Support Specialist","Customer Care Executive"],"Service Engineer":"Avg. Salary \u20b9137k \u2014 \u20b9571k","Technical Support Engineer":"Avg. Salary \u20b9174k \u2014 \u20b9879k","Maintenance Engineer":"Avg. Salary \u20b9151k \u2014 \u20b9658k","Customer Service Representative (CSR)":"Avg. Salary \u20b9148k \u2014 \u20b9459k","Electrical Engineer":"Avg. Salary \u20b9174k \u2014 \u20b9995k","Customer Service Associate":"Avg. Salary \u20b9151k \u2014 \u20b9407k","Operations Manager":"Avg. Salary \u20b9297k \u2014 \u20b92m","Technical Support Specialist":"Avg. Salary \u20b9234k \u2014 \u20b91m","Customer Care Executive":"Avg. Salary \u20b9120k \u2014 \u20b9390k"}}