{"0":{"job_title":"Field_Service_Engineer","avg_salary":"\u20b9351,736","salary_component":["Base Salary","Bonus","Profit Sharing","Commission","Total Pay"],"Base Salary":"\u20b9158k - \u20b9815k","Bonus":"\u20b95k - \u20b9101k","Profit Sharing":"\u20b9-22 - \u20b998k","Commission":"\u20b96k - \u20b950k","Total Pay":"\u20b9161k - \u20b9843k","pay_by_experience_percent":["Entry Level","Early Career","Mid Career","Late Career","Experienced"],"Entry Level":"-47%","Early Career":"-17%","Mid Career":"40%","Late Career":"66%","Experienced":"390%","pay_by_experience_years":["1","1-4"],"1":"\u20b9185,461","1-4":"\u20b9291,043","gender_component":["Male","Female"],"Male":"98.9","Female":"1.1","health_benefits_componentt":["Medical","Dental","Vision","None"],"Medical":"68","Dental":"5","Vision":"4","None":"32","popular_skills_component":["Technical Services","Equipment Maintenance","Systems Troubleshooting","Electronic Troubleshooting","Customer Service"],"Technical Services":"17%","Equipment Maintenance":"9%","Systems Troubleshooting":"1%","Electronic Troubleshooting":"14%","Customer Service":"\u20b9288,731","affect_skills_component":["Electronic Equipment Installation","Microsoft Office","Technical Services","Electronic Troubleshooting","Troubleshooting","System Repair","Equipment Maintenance","Systems Troubleshooting"],"Electronic Equipment Installation":"42%","Microsoft Office":"28%","Troubleshooting":"14%","System Repair":"14%","career_path_component":["Service Engineer","Assistant Manager, Customer Service","Senior Sales Engineer"],"location_component":["Mumbai, Maharashtra","Chennai, Tamil Nadu","Pune, Maharashtra","Bangalore, Karnataka","Delhi, Delhi","Coimbatore, Tamil Nadu","Kolkata, West Bengal","Indore, Madhya Pradesh","Gurgaon, Haryana","New Delhi, Delhi"],"Mumbai, Maharashtra":"21%","Chennai, Tamil Nadu":"-26%","Pune, Maharashtra":"13%","Bangalore, Karnataka":"2%","Delhi, Delhi":"%","Coimbatore, Tamil Nadu":"-29%","Kolkata, West Bengal":"-15%","Indore, Madhya Pradesh":"-43%","Gurgaon, Haryana":"25%","New Delhi, Delhi":"-24%","employers_component":["Thermo Fisher Scientific, Inc."],"Thermo Fisher Scientific, Inc.":"Avg. Salary: \u20b9559,551","related_job_component":["Service Engineer","Electrical Engineer","Technical Support Engineer","Mechanical Engineer","Operations Manager","Maintenance Engineer","Civil Engineer","Customer Service Representative (CSR)","Technical Support Specialist"],"Service Engineer":"Avg. Salary \u20b9136k \u2014 \u20b9572k","Electrical Engineer":"Avg. Salary \u20b9174k \u2014 \u20b9995k","Technical Support Engineer":"Avg. Salary \u20b9174k \u2014 \u20b9883k","Mechanical Engineer":"Avg. Salary \u20b9152k \u2014 \u20b9983k","Operations Manager":"Avg. Salary \u20b9297k \u2014 \u20b92m","Maintenance Engineer":"Avg. Salary \u20b9150k \u2014 \u20b9653k","Civil Engineer":"Avg. Salary \u20b9154k \u2014 \u20b9771k","Customer Service Representative (CSR)":"Avg. Salary \u20b9148k \u2014 \u20b9454k","Technical Support Specialist":"Avg. Salary \u20b9236k \u2014 \u20b91m"}}