{"0":{"job_title":"Field_Engineer","avg_salary":"\u20b9297,434","salary_component":["Base Salary","Bonus","Profit Sharing","Commission","Total Pay"],"Base Salary":"\u20b9127k - \u20b9587k","Bonus":"\u20b93k - \u20b999k","Profit Sharing":"\u20b910k - \u20b9881k","Commission":"\u20b90 - \u20b920k","Total Pay":"\u20b9130k - \u20b9648k","pay_by_experience_percent":["Entry Level","Early Career","Mid Career","Late Career"],"Entry Level":"-24%","Early Career":"-12%","Mid Career":"26%","Late Career":"60%","pay_by_experience_years":["1","1-4"],"1":"\u20b9226,784","1-4":"\u20b9261,436","gender_component":["Male"],"Male":"100.0","health_benefits_componentt":["Medical","Dental","Vision","None"],"Medical":"59","Dental":"8","Vision":"8","None":"41","popular_skills_component":["Project Management","Construction Site Inspection","Troubleshooting","Microsoft Office","Microsoft Excel"],"Project Management":"18%","Construction Site Inspection":"6%","Troubleshooting":"\u20b9264,515","Microsoft Office":"9%","Microsoft Excel":"2%","affect_skills_component":["Systems Troubleshooting","Project Management","Microsoft Office","Construction Site Inspection","Microsoft Excel"],"Systems Troubleshooting":"34%","career_path_component":["Desktop Support Engineer","Field Engineer, Telecommunications","Civil Engineer"],"location_component":["Mumbai, Maharashtra","Chennai, Tamil Nadu","Ahmedabad, Gujarat","Bangalore, Karnataka","Kolkata, West Bengal","Hyderabad, Andhra Pradesh","New Delhi, Delhi","Bhopal, Madhya Pradesh","Lucknow, Uttar Pradesh","Jamnagar, Gujarat"],"Mumbai, Maharashtra":"1%","Chennai, Tamil Nadu":"1%","Ahmedabad, Gujarat":"33%","Bangalore, Karnataka":"-22%","Kolkata, West Bengal":"-44%","Hyderabad, Andhra Pradesh":"-16%","New Delhi, Delhi":"-4%","Bhopal, Madhya Pradesh":"51%","Lucknow, Uttar Pradesh":"-9%","Jamnagar, Gujarat":"85%","employers_component":[],"related_job_component":["Civil Engineer","Operations Manager","Project Manager, (Unspecified Type \/ General)","Mechanical Engineer","Operations Team Leader","Electrical Engineer","Project Engineer","Project Manager, Information Technology (IT)","Accountant"],"Civil Engineer":"Avg. Salary \u20b9154k \u2014 \u20b9771k","Operations Manager":"Avg. Salary \u20b9297k \u2014 \u20b92m","Project Manager, (Unspecified Type \/ General)":"Avg. Salary \u20b9456k \u2014 \u20b92m","Mechanical Engineer":"Avg. Salary \u20b9152k \u2014 \u20b9983k","Operations Team Leader":"Avg. Salary \u20b9242k \u2014 \u20b9946k","Electrical Engineer":"Avg. Salary \u20b9174k \u2014 \u20b9995k","Project Engineer":"Avg. Salary \u20b9198k \u2014 \u20b9843k","Project Manager, Information Technology (IT)":"Avg. Salary \u20b9531k \u2014 \u20b92m","Accountant":"Avg. Salary \u20b9123k \u2014 \u20b9507k"}}