{"0":{"job_title":"Graduate_Civil_Engineer","avg_salary":"\u20b9281,462","salary_component":["Base Salary","Bonus","Profit Sharing","Total Pay"],"Base Salary":"\u20b9145k - \u20b9598k","Bonus":"\u20b95k - \u20b977k","Profit Sharing":"\u20b98 - \u20b9311k","Total Pay":"\u20b9145k - \u20b9610k","pay_by_experience_percent":["Entry Level","Early Career","Mid Career","Late Career","Experienced"],"Entry Level":"-11%","Early Career":"-11%","Mid Career":"70%","Late Career":"127%","Experienced":"628%","pay_by_experience_years":["1","1-4"],"1":"\u20b9251,345","1-4":"\u20b9250,572","gender_component":["Male","Female"],"Male":"91.9","Female":"8.1","health_benefits_componentt":["Medical","Dental","Vision","None"],"Medical":"46","Dental":"7","Vision":"8","None":"53","popular_skills_component":["Autodesk AutoCAD","Project Management","Microsoft Excel","Engineering Design","Construction Site Inspection"],"Autodesk AutoCAD":"\u20b9251,405","Project Management":"10%","Microsoft Excel":"\u20b9246,547","Engineering Design":"7%","Construction Site Inspection":"\u20b9248,473","affect_skills_component":["Microsoft Project","Project Management","Engineering Design","Autodesk AutoCAD Civil 3D"],"Microsoft Project":"31%","Autodesk AutoCAD Civil 3D":"5%","career_path_component":["Civil Engineer","Senior Civil Engineer","Structural Engineer"],"location_component":["Mumbai, Maharashtra","Bangalore, Karnataka","Chennai, Tamil Nadu","Pune, Maharashtra","Hyderabad, Andhra Pradesh","New Delhi, Delhi","Kolkata, West Bengal","Ahmedabad, Gujarat","Delhi, Delhi","Gurgaon, Haryana"],"Mumbai, Maharashtra":"-4%","Bangalore, Karnataka":"-18%","Chennai, Tamil Nadu":"5%","Pune, Maharashtra":"-5%","Hyderabad, Andhra Pradesh":"27%","New Delhi, Delhi":"-12%","Kolkata, West Bengal":"-3%","Ahmedabad, Gujarat":"8%","Delhi, Delhi":"28%","Gurgaon, Haryana":"63%","employers_component":["Shapoorji Pallonji & Co. Ltd."],"Shapoorji Pallonji & Co. Ltd.":"Avg. Salary: \u20b9343,922","related_job_component":["Civil Engineer","Mechanical Engineer","Project Manager, (Unspecified Type \/ General)","Design Engineer","Project Engineer","Electrical Engineer","Project Manager, Information Technology (IT)","Project Manager, Construction","Structural Engineer"],"Civil Engineer":"Avg. Salary \u20b9154k \u2014 \u20b9771k","Mechanical Engineer":"Avg. Salary \u20b9152k \u2014 \u20b9983k","Project Manager, (Unspecified Type \/ General)":"Avg. Salary \u20b9456k \u2014 \u20b92m","Design Engineer":"Avg. Salary \u20b9174k \u2014 \u20b9927k","Project Engineer":"Avg. Salary \u20b9198k \u2014 \u20b9849k","Electrical Engineer":"Avg. Salary \u20b9174k \u2014 \u20b9995k","Project Manager, Information Technology (IT)":"Avg. Salary \u20b9533k \u2014 \u20b92m","Project Manager, Construction":"Avg. Salary \u20b9388k \u2014 \u20b92m","Structural Engineer":"Avg. Salary \u20b9211k \u2014 \u20b91m"}}