{"0":{"job_title":"Hardware_Design_Engineer","avg_salary":"\u20b9410,266","salary_component":["Base Salary","Bonus","Profit Sharing","Total Pay"],"Base Salary":"\u20b9204k - \u20b91m","Bonus":"\u20b96k - \u20b9274k","Profit Sharing":"\u20b9113 - \u20b9602k","Total Pay":"\u20b9210k - \u20b92m","pay_by_experience_percent":["Entry Level","Early Career","Mid Career","Late Career"],"Entry Level":"-27%","Early Career":"-12%","Mid Career":"100%","Late Career":"448%","pay_by_experience_years":["1","1-4"],"1":"\u20b9300,000","1-4":"\u20b9360,724","gender_component":["Male","Female"],"Male":"86.0","Female":"14.0","health_benefits_componentt":["Medical","Dental","Vision","None"],"Medical":"67","Dental":"10","Vision":"7","None":"32","popular_skills_component":["Board Design \/ Debug","Engineering Design","Product Development","Digital Design","Simulation Program with Integrated Circuits Emphasis (SPICE)"],"Board Design \/ Debug":"\u20b9406,531","Engineering Design":"\u20b9383,459","Product Development":"10%","Digital Design":"\u20b9350,000","Simulation Program with Integrated Circuits Emphasis (SPICE)":"\u20b9307,576","affect_skills_component":["Verilog VHDL","System Testing","Electronic Design Automation","Product Development","Field-Programmable Gate Array (FPGA)","Hardware Configuration"],"Verilog VHDL":"58%","System Testing":"35%","Electronic Design Automation":"12%","Field-Programmable Gate Array (FPGA)":"4%","Hardware Configuration":"4%","career_path_component":["Architect (Computer Software, Hardware)","Senior Hardware Design Engineer"],"location_component":["Bangalore, Karnataka","Chennai, Tamil Nadu","Mumbai, Maharashtra","Hyderabad, Andhra Pradesh","New Delhi, Delhi","Delhi, Delhi","Pune, Maharashtra","Coimbatore, Tamil Nadu","Ahmedabad, Gujarat","Kochi, Kerala"],"Bangalore, Karnataka":"15%","Chennai, Tamil Nadu":"10%","Mumbai, Maharashtra":"-29%","Hyderabad, Andhra Pradesh":"5%","New Delhi, Delhi":"-27%","Delhi, Delhi":"-15%","Pune, Maharashtra":"-21%","Coimbatore, Tamil Nadu":"-3%","Ahmedabad, Gujarat":"-32%","Kochi, Kerala":"104%","employers_component":["Intel Corporation"],"Intel Corporation":"Avg. Salary: \u20b91,817,583","related_job_component":["Design Engineer","Mechanical Engineer","Mechanical Design Engineer","Senior Mechanical Design Engineer","Civil Engineer","Senior Mechanical Engineer","Electrical Engineer","Design Engineering Manager","Project Engineer"],"Design Engineer":"Avg. Salary \u20b9174k \u2014 \u20b9926k","Mechanical Engineer":"Avg. Salary \u20b9152k \u2014 \u20b9983k","Mechanical Design Engineer":"Avg. Salary \u20b9159k \u2014 \u20b9820k","Senior Mechanical Design Engineer":"Avg. Salary \u20b9363k \u2014 \u20b91m","Civil Engineer":"Avg. Salary \u20b9154k \u2014 \u20b9771k","Senior Mechanical Engineer":"Avg. Salary \u20b9308k \u2014 \u20b91m","Electrical Engineer":"Avg. Salary \u20b9174k \u2014 \u20b9995k","Design Engineering Manager":"Avg. Salary \u20b9629k \u2014 \u20b93m","Project Engineer":"Avg. Salary \u20b9198k \u2014 \u20b9843k"}}