{"0":{"job_title":"Hardware_Engineer","avg_salary":"\u20b9398,877","salary_component":["Base Salary","Bonus","Profit Sharing","Commission","Total Pay"],"Base Salary":"\u20b9146k - \u20b91m","Bonus":"\u20b95k - \u20b9252k","Profit Sharing":"\u20b92k - \u20b9343k","Commission":"\u20b90 - \u20b951k","Total Pay":"\u20b9151k - \u20b92m","pay_by_experience_percent":["Entry Level","Early Career","Mid Career","Late Career","Experienced"],"Entry Level":"-25%","Early Career":"-17%","Mid Career":"63%","Late Career":"301%","Experienced":"151%","pay_by_experience_years":["1","1-4"],"1":"\u20b9298,326","1-4":"\u20b9330,572","gender_component":["Male","Female"],"Male":"85.4","Female":"14.6","health_benefits_componentt":["Medical","Dental","Vision","None"],"Medical":"61","Dental":"7","Vision":"6","None":"39","popular_skills_component":["Board Design \/ Debug","Engineering Design","Test Engineering","Microsoft Office","Microsoft Word"],"Board Design \/ Debug":"26%","Engineering Design":"30%","Test Engineering":"\u20b9380,000","Microsoft Office":"\u20b9314,286","Microsoft Word":"\u20b9200,000","affect_skills_component":["Python","Field-Programmable Gate Array (FPGA)","Computer Aided Design (CAD)","Engineering Design, Semiconductor","Embedded \/ Real-Time \/ RTOS","Engineering Design","Board Design \/ Debug","Cadence Electronic Design Software"],"Python":"326%","Field-Programmable Gate Array (FPGA)":"163%","Computer Aided Design (CAD)":"104%","Engineering Design, Semiconductor":"82%","Embedded \/ Real-Time \/ RTOS":"45%","Cadence Electronic Design Software":"4%","career_path_component":["Senior Hardware Design Engineer","Validation Engineer","Hardware Design Engineer"],"location_component":["Bangalore, Karnataka","Chennai, Tamil Nadu","Mumbai, Maharashtra","New Delhi, Delhi","Hyderabad, Andhra Pradesh","Pune, Maharashtra","Delhi, Delhi","Coimbatore, Tamil Nadu","Kolkata, West Bengal","Thane, Maharashtra"],"Bangalore, Karnataka":"72%","Chennai, Tamil Nadu":"-3%","Mumbai, Maharashtra":"-27%","New Delhi, Delhi":"-40%","Hyderabad, Andhra Pradesh":"-23%","Pune, Maharashtra":"38%","Delhi, Delhi":"-12%","Coimbatore, Tamil Nadu":"%","Kolkata, West Bengal":"-25%","Thane, Maharashtra":"12%","employers_component":["Robert Bosch Engineering and Business Solutions Limited","Intel Corporation","Robert Bosch"],"Robert Bosch Engineering and Business Solutions Limited":"Avg. Salary: \u20b9208,692","Intel Corporation":"Avg. Salary: \u20b91,047,619","Robert Bosch":"Avg. Salary: \u20b9535,000","related_job_component":["Mechanical Engineer","Software Engineer","Design Engineer","Civil Engineer","Senior Software Engineer","Electrical Engineer","Project Engineer","Software Developer","Mechanical Design Engineer"],"Mechanical Engineer":"Avg. Salary \u20b9152k \u2014 \u20b9983k","Software Engineer":"Avg. Salary \u20b9263k \u2014 \u20b91m","Design Engineer":"Avg. Salary \u20b9174k \u2014 \u20b9926k","Civil Engineer":"Avg. Salary \u20b9154k \u2014 \u20b9771k","Senior Software Engineer":"Avg. Salary \u20b9493k \u2014 \u20b92m","Electrical Engineer":"Avg. Salary \u20b9174k \u2014 \u20b9995k","Project Engineer":"Avg. Salary \u20b9198k \u2014 \u20b9849k","Software Developer":"Avg. Salary \u20b9214k \u2014 \u20b91m","Mechanical Design Engineer":"Avg. Salary \u20b9160k \u2014 \u20b9822k"}}