{"0":{"job_title":"HVAC_Design_Engineer","avg_salary":"\u20b9284,084","salary_component":["Base Salary","Bonus","Profit Sharing","Total Pay"],"Base Salary":"\u20b9142k - \u20b9705k","Bonus":"\u20b92k - \u20b950k","Profit Sharing":"\u20b93k - \u20b9195k","Total Pay":"\u20b9142k - \u20b9751k","pay_by_experience_percent":["Entry Level","Early Career","Mid Career","Late Career"],"Entry Level":"-30%","Early Career":"-14%","Mid Career":"113%","Late Career":"317%","pay_by_experience_years":["1","1-4"],"1":"\u20b9197,661","1-4":"\u20b9243,735","gender_component":["Male","Female"],"Male":"94.5","Female":"5.5","health_benefits_componentt":["Medical","Dental","Vision","None"],"Medical":"46","Dental":"4","Vision":"3","None":"53","popular_skills_component":["HVAC System Design","Autodesk AutoCAD","Microsoft Office","Autodesk Revit MEP","Engineering Design"],"HVAC System Design":"1%","Autodesk AutoCAD":"\u20b9246,045","Microsoft Office":"\u20b9243,282","Autodesk Revit MEP":"7%","Engineering Design":"63%","affect_skills_component":["Engineering Design","Energy Conservation & Efficiency","Autodesk Revit MEP","HVAC System Design"],"Energy Conservation & Efficiency":"58%","career_path_component":[],"location_component":["Bangalore, Karnataka","Pune, Maharashtra","Chennai, Tamil Nadu","Hyderabad, Andhra Pradesh","Mumbai, Maharashtra","New Delhi, Delhi","Ahmedabad, Gujarat","Delhi, Delhi","Kolkata, West Bengal"],"Bangalore, Karnataka":"8%","Pune, Maharashtra":"-16%","Chennai, Tamil Nadu":"-14%","Hyderabad, Andhra Pradesh":"4%","Mumbai, Maharashtra":"6%","New Delhi, Delhi":"-24%","Ahmedabad, Gujarat":"-7%","Delhi, Delhi":"6%","Kolkata, West Bengal":"349%","employers_component":[],"related_job_component":["Mechanical Engineer","Civil Engineer","Design Engineer","Electrical Engineer","Mechanical Design Engineer","Project Engineer","Senior Mechanical Design Engineer","Senior Mechanical Engineer","Design Architect"],"Mechanical Engineer":"Avg. Salary \u20b9152k \u2014 \u20b9982k","Civil Engineer":"Avg. Salary \u20b9154k \u2014 \u20b9771k","Design Engineer":"Avg. Salary \u20b9174k \u2014 \u20b9926k","Electrical Engineer":"Avg. Salary \u20b9174k \u2014 \u20b9995k","Mechanical Design Engineer":"Avg. Salary \u20b9159k \u2014 \u20b9820k","Project Engineer":"Avg. Salary \u20b9198k \u2014 \u20b9843k","Senior Mechanical Design Engineer":"Avg. Salary \u20b9364k \u2014 \u20b91m","Senior Mechanical Engineer":"Avg. Salary \u20b9310k \u2014 \u20b91m","Design Architect":"Avg. Salary \u20b9152k \u2014 \u20b91m"}}