{"0":{"job_title":"HVAC_Engineer","avg_salary":"\u20b9298,999","salary_component":["Base Salary","Bonus","Profit Sharing","Total Pay"],"Base Salary":"\u20b9140k - \u20b9732k","Bonus":"\u20b96k - \u20b989k","Profit Sharing":"\u20b981 - \u20b9470k","Total Pay":"\u20b9151k - \u20b9815k","pay_by_experience_percent":["Entry Level","Early Career","Mid Career","Late Career"],"Entry Level":"-27%","Early Career":"-17%","Mid Career":"59%","Late Career":"146%","pay_by_experience_years":["1","1-4"],"1":"\u20b9217,982","1-4":"\u20b9249,369","gender_component":["Male","Female"],"Male":"96.4","Female":"3.6","health_benefits_componentt":["Medical","Dental","Vision","None"],"Medical":"48","Dental":"3","Vision":"3","None":"53","popular_skills_component":["HVAC System Design","Project Management","Autodesk AutoCAD","Engineering Design","Microsoft Excel"],"HVAC System Design":"\u20b9245,729","Project Management":"7%","Autodesk AutoCAD":"\u20b9228,000","Engineering Design":"10%","Microsoft Excel":"\u20b9228,000","affect_skills_component":["Engineering Design","Project Management"],"career_path_component":[],"location_component":["Mumbai, Maharashtra","Chennai, Tamil Nadu","Bangalore, Karnataka","New Delhi, Delhi","Hyderabad, Andhra Pradesh","Pune, Maharashtra","Delhi, Delhi","Gurgaon, Haryana","Ahmedabad, Gujarat","Kochi, Kerala"],"Mumbai, Maharashtra":"-15%","Chennai, Tamil Nadu":"-16%","Bangalore, Karnataka":"-3%","New Delhi, Delhi":"-16%","Hyderabad, Andhra Pradesh":"-18%","Pune, Maharashtra":"-20%","Delhi, Delhi":"29%","Gurgaon, Haryana":"67%","Ahmedabad, Gujarat":"-25%","Kochi, Kerala":"-24%","employers_component":[],"related_job_component":["Civil Engineer","Mechanical Engineer","Project Manager, (Unspecified Type \/ General)","Project Engineer","Design Engineer","Electrical Engineer","Project Manager, Information Technology (IT)","Project Manager, Construction","Mechanical Design Engineer"],"Civil Engineer":"Avg. Salary \u20b9154k \u2014 \u20b9771k","Mechanical Engineer":"Avg. Salary \u20b9152k \u2014 \u20b9983k","Project Manager, (Unspecified Type \/ General)":"Avg. Salary \u20b9456k \u2014 \u20b92m","Project Engineer":"Avg. Salary \u20b9198k \u2014 \u20b9849k","Design Engineer":"Avg. Salary \u20b9174k \u2014 \u20b9926k","Electrical Engineer":"Avg. Salary \u20b9174k \u2014 \u20b9995k","Project Manager, Information Technology (IT)":"Avg. Salary \u20b9531k \u2014 \u20b92m","Project Manager, Construction":"Avg. Salary \u20b9389k \u2014 \u20b92m","Mechanical Design Engineer":"Avg. Salary \u20b9160k \u2014 \u20b9822k"}}