{"0":{"job_title":"Industrial_Engineer","avg_salary":"\u20b9405,963","salary_component":["Base Salary","Bonus","Profit Sharing","Total Pay"],"Base Salary":"\u20b9193k - \u20b91m","Bonus":"\u20b97k - \u20b9119k","Profit Sharing":"\u20b91k - \u20b999k","Total Pay":"\u20b9195k - \u20b91m","pay_by_experience_percent":["Entry Level","Early Career","Mid Career","Late Career","Experienced"],"Entry Level":"-28%","Early Career":"-16%","Mid Career":"72%","Late Career":"175%","Experienced":"100%","pay_by_experience_years":["1","1-4"],"1":"\u20b9293,410","1-4":"\u20b9341,047","gender_component":["Male","Female"],"Male":"96.7","Female":"3.3","health_benefits_componentt":["Medical","Dental","Vision","None"],"Medical":"68","Dental":"2","Vision":"2","None":"32","popular_skills_component":["Process Improvement","Lean Manufacturing","Microsoft Excel","Manufacturing Process Engineering","Microsoft Office"],"Process Improvement":"10%","Lean Manufacturing":"\u20b9403,216","Microsoft Excel":"\u20b9386,926","Manufacturing Process Engineering":"1%","Microsoft Office":"\u20b9374,968","affect_skills_component":["Lean Process Engineering","Data Analysis","Process Improvement","Manufacturing Process Engineering"],"Lean Process Engineering":"257%","Data Analysis":"43%","career_path_component":["Manufacturing Engineer","Instrumentation Engineer","Manufacturing Manager"],"location_component":["Bangalore, Karnataka","Pune, Maharashtra","Chennai, Tamil Nadu","Coimbatore, Tamil Nadu","Mumbai, Maharashtra","Kolkata, West Bengal","Ahmedabad, Gujarat","Delhi, Delhi","New Delhi, Delhi","Vadodara (Baroda), Gujarat"],"Bangalore, Karnataka":"-10%","Pune, Maharashtra":"35%","Chennai, Tamil Nadu":"1%","Coimbatore, Tamil Nadu":"-16%","Mumbai, Maharashtra":"14%","Kolkata, West Bengal":"18%","Ahmedabad, Gujarat":"97%","Delhi, Delhi":"72%","New Delhi, Delhi":"-26%","Vadodara (Baroda), Gujarat":"75%","employers_component":["Shahi Exports Pvt Ltd"],"Shahi Exports Pvt Ltd":"Avg. Salary: \u20b9304,186","related_job_component":["Civil Engineer","Mechanical Engineer","Project Manager, (Unspecified Type \/ General)","Electrical Engineer","Design Engineer","Project Engineer","Operations Manager","Data Analyst","Business Analyst, IT"],"Civil Engineer":"Avg. Salary \u20b9154k \u2014 \u20b9771k","Mechanical Engineer":"Avg. Salary \u20b9152k \u2014 \u20b9983k","Project Manager, (Unspecified Type \/ General)":"Avg. Salary \u20b9456k \u2014 \u20b92m","Electrical Engineer":"Avg. Salary \u20b9174k \u2014 \u20b9995k","Design Engineer":"Avg. Salary \u20b9174k \u2014 \u20b9926k","Project Engineer":"Avg. Salary \u20b9198k \u2014 \u20b9849k","Operations Manager":"Avg. Salary \u20b9297k \u2014 \u20b92m","Data Analyst":"Avg. Salary \u20b9201k \u2014 \u20b9959k","Business Analyst, IT":"Avg. Salary \u20b9275k \u2014 \u20b91m"}}