{"0":{"job_title":"Instrumentation_Engineer","avg_salary":"\u20b9416,501","salary_component":["Base Salary","Bonus","Profit Sharing","Total Pay"],"Base Salary":"\u20b9194k - \u20b91m","Bonus":"\u20b98k - \u20b9299k","Profit Sharing":"\u20b911 - \u20b9393k","Total Pay":"\u20b9204k - \u20b91m","pay_by_experience_percent":["Entry Level","Early Career","Mid Career","Late Career","Experienced"],"Entry Level":"-21%","Early Career":"-21%","Mid Career":"33%","Late Career":"134%","Experienced":"188%","pay_by_experience_years":["1","1-4"],"1":"\u20b9327,277","1-4":"\u20b9330,485","gender_component":["Male","Female"],"Male":"94.6","Female":"5.4","health_benefits_componentt":["Medical","Dental","Vision","None"],"Medical":"70","Dental":"12","Vision":"10","None":"30","popular_skills_component":["Instrument Control","Programmable Logic Controllers (PLC) \/ Automation","Distributed Control Systems (DCS)","Engineering Design","Plant Maintenance"],"Instrument Control":"\u20b9412,225","Programmable Logic Controllers (PLC) \/ Automation":"\u20b9394,374","Distributed Control Systems (DCS)":"18%","Engineering Design":"13%","Plant Maintenance":"\u20b9383,596","affect_skills_component":["Microsoft Excel","Microsoft Office","Distributed Control Systems (DCS)","Engineering Design"],"Microsoft Excel":"71%","Microsoft Office":"68%","career_path_component":["Senior Instrumentation Engineer","Electrical Engineer","Electrical & Instrument Engineer"],"location_component":["Mumbai, Maharashtra","Chennai, Tamil Nadu","Pune, Maharashtra","Bangalore, Karnataka","Hyderabad, Andhra Pradesh","Baroda, Gujarat","Delhi, Delhi","Bharuch, Gujarat","Ahmedabad, Gujarat","New Delhi, Delhi"],"Mumbai, Maharashtra":"6%","Chennai, Tamil Nadu":"9%","Pune, Maharashtra":"-4%","Bangalore, Karnataka":"-3%","Hyderabad, Andhra Pradesh":"-13%","Baroda, Gujarat":"44%","Delhi, Delhi":"54%","Bharuch, Gujarat":"9%","Ahmedabad, Gujarat":"-41%","New Delhi, Delhi":"-1%","employers_component":["Reliance Industries Limited","Biocon","Honeywell Automation India Limited"],"Reliance Industries Limited":"Avg. Salary: \u20b9671,000","Biocon":"Avg. Salary: \u20b9169,000","Honeywell Automation India Limited":"Avg. Salary: \u20b9800,000","related_job_component":["Mechanical Engineer","Civil Engineer","Electrical Engineer","Project Manager, (Unspecified Type \/ General)","Project Engineer","Design Engineer","Accountant","Project Manager, Information Technology (IT)","Business Analyst, IT"],"Mechanical Engineer":"Avg. Salary \u20b9152k \u2014 \u20b9983k","Civil Engineer":"Avg. Salary \u20b9154k \u2014 \u20b9771k","Electrical Engineer":"Avg. Salary \u20b9174k \u2014 \u20b9995k","Project Manager, (Unspecified Type \/ General)":"Avg. Salary \u20b9456k \u2014 \u20b92m","Project Engineer":"Avg. Salary \u20b9198k \u2014 \u20b9849k","Design Engineer":"Avg. Salary \u20b9174k \u2014 \u20b9927k","Accountant":"Avg. Salary \u20b9123k \u2014 \u20b9507k","Project Manager, Information Technology (IT)":"Avg. Salary \u20b9531k \u2014 \u20b92m","Business Analyst, IT":"Avg. Salary \u20b9275k \u2014 \u20b91m"}}