{"0":{"job_title":"Intern_Architect","avg_salary":"\u20b9147,952","salary_component":["Base Salary","Bonus","Profit Sharing","Total Pay"],"Base Salary":"\u20b960k - \u20b9590k","Bonus":"\u20b91000 - \u20b9196k","Profit Sharing":"\u20b92k - \u20b9196k","Total Pay":"\u20b961k - \u20b9869k","pay_by_experience_percent":["Entry Level","Early Career","Mid Career"],"Entry Level":"-4%","Early Career":"22%","Mid Career":"306%","pay_by_experience_years":["1","1-4"],"1":"\u20b9141,733","1-4":"\u20b9180,000","gender_component":["Male","Female"],"Male":"70.8","Female":"29.2","health_benefits_componentt":["Medical","Dental","Vision","None"],"Medical":"11","Dental":"3","Vision":"3","None":"89","popular_skills_component":["Adobe Photoshop","Autodesk AutoCAD","Autodesk Revit Architecture","Autodesk AutoCAD Architecture","3D Rendering"],"Adobe Photoshop":"\u20b9148,439","Autodesk AutoCAD":"\u20b9141,976","Autodesk Revit Architecture":"\u20b9145,000","Autodesk AutoCAD Architecture":"\u20b9144,000","3D Rendering":"\u20b9122,084","affect_skills_component":[],"career_path_component":["Design Architect","Architect (but not Landscape or Naval)","Project Architect"],"location_component":["Mumbai, Maharashtra","Bangalore, Karnataka","New Delhi, Delhi","Hyderabad, Andhra Pradesh","Delhi, Delhi","Pune, Maharashtra","Chennai, Tamil Nadu","Bhopal, Madhya Pradesh"],"Mumbai, Maharashtra":"26%","Bangalore, Karnataka":"-34%","New Delhi, Delhi":"2%","Hyderabad, Andhra Pradesh":"-19%","Delhi, Delhi":"-32%","Pune, Maharashtra":"143%","Chennai, Tamil Nadu":"52%","Bhopal, Madhya Pradesh":"110%","employers_component":[],"related_job_component":["Design Architect","Architect (but not Landscape or Naval)","Civil Engineer","Interior Designer","Graphic Designer","Design Engineer","Mechanical Engineer","Project Architect","Web Designer"],"Design Architect":"Avg. Salary \u20b9152k \u2014 \u20b91m","Architect (but not Landscape or Naval)":"Avg. Salary \u20b9174k \u2014 \u20b9991k","Civil Engineer":"Avg. Salary \u20b9154k \u2014 \u20b9771k","Interior Designer":"Avg. Salary \u20b9132k \u2014 \u20b9899k","Graphic Designer":"Avg. Salary \u20b9141k \u2014 \u20b9621k","Design Engineer":"Avg. Salary \u20b9174k \u2014 \u20b9927k","Mechanical Engineer":"Avg. Salary \u20b9152k \u2014 \u20b9983k","Project Architect":"Avg. Salary \u20b9240k \u2014 \u20b92m","Web Designer":"Avg. Salary \u20b9118k \u2014 \u20b9647k"}}