{"0":{"job_title":"Integration_Engineer","avg_salary":"\u20b9638,544","salary_component":["Base Salary","Bonus","Profit Sharing","Total Pay"],"Base Salary":"\u20b9304k - \u20b91m","Bonus":"\u20b920k - \u20b9122k","Profit Sharing":"\u20b913k - \u20b930k","Total Pay":"\u20b9306k - \u20b91m","pay_by_experience_percent":["Entry Level","Early Career","Mid Career","Late Career"],"Entry Level":"-45%","Early Career":"-19%","Mid Career":"52%","Late Career":"119%","pay_by_experience_years":["1","1-4"],"1":"\u20b9350,000","1-4":"\u20b9517,779","gender_component":["Male","Female"],"Male":"82.2","Female":"17.8","health_benefits_componentt":["Medical","Dental","Vision","None"],"Medical":"72","Dental":"6","Vision":"7","None":"28","popular_skills_component":["System Integration","Integration Testing","SQL","Linux","Project Management"],"System Integration":"21%","Integration Testing":"\u20b9585,941","SQL":"\u20b9630,000","Linux":"\u20b9628,880","Project Management":"\u20b9497,349","affect_skills_component":["Python","System Integration","UNIX"],"Python":"37%","UNIX":"6%","career_path_component":[],"location_component":["Bangalore, Karnataka","Pune, Maharashtra","Chennai, Tamil Nadu","Gurgaon, Haryana","Noida, Uttar Pradesh","Kolkata, West Bengal","Mumbai, Maharashtra","Hyderabad, Andhra Pradesh","New Delhi, Delhi"],"Bangalore, Karnataka":"-3%","Pune, Maharashtra":"8%","Chennai, Tamil Nadu":"-4%","Gurgaon, Haryana":"22%","Noida, Uttar Pradesh":"72%","Kolkata, West Bengal":"-22%","Mumbai, Maharashtra":"31%","Hyderabad, Andhra Pradesh":"-45%","New Delhi, Delhi":"119%","employers_component":["Ericsson Inc.","Amdocs, Inc,."],"Ericsson Inc.":"Avg. Salary: \u20b9765,083","Amdocs, Inc,.":"Avg. Salary: \u20b9661,287","related_job_component":["Software Engineer","Senior Software Engineer","Software Developer","Sr. Software Engineer \/ Developer \/ Programmer","Team Leader, IT","Project Manager, (Unspecified Type \/ General)","Information Technology (IT) Consultant","Software Engineer \/ Developer \/ Programmer","Associate Software Engineer"],"Software Engineer":"Avg. Salary \u20b9262k \u2014 \u20b91m","Senior Software Engineer":"Avg. Salary \u20b9493k \u2014 \u20b92m","Software Developer":"Avg. Salary \u20b9214k \u2014 \u20b91m","Sr. Software Engineer \/ Developer \/ Programmer":"Avg. Salary \u20b9432k \u2014 \u20b92m","Team Leader, IT":"Avg. Salary \u20b9583k \u2014 \u20b92m","Project Manager, (Unspecified Type \/ General)":"Avg. Salary \u20b9456k \u2014 \u20b92m","Information Technology (IT) Consultant":"Avg. Salary \u20b9391k \u2014 \u20b92m","Software Engineer \/ Developer \/ Programmer":"Avg. Salary \u20b9225k \u2014 \u20b91m","Associate Software Engineer":"Avg. Salary \u20b9240k \u2014 \u20b91m"}}