{"0":{"job_title":"Junior_Mechanical_Engineer","avg_salary":"\u20b9241,372","salary_component":["Base Salary","Bonus","Profit Sharing","Commission","Total Pay"],"Base Salary":"\u20b9127k - \u20b9455k","Bonus":"\u20b92k - \u20b970k","Profit Sharing":"\u20b9974 - \u20b951k","Commission":"\u20b90 - \u20b914k","Total Pay":"\u20b9130k - \u20b9520k","pay_by_experience_percent":["Entry Level","Early Career","Mid Career","Late Career"],"Entry Level":"-16%","Early Career":"-4%","Mid Career":"18%","Late Career":"89%","pay_by_experience_years":["1"],"1":"\u20b9203,363","gender_component":["Male","Female","Prefer to self-define"],"Male":"94.4","Female":"4.2","Prefer to self-define":"1.4","health_benefits_componentt":["Medical","Dental","Vision","None"],"Medical":"57","Dental":"6","Vision":"8","None":"41","popular_skills_component":["Computer Aided Design (CAD)","Engineering Design","Autodesk AutoCAD","SolidWorks","Microsoft Office"],"Computer Aided Design (CAD)":"6%","Engineering Design":"1%","Autodesk AutoCAD":"\u20b9192,500","SolidWorks":"21%","Microsoft Office":"\u20b9240,000","affect_skills_component":["Team Leadership","Plant Maintenance","SolidWorks","Microsoft Excel","Project Management","Computer Aided Design (CAD)","Product Development","Engineering Design"],"Team Leadership":"57%","Plant Maintenance":"22%","Microsoft Excel":"9%","Project Management":"7%","Product Development":"4%","career_path_component":["Mechanical Engineer","Design Engineer","Senior Mechanical Design Engineer"],"location_component":["Pune, Maharashtra","Chennai, Tamil Nadu","Bangalore, Karnataka","Hyderabad, Andhra Pradesh","Mumbai, Maharashtra","Kolkata, West Bengal","Jamshedpur, Jharkhand","Ahmedabad, Gujarat","New Delhi, Delhi","Delhi, Delhi"],"Pune, Maharashtra":"-9%","Chennai, Tamil Nadu":"2%","Bangalore, Karnataka":"21%","Hyderabad, Andhra Pradesh":"2%","Mumbai, Maharashtra":"-3%","Kolkata, West Bengal":"24%","Jamshedpur, Jharkhand":"-15%","Ahmedabad, Gujarat":"-2%","New Delhi, Delhi":"24%","Delhi, Delhi":"6%","employers_component":[],"related_job_component":["Mechanical Engineer","Civil Engineer","Design Engineer","Project Manager, (Unspecified Type \/ General)","Electrical Engineer","Mechanical Design Engineer","Project Engineer","Senior Mechanical Engineer","Senior Mechanical Design Engineer"],"Mechanical Engineer":"Avg. Salary \u20b9152k \u2014 \u20b9983k","Civil Engineer":"Avg. Salary \u20b9154k \u2014 \u20b9771k","Design Engineer":"Avg. Salary \u20b9174k \u2014 \u20b9927k","Project Manager, (Unspecified Type \/ General)":"Avg. Salary \u20b9458k \u2014 \u20b92m","Electrical Engineer":"Avg. Salary \u20b9174k \u2014 \u20b9995k","Mechanical Design Engineer":"Avg. Salary \u20b9160k \u2014 \u20b9820k","Project Engineer":"Avg. Salary \u20b9198k \u2014 \u20b9849k","Senior Mechanical Engineer":"Avg. Salary \u20b9307k \u2014 \u20b91m","Senior Mechanical Design Engineer":"Avg. Salary \u20b9362k \u2014 \u20b91m"}}