{"0":{"job_title":"Land_Surveyor","avg_salary":"\u20b9327,602","salary_component":["Base Salary","Bonus","Profit Sharing","Commission","Total Pay"],"Base Salary":"\u20b9132k - \u20b9606k","Bonus":"\u20b94k - \u20b971k","Profit Sharing":"\u20b91k - \u20b9554k","Commission":"\u20b90 - \u20b950k","Total Pay":"\u20b9152k - \u20b9806k","pay_by_experience_percent":["Entry Level","Early Career","Mid Career","Late Career","Experienced"],"Entry Level":"-22%","Early Career":"-9%","Mid Career":"11%","Late Career":"20%","Experienced":"68%","pay_by_experience_years":["1","1-4"],"1":"\u20b9254,341","1-4":"\u20b9298,934","gender_component":["Male","Female"],"Male":"97.5","Female":"2.5","health_benefits_componentt":["Medical","Dental","Vision","None"],"Medical":"58","Dental":"7","Vision":"9","None":"40","popular_skills_component":["Land Surveying","Autodesk AutoCAD","Global Positioning Systems (GPS)","Autodesk AutoCAD Civil 3D","Computer Aided Drafting & Design (CADD)"],"Land Surveying":"\u20b9303,057","Autodesk AutoCAD":"\u20b9326,131","Global Positioning Systems (GPS)":"\u20b9294,791","Autodesk AutoCAD Civil 3D":"\u20b9240,000","Computer Aided Drafting & Design (CADD)":"12%","affect_skills_component":["Computer Aided Drafting & Design (CADD)","Microsoft Excel"],"Microsoft Excel":"6%","career_path_component":["Professional Land Surveyor"],"location_component":["Mumbai, Maharashtra","Hyderabad, Andhra Pradesh","Kolkata, West Bengal","Pune, Maharashtra","Bangalore, Karnataka","Chennai, Tamil Nadu","Ahmedabad, Gujarat","Bhopal, Madhya Pradesh","Patna, Bihar","New Delhi, Delhi"],"Mumbai, Maharashtra":"21%","Hyderabad, Andhra Pradesh":"-2%","Kolkata, West Bengal":"4%","Pune, Maharashtra":"12%","Bangalore, Karnataka":"-3%","Chennai, Tamil Nadu":"14%","Ahmedabad, Gujarat":"20%","Bhopal, Madhya Pradesh":"-27%","Patna, Bihar":"37%","New Delhi, Delhi":"22%","employers_component":[],"related_job_component":["Civil Engineer","Mechanical Engineer","Design Engineer","Accountant","Electrical Engineer","Project Engineer","Data Analyst","Interior Designer","Design Architect"],"Civil Engineer":"Avg. Salary \u20b9154k \u2014 \u20b9771k","Mechanical Engineer":"Avg. Salary \u20b9152k \u2014 \u20b9983k","Design Engineer":"Avg. Salary \u20b9174k \u2014 \u20b9927k","Accountant":"Avg. Salary \u20b9123k \u2014 \u20b9507k","Electrical Engineer":"Avg. Salary \u20b9174k \u2014 \u20b9995k","Project Engineer":"Avg. Salary \u20b9198k \u2014 \u20b9849k","Data Analyst":"Avg. Salary \u20b9201k \u2014 \u20b9959k","Interior Designer":"Avg. Salary \u20b9132k \u2014 \u20b9899k","Design Architect":"Avg. Salary \u20b9152k \u2014 \u20b91m"}}