{"0":{"job_title":"Manufacturing_Engineer","avg_salary":"\u20b9412,689","salary_component":["Base Salary","Bonus","Profit Sharing","Total Pay"],"Base Salary":"\u20b9190k - \u20b9977k","Bonus":"\u20b95k - \u20b9103k","Profit Sharing":"\u20b92k - \u20b9199k","Total Pay":"\u20b9195k - \u20b91m","pay_by_experience_percent":["Entry Level","Early Career","Mid Career","Late Career","Experienced"],"Entry Level":"-29%","Early Career":"-17%","Mid Career":"29%","Late Career":"82%","Experienced":"45%","pay_by_experience_years":["1","1-4"],"1":"\u20b9292,027","1-4":"\u20b9341,261","gender_component":["Male","Female"],"Male":"93.6","Female":"6.4","health_benefits_componentt":["Medical","Dental","Vision","None"],"Medical":"75","Dental":"7","Vision":"10","None":"25","popular_skills_component":["Manufacturing Process Engineering","Process Improvement","Lean Manufacturing","Microsoft Excel","Project Management"],"Manufacturing Process Engineering":"16%","Process Improvement":"22%","Lean Manufacturing":"25%","Microsoft Excel":"\u20b9393,578","Project Management":"21%","affect_skills_component":["Lean Process Engineering","Autodesk AutoCAD","Lean Manufacturing","Process Improvement","Project Management","Microsoft Office","Manufacturing Process Engineering","Engineering Design","Windows Operating System General Use","CAD\/CAM"],"Lean Process Engineering":"44%","Autodesk AutoCAD":"39%","Microsoft Office":"20%","Engineering Design":"16%","Windows Operating System General Use":"15%","CAD\/CAM":"11%","career_path_component":["Manufacturing Engineering Manager","Production Manager, Manufacturing","Mechanical Engineer"],"location_component":["Pune, Maharashtra","Bangalore, Karnataka","Chennai, Tamil Nadu","Mumbai, Maharashtra","Hyderabad, Andhra Pradesh","Ahmedabad, Gujarat","Coimbatore, Tamil Nadu","New Delhi, Delhi","Thane, Maharashtra","Nashik, Maharashtra"],"Pune, Maharashtra":"8%","Bangalore, Karnataka":"44%","Chennai, Tamil Nadu":"15%","Mumbai, Maharashtra":"-15%","Hyderabad, Andhra Pradesh":"-4%","Ahmedabad, Gujarat":"-15%","Coimbatore, Tamil Nadu":"-2%","New Delhi, Delhi":"-15%","Thane, Maharashtra":"-38%","Nashik, Maharashtra":"-20%","employers_component":["Bharat Forge Ltd","Mahindra & Mahindra Ltd.","Quest Global","Robert Bosch","Sidel, Inc.","General Electric Co (GE)"],"Bharat Forge Ltd":"Avg. Salary: \u20b9700,000","Mahindra & Mahindra Ltd.":"Avg. Salary: \u20b9650,000","Quest Global":"Avg. Salary: \u20b9601,730","Robert Bosch":"Avg. Salary: \u20b9674,074","Sidel, Inc.":"Avg. Salary: \u20b9203,473","General Electric Co (GE)":"Avg. Salary: \u20b9750,000","related_job_component":["Mechanical Engineer","Civil Engineer","Design Engineer","Project Manager, (Unspecified Type \/ General)","Electrical Engineer","Project Engineer","Operations Manager","Business Analyst, IT","Mechanical Design Engineer"],"Mechanical Engineer":"Avg. Salary \u20b9152k \u2014 \u20b9983k","Civil Engineer":"Avg. Salary \u20b9154k \u2014 \u20b9771k","Design Engineer":"Avg. Salary \u20b9174k \u2014 \u20b9926k","Project Manager, (Unspecified Type \/ General)":"Avg. Salary \u20b9456k \u2014 \u20b92m","Electrical Engineer":"Avg. Salary \u20b9174k \u2014 \u20b9995k","Project Engineer":"Avg. Salary \u20b9198k \u2014 \u20b9849k","Operations Manager":"Avg. Salary \u20b9297k \u2014 \u20b92m","Business Analyst, IT":"Avg. Salary \u20b9275k \u2014 \u20b91m","Mechanical Design Engineer":"Avg. Salary \u20b9160k \u2014 \u20b9822k"}}