{"0":{"job_title":"Marine_Engineer","avg_salary":"\u20b9709,859","salary_component":["Base Salary","Bonus","Profit Sharing","Total Pay"],"Base Salary":"\u20b9155k - \u20b92m","Bonus":"\u20b92k - \u20b9515k","Profit Sharing":"\u20b9979 - \u20b9255k","Total Pay":"\u20b9200k - \u20b93m","pay_by_experience_percent":["Entry Level","Early Career","Mid Career","Late Career","Experienced"],"Entry Level":"-18%","Early Career":"-17%","Mid Career":"66%","Late Career":"65%","Experienced":"86%","pay_by_experience_years":["1","1-4"],"1":"\u20b9580,650","1-4":"\u20b9587,228","gender_component":["Male","Female"],"Male":"95.0","Female":"5.0","health_benefits_componentt":["Medical","Dental","Vision","None"],"Medical":"58","Dental":"4","Vision":"8","None":"42","popular_skills_component":["Equipment Maintenance","Naval Engineering","Plant Maintenance","Systems Engineering","Machine Operation"],"Equipment Maintenance":"1%","Naval Engineering":"48%","Plant Maintenance":"\u20b9600,000","Systems Engineering":"44%","Machine Operation":"\u20b9589,581","affect_skills_component":["Engineering Design","Naval Engineering","Systems Engineering","Equipment Maintenance"],"Engineering Design":"62%","career_path_component":["Mechanical Engineer","Marine Surveyor"],"location_component":["Mumbai, Maharashtra","Chennai, Tamil Nadu","Kolkata, West Bengal","Delhi, Delhi","Coimbatore, Tamil Nadu","Pune, Maharashtra","New Delhi, Delhi","Mangalore, Karnataka"],"Mumbai, Maharashtra":"-1%","Chennai, Tamil Nadu":"-30%","Kolkata, West Bengal":"83%","Delhi, Delhi":"43%","Coimbatore, Tamil Nadu":"-15%","Pune, Maharashtra":"-28%","New Delhi, Delhi":"-30%","Mangalore, Karnataka":"83%","employers_component":[],"related_job_component":["Mechanical Engineer","Design Engineer","Electrical Engineer","Maintenance Engineer","Civil Engineer","Senior Mechanical Engineer","Mechanical Design Engineer","Project Engineer","Senior Mechanical Design Engineer"],"Mechanical Engineer":"Avg. Salary \u20b9152k \u2014 \u20b9982k","Design Engineer":"Avg. Salary \u20b9174k \u2014 \u20b9926k","Electrical Engineer":"Avg. Salary \u20b9174k \u2014 \u20b9995k","Maintenance Engineer":"Avg. Salary \u20b9151k \u2014 \u20b9658k","Civil Engineer":"Avg. Salary \u20b9154k \u2014 \u20b9771k","Senior Mechanical Engineer":"Avg. Salary \u20b9310k \u2014 \u20b91m","Mechanical Design Engineer":"Avg. Salary \u20b9159k \u2014 \u20b9820k","Project Engineer":"Avg. Salary \u20b9198k \u2014 \u20b9843k","Senior Mechanical Design Engineer":"Avg. Salary \u20b9364k \u2014 \u20b91m"}}