{"0":{"job_title":"Mechanical_Engineer","avg_salary":"\u20b9350,424","salary_component":["Base Salary","Bonus","Profit Sharing","Commission","Total Pay"],"Base Salary":"\u20b9152k - \u20b9983k","Bonus":"\u20b95k - \u20b9104k","Profit Sharing":"\u20b91k - \u20b9239k","Commission":"\u20b912 - \u20b9300k","Total Pay":"\u20b9159k - \u20b91m","pay_by_experience_percent":["Entry Level","Early Career","Mid Career","Late Career","Experienced"],"Entry Level":"-21%","Early Career":"-14%","Mid Career":"56%","Late Career":"150%","Experienced":"184%","pay_by_experience_years":["1","1-4"],"1":"\u20b9276,546","1-4":"\u20b9299,793","gender_component":["Male","Female","Prefer to self-define"],"Male":"96.4","Female":"3.5","Prefer to self-define":"0.1","health_benefits_componentt":["Medical","Dental","Vision","None"],"Medical":"68","Dental":"8","Vision":"9","None":"31","popular_skills_component":["Engineering Design","Microsoft Office","Autodesk AutoCAD","Microsoft Excel","Project Management"],"Engineering Design":"\u20b9401,647","Microsoft Office":"\u20b9313,810","Autodesk AutoCAD":"\u20b9297,550","Microsoft Excel":"\u20b9309,725","Project Management":"\u20b9395,521","affect_skills_component":["Data Analysis","Design","Welding","Value Engineering","Product Testing","Simulation","System Testing","SAP Enterprise Resource Planning (ERP)","Reliability Centred Maintenance (RCM)","Technical Analysis"],"Data Analysis":"271%","Design":"200%","Welding":"170%","Value Engineering":"157%","Product Testing":"138%","Simulation":"137%","System Testing":"128%","SAP Enterprise Resource Planning (ERP)":"128%","Reliability Centred Maintenance (RCM)":"119%","Technical Analysis":"114%","career_path_component":["Senior Mechanical Engineer","Design Engineer","Senior Mechanical Design Engineer"],"location_component":["Pune, Maharashtra","Chennai, Tamil Nadu","Bangalore, Karnataka","Mumbai, Maharashtra","Hyderabad, Andhra Pradesh","Ahmedabad, Gujarat","New Delhi, Delhi","Delhi, Delhi","Gurgaon, Haryana","Kolkata, West Bengal"],"Pune, Maharashtra":"-3%","Chennai, Tamil Nadu":"16%","Bangalore, Karnataka":"22%","Mumbai, Maharashtra":"6%","Hyderabad, Andhra Pradesh":"-9%","Ahmedabad, Gujarat":"-17%","New Delhi, Delhi":"4%","Delhi, Delhi":"31%","Gurgaon, Haryana":"11%","Kolkata, West Bengal":"%","employers_component":["Larsen & Toubro Limited","Mahindra & Mahindra Ltd.","Tata Motors","Eaton Corporation","HCL Technologies Ltd.","Schlumberger","Reliance Industries Limited","Renault Nissan","Larsen and Toubro Ltd.","L&T Technology Services"],"Larsen & Toubro Limited":"Avg. Salary: \u20b9540,449","Mahindra & Mahindra Ltd.":"Avg. Salary: \u20b9600,000","Tata Motors":"Avg. Salary: \u20b9330,000","Eaton Corporation":"Avg. Salary: \u20b9981,035","HCL Technologies Ltd.":"Avg. Salary: \u20b9571,150","Schlumberger":"Avg. Salary: \u20b9800,000","Reliance Industries Limited":"Avg. Salary: \u20b9729,777","Renault Nissan":"Avg. Salary: \u20b9464,527","Larsen and Toubro Ltd.":"Avg. Salary: \u20b9583,264","L&T Technology Services":"Avg. Salary: \u20b9523,810","related_job_component":["Civil Engineer","Operations Manager","Design Engineer","Project Manager, (Unspecified Type \/ General)","Electrical Engineer","Project Engineer","Mechanical Design Engineer","Operations Team Leader","Data Analyst"],"Civil Engineer":"Avg. Salary \u20b9154k \u2014 \u20b9771k","Operations Manager":"Avg. Salary \u20b9297k \u2014 \u20b92m","Design Engineer":"Avg. Salary \u20b9174k \u2014 \u20b9927k","Project Manager, (Unspecified Type \/ General)":"Avg. Salary \u20b9456k \u2014 \u20b92m","Electrical Engineer":"Avg. Salary \u20b9174k \u2014 \u20b9995k","Project Engineer":"Avg. Salary \u20b9198k \u2014 \u20b9849k","Mechanical Design Engineer":"Avg. Salary \u20b9160k \u2014 \u20b9820k","Operations Team Leader":"Avg. Salary \u20b9242k \u2014 \u20b9948k","Data Analyst":"Avg. Salary \u20b9201k \u2014 \u20b9959k"}}