{"0":{"job_title":"Mechanical_Design_Engineer","avg_salary":"\u20b9340,986","salary_component":["Base Salary","Bonus","Profit Sharing","Commission","Total Pay"],"Base Salary":"\u20b9160k - \u20b9820k","Bonus":"\u20b95k - \u20b999k","Profit Sharing":"\u20b9518 - \u20b9152k","Commission":"\u20b90 - \u20b914k","Total Pay":"\u20b9166k - \u20b9893k","pay_by_experience_percent":["Entry Level","Early Career","Mid Career","Late Career","Experienced"],"Entry Level":"-37%","Early Career":"-13%","Mid Career":"70%","Late Career":"164%","Experienced":"193%","pay_by_experience_years":["1"],"1":"\u20b9213,963","gender_component":["Male","Female"],"Male":"96.2","Female":"3.8","health_benefits_componentt":["Medical","Dental","Vision","None"],"Medical":"60","Dental":"6","Vision":"6","None":"39","popular_skills_component":["Engineering Design","Computer Aided Design (CAD)","SolidWorks","Product Development","Autodesk AutoCAD"],"Engineering Design":"\u20b9361,088","Computer Aided Design (CAD)":"\u20b9347,127","SolidWorks":"\u20b9294,133","Product Development":"32%","Autodesk AutoCAD":"\u20b9277,454","affect_skills_component":["HVAC System Design","Bentley MicroStation","Value Engineering","Autodesk Revit MEP","Product Development","Project Management","Technical Analysis","ANSYS Simulation Software","Finite Element Analysis (FEA)","Computer Aided Engineering (CAE)"],"HVAC System Design":"120%","Bentley MicroStation":"90%","Value Engineering":"59%","Autodesk Revit MEP":"38%","Project Management":"26%","Technical Analysis":"25%","ANSYS Simulation Software":"21%","Finite Element Analysis (FEA)":"19%","Computer Aided Engineering (CAE)":"15%","career_path_component":["Senior Mechanical Design Engineer","Design Engineer","Mechanical Engineer"],"location_component":["Pune, Maharashtra","Bangalore, Karnataka","Chennai, Tamil Nadu","Mumbai, Maharashtra","Hyderabad, Andhra Pradesh","Coimbatore, Tamil Nadu","Ahmedabad, Gujarat","New Delhi, Delhi","Gurgaon, Haryana","Delhi, Delhi"],"Pune, Maharashtra":"16%","Bangalore, Karnataka":"16%","Chennai, Tamil Nadu":"3%","Mumbai, Maharashtra":"-10%","Hyderabad, Andhra Pradesh":"-4%","Coimbatore, Tamil Nadu":"-25%","Ahmedabad, Gujarat":"-30%","New Delhi, Delhi":"-11%","Gurgaon, Haryana":"20%","Delhi, Delhi":"-11%","employers_component":["HCL Technologies Ltd.","Mahindra & Mahindra Ltd.","Cyient","ABB India","Caterpillar, Inc.","Johnson Controls Inc","Fouress","L&T Technology Services","The Boeing Company","Schneider Electric Ltd"],"HCL Technologies Ltd.":"Avg. Salary: \u20b9422,500","Mahindra & Mahindra Ltd.":"Avg. Salary: \u20b9775,000","Cyient":"Avg. Salary: \u20b9325,000","ABB India":"Avg. Salary: \u20b9800,000","Caterpillar, Inc.":"Avg. Salary: \u20b9722,275","Johnson Controls Inc":"Avg. Salary: \u20b9508,682","Fouress":"Avg. Salary: \u20b9695,500","L&T Technology Services":"Avg. Salary: \u20b9493,523","The Boeing Company":"Avg. Salary: \u20b9800,000","Schneider Electric Ltd":"Avg. Salary: \u20b9410,500","related_job_component":["Mechanical Engineer","Design Engineer","Civil Engineer","Project Manager, (Unspecified Type \/ General)","Project Engineer","Electrical Engineer","Senior Mechanical Design Engineer","Senior Mechanical Engineer","Project Manager, Information Technology (IT)"],"Mechanical Engineer":"Avg. Salary \u20b9152k \u2014 \u20b9983k","Design Engineer":"Avg. Salary \u20b9174k \u2014 \u20b9926k","Civil Engineer":"Avg. Salary \u20b9154k \u2014 \u20b9771k","Project Manager, (Unspecified Type \/ General)":"Avg. Salary \u20b9456k \u2014 \u20b92m","Project Engineer":"Avg. Salary \u20b9198k \u2014 \u20b9849k","Electrical Engineer":"Avg. Salary \u20b9174k \u2014 \u20b9995k","Senior Mechanical Design Engineer":"Avg. Salary \u20b9362k \u2014 \u20b91m","Senior Mechanical Engineer":"Avg. Salary \u20b9308k \u2014 \u20b91m","Project Manager, Information Technology (IT)":"Avg. Salary \u20b9531k \u2014 \u20b92m"}}