{"0":{"job_title":"Mechanical_Designer","avg_salary":"\u20b9371,373","salary_component":["Base Salary","Bonus","Profit Sharing","Total Pay"],"Base Salary":"\u20b9175k - \u20b91m","Bonus":"\u20b93k - \u20b9101k","Profit Sharing":"\u20b9507 - \u20b9201k","Total Pay":"\u20b9178k - \u20b91m","pay_by_experience_percent":["Entry Level","Early Career","Mid Career","Late Career","Experienced"],"Entry Level":"-18%","Early Career":"-18%","Mid Career":"34%","Late Career":"91%","Experienced":"64%","pay_by_experience_years":["1","1-4"],"1":"\u20b9305,209","1-4":"\u20b9303,136","gender_component":["Male","Female"],"Male":"97.5","Female":"2.5","health_benefits_componentt":["Medical","Dental","Vision","None"],"Medical":"66","Dental":"7","Vision":"8","None":"34","popular_skills_component":["Engineering Design","Autodesk AutoCAD","SolidWorks","Computer Aided Design (CAD)","Computer Aided Drafting & Design (CADD)"],"Engineering Design":"25%","Autodesk AutoCAD":"\u20b9330,974","SolidWorks":"\u20b9343,340","Computer Aided Design (CAD)":"\u20b9353,878","Computer Aided Drafting & Design (CADD)":"\u20b9346,233","affect_skills_component":["Engineering Design","Pro\/Engineer","NX Unigraphics","CATIA"],"Pro\/Engineer":"24%","NX Unigraphics":"14%","CATIA":"13%","career_path_component":["Mechanical Design Engineer","Senior Mechanical Design Engineer","Piping Designer"],"location_component":["Pune, Maharashtra","Chennai, Tamil Nadu","Bangalore, Karnataka","Mumbai, Maharashtra","Coimbatore, Tamil Nadu","Hyderabad, Andhra Pradesh","New Delhi, Delhi","Gurgaon, Haryana","Ahmedabad, Gujarat","Delhi, Delhi"],"Pune, Maharashtra":"33%","Chennai, Tamil Nadu":"14%","Bangalore, Karnataka":"-5%","Mumbai, Maharashtra":"-21%","Coimbatore, Tamil Nadu":"25%","Hyderabad, Andhra Pradesh":"-9%","New Delhi, Delhi":"-6%","Gurgaon, Haryana":"48%","Ahmedabad, Gujarat":"-13%","Delhi, Delhi":"-46%","employers_component":["HCL Technologies Ltd."],"HCL Technologies Ltd.":"Avg. Salary: \u20b9400,000","related_job_component":["Mechanical Engineer","Design Engineer","Civil Engineer","Mechanical Design Engineer","Senior Mechanical Design Engineer","Electrical Engineer","Project Engineer","Senior Mechanical Engineer","Interior Designer"],"Mechanical Engineer":"Avg. Salary \u20b9152k \u2014 \u20b9983k","Design Engineer":"Avg. Salary \u20b9174k \u2014 \u20b9926k","Civil Engineer":"Avg. Salary \u20b9154k \u2014 \u20b9771k","Mechanical Design Engineer":"Avg. Salary \u20b9160k \u2014 \u20b9820k","Senior Mechanical Design Engineer":"Avg. Salary \u20b9362k \u2014 \u20b91m","Electrical Engineer":"Avg. Salary \u20b9174k \u2014 \u20b9995k","Project Engineer":"Avg. Salary \u20b9198k \u2014 \u20b9849k","Senior Mechanical Engineer":"Avg. Salary \u20b9308k \u2014 \u20b91m","Interior Designer":"Avg. Salary \u20b9132k \u2014 \u20b9899k"}}