{"0":{"job_title":"Mechanical_Engineering_Manager","avg_salary":"\u20b91,208,611","salary_component":["Base Salary","Bonus","Profit Sharing","Total Pay"],"Base Salary":"\u20b9388k - \u20b93m","Bonus":"\u20b919k - \u20b9490k","Profit Sharing":"\u20b93 - \u20b9258k","Total Pay":"\u20b9428k - \u20b93m","pay_by_experience_percent":["Entry Level","Early Career","Mid Career","Late Career","Experienced"],"Entry Level":"-79%","Early Career":"-65%","Mid Career":"-13%","Late Career":"18%","Experienced":"69%","pay_by_experience_years":["1"],"1":"\u20b9250,000","gender_component":["Male"],"Male":"100.0","health_benefits_componentt":["Medical","Dental","Vision","None"],"Medical":"79","Dental":"11","Vision":"14","None":"21","popular_skills_component":["Engineering Design","Project Management","People Management","Product Development","Team Leadership"],"Engineering Design":"26%","Project Management":"\u20b91,200,000","People Management":"\u20b91,171,098","Product Development":"16%","Team Leadership":"18%","affect_skills_component":["Computer Aided Engineering (CAE)","Engineering Design","Team Leadership","Product Development","Operations Management"],"Computer Aided Engineering (CAE)":"32%","Operations Management":"8%","career_path_component":["Design Engineering Manager"],"location_component":["Pune, Maharashtra","Bangalore, Karnataka","Chennai, Tamil Nadu","Mumbai, Maharashtra","Gurgaon, Haryana","Hyderabad, Andhra Pradesh","New Delhi, Delhi","Noida, Uttar Pradesh"],"Pune, Maharashtra":"11%","Bangalore, Karnataka":"21%","Chennai, Tamil Nadu":"8%","Mumbai, Maharashtra":"17%","Gurgaon, Haryana":"48%","Hyderabad, Andhra Pradesh":"49%","New Delhi, Delhi":"12%","Noida, Uttar Pradesh":"65%","employers_component":[],"related_job_component":["Operations Manager","Mechanical Engineer","Design Engineer","Project Manager, (Unspecified Type \/ General)","Operations Team Leader","Civil Engineer","Senior Mechanical Engineer","Team Lead, Operations","Electrical Engineer"],"Operations Manager":"Avg. Salary \u20b9297k \u2014 \u20b92m","Mechanical Engineer":"Avg. Salary \u20b9152k \u2014 \u20b9982k","Design Engineer":"Avg. Salary \u20b9174k \u2014 \u20b9926k","Project Manager, (Unspecified Type \/ General)":"Avg. Salary \u20b9458k \u2014 \u20b92m","Operations Team Leader":"Avg. Salary \u20b9242k \u2014 \u20b9939k","Civil Engineer":"Avg. Salary \u20b9154k \u2014 \u20b9771k","Senior Mechanical Engineer":"Avg. Salary \u20b9310k \u2014 \u20b91m","Team Lead, Operations":"Avg. Salary \u20b9312k \u2014 \u20b91m","Electrical Engineer":"Avg. Salary \u20b9174k \u2014 \u20b9995k"}}