{"0":{"job_title":"Operations_Engineer","avg_salary":"\u20b9414,698","salary_component":["Base Salary","Bonus","Profit Sharing","Total Pay"],"Base Salary":"\u20b9197k - \u20b91m","Bonus":"\u20b98k - \u20b9204k","Profit Sharing":"\u20b912k - \u20b9100k","Total Pay":"\u20b9206k - \u20b91m","pay_by_experience_percent":["Entry Level","Early Career","Mid Career","Late Career"],"Entry Level":"-23%","Early Career":"-4%","Mid Career":"46%","Late Career":"279%","pay_by_experience_years":["1","1-4"],"1":"\u20b9320,000","1-4":"\u20b9399,428","gender_component":["Male","Female"],"Male":"92.3","Female":"7.7","health_benefits_componentt":["Medical","Dental","Vision","None"],"Medical":"70","Dental":"10","Vision":"10","None":"30","popular_skills_component":["Operations Management","Linux","System Administration","Manufacturing Process Engineering","Project Management"],"Operations Management":"\u20b9413,640","Linux":"75%","System Administration":"76%","Manufacturing Process Engineering":"\u20b9318,000","Project Management":"\u20b9299,344","affect_skills_component":["System Administration","Linux","Systems Troubleshooting","Amazon Web Services (AWS)","Troubleshooting","Network Management \/ Administration","Cisco Networking","Python"],"Systems Troubleshooting":"69%","Amazon Web Services (AWS)":"57%","Troubleshooting":"50%","Network Management \/ Administration":"50%","Cisco Networking":"16%","Python":"4%","career_path_component":["Development Operations (DevOps) Engineer","Information Technology (IT) Manager"],"location_component":["Bangalore, Karnataka","Chennai, Tamil Nadu","Mumbai, Maharashtra","Pune, Maharashtra","Noida, Uttar Pradesh","Hyderabad, Andhra Pradesh","New Delhi, Delhi","Surat, Gujarat","Ahmedabad, Gujarat"],"Bangalore, Karnataka":"23%","Chennai, Tamil Nadu":"25%","Mumbai, Maharashtra":"-1%","Pune, Maharashtra":"-4%","Noida, Uttar Pradesh":"-14%","Hyderabad, Andhra Pradesh":"-6%","New Delhi, Delhi":"-28%","Surat, Gujarat":"-5%","Ahmedabad, Gujarat":"-45%","employers_component":["Ericsson Inc."],"Ericsson Inc.":"Avg. Salary: \u20b9380,000","related_job_component":["Operations Manager","Project Manager, (Unspecified Type \/ General)","Software Engineer","Network Engineer","Senior Software Engineer","Technical Support Engineer","Information Technology (IT) Manager","Mechanical Engineer","Civil Engineer"],"Operations Manager":"Avg. Salary \u20b9297k \u2014 \u20b92m","Project Manager, (Unspecified Type \/ General)":"Avg. Salary \u20b9456k \u2014 \u20b92m","Software Engineer":"Avg. Salary \u20b9263k \u2014 \u20b91m","Network Engineer":"Avg. Salary \u20b9164k \u2014 \u20b9808k","Senior Software Engineer":"Avg. Salary \u20b9493k \u2014 \u20b92m","Technical Support Engineer":"Avg. Salary \u20b9174k \u2014 \u20b9883k","Information Technology (IT) Manager":"Avg. Salary \u20b9412k \u2014 \u20b93m","Mechanical Engineer":"Avg. Salary \u20b9152k \u2014 \u20b9983k","Civil Engineer":"Avg. Salary \u20b9154k \u2014 \u20b9771k"}}