{"0":{"job_title":"Performance_Engineer","avg_salary":"\u20b9629,899","salary_component":["Base Salary","Bonus","Profit Sharing","Total Pay"],"Base Salary":"\u20b9297k - \u20b91m","Bonus":"\u20b912k - \u20b9164k","Profit Sharing":"\u20b910k - \u20b951k","Total Pay":"\u20b9305k - \u20b91m","pay_by_experience_percent":["Entry Level","Early Career","Mid Career","Late Career"],"Entry Level":"-50%","Early Career":"-19%","Mid Career":"47%","Late Career":"119%","pay_by_experience_years":["1","1-4"],"1":"\u20b9318,000","1-4":"\u20b9512,232","gender_component":["Male","Female"],"Male":"78.0","Female":"22.0","health_benefits_componentt":["Medical","Dental","Vision","None"],"Medical":"81","Dental":"8","Vision":"8","None":"19","popular_skills_component":["Performance Analysis","LoadRunner","Apache JMeter","Web Performance Monitoring\/Tuning","Performance Management"],"Performance Analysis":"9%","LoadRunner":"2%","Apache JMeter":"\u20b9571,976","Web Performance Monitoring\/Tuning":"22%","Performance Management":"41%","affect_skills_component":["Performance Management","Data Analysis","Web Performance Monitoring\/Tuning","Performance Analysis","LoadRunner"],"Data Analysis":"34%","career_path_component":["Technical Architect","Senior Performance Analyst","Power Plant Engineer"],"location_component":["Bangalore, Karnataka","Pune, Maharashtra","Chennai, Tamil Nadu","Hyderabad, Andhra Pradesh","Mumbai, Maharashtra","Noida, Uttar Pradesh","Kolkata, West Bengal","New Delhi, Delhi","Gurgaon, Haryana"],"Bangalore, Karnataka":"30%","Pune, Maharashtra":"-6%","Chennai, Tamil Nadu":"6%","Hyderabad, Andhra Pradesh":"-4%","Mumbai, Maharashtra":"-24%","Noida, Uttar Pradesh":"-21%","Kolkata, West Bengal":"-11%","New Delhi, Delhi":"-47%","Gurgaon, Haryana":"106%","employers_component":["Cognizant","Techmahindra Ltd","Accenture Technology Solutions","Amdocs, Inc,.","Cognizant Technology Solutions Corp","Ericsson Inc.","InfoSys Limited","Oracle","Tata Consultancy Services Limited"],"Cognizant":"Avg. Salary: \u20b9820,000","Techmahindra Ltd":"Avg. Salary: \u20b9750,000","Accenture Technology Solutions":"Avg. Salary: \u20b91,100,000","Amdocs, Inc,.":"Avg. Salary: \u20b9579,310","Cognizant Technology Solutions Corp":"Avg. Salary: \u20b9605,000","Ericsson Inc.":"Avg. Salary: \u20b9950,000","InfoSys Limited":"Avg. Salary: \u20b9800,000","Oracle":"Avg. Salary: \u20b9950,000","Tata Consultancy Services Limited":"Avg. Salary: \u20b9420,000","related_job_component":["Software Engineer","Senior Software Engineer","Data Analyst","Software Developer","Java Developer","Sr. Software Engineer \/ Developer \/ Programmer","Human Resources (HR) Manager","Android Software Developer","Data Scientist"],"Software Engineer":"Avg. Salary \u20b9262k \u2014 \u20b91m","Senior Software Engineer":"Avg. Salary \u20b9493k \u2014 \u20b92m","Data Analyst":"Avg. Salary \u20b9201k \u2014 \u20b9959k","Software Developer":"Avg. Salary \u20b9214k \u2014 \u20b91m","Java Developer":"Avg. Salary \u20b9197k \u2014 \u20b91m","Sr. Software Engineer \/ Developer \/ Programmer":"Avg. Salary \u20b9432k \u2014 \u20b92m","Human Resources (HR) Manager":"Avg. Salary \u20b9293k \u2014 \u20b92m","Android Software Developer":"Avg. Salary \u20b9150k \u2014 \u20b9975k","Data Scientist":"Avg. Salary \u20b9343k \u2014 \u20b92m"}}