{"0":{"job_title":"Petroleum_Engineer","avg_salary":"\u20b9800,000","salary_component":["Base Salary","Bonus","Profit Sharing","Commission","Total Pay"],"Base Salary":"\u20b9200k - \u20b95m","Bonus":"\u20b93k - \u20b91m","Profit Sharing":"\u20b9986 - \u20b92m","Commission":"\u20b90 - \u20b9112k","Total Pay":"\u20b9205k - \u20b97m","pay_by_experience_percent":["Entry Level","Early Career","Mid Career","Late Career"],"Entry Level":"-12%","Early Career":"-2%","Mid Career":"25%","Late Career":"13%","pay_by_experience_years":["1","1-4"],"1":"\u20b9701,943","1-4":"\u20b9783,891","gender_component":["Male","Female"],"Male":"94.4","Female":"5.6","health_benefits_componentt":["Medical","Dental","Vision","None"],"Medical":"79","Dental":"4","Vision":"4","None":"21","popular_skills_component":["Well Production Engineering","Drilling Engineering","Microsoft Excel","Reservoir Engineering","Project Management"],"Well Production Engineering":"21%","Drilling Engineering":"\u20b9800,000","Microsoft Excel":"\u20b9700,000","Reservoir Engineering":"\u20b9614,451","Project Management":"\u20b9629,500","affect_skills_component":["Engineering Design","Well Production Engineering"],"Engineering Design":"33%","career_path_component":[],"location_component":["Mumbai, Maharashtra","Chennai, Tamil Nadu","Pune, Maharashtra","Ahmedabad, Gujarat","Bangalore, Karnataka","Hyderabad, Andhra Pradesh","Delhi, Delhi","New Delhi, Delhi","Gurgaon, Haryana","Coimbatore, Tamil Nadu"],"Mumbai, Maharashtra":"-36%","Chennai, Tamil Nadu":"-38%","Pune, Maharashtra":"13%","Ahmedabad, Gujarat":"2%","Bangalore, Karnataka":"25%","Hyderabad, Andhra Pradesh":"150%","Delhi, Delhi":"-31%","New Delhi, Delhi":"19%","Gurgaon, Haryana":"88%","Coimbatore, Tamil Nadu":"-44%","employers_component":[],"related_job_component":["Civil Engineer","Mechanical Engineer","Project Manager, (Unspecified Type \/ General)","Electrical Engineer","Project Engineer","Design Engineer","Project Manager, Information Technology (IT)","Accountant","Operations Manager"],"Civil Engineer":"Avg. Salary \u20b9154k \u2014 \u20b9771k","Mechanical Engineer":"Avg. Salary \u20b9152k \u2014 \u20b9983k","Project Manager, (Unspecified Type \/ General)":"Avg. Salary \u20b9456k \u2014 \u20b92m","Electrical Engineer":"Avg. Salary \u20b9174k \u2014 \u20b9995k","Project Engineer":"Avg. Salary \u20b9198k \u2014 \u20b9843k","Design Engineer":"Avg. Salary \u20b9174k \u2014 \u20b9926k","Project Manager, Information Technology (IT)":"Avg. Salary \u20b9531k \u2014 \u20b92m","Accountant":"Avg. Salary \u20b9123k \u2014 \u20b9507k","Operations Manager":"Avg. Salary \u20b9297k \u2014 \u20b92m"}}