{"0":{"job_title":"Physical_Design_Engineer","avg_salary":"\u20b9621,168","salary_component":["Base Salary","Bonus","Profit Sharing","Total Pay"],"Base Salary":"\u20b9258k - \u20b92m","Bonus":"\u20b95k - \u20b9391k","Profit Sharing":"\u20b91k - \u20b9296k","Total Pay":"\u20b9289k - \u20b93m","pay_by_experience_percent":["Entry Level","Early Career","Mid Career","Late Career"],"Entry Level":"-48%","Early Career":"-17%","Mid Career":"237%","Late Career":"378%","pay_by_experience_years":["1","1-4"],"1":"\u20b9325,869","1-4":"\u20b9516,509","gender_component":["Male","Female"],"Male":"83.3","Female":"16.7","health_benefits_componentt":["Medical","Dental","Vision","None"],"Medical":"82","Dental":"9","Vision":"10","None":"17","popular_skills_component":["Engineering Design, Semiconductor","Tool Command Language (TcL)","Digital Design","Cadence Electronic Design Software","Automation Scripting"],"Engineering Design, Semiconductor":"31%","Tool Command Language (TcL)":"10%","Digital Design":"5%","Cadence Electronic Design Software":"28%","Automation Scripting":"13%","affect_skills_component":["Engineering Design","Engineering Design, Semiconductor","Cadence Electronic Design Software","Automation Scripting","Tool Command Language (TcL)","Digital Design"],"Engineering Design":"56%","career_path_component":[],"location_component":["Bangalore, Karnataka","Hyderabad, Andhra Pradesh","Ahmedabad, Gujarat","Pune, Maharashtra","Noida, Uttar Pradesh"],"Bangalore, Karnataka":"16%","Hyderabad, Andhra Pradesh":"-37%","Ahmedabad, Gujarat":"-51%","Pune, Maharashtra":"92%","Noida, Uttar Pradesh":"25%","employers_component":["Intel Corporation","Altran Technologies India Pvt Ltd","eInfochips","Qualcomm Inc","Synapse India"],"Intel Corporation":"Avg. Salary: \u20b91,188,000","Altran Technologies India Pvt Ltd":"Avg. Salary: \u20b91,400,000","eInfochips":"Avg. Salary: \u20b9375,000","Qualcomm Inc":"Avg. Salary: \u20b92,000,000","Synapse India":"Avg. Salary: \u20b9892,251","related_job_component":["Design Engineer","Mechanical Engineer","Electrical Engineer","Civil Engineer","Mechanical Design Engineer","Project Engineer","Senior Mechanical Design Engineer","Senior Mechanical Engineer","Structural Engineer"],"Design Engineer":"Avg. Salary \u20b9174k \u2014 \u20b9927k","Mechanical Engineer":"Avg. Salary \u20b9152k \u2014 \u20b9983k","Electrical Engineer":"Avg. Salary \u20b9174k \u2014 \u20b9995k","Civil Engineer":"Avg. Salary \u20b9154k \u2014 \u20b9771k","Mechanical Design Engineer":"Avg. Salary \u20b9160k \u2014 \u20b9820k","Project Engineer":"Avg. Salary \u20b9198k \u2014 \u20b9849k","Senior Mechanical Design Engineer":"Avg. Salary \u20b9362k \u2014 \u20b91m","Senior Mechanical Engineer":"Avg. Salary \u20b9307k \u2014 \u20b91m","Structural Engineer":"Avg. Salary \u20b9211k \u2014 \u20b91m"}}