{"0":{"job_title":"Piping_Designer","avg_salary":"\u20b9488,707","salary_component":["Base Salary","Bonus","Profit Sharing","Total Pay"],"Base Salary":"\u20b9183k - \u20b91m","Bonus":"\u20b91k - \u20b9275k","Profit Sharing":"\u20b91k - \u20b9245k","Total Pay":"\u20b9194k - \u20b91m","pay_by_experience_percent":["Entry Level","Early Career","Mid Career","Late Career","Experienced"],"Entry Level":"-52%","Early Career":"-37%","Mid Career":"25%","Late Career":"73%","Experienced":"43%","pay_by_experience_years":["1","1-4"],"1":"\u20b9235,841","1-4":"\u20b9307,358","gender_component":["Male","Female"],"Male":"94.6","Female":"5.4","health_benefits_componentt":["Medical","Dental","Vision","None"],"Medical":"56","Dental":"4","Vision":"7","None":"44","popular_skills_component":["Engineering Design","Autodesk AutoCAD","AVEVA PDMS","Computer Aided Drafting & Design (CADD)","Autodesk Navisworks"],"Engineering Design":"17%","Autodesk AutoCAD":"\u20b9404,886","AVEVA PDMS":"\u20b9472,381","Computer Aided Drafting & Design (CADD)":"\u20b9400,110","Autodesk Navisworks":"\u20b9465,000","affect_skills_component":["AVEVA E3D","Design","Engineering Design","Microsoft Excel","Bentley MicroStation"],"AVEVA E3D":"64%","Design":"23%","Microsoft Excel":"13%","Bentley MicroStation":"4%","career_path_component":["Senior Piping Designer","Design Engineer","Mechanical Engineer"],"location_component":["Chennai, Tamil Nadu","Mumbai, Maharashtra","Pune, Maharashtra","Bangalore, Karnataka","New Delhi, Delhi","Gurgaon, Haryana","Hyderabad, Andhra Pradesh","Coimbatore, Tamil Nadu","Baroda, Gujarat","Kolkata, West Bengal"],"Chennai, Tamil Nadu":"19%","Mumbai, Maharashtra":"13%","Pune, Maharashtra":"-30%","Bangalore, Karnataka":"-33%","New Delhi, Delhi":"2%","Gurgaon, Haryana":"123%","Hyderabad, Andhra Pradesh":"-37%","Coimbatore, Tamil Nadu":"-40%","Baroda, Gujarat":"-20%","Kolkata, West Bengal":"-28%","employers_component":["Saipem India Projects Limited","Jacobs Engineering Group Inc","Technip India Ltd"],"Saipem India Projects Limited":"Avg. Salary: \u20b9832,617","Jacobs Engineering Group Inc":"Avg. Salary: \u20b90","Technip India Ltd":"Avg. Salary: \u20b9750,000","related_job_component":["Civil Engineer","Mechanical Engineer","Design Engineer","Electrical Engineer","Project Engineer","Accountant","Mechanical Design Engineer","Design Architect","Interior Designer"],"Civil Engineer":"Avg. Salary \u20b9154k \u2014 \u20b9771k","Mechanical Engineer":"Avg. Salary \u20b9152k \u2014 \u20b9983k","Design Engineer":"Avg. Salary \u20b9174k \u2014 \u20b9926k","Electrical Engineer":"Avg. Salary \u20b9174k \u2014 \u20b9995k","Project Engineer":"Avg. Salary \u20b9198k \u2014 \u20b9843k","Accountant":"Avg. Salary \u20b9123k \u2014 \u20b9507k","Mechanical Design Engineer":"Avg. Salary \u20b9160k \u2014 \u20b9822k","Design Architect":"Avg. Salary \u20b9152k \u2014 \u20b91m","Interior Designer":"Avg. Salary \u20b9134k \u2014 \u20b9897k"}}