{"0":{"job_title":"Principal_Architect","avg_salary":"\u20b92,973,949","salary_component":["Base Salary","Bonus","Profit Sharing","Total Pay"],"Base Salary":"\u20b92m - \u20b95m","Bonus":"\u20b9197k - \u20b91m","Profit Sharing":"\u20b9496k - \u20b9590k","Total Pay":"\u20b92m - \u20b95m","pay_by_experience_percent":["Mid Career","Late Career","Experienced"],"Mid Career":"-17%","Late Career":"-2%","Experienced":"26%","pay_by_experience_years":["5-9","10-19"],"5-9":"\u20b92,456,588","10-19":"\u20b92,912,648","gender_component":["Male","Female"],"Male":"94.8","Female":"5.2","health_benefits_componentt":["Medical","Dental","Vision","None"],"Medical":"88","Dental":"19","Vision":"17","None":"12","popular_skills_component":["Software Architecture","Cloud Computing","System Architecture","Enterprise Solutions","Design"],"Software Architecture":"7%","Cloud Computing":"14%","System Architecture":"20%","Enterprise Solutions":"2%","Design":"1%","affect_skills_component":["Machine Learning","System Architecture","Cloud Computing","Java\/J2EE","Software Architecture","Pre-Sales","Enterprise Solutions","Design"],"Machine Learning":"26%","Java\/J2EE":"13%","Pre-Sales":"5%","career_path_component":["Design Architect","Architect (but not Landscape or Naval)","Chief Architect, IT"],"location_component":["Bangalore, Karnataka","Pune, Maharashtra","Chennai, Tamil Nadu","Mumbai, Maharashtra","Hyderabad, Andhra Pradesh","Noida, Uttar Pradesh","Chandigarh, Chandigarh","New Delhi, Delhi"],"Bangalore, Karnataka":"18%","Pune, Maharashtra":"3%","Chennai, Tamil Nadu":"-16%","Mumbai, Maharashtra":"-18%","Hyderabad, Andhra Pradesh":"-13%","Noida, Uttar Pradesh":"35%","Chandigarh, Chandigarh":"-18%","New Delhi, Delhi":"-8%","employers_component":["Cognizant Technology Solutions Corp","Techmahindra Ltd","Wipro Technologies Ltd.","Fidelity Investments","Tata Communications Ltd","Cognizant"],"Cognizant Technology Solutions Corp":"Avg. Salary: \u20b92,665,008","Techmahindra Ltd":"Avg. Salary: \u20b92,712,500","Wipro Technologies Ltd.":"Avg. Salary: \u20b93,150,000","Fidelity Investments":"Avg. Salary: \u20b93,016,813","Tata Communications Ltd":"Avg. Salary: \u20b91,995,000","Cognizant":"Avg. Salary: \u20b92,913,000","related_job_component":["Software Engineer","Senior Software Engineer","Solutions Architect","Project Manager, (Unspecified Type \/ General)","Software Developer","Information Technology (IT) Consultant","Technical Architect","Team Leader, IT","Sr. Software Engineer \/ Developer \/ Programmer"],"Software Engineer":"Avg. Salary \u20b9262k \u2014 \u20b91m","Senior Software Engineer":"Avg. Salary \u20b9493k \u2014 \u20b92m","Solutions Architect":"Avg. Salary \u20b9601k \u2014 \u20b93m","Project Manager, (Unspecified Type \/ General)":"Avg. Salary \u20b9456k \u2014 \u20b92m","Software Developer":"Avg. Salary \u20b9214k \u2014 \u20b91m","Information Technology (IT) Consultant":"Avg. Salary \u20b9391k \u2014 \u20b92m","Technical Architect":"Avg. Salary \u20b91m \u2014 \u20b93m","Team Leader, IT":"Avg. Salary \u20b9584k \u2014 \u20b92m","Sr. Software Engineer \/ Developer \/ Programmer":"Avg. Salary \u20b9432k \u2014 \u20b92m"}}