{"0":{"job_title":"Process_Engineer","avg_salary":"\u20b9451,837","salary_component":["Base Salary","Bonus","Profit Sharing","Commission","Total Pay"],"Base Salary":"\u20b9199k - \u20b91m","Bonus":"\u20b97k - \u20b9153k","Profit Sharing":"\u20b91k - \u20b9201k","Commission":"\u20b912k - \u20b991k","Total Pay":"\u20b9203k - \u20b91m","pay_by_experience_percent":["Entry Level","Early Career","Mid Career","Late Career","Experienced"],"Entry Level":"-36%","Early Career":"-20%","Mid Career":"51%","Late Career":"183%","Experienced":"360%","pay_by_experience_years":["1","1-4"],"1":"\u20b9287,238","1-4":"\u20b9360,376","gender_component":["Male","Female"],"Male":"88.8","Female":"11.2","health_benefits_componentt":["Medical","Dental","Vision","None"],"Medical":"75","Dental":"8","Vision":"8","None":"25","popular_skills_component":["Chemical Process Engineering","Manufacturing Process Engineering","Process Improvement","Engineering Design","Microsoft Excel"],"Chemical Process Engineering":"30%","Manufacturing Process Engineering":"\u20b9414,467","Process Improvement":"4%","Engineering Design":"53%","Microsoft Excel":"\u20b9403,070","affect_skills_component":["Simulation","Engineering Design","Distributed Control Systems (DCS)","Chemical Process Engineering","Data Analysis","Project Management","Troubleshooting","Process Improvement"],"Simulation":"132%","Distributed Control Systems (DCS)":"50%","Data Analysis":"21%","Project Management":"11%","Troubleshooting":"9%","career_path_component":["Senior Process Engineer","Principal Process Engineer","Chemical Process Engineer"],"location_component":["Mumbai, Maharashtra","Pune, Maharashtra","Chennai, Tamil Nadu","Bangalore, Karnataka","Gurgaon, Haryana","Hyderabad, Andhra Pradesh","Ahmedabad, Gujarat","New Delhi, Delhi","Noida, Uttar Pradesh","Coimbatore, Tamil Nadu"],"Mumbai, Maharashtra":"35%","Pune, Maharashtra":"-1%","Chennai, Tamil Nadu":"1%","Bangalore, Karnataka":"7%","Gurgaon, Haryana":"77%","Hyderabad, Andhra Pradesh":"-23%","Ahmedabad, Gujarat":"-12%","New Delhi, Delhi":"79%","Noida, Uttar Pradesh":"-28%","Coimbatore, Tamil Nadu":"-9%","employers_component":["Reliance Industries Limited","Asahi India Glass Ltd.","Biozeen","Jacobs Engineering Group Inc","Uop, LLC","McDermott International, Inc.","VA Tech Wabag Ltd","Larsen & Toubro Limited","Alfa Laval Inc","Robert Bosch"],"Reliance Industries Limited":"Avg. Salary: \u20b9850,000","Asahi India Glass Ltd.":"Avg. Salary: \u20b9326,270","Biozeen":"Avg. Salary: \u20b9356,528","Jacobs Engineering Group Inc":"Avg. Salary: \u20b9380,000","Uop, LLC":"Avg. Salary: \u20b91,448,276","McDermott International, Inc.":"Avg. Salary: \u20b91,713,880","VA Tech Wabag Ltd":"Avg. Salary: \u20b9545,000","Larsen & Toubro Limited":"Avg. Salary: \u20b9655,000","Alfa Laval Inc":"Avg. Salary: \u20b9832,002","Robert Bosch":"Avg. Salary: \u20b9778,000","related_job_component":["Mechanical Engineer","Civil Engineer","Design Engineer","Project Manager, (Unspecified Type \/ General)","Electrical Engineer","Operations Manager","Project Engineer","Data Analyst","Business Analyst, IT"],"Mechanical Engineer":"Avg. Salary \u20b9152k \u2014 \u20b9983k","Civil Engineer":"Avg. Salary \u20b9154k \u2014 \u20b9771k","Design Engineer":"Avg. Salary \u20b9174k \u2014 \u20b9927k","Project Manager, (Unspecified Type \/ General)":"Avg. Salary \u20b9456k \u2014 \u20b92m","Electrical Engineer":"Avg. Salary \u20b9174k \u2014 \u20b9995k","Operations Manager":"Avg. Salary \u20b9297k \u2014 \u20b92m","Project Engineer":"Avg. Salary \u20b9198k \u2014 \u20b9849k","Data Analyst":"Avg. Salary \u20b9201k \u2014 \u20b9959k","Business Analyst, IT":"Avg. Salary \u20b9275k \u2014 \u20b91m"}}