{"0":{"job_title":"Product_Support_Engineer","avg_salary":"\u20b9463,462","salary_component":["Base Salary","Bonus","Profit Sharing","Total Pay"],"Base Salary":"\u20b9243k - \u20b9867k","Bonus":"\u20b910k - \u20b9102k","Profit Sharing":"\u20b90 - \u20b950k","Total Pay":"\u20b9245k - \u20b9892k","pay_by_experience_percent":["Entry Level","Early Career","Mid Career"],"Entry Level":"-24%","Early Career":"-8%","Mid Career":"62%","pay_by_experience_years":["1","1-4"],"1":"\u20b9353,779","1-4":"\u20b9427,438","gender_component":["Male","Female"],"Male":"82.0","Female":"18.0","health_benefits_componentt":["Medical","Dental","Vision","None"],"Medical":"75","Dental":"11","Vision":"10","None":"25","popular_skills_component":["Product Support","Troubleshooting","SQL","Technical Analysis","Oral \/ Verbal Communication"],"Product Support":"2%","Troubleshooting":"6%","SQL":"\u20b9408,639","Technical Analysis":"24%","Oral \/ Verbal Communication":"9%","affect_skills_component":["Customer Service","Project Management","Technical Analysis","Linux","Oral \/ Verbal Communication","Systems Troubleshooting","Troubleshooting","Product Support","Java"],"Customer Service":"35%","Project Management":"25%","Linux":"17%","Systems Troubleshooting":"8%","Java":"2%","career_path_component":["Salesforce Consultant","Technical Support Engineer","Project Manager, (Unspecified Type \/ Gen..."],"location_component":["Bangalore, Karnataka","Hyderabad, Andhra Pradesh","Pune, Maharashtra","Chennai, Tamil Nadu","Mumbai, Maharashtra","Noida, Uttar Pradesh","Gurgaon, Haryana"],"Bangalore, Karnataka":"7%","Hyderabad, Andhra Pradesh":"-16%","Pune, Maharashtra":"6%","Chennai, Tamil Nadu":"-25%","Mumbai, Maharashtra":"-7%","Noida, Uttar Pradesh":"17%","Gurgaon, Haryana":"22%","employers_component":["HCL Technologies Ltd."],"HCL Technologies Ltd.":"Avg. Salary: \u20b9315,000","related_job_component":["Software Engineer","Senior Software Engineer","Software Developer","Project Manager, (Unspecified Type \/ General)","Sr. Software Engineer \/ Developer \/ Programmer","Technical Consultant","Team Leader, IT","Information Technology (IT) Consultant","Technical Support Engineer"],"Software Engineer":"Avg. Salary \u20b9262k \u2014 \u20b91m","Senior Software Engineer":"Avg. Salary \u20b9493k \u2014 \u20b92m","Software Developer":"Avg. Salary \u20b9214k \u2014 \u20b91m","Project Manager, (Unspecified Type \/ General)":"Avg. Salary \u20b9456k \u2014 \u20b92m","Sr. Software Engineer \/ Developer \/ Programmer":"Avg. Salary \u20b9432k \u2014 \u20b92m","Technical Consultant":"Avg. Salary \u20b9312k \u2014 \u20b92m","Team Leader, IT":"Avg. Salary \u20b9584k \u2014 \u20b92m","Information Technology (IT) Consultant":"Avg. Salary \u20b9391k \u2014 \u20b92m","Technical Support Engineer":"Avg. Salary \u20b9174k \u2014 \u20b9883k"}}