{"0":{"job_title":"Production_Engineer","avg_salary":"\u20b9298,956","salary_component":["Base Salary","Bonus","Profit Sharing","Commission","Total Pay"],"Base Salary":"\u20b9150k - \u20b9604k","Bonus":"\u20b95k - \u20b972k","Profit Sharing":"\u20b9400 - \u20b9198k","Commission":"\u20b90 - \u20b918k","Total Pay":"\u20b9155k - \u20b9661k","pay_by_experience_percent":["Entry Level","Early Career","Mid Career","Late Career","Experienced"],"Entry Level":"-33%","Early Career":"-10%","Mid Career":"38%","Late Career":"66%","Experienced":"65%","pay_by_experience_years":["1","1-4"],"1":"\u20b9201,118","1-4":"\u20b9268,223","gender_component":["Male","Female"],"Male":"96.9","Female":"3.1","health_benefits_componentt":["Medical","Dental","Vision","None"],"Medical":"62","Dental":"5","Vision":"6","None":"37","popular_skills_component":["Production Management","Manufacturing Process Engineering","Production Support","Process Improvement","Lean Manufacturing"],"Production Management":"1%","Manufacturing Process Engineering":"\u20b9291,508","Production Support":"\u20b9301,002","Process Improvement":"3%","Lean Manufacturing":"16%","affect_skills_component":["Chemical Process Engineering","Operations Management","Project Management","Autodesk AutoCAD","People Management","Lean Manufacturing","Materials Requirement Planning (MRP)","Well Production Engineering","Process Improvement","Production Management"],"Chemical Process Engineering":"76%","Operations Management":"53%","Project Management":"26%","Autodesk AutoCAD":"20%","People Management":"19%","Materials Requirement Planning (MRP)":"14%","Well Production Engineering":"13%","career_path_component":["Production Manager, Manufacturing","Mechanical Engineer","Assistant Production Manager"],"location_component":["Pune, Maharashtra","Chennai, Tamil Nadu","Bangalore, Karnataka","Mumbai, Maharashtra","Ahmedabad, Gujarat","Hyderabad, Andhra Pradesh","Gurgaon, Haryana","Coimbatore, Tamil Nadu","New Delhi, Delhi","Noida, Uttar Pradesh"],"Pune, Maharashtra":"%","Chennai, Tamil Nadu":"-7%","Bangalore, Karnataka":"20%","Mumbai, Maharashtra":"-3%","Ahmedabad, Gujarat":"1%","Hyderabad, Andhra Pradesh":"-20%","Gurgaon, Haryana":"12%","Coimbatore, Tamil Nadu":"-6%","New Delhi, Delhi":"-8%","Noida, Uttar Pradesh":"-4%","employers_component":["JBM Group","Samsung Electronics Ltd.","MRF","Maruti Suzuki","Visaka Industries Limited","KEC International Ltd"],"JBM Group":"Avg. Salary: \u20b9318,000","Samsung Electronics Ltd.":"Avg. Salary: \u20b9504,951","MRF":"Avg. Salary: \u20b9428,808","Maruti Suzuki":"Avg. Salary: \u20b9437,500","Visaka Industries Limited":"Avg. Salary: \u20b9469,050","KEC International Ltd":"Avg. Salary: \u20b9379,737","related_job_component":["Mechanical Engineer","Operations Manager","Civil Engineer","Design Engineer","Project Manager, (Unspecified Type \/ General)","Operations Team Leader","Electrical Engineer","Project Engineer","Mechanical Design Engineer"],"Mechanical Engineer":"Avg. Salary \u20b9152k \u2014 \u20b9983k","Operations Manager":"Avg. Salary \u20b9297k \u2014 \u20b92m","Civil Engineer":"Avg. Salary \u20b9154k \u2014 \u20b9771k","Design Engineer":"Avg. Salary \u20b9174k \u2014 \u20b9927k","Project Manager, (Unspecified Type \/ General)":"Avg. Salary \u20b9456k \u2014 \u20b92m","Operations Team Leader":"Avg. Salary \u20b9242k \u2014 \u20b9948k","Electrical Engineer":"Avg. Salary \u20b9174k \u2014 \u20b9995k","Project Engineer":"Avg. Salary \u20b9198k \u2014 \u20b9849k","Mechanical Design Engineer":"Avg. Salary \u20b9160k \u2014 \u20b9820k"}}