{"0":{"job_title":"Program_Manager%2C_Engineering","avg_salary":"\u20b91,876,321","salary_component":["Base Salary","Bonus","Profit Sharing","Total Pay"],"Base Salary":"\u20b9511k - \u20b93m","Bonus":"\u20b952k - \u20b9502k","Profit Sharing":"\u20b950k - \u20b9295k","Total Pay":"\u20b9717k - \u20b94m","pay_by_experience_percent":["Early Career","Mid Career","Late Career","Experienced"],"Early Career":"-52%","Mid Career":"-31%","Late Career":"13%","Experienced":"73%","pay_by_experience_years":["1-4","5-9"],"1-4":"\u20b9896,313","5-9":"\u20b91,288,170","gender_component":["Male","Female","Prefer to self-define"],"Male":"90.2","Female":"8.7","Prefer to self-define":"1.1","health_benefits_componentt":["Medical","Dental","Vision","None"],"Medical":"85","Dental":"15","Vision":"15","None":"15","popular_skills_component":["Program Management","Project Management","Team Leadership","Product Development","Budget Management"],"Program Management":"\u20b91,831,963","Project Management":"3%","Team Leadership":"\u20b91,800,000","Product Development":"\u20b91,833,908","Budget Management":"\u20b91,825,499","affect_skills_component":["People Management","Engineering Design","Project Management"],"People Management":"17%","Engineering Design":"12%","career_path_component":["Sr. Program Manager, Software Applicatio...","Director of Engineering"],"location_component":["Bangalore, Karnataka","Pune, Maharashtra","Chennai, Tamil Nadu","Hyderabad, Andhra Pradesh","Mumbai, Maharashtra"],"Bangalore, Karnataka":"16%","Pune, Maharashtra":"-18%","Chennai, Tamil Nadu":"-51%","Hyderabad, Andhra Pradesh":"1%","Mumbai, Maharashtra":"-18%","employers_component":["Cisco Systems Inc","TE Connectivity, Ltd."],"Cisco Systems Inc":"Avg. Salary: \u20b92,246,496","TE Connectivity, Ltd.":"Avg. Salary: \u20b91,760,282","related_job_component":["Project Manager, (Unspecified Type \/ General)","Operations Manager","Civil Engineer","Mechanical Engineer","Design Engineer","Operations Team Leader","Project Engineer","Project Manager, Information Technology (IT)","Service Delivery Manager"],"Project Manager, (Unspecified Type \/ General)":"Avg. Salary \u20b9458k \u2014 \u20b92m","Operations Manager":"Avg. Salary \u20b9297k \u2014 \u20b92m","Civil Engineer":"Avg. Salary \u20b9154k \u2014 \u20b9771k","Mechanical Engineer":"Avg. Salary \u20b9152k \u2014 \u20b9983k","Design Engineer":"Avg. Salary \u20b9174k \u2014 \u20b9927k","Operations Team Leader":"Avg. Salary \u20b9242k \u2014 \u20b9948k","Project Engineer":"Avg. Salary \u20b9198k \u2014 \u20b9849k","Project Manager, Information Technology (IT)":"Avg. Salary \u20b9533k \u2014 \u20b92m","Service Delivery Manager":"Avg. Salary \u20b9399k \u2014 \u20b93m"}}