{"0":{"job_title":"Project_Engineer%2C_Construction","avg_salary":"\u20b9507,307","salary_component":["Base Salary","Bonus","Profit Sharing","Commission","Total Pay"],"Base Salary":"\u20b9206k - \u20b9887k","Bonus":"\u20b96k - \u20b9200k","Profit Sharing":"\u20b918 - \u20b9352k","Commission":"\u20b90 - \u20b94k","Total Pay":"\u20b9246k - \u20b9999k","pay_by_experience_percent":["Entry Level","Early Career","Mid Career","Late Career","Experienced"],"Entry Level":"-52%","Early Career":"-23%","Mid Career":"1%","Late Career":"28%","Experienced":"28%","pay_by_experience_years":["1"],"1":"\u20b9244,168","gender_component":["Male","Female"],"Male":"98.3","Female":"1.7","health_benefits_componentt":["Medical","Dental","Vision","None"],"Medical":"59","Dental":"9","Vision":"9","None":"41","popular_skills_component":["Project Management","Microsoft Excel","Microsoft Office","Construction Estimating","Autodesk AutoCAD"],"Project Management":"14%","Microsoft Excel":"1%","Microsoft Office":"\u20b9378,991","Construction Estimating":"\u20b9431,218","Autodesk AutoCAD":"2%","affect_skills_component":["Project Coordinating","Primavera P6","Project Management","Microsoft Word","Autodesk AutoCAD","Microsoft Excel"],"Project Coordinating":"20%","Primavera P6":"18%","Microsoft Word":"12%","career_path_component":["Civil Engineer","Project Manager, Construction","Project Engineer"],"location_component":["Mumbai, Maharashtra","Bangalore, Karnataka","Chennai, Tamil Nadu","Pune, Maharashtra","Kolkata, West Bengal","Hyderabad, Andhra Pradesh","Delhi, Delhi","New Delhi, Delhi","Gurgaon, Haryana","Jaipur, Rajasthan"],"Mumbai, Maharashtra":"18%","Bangalore, Karnataka":"7%","Chennai, Tamil Nadu":"-2%","Pune, Maharashtra":"14%","Kolkata, West Bengal":"23%","Hyderabad, Andhra Pradesh":"-3%","Delhi, Delhi":"16%","New Delhi, Delhi":"-8%","Gurgaon, Haryana":"2%","Jaipur, Rajasthan":"-36%","employers_component":[],"related_job_component":["Civil Engineer","Mechanical Engineer","Project Manager, (Unspecified Type \/ General)","Project Engineer","Electrical Engineer","Design Engineer","Project Manager, Construction","Project Manager, Information Technology (IT)","Business Analyst, IT"],"Civil Engineer":"Avg. Salary \u20b9154k \u2014 \u20b9771k","Mechanical Engineer":"Avg. Salary \u20b9152k \u2014 \u20b9983k","Project Manager, (Unspecified Type \/ General)":"Avg. Salary \u20b9458k \u2014 \u20b92m","Project Engineer":"Avg. Salary \u20b9198k \u2014 \u20b9843k","Electrical Engineer":"Avg. Salary \u20b9174k \u2014 \u20b9995k","Design Engineer":"Avg. Salary \u20b9174k \u2014 \u20b9926k","Project Manager, Construction":"Avg. Salary \u20b9392k \u2014 \u20b92m","Project Manager, Information Technology (IT)":"Avg. Salary \u20b9540k \u2014 \u20b92m","Business Analyst, IT":"Avg. Salary \u20b9275k \u2014 \u20b91m"}}