{"0":{"job_title":"Project_Engineer","avg_salary":"\u20b9383,933","salary_component":["Base Salary","Bonus","Profit Sharing","Commission","Total Pay"],"Base Salary":"\u20b9198k - \u20b9849k","Bonus":"\u20b96k - \u20b9104k","Profit Sharing":"\u20b92k - \u20b9203k","Commission":"\u20b95k - \u20b9511k","Total Pay":"\u20b9203k - \u20b9922k","pay_by_experience_percent":["Entry Level","Early Career","Mid Career","Late Career","Experienced"],"Entry Level":"-19%","Early Career":"-10%","Mid Career":"37%","Late Career":"106%","Experienced":"141%","pay_by_experience_years":["1","1-4"],"1":"\u20b9309,421","1-4":"\u20b9345,389","gender_component":["Male","Female","Prefer to self-define"],"Male":"90.9","Female":"8.9","Prefer to self-define":"0.2","health_benefits_componentt":["Medical","Dental","Vision","None"],"Medical":"68","Dental":"11","Vision":"13","None":"32","popular_skills_component":["Project Management","Project Coordinating","Engineering Design","Microsoft Office","Autodesk AutoCAD"],"Project Management":"\u20b9405,875","Project Coordinating":"\u20b9396,460","Engineering Design":"\u20b9411,694","Microsoft Office":"\u20b9371,355","Autodesk AutoCAD":"\u20b9362,637","affect_skills_component":["Billing","Bentley STAAD","Computer Aided Design (CAD)","Cisco Networking","CATIA","Node.js","Instrument Control","SolidWorks","Strategic Planning","Autodesk AutoCAD Mechanical"],"Billing":"134%","Bentley STAAD":"114%","Computer Aided Design (CAD)":"94%","Cisco Networking":"81%","CATIA":"59%","Node.js":"48%","Instrument Control":"43%","SolidWorks":"41%","Strategic Planning":"41%","Autodesk AutoCAD Mechanical":"41%","career_path_component":["Senior Project Engineer","Project Manager, (Unspecified Type \/ Gen...","Senior Software Engineer"],"location_component":["Bangalore, Karnataka","Pune, Maharashtra","Mumbai, Maharashtra","Chennai, Tamil Nadu","Hyderabad, Andhra Pradesh","New Delhi, Delhi","Ahmedabad, Gujarat","Kolkata, West Bengal","Delhi, Delhi","Gurgaon, Haryana"],"Bangalore, Karnataka":"%","Pune, Maharashtra":"4%","Mumbai, Maharashtra":"5%","Chennai, Tamil Nadu":"5%","Hyderabad, Andhra Pradesh":"-1%","New Delhi, Delhi":"-8%","Ahmedabad, Gujarat":"-14%","Kolkata, West Bengal":"-8%","Delhi, Delhi":"4%","Gurgaon, Haryana":"13%","employers_component":["Wipro Technologies Ltd.","Wipro","ABB India","Atlas Copco","Honeywell Automation India Limited","Larsen & Toubro Limited","ABB Ltd.","Jio","Larsen and Toubro Ltd.","Siemens Ltd"],"Wipro Technologies Ltd.":"Avg. Salary: \u20b9362,425","Wipro":"Avg. Salary: \u20b9347,099","ABB India":"Avg. Salary: \u20b9852,500","Atlas Copco":"Avg. Salary: \u20b9799,356","Honeywell Automation India Limited":"Avg. Salary: \u20b9509,804","Larsen & Toubro Limited":"Avg. Salary: \u20b9647,683","ABB Ltd.":"Avg. Salary: \u20b9920,000","Jio":"Avg. Salary: \u20b9393,054","Larsen and Toubro Ltd.":"Avg. Salary: \u20b9709,879","Siemens Ltd":"Avg. Salary: \u20b9449,000","related_job_component":["Software Engineer","Senior Software Engineer","Software Developer","Sr. Software Engineer \/ Developer \/ Programmer","Mechanical Engineer","Civil Engineer","Design Engineer","Team Leader, IT","Information Technology (IT) Consultant"],"Software Engineer":"Avg. Salary \u20b9262k \u2014 \u20b91m","Senior Software Engineer":"Avg. Salary \u20b9493k \u2014 \u20b92m","Software Developer":"Avg. Salary \u20b9214k \u2014 \u20b91m","Sr. Software Engineer \/ Developer \/ Programmer":"Avg. Salary \u20b9432k \u2014 \u20b92m","Mechanical Engineer":"Avg. Salary \u20b9152k \u2014 \u20b9983k","Civil Engineer":"Avg. Salary \u20b9154k \u2014 \u20b9771k","Design Engineer":"Avg. Salary \u20b9174k \u2014 \u20b9927k","Team Leader, IT":"Avg. Salary \u20b9584k \u2014 \u20b92m","Information Technology (IT) Consultant":"Avg. Salary \u20b9391k \u2014 \u20b92m"}}