{"0":{"job_title":"Project_Manager%2C_Engineering","avg_salary":"\u20b91,230,561","salary_component":["Base Salary","Bonus","Profit Sharing","Total Pay"],"Base Salary":"\u20b9359k - \u20b93m","Bonus":"\u20b910k - \u20b9357k","Profit Sharing":"\u20b95k - \u20b9515k","Total Pay":"\u20b9377k - \u20b93m","pay_by_experience_percent":["Entry Level","Early Career","Mid Career","Late Career","Experienced"],"Entry Level":"-68%","Early Career":"-63%","Mid Career":"-26%","Late Career":"20%","Experienced":"43%","pay_by_experience_years":["1"],"1":"\u20b9393,054","gender_component":["Male","Female"],"Male":"95.9","Female":"4.1","health_benefits_componentt":["Medical","Dental","Vision","None"],"Medical":"82","Dental":"11","Vision":"11","None":"18","popular_skills_component":["Project Management","Engineering Design","Microsoft Office","Microsoft Project","Project Coordinating"],"Project Management":"\u20b91,267,386","Engineering Design":"12%","Microsoft Office":"\u20b91,255,968","Microsoft Project":"\u20b91,164,248","Project Coordinating":"\u20b91,199,990","affect_skills_component":["Java\/J2EE","Systems Engineering","Computer Aided Design (CAD)","People Management","Embedded \/ Real-Time \/ RTOS","Product Development","Engineering Design","CATIA","Computer Aided Engineering (CAE)","Strategic Project Management"],"Java\/J2EE":"73%","Systems Engineering":"54%","Computer Aided Design (CAD)":"36%","People Management":"33%","Embedded \/ Real-Time \/ RTOS":"24%","Product Development":"14%","CATIA":"11%","Computer Aided Engineering (CAE)":"8%","Strategic Project Management":"4%","career_path_component":["Senior Project Manager, Engineering","Project Manager, (Unspecified Type \/ Gen...","Program Manager, Engineering"],"location_component":["Bangalore, Karnataka","Pune, Maharashtra","Chennai, Tamil Nadu","Mumbai, Maharashtra","Gurgaon, Haryana","Hyderabad, Andhra Pradesh","New Delhi, Delhi","Ahmedabad, Gujarat","Kolkata, West Bengal","Delhi, Delhi"],"Bangalore, Karnataka":"11%","Pune, Maharashtra":"13%","Chennai, Tamil Nadu":"-1%","Mumbai, Maharashtra":"-2%","Gurgaon, Haryana":"15%","Hyderabad, Andhra Pradesh":"6%","New Delhi, Delhi":"8%","Ahmedabad, Gujarat":"-27%","Kolkata, West Bengal":"-33%","Delhi, Delhi":"-34%","employers_component":["Cyient","Volvo India Pvt Ltd","Atlas Copco","Autoliv Inc.","Aricent Inc","Maruti Suzuki","Renault Nissan","Textron, Inc.","Robert Bosch Engineering and Business Solutions Limited","TE Connectivity, Ltd."],"Cyient":"Avg. Salary: \u20b91,301,878","Volvo India Pvt Ltd":"Avg. Salary: \u20b91,470,968","Atlas Copco":"Avg. Salary: \u20b91,250,000","Autoliv Inc.":"Avg. Salary: \u20b91,631,892","Aricent Inc":"Avg. Salary: \u20b91,700,000","Maruti Suzuki":"Avg. Salary: \u20b91,500,000","Renault Nissan":"Avg. Salary: \u20b91,137,255","Textron, Inc.":"Avg. Salary: \u20b91,835,722","Robert Bosch Engineering and Business Solutions Limited":"Avg. Salary: \u20b91,300,000","TE Connectivity, Ltd.":"Avg. Salary: \u20b9687,845","related_job_component":["Mechanical Engineer","Civil Engineer","Project Manager, (Unspecified Type \/ General)","Design Engineer","Project Engineer","Operations Manager","Electrical Engineer","Project Manager, Information Technology (IT)","Senior Mechanical Engineer"],"Mechanical Engineer":"Avg. Salary \u20b9152k \u2014 \u20b9983k","Civil Engineer":"Avg. Salary \u20b9154k \u2014 \u20b9771k","Project Manager, (Unspecified Type \/ General)":"Avg. Salary \u20b9458k \u2014 \u20b92m","Design Engineer":"Avg. Salary \u20b9174k \u2014 \u20b9927k","Project Engineer":"Avg. Salary \u20b9198k \u2014 \u20b9849k","Operations Manager":"Avg. Salary \u20b9297k \u2014 \u20b92m","Electrical Engineer":"Avg. Salary \u20b9174k \u2014 \u20b9995k","Project Manager, Information Technology (IT)":"Avg. Salary \u20b9533k \u2014 \u20b92m","Senior Mechanical Engineer":"Avg. Salary \u20b9307k \u2014 \u20b91m"}}