{"0":{"job_title":"Quality_Control_(QC)_Technician","avg_salary":"\u20b9221,033","salary_component":["Base Salary","Bonus","Profit Sharing","Total Pay"],"Base Salary":"\u20b9130k - \u20b9515k","Bonus":"\u20b92k - \u20b960k","Profit Sharing":"\u20b916 - \u20b9236k","Total Pay":"\u20b9131k - \u20b9710k","pay_by_experience_percent":["Entry Level","Early Career","Mid Career","Late Career"],"Entry Level":"-12%","Early Career":"-9%","Mid Career":"72%","Late Career":"57%","pay_by_experience_years":["1"],"1":"\u20b9194,977","gender_component":["Male","Female"],"Male":"81.5","Female":"18.5","health_benefits_componentt":["Medical","Dental","Vision","None"],"Medical":"60","Dental":"3","Vision":"6","None":"37","popular_skills_component":["Quality Assurance \/ Quality Control","Quality Control (QC)","Technical Analysis","Microsoft Excel","Microsoft Office"],"Quality Assurance \/ Quality Control":"\u20b9203,198","Quality Control (QC)":"\u20b9202,396","Technical Analysis":"1%","Microsoft Excel":"\u20b9186,408","Microsoft Office":"4%","affect_skills_component":["Microsoft Office","Technical Analysis"],"career_path_component":["Quality Assurance (QA) \/ Quality Control...","Quality Assurance (QA) \/ Quality Control...","Business Development Executive"],"location_component":["Hyderabad, Andhra Pradesh","Mumbai, Maharashtra","Chennai, Tamil Nadu","Bangalore, Karnataka","Kolkata, West Bengal","Pune, Maharashtra","Ahmedabad, Gujarat"],"Hyderabad, Andhra Pradesh":"%","Mumbai, Maharashtra":"-31%","Chennai, Tamil Nadu":"-9%","Bangalore, Karnataka":"-32%","Kolkata, West Bengal":"-19%","Pune, Maharashtra":"-9%","Ahmedabad, Gujarat":"13%","employers_component":[],"related_job_component":["Data Analyst","Mechanical Engineer","Civil Engineer","Accountant","Financial Analyst","Business Analyst, IT","Quality Assurance (QA) \/ Quality Control (QC) Engineer","Quality Assurance (QA) \/ Quality Control (QC) Inspector","Senior Business Analyst"],"Data Analyst":"Avg. Salary \u20b9201k \u2014 \u20b9959k","Mechanical Engineer":"Avg. Salary \u20b9152k \u2014 \u20b9983k","Civil Engineer":"Avg. Salary \u20b9154k \u2014 \u20b9771k","Accountant":"Avg. Salary \u20b9123k \u2014 \u20b9507k","Financial Analyst":"Avg. Salary \u20b9220k \u2014 \u20b9994k","Business Analyst, IT":"Avg. Salary \u20b9275k \u2014 \u20b91m","Quality Assurance (QA) \/ Quality Control (QC) Engineer":"Avg. Salary \u20b9146k \u2014 \u20b9616k","Quality Assurance (QA) \/ Quality Control (QC) Inspector":"Avg. Salary \u20b9123k \u2014 \u20b9690k","Senior Business Analyst":"Avg. Salary \u20b9447k \u2014 \u20b92m"}}