{"0":{"job_title":"Quality_Assurance_(QA)_%2F_Quality_Control_(QC)_Engineer","avg_salary":"\u20b9294,085","salary_component":["Base Salary","Bonus","Profit Sharing","Commission","Total Pay"],"Base Salary":"\u20b9146k - \u20b9616k","Bonus":"\u20b93k - \u20b980k","Profit Sharing":"\u20b910 - \u20b9196k","Commission":"\u20b90 - \u20b963k","Total Pay":"\u20b9148k - \u20b9696k","pay_by_experience_percent":["Entry Level","Early Career","Mid Career","Late Career","Experienced"],"Entry Level":"-38%","Early Career":"-16%","Mid Career":"40%","Late Career":"120%","Experienced":"104%","pay_by_experience_years":["1"],"1":"\u20b9183,242","gender_component":["Male","Female"],"Male":"94.3","Female":"5.7","health_benefits_componentt":["Medical","Dental","Vision","None"],"Medical":"57","Dental":"4","Vision":"5","None":"42","popular_skills_component":["Quality Assurance \/ Quality Control","Microsoft Office","Microsoft Excel","Quality Improvement \/ QA","Microsoft Word"],"Quality Assurance \/ Quality Control":"\u20b9287,196","Microsoft Office":"\u20b9288,263","Microsoft Excel":"\u20b9262,833","Quality Improvement \/ QA":"\u20b9256,982","Microsoft Word":"2%","affect_skills_component":["Manufacturing Process Engineering","Construction Site Inspection","Quality Control (QC)","Lean Manufacturing","Internal Audit","Windows Operating System General Use","Total Quality Management (TQM)","Six Sigma Green Belt","Microsoft Word","Autodesk AutoCAD"],"Manufacturing Process Engineering":"36%","Construction Site Inspection":"35%","Quality Control (QC)":"22%","Lean Manufacturing":"20%","Internal Audit":"13%","Windows Operating System General Use":"10%","Total Quality Management (TQM)":"10%","Six Sigma Green Belt":"5%","Autodesk AutoCAD":"2%","career_path_component":["Quality Manager","Quality Assurance (QA) Engineer","Senior Quality Assurance (QA) \/ Test Aut..."],"location_component":["Pune, Maharashtra","Chennai, Tamil Nadu","Bangalore, Karnataka","Mumbai, Maharashtra","Hyderabad, Andhra Pradesh","Ahmedabad, Gujarat","Coimbatore, Tamil Nadu","Gurgaon, Haryana","New Delhi, Delhi","Kolkata, West Bengal"],"Pune, Maharashtra":"-1%","Chennai, Tamil Nadu":"-8%","Bangalore, Karnataka":"17%","Mumbai, Maharashtra":"5%","Hyderabad, Andhra Pradesh":"19%","Ahmedabad, Gujarat":"-15%","Coimbatore, Tamil Nadu":"-38%","Gurgaon, Haryana":"2%","New Delhi, Delhi":"2%","Kolkata, West Bengal":"18%","employers_component":["Larsen & Toubro Limited","Nokia Siemens Networks","Larsen and Toubro Ltd."],"Larsen & Toubro Limited":"Avg. Salary: \u20b9581,271","Nokia Siemens Networks":"Avg. Salary: \u20b9758,478","Larsen and Toubro Ltd.":"Avg. Salary: \u20b9610,000","related_job_component":["Civil Engineer","Mechanical Engineer","Data Analyst","Operations Manager","Electrical Engineer","Project Manager, (Unspecified Type \/ General)","Design Engineer","Business Analyst, IT","Project Engineer"],"Civil Engineer":"Avg. Salary \u20b9154k \u2014 \u20b9771k","Mechanical Engineer":"Avg. Salary \u20b9152k \u2014 \u20b9983k","Data Analyst":"Avg. Salary \u20b9201k \u2014 \u20b9959k","Operations Manager":"Avg. Salary \u20b9297k \u2014 \u20b92m","Electrical Engineer":"Avg. Salary \u20b9174k \u2014 \u20b9995k","Project Manager, (Unspecified Type \/ General)":"Avg. Salary \u20b9456k \u2014 \u20b92m","Design Engineer":"Avg. Salary \u20b9174k \u2014 \u20b9927k","Business Analyst, IT":"Avg. Salary \u20b9275k \u2014 \u20b91m","Project Engineer":"Avg. Salary \u20b9198k \u2014 \u20b9849k"}}