{"0":{"job_title":"Radio_Frequency_(RF)_Engineer","avg_salary":"\u20b9303,428","salary_component":["Base Salary","Bonus","Profit Sharing","Total Pay"],"Base Salary":"\u20b9179k - \u20b9822k","Bonus":"\u20b92k - \u20b9207k","Profit Sharing":"\u20b963 - \u20b9679k","Total Pay":"\u20b9181k - \u20b9901k","pay_by_experience_percent":["Entry Level","Early Career","Mid Career","Late Career"],"Entry Level":"-32%","Early Career":"-5%","Mid Career":"52%","Late Career":"226%","pay_by_experience_years":["1"],"1":"\u20b9205,243","gender_component":["Male","Female"],"Male":"95.8","Female":"4.2","health_benefits_componentt":["Medical","Dental","Vision","None"],"Medical":"62","Dental":"9","Vision":"9","None":"37","popular_skills_component":["Telecommunications","Test Engineering","Microsoft Excel","Wireless","Microsoft Office"],"Telecommunications":"6%","Test Engineering":"\u20b9292,176","Microsoft Excel":"13%","Wireless":"16%","Microsoft Office":"\u20b9303,391","affect_skills_component":["Engineering Design","Satellite, Microwave Technology","Simulation","Radio Access Network (RAN)","Wireless Data Communications","Wireless","Microsoft Excel","Windows Operating System General Use","Microsoft Word","Telecommunications"],"Engineering Design":"77%","Satellite, Microwave Technology":"48%","Simulation":"34%","Radio Access Network (RAN)":"32%","Wireless Data Communications":"19%","Windows Operating System General Use":"13%","Microsoft Word":"7%","career_path_component":["Product Manager, (Unspecified Type)","Technical Project Manager","Radio Frequency (RF) Optimization Engine..."],"location_component":["Bangalore, Karnataka","Mumbai, Maharashtra","Chennai, Tamil Nadu","Hyderabad, Andhra Pradesh","Ahmedabad, Gujarat","Pune, Maharashtra","Kolkata, West Bengal","Gurgaon, Haryana","New Delhi, Delhi","Delhi, Delhi"],"Bangalore, Karnataka":"40%","Mumbai, Maharashtra":"-1%","Chennai, Tamil Nadu":"-3%","Hyderabad, Andhra Pradesh":"-8%","Ahmedabad, Gujarat":"-5%","Pune, Maharashtra":"-25%","Kolkata, West Bengal":"43%","Gurgaon, Haryana":"74%","New Delhi, Delhi":"-18%","Delhi, Delhi":"-10%","employers_component":["Jio","Nokia Siemens Networks","Pyro Group","Ericsson Inc.","ETS-Lindgren","Reliance Communications"],"Jio":"Avg. Salary: \u20b9355,150","Nokia Siemens Networks":"Avg. Salary: \u20b91,450,000","Pyro Group":"Avg. Salary: \u20b9257,871","Ericsson Inc.":"Avg. Salary: \u20b9550,000","ETS-Lindgren":"Avg. Salary: \u20b91,200,000","Reliance Communications":"Avg. Salary: \u20b9375,000","related_job_component":["Mechanical Engineer","Civil Engineer","Design Engineer","Electrical Engineer","Project Engineer","Data Analyst","Project Manager, (Unspecified Type \/ General)","Accountant","Network Engineer"],"Mechanical Engineer":"Avg. Salary \u20b9152k \u2014 \u20b9983k","Civil Engineer":"Avg. Salary \u20b9154k \u2014 \u20b9771k","Design Engineer":"Avg. Salary \u20b9174k \u2014 \u20b9927k","Electrical Engineer":"Avg. Salary \u20b9174k \u2014 \u20b9995k","Project Engineer":"Avg. Salary \u20b9198k \u2014 \u20b9849k","Data Analyst":"Avg. Salary \u20b9201k \u2014 \u20b9959k","Project Manager, (Unspecified Type \/ General)":"Avg. Salary \u20b9456k \u2014 \u20b92m","Accountant":"Avg. Salary \u20b9123k \u2014 \u20b9507k","Network Engineer":"Avg. Salary \u20b9164k \u2014 \u20b9808k"}}