{"0":{"job_title":"Research_Engineer","avg_salary":"\u20b9702,173","salary_component":["Base Salary","Bonus","Profit Sharing","Total Pay"],"Base Salary":"\u20b9351k - \u20b92m","Bonus":"\u20b910k - \u20b9388k","Profit Sharing":"\u20b90 - \u20b9254k","Total Pay":"\u20b9352k - \u20b92m","pay_by_experience_percent":["Entry Level","Early Career","Mid Career","Late Career"],"Entry Level":"-26%","Early Career":"-11%","Mid Career":"86%","Late Career":"49%","pay_by_experience_years":["1","1-4"],"1":"\u20b9520,719","1-4":"\u20b9625,931","gender_component":["Male","Female"],"Male":"84.8","Female":"15.2","health_benefits_componentt":["Medical","Dental","Vision","None"],"Medical":"71","Dental":"10","Vision":"10","None":"29","popular_skills_component":["Research Analysis","Product Development","Engineering Design","Machine Learning","C Programming Language"],"Research Analysis":"1%","Product Development":"\u20b9614,451","Engineering Design":"\u20b9582,844","Machine Learning":"2%","C Programming Language":"\u20b9524,210","affect_skills_component":["Software Development","Data Analysis","Python","Matlab","Machine Learning","Research Analysis"],"Software Development":"57%","Data Analysis":"50%","Python":"40%","Matlab":"3%","career_path_component":["Technical Specialist","Data Scientist"],"location_component":["Bangalore, Karnataka","Chennai, Tamil Nadu","Hyderabad, Andhra Pradesh","Pune, Maharashtra","Mumbai, Maharashtra","New Delhi, Delhi","Delhi, Delhi","Gurgaon, Haryana"],"Bangalore, Karnataka":"49%","Chennai, Tamil Nadu":"%","Hyderabad, Andhra Pradesh":"-24%","Pune, Maharashtra":"21%","Mumbai, Maharashtra":"-1%","New Delhi, Delhi":"-29%","Delhi, Delhi":"-43%","Gurgaon, Haryana":"-4%","employers_component":["Saint Gobain Glass India","Hyundai Motor India Ltd"],"Saint Gobain Glass India":"Avg. Salary: \u20b9823,999","Hyundai Motor India Ltd":"Avg. Salary: \u20b9475,788","related_job_component":["Design Engineer","Software Engineer","Mechanical Engineer","Data Scientist","Senior Software Engineer","Data Analyst","Mechanical Design Engineer","Senior Mechanical Design Engineer","Software Developer"],"Design Engineer":"Avg. Salary \u20b9174k \u2014 \u20b9926k","Software Engineer":"Avg. Salary \u20b9263k \u2014 \u20b91m","Mechanical Engineer":"Avg. Salary \u20b9152k \u2014 \u20b9983k","Data Scientist":"Avg. Salary \u20b9344k \u2014 \u20b92m","Senior Software Engineer":"Avg. Salary \u20b9493k \u2014 \u20b92m","Data Analyst":"Avg. Salary \u20b9201k \u2014 \u20b9960k","Mechanical Design Engineer":"Avg. Salary \u20b9160k \u2014 \u20b9822k","Senior Mechanical Design Engineer":"Avg. Salary \u20b9363k \u2014 \u20b91m","Software Developer":"Avg. Salary \u20b9214k \u2014 \u20b91m"}}