{"0":{"job_title":"Research_and_Development_Engineer","avg_salary":"\u20b9537,459","salary_component":["Base Salary","Bonus","Profit Sharing","Commission","Total Pay"],"Base Salary":"\u20b9175k - \u20b91m","Bonus":"\u20b96k - \u20b9159k","Profit Sharing":"\u20b93k - \u20b9700k","Commission":"\u20b90 - \u20b9113k","Total Pay":"\u20b9176k - \u20b91m","pay_by_experience_percent":["Entry Level","Early Career","Mid Career","Late Career"],"Entry Level":"-42%","Early Career":"-15%","Mid Career":"77%","Late Career":"86%","pay_by_experience_years":["1"],"1":"\u20b9311,601","gender_component":["Male","Female"],"Male":"90.2","Female":"9.8","health_benefits_componentt":["Medical","Dental","Vision","None"],"Medical":"66","Dental":"7","Vision":"8","None":"34","popular_skills_component":["Product Development","Engineering Design","Research Analysis","Computer Aided Design (CAD)","Project Management"],"Product Development":"\u20b9523,682","Engineering Design":"\u20b9413,188","Research Analysis":"7%","Computer Aided Design (CAD)":"\u20b9361,111","Project Management":"\u20b9314,414","affect_skills_component":["Technical Analysis","Test Engineering","C++ Programming Language","Test Automation","Python","Research Analysis"],"Technical Analysis":"71%","Test Engineering":"65%","C++ Programming Language":"61%","Test Automation":"58%","Python":"49%","career_path_component":["Software Engineer","Staff Engineer","Senior Systems Engineer"],"location_component":["Bangalore, Karnataka","Chennai, Tamil Nadu","Pune, Maharashtra","Mumbai, Maharashtra","Hyderabad, Andhra Pradesh","Gurgaon, Haryana","Coimbatore, Tamil Nadu","Ahmedabad, Gujarat","New Delhi, Delhi","Kolkata, West Bengal"],"Bangalore, Karnataka":"40%","Chennai, Tamil Nadu":"-8%","Pune, Maharashtra":"65%","Mumbai, Maharashtra":"-63%","Hyderabad, Andhra Pradesh":"2%","Gurgaon, Haryana":"-53%","Coimbatore, Tamil Nadu":"-60%","Ahmedabad, Gujarat":"-30%","New Delhi, Delhi":"54%","Kolkata, West Bengal":"32%","employers_component":["Nokia Siemens Networks"],"Nokia Siemens Networks":"Avg. Salary: \u20b9868,635","related_job_component":["Software Engineer","Mechanical Engineer","Design Engineer","Senior Software Engineer","Project Manager, (Unspecified Type \/ General)","Civil Engineer","Project Engineer","Electrical Engineer","Data Analyst"],"Software Engineer":"Avg. Salary \u20b9263k \u2014 \u20b91m","Mechanical Engineer":"Avg. Salary \u20b9152k \u2014 \u20b9983k","Design Engineer":"Avg. Salary \u20b9174k \u2014 \u20b9926k","Senior Software Engineer":"Avg. Salary \u20b9493k \u2014 \u20b92m","Project Manager, (Unspecified Type \/ General)":"Avg. Salary \u20b9456k \u2014 \u20b92m","Civil Engineer":"Avg. Salary \u20b9154k \u2014 \u20b9771k","Project Engineer":"Avg. Salary \u20b9198k \u2014 \u20b9849k","Electrical Engineer":"Avg. Salary \u20b9174k \u2014 \u20b9995k","Data Analyst":"Avg. Salary \u20b9201k \u2014 \u20b9960k"}}