{"0":{"job_title":"Robotics_Engineer","avg_salary":"\u20b9443,070","salary_component":["Base Salary","Bonus","Profit Sharing","Total Pay"],"Base Salary":"\u20b9146k - \u20b94m","Bonus":"\u20b95k - \u20b9489k","Profit Sharing":"\u20b95k - \u20b9900k","Total Pay":"\u20b9155k - \u20b94m","pay_by_experience_percent":["Entry Level","Early Career","Mid Career","Late Career"],"Entry Level":"-19%","Early Career":"-8%","Mid Career":"36%","Late Career":"374%","pay_by_experience_years":["1","1-4"],"1":"\u20b9358,675","1-4":"\u20b9407,209","gender_component":["Male","Female"],"Male":"93.9","Female":"6.1","health_benefits_componentt":["Medical","Dental","Vision","None"],"Medical":"57","Dental":"4","Vision":"6","None":"40","popular_skills_component":["Robotics","Programmable Logic Controllers (PLC) \/ Automation","Engineering Design","C++ Programming Language","Computer Aided Design (CAD)"],"Robotics":"\u20b9410,411","Programmable Logic Controllers (PLC) \/ Automation":"\u20b9350,000","Engineering Design":"\u20b9380,000","C++ Programming Language":"14%","Computer Aided Design (CAD)":"\u20b9325,000","affect_skills_component":["C++ Programming Language"],"career_path_component":[],"location_component":["Bangalore, Karnataka","Pune, Maharashtra","Chennai, Tamil Nadu","New Delhi, Delhi","Hyderabad, Andhra Pradesh","Mumbai, Maharashtra","Kolkata, West Bengal"],"Bangalore, Karnataka":"2%","Pune, Maharashtra":"-33%","Chennai, Tamil Nadu":"-3%","New Delhi, Delhi":"58%","Hyderabad, Andhra Pradesh":"52%","Mumbai, Maharashtra":"1006%","Kolkata, West Bengal":"126%","employers_component":[],"related_job_component":["Design Engineer","Mechanical Engineer","Software Engineer","Electrical Engineer","Mechanical Design Engineer","Senior Software Engineer","Project Engineer","Civil Engineer","Senior Mechanical Design Engineer"],"Design Engineer":"Avg. Salary \u20b9174k \u2014 \u20b9926k","Mechanical Engineer":"Avg. Salary \u20b9152k \u2014 \u20b9983k","Software Engineer":"Avg. Salary \u20b9262k \u2014 \u20b91m","Electrical Engineer":"Avg. Salary \u20b9174k \u2014 \u20b9995k","Mechanical Design Engineer":"Avg. Salary \u20b9159k \u2014 \u20b9820k","Senior Software Engineer":"Avg. Salary \u20b9492k \u2014 \u20b92m","Project Engineer":"Avg. Salary \u20b9198k \u2014 \u20b9843k","Civil Engineer":"Avg. Salary \u20b9154k \u2014 \u20b9771k","Senior Mechanical Design Engineer":"Avg. Salary \u20b9364k \u2014 \u20b91m"}}