{"0":{"job_title":"Safety_Officer","avg_salary":"\u20b9354,258","salary_component":["Base Salary","Bonus","Profit Sharing","Commission","Total Pay"],"Base Salary":"\u20b9186k - \u20b9761k","Bonus":"\u20b95k - \u20b999k","Profit Sharing":"\u20b92k - \u20b9357k","Commission":"\u20b948k - \u20b961k","Total Pay":"\u20b9194k - \u20b9914k","pay_by_experience_percent":["Entry Level","Early Career","Mid Career","Late Career","Experienced"],"Entry Level":"-28%","Early Career":"-13%","Mid Career":"23%","Late Career":"62%","Experienced":"173%","pay_by_experience_years":["1","1-4"],"1":"\u20b9255,349","1-4":"\u20b9309,877","gender_component":["Male","Female"],"Male":"99.5","Female":"0.5","health_benefits_componentt":["Medical","Dental","Vision","None"],"Medical":"72","Dental":"7","Vision":"10","None":"27","popular_skills_component":["Safety Compliance","Risk Management \/ Risk Control","Safety Training","Internal Audit","OSHA Compliance"],"Safety Compliance":"\u20b9352,527","Risk Management \/ Risk Control":"\u20b9355,413","Safety Training":"\u20b9342,732","Internal Audit":"\u20b9316,907","OSHA Compliance":"3%","affect_skills_component":["Auditing","Legal Compliance","OSHA Compliance"],"Auditing":"41%","Legal Compliance":"20%","career_path_component":["Safety Manager","Safety Engineer","Environmental Health & Safety (EHS) Mana..."],"location_component":["Mumbai, Maharashtra","Chennai, Tamil Nadu","Hyderabad, Andhra Pradesh","Pune, Maharashtra","Bangalore, Karnataka","New Delhi, Delhi","Delhi, Delhi","Kolkata, West Bengal","Visakhapatnam, Andhra Pradesh","Ahmedabad, Gujarat"],"Mumbai, Maharashtra":"11%","Chennai, Tamil Nadu":"-1%","Hyderabad, Andhra Pradesh":"5%","Pune, Maharashtra":"1%","Bangalore, Karnataka":"-8%","New Delhi, Delhi":"15%","Delhi, Delhi":"8%","Kolkata, West Bengal":"-15%","Visakhapatnam, Andhra Pradesh":"-31%","Ahmedabad, Gujarat":"-1%","employers_component":["Larsen & Toubro Limited"],"Larsen & Toubro Limited":"Avg. Salary: \u20b9505,000","related_job_component":["Civil Engineer","Chartered Accountant","Internal Auditor","Internal Auditing Manager","Corporate Secretary","Credit Manager","Human Resources (HR) Manager","Compliance Manager","Safety Manager"],"Civil Engineer":"Avg. Salary \u20b9154k \u2014 \u20b9771k","Chartered Accountant":"Avg. Salary \u20b9412k \u2014 \u20b92m","Internal Auditor":"Avg. Salary \u20b9202k \u2014 \u20b91m","Internal Auditing Manager":"Avg. Salary \u20b9410k \u2014 \u20b92m","Corporate Secretary":"Avg. Salary \u20b9297k \u2014 \u20b91m","Credit Manager":"Avg. Salary \u20b9259k \u2014 \u20b91m","Human Resources (HR) Manager":"Avg. Salary \u20b9293k \u2014 \u20b92m","Compliance Manager":"Avg. Salary \u20b9402k \u2014 \u20b92m","Safety Manager":"Avg. Salary \u20b9374k \u2014 \u20b92m"}}