{"0":{"job_title":"Safety_Engineer","avg_salary":"\u20b9395,430","salary_component":["Base Salary","Bonus","Profit Sharing","Commission","Total Pay"],"Base Salary":"\u20b9181k - \u20b9876k","Bonus":"\u20b99k - \u20b9148k","Profit Sharing":"\u20b91k - \u20b9466k","Commission":"\u20b90 - \u20b943k","Total Pay":"\u20b9195k - \u20b9985k","pay_by_experience_percent":["Entry Level","Early Career","Mid Career","Late Career"],"Entry Level":"-36%","Early Career":"-9%","Mid Career":"31%","Late Career":"65%","pay_by_experience_years":["1","1-4"],"1":"\u20b9253,712","1-4":"\u20b9358,942","gender_component":["Male","Female"],"Male":"97.8","Female":"2.2","health_benefits_componentt":["Medical","Dental","Vision","None"],"Medical":"82","Dental":"14","Vision":"17","None":"17","popular_skills_component":["Safety Compliance","Risk Management \/ Risk Control","Construction Site Inspection","Safety Training","Regulatory Compliance"],"Safety Compliance":"14%","Risk Management \/ Risk Control":"\u20b9397,009","Construction Site Inspection":"\u20b9390,366","Safety Training":"\u20b9337,500","Regulatory Compliance":"\u20b9380,000","affect_skills_component":["Internal Audit","Safety Compliance","OSHA Compliance","Training"],"Internal Audit":"38%","OSHA Compliance":"5%","Training":"1%","career_path_component":["Safety Manager","Environmental Health & Safety (EHS) Mana..."],"location_component":["Chennai, Tamil Nadu","Mumbai, Maharashtra","Hyderabad, Andhra Pradesh","Bangalore, Karnataka","Pune, Maharashtra","New Delhi, Delhi","Ahmedabad, Gujarat","Kolkata, West Bengal","Delhi, Delhi","Visakhapatnam, Andhra Pradesh"],"Chennai, Tamil Nadu":"-2%","Mumbai, Maharashtra":"26%","Hyderabad, Andhra Pradesh":"13%","Bangalore, Karnataka":"25%","Pune, Maharashtra":"-10%","New Delhi, Delhi":"37%","Ahmedabad, Gujarat":"-30%","Kolkata, West Bengal":"37%","Delhi, Delhi":"14%","Visakhapatnam, Andhra Pradesh":"52%","employers_component":["Larsen & Toubro Limited"],"Larsen & Toubro Limited":"Avg. Salary: \u20b9623,397","related_job_component":["Civil Engineer","Safety Officer","Internal Auditor","Internal Auditing Manager","Credit Manager","Safety Manager","Risk Manager","Assistant Professor, Postsecondary \/ Higher Education","Compliance Manager"],"Civil Engineer":"Avg. Salary \u20b9154k \u2014 \u20b9771k","Safety Officer":"Avg. Salary \u20b9186k \u2014 \u20b9761k","Internal Auditor":"Avg. Salary \u20b9202k \u2014 \u20b91m","Internal Auditing Manager":"Avg. Salary \u20b9410k \u2014 \u20b92m","Credit Manager":"Avg. Salary \u20b9259k \u2014 \u20b91m","Safety Manager":"Avg. Salary \u20b9374k \u2014 \u20b92m","Risk Manager":"Avg. Salary \u20b9319k \u2014 \u20b92m","Assistant Professor, Postsecondary \/ Higher Education":"Avg. Salary \u20b9201k \u2014 \u20b9967k","Compliance Manager":"Avg. Salary \u20b9402k \u2014 \u20b92m"}}