{"0":{"job_title":"Senior_Mechanical_Engineer","avg_salary":"\u20b9699,828","salary_component":["Base Salary","Bonus","Profit Sharing","Total Pay"],"Base Salary":"\u20b9307k - \u20b91m","Bonus":"\u20b910k - \u20b9195k","Profit Sharing":"\u20b9964 - \u20b9247k","Total Pay":"\u20b9332k - \u20b91m","pay_by_experience_percent":["Entry Level","Early Career","Mid Career","Late Career","Experienced"],"Entry Level":"-19%","Early Career":"-26%","Mid Career":"3%","Late Career":"41%","Experienced":"37%","pay_by_experience_years":["1"],"1":"\u20b9566,000","gender_component":["Male","Female"],"Male":"97.2","Female":"2.8","health_benefits_componentt":["Medical","Dental","Vision","None"],"Medical":"77","Dental":"8","Vision":"9","None":"23","popular_skills_component":["Engineering Design","Product Development","Project Management","Computer Aided Design (CAD)","Manufacturing Process Engineering"],"Engineering Design":"\u20b9806,260","Product Development":"\u20b9797,093","Project Management":"\u20b9719,932","Computer Aided Design (CAD)":"\u20b9738,037","Manufacturing Process Engineering":"\u20b9588,997","affect_skills_component":["Design","Gas Turbine","Matlab","Simulation","Autodesk Revit MEP","ANSYS Simulation Software","SAP Plant Maintenance (SAP PM)","Computer Aided Engineering (CAE)","Design for Six Sigma (DFSS)","Finite Element Analysis (FEA)"],"Design":"102%","Gas Turbine":"61%","Matlab":"48%","Simulation":"36%","Autodesk Revit MEP":"36%","ANSYS Simulation Software":"30%","SAP Plant Maintenance (SAP PM)":"29%","Computer Aided Engineering (CAE)":"27%","Design for Six Sigma (DFSS)":"26%","Finite Element Analysis (FEA)":"25%","career_path_component":["Mechanical Engineer","Project Manager, (Unspecified Type \/ Gen...","Design Engineering Manager"],"location_component":["Bangalore, Karnataka","Chennai, Tamil Nadu","Pune, Maharashtra","Mumbai, Maharashtra","Hyderabad, Andhra Pradesh","Gurgaon, Haryana","Ahmedabad, Gujarat","New Delhi, Delhi","Coimbatore, Tamil Nadu","Delhi, Delhi"],"Bangalore, Karnataka":"16%","Chennai, Tamil Nadu":"1%","Pune, Maharashtra":"3%","Mumbai, Maharashtra":"12%","Hyderabad, Andhra Pradesh":"10%","Gurgaon, Haryana":"18%","Ahmedabad, Gujarat":"-21%","New Delhi, Delhi":"16%","Coimbatore, Tamil Nadu":"-18%","Delhi, Delhi":"-7%","employers_component":["Mahindra & Mahindra Ltd.","Larsen & Toubro Limited","Robert Bosch","General Electric Co (GE)","HCL Technologies Ltd.","Applied Materials Inc","Robert Bosch Engineering and Business Solutions Limited","Renault Nissan","Gabriel India Ltd","Quest Global"],"Mahindra & Mahindra Ltd.":"Avg. Salary: \u20b9975,915","Larsen & Toubro Limited":"Avg. Salary: \u20b9750,000","Robert Bosch":"Avg. Salary: \u20b9597,805","General Electric Co (GE)":"Avg. Salary: \u20b91,510,000","HCL Technologies Ltd.":"Avg. Salary: \u20b9796,062","Applied Materials Inc":"Avg. Salary: \u20b9934,069","Robert Bosch Engineering and Business Solutions Limited":"Avg. Salary: \u20b9656,489","Renault Nissan":"Avg. Salary: \u20b9853,991","Gabriel India Ltd":"Avg. Salary: \u20b9597,490","Quest Global":"Avg. Salary: \u20b9480,314","related_job_component":["Mechanical Engineer","Design Engineer","Civil Engineer","Operations Manager","Electrical Engineer","Project Manager, (Unspecified Type \/ General)","Mechanical Design Engineer","Project Engineer","Data Analyst"],"Mechanical Engineer":"Avg. Salary \u20b9152k \u2014 \u20b9983k","Design Engineer":"Avg. Salary \u20b9174k \u2014 \u20b9927k","Civil Engineer":"Avg. Salary \u20b9154k \u2014 \u20b9771k","Operations Manager":"Avg. Salary \u20b9297k \u2014 \u20b92m","Electrical Engineer":"Avg. Salary \u20b9174k \u2014 \u20b9995k","Project Manager, (Unspecified Type \/ General)":"Avg. Salary \u20b9456k \u2014 \u20b92m","Mechanical Design Engineer":"Avg. Salary \u20b9160k \u2014 \u20b9820k","Project Engineer":"Avg. Salary \u20b9198k \u2014 \u20b9849k","Data Analyst":"Avg. Salary \u20b9201k \u2014 \u20b9959k"}}