{"0":{"job_title":"Senior_Project_Engineer","avg_salary":"\u20b9643,676","salary_component":["Base Salary","Bonus","Profit Sharing","Total Pay"],"Base Salary":"\u20b9365k - \u20b91m","Bonus":"\u20b912k - \u20b9175k","Profit Sharing":"\u20b95k - \u20b9223k","Total Pay":"\u20b9379k - \u20b91m","pay_by_experience_percent":["Early Career","Mid Career","Late Career","Experienced"],"Early Career":"-15%","Mid Career":"5%","Late Career":"29%","Experienced":"26%","pay_by_experience_years":["1-4","5-9"],"1-4":"\u20b9549,592","5-9":"\u20b9676,961","gender_component":["Male","Female"],"Male":"85.7","Female":"14.3","health_benefits_componentt":["Medical","Dental","Vision","None"],"Medical":"81","Dental":"16","Vision":"20","None":"19","popular_skills_component":["Project Management","Engineering Design","Technical Analysis","Project Coordinating","Microsoft Office"],"Project Management":"\u20b9600,544","Engineering Design":"\u20b9766,625","Technical Analysis":"\u20b9710,600","Project Coordinating":"\u20b9638,378","Microsoft Office":"\u20b9588,280","affect_skills_component":["Primavera P6","Microsoft Project","Systems Engineering","Computer Aided Design (CAD)","PL\/SQL","Hibernate","WebAPI","Manufacturing Process Engineering","Software Test",".NET"],"Primavera P6":"358%","Microsoft Project":"300%","Systems Engineering":"62%","Computer Aided Design (CAD)":"40%","PL\/SQL":"40%","Hibernate":"33%","WebAPI":"32%","Manufacturing Process Engineering":"29%","Software Test":"27%",".NET":"24%","career_path_component":["Project Manager, (Unspecified Type \/ Gen...","Project Manager, Construction","Project Engineer"],"location_component":["Bangalore, Karnataka","Pune, Maharashtra","Chennai, Tamil Nadu","Mumbai, Maharashtra","Hyderabad, Andhra Pradesh","Kolkata, West Bengal","New Delhi, Delhi","Gurgaon, Haryana","Ahmedabad, Gujarat","Delhi, Delhi"],"Bangalore, Karnataka":"2%","Pune, Maharashtra":"17%","Chennai, Tamil Nadu":"-8%","Mumbai, Maharashtra":"-5%","Hyderabad, Andhra Pradesh":"14%","Kolkata, West Bengal":"6%","New Delhi, Delhi":"-23%","Gurgaon, Haryana":"-7%","Ahmedabad, Gujarat":"-11%","Delhi, Delhi":"-24%","employers_component":["Wipro Technologies Ltd.","Wipro","ABB India","Atlas Copco","Cognizant","ABB Ltd.","Honeywell Automation India Limited","Whirlpool of India Ltd","Emerson Process Management","Larsen and Toubro Ltd."],"Wipro Technologies Ltd.":"Avg. Salary: \u20b9639,755","Wipro":"Avg. Salary: \u20b9672,721","ABB India":"Avg. Salary: \u20b9752,500","Atlas Copco":"Avg. Salary: \u20b9906,329","Cognizant":"Avg. Salary: \u20b91,055,587","ABB Ltd.":"Avg. Salary: \u20b9800,000","Honeywell Automation India Limited":"Avg. Salary: \u20b9550,000","Whirlpool of India Ltd":"Avg. Salary: \u20b9950,000","Emerson Process Management":"Avg. Salary: \u20b9557,189","Larsen and Toubro Ltd.":"Avg. Salary: \u20b9850,000","related_job_component":["Software Engineer","Senior Software Engineer","Software Developer","Civil Engineer","Sr. Software Engineer \/ Developer \/ Programmer","Mechanical Engineer","Project Manager, (Unspecified Type \/ General)","Team Leader, IT","Design Engineer"],"Software Engineer":"Avg. Salary \u20b9263k \u2014 \u20b91m","Senior Software Engineer":"Avg. Salary \u20b9493k \u2014 \u20b92m","Software Developer":"Avg. Salary \u20b9214k \u2014 \u20b91m","Civil Engineer":"Avg. Salary \u20b9154k \u2014 \u20b9771k","Sr. Software Engineer \/ Developer \/ Programmer":"Avg. Salary \u20b9432k \u2014 \u20b92m","Mechanical Engineer":"Avg. Salary \u20b9152k \u2014 \u20b9983k","Project Manager, (Unspecified Type \/ General)":"Avg. Salary \u20b9456k \u2014 \u20b92m","Team Leader, IT":"Avg. Salary \u20b9584k \u2014 \u20b92m","Design Engineer":"Avg. Salary \u20b9174k \u2014 \u20b9926k"}}