{"0":{"job_title":"Senior_Mechanical_Design_Engineer","avg_salary":"\u20b9661,697","salary_component":["Base Salary","Bonus","Profit Sharing","Total Pay"],"Base Salary":"\u20b9362k - \u20b91m","Bonus":"\u20b910k - \u20b9120k","Profit Sharing":"\u20b95k - \u20b9197k","Total Pay":"\u20b9382k - \u20b91m","pay_by_experience_percent":["Entry Level","Early Career","Mid Career","Late Career","Experienced"],"Entry Level":"-24%","Early Career":"-24%","Mid Career":"1%","Late Career":"39%","Experienced":"127%","pay_by_experience_years":["1"],"1":"\u20b9500,000","gender_component":["Male","Female","Prefer to self-define"],"Male":"97.9","Female":"1.9","Prefer to self-define":"0.2","health_benefits_componentt":["Medical","Dental","Vision","None"],"Medical":"76","Dental":"6","Vision":"6","None":"24","popular_skills_component":["Engineering Design","Product Development","Computer Aided Design (CAD)","Pro\/Engineer","SolidWorks"],"Engineering Design":"\u20b9685,705","Product Development":"7%","Computer Aided Design (CAD)":"\u20b9657,430","Pro\/Engineer":"\u20b9646,902","SolidWorks":"\u20b9586,649","affect_skills_component":["Design for Six Sigma (DFSS)","Computer Aided Engineering (CAE)","Autodesk AutoCAD Mechanical","Design","Finite Element Analysis (FEA)","Project Management","Simulation","Technical Analysis","Product Development","NX Unigraphics"],"Design for Six Sigma (DFSS)":"25%","Computer Aided Engineering (CAE)":"24%","Autodesk AutoCAD Mechanical":"24%","Design":"21%","Finite Element Analysis (FEA)":"17%","Project Management":"12%","Simulation":"9%","Technical Analysis":"9%","NX Unigraphics":"7%","career_path_component":["Design Engineer","Mechanical Engineer","Team Leader, General"],"location_component":["Bangalore, Karnataka","Pune, Maharashtra","Chennai, Tamil Nadu","Hyderabad, Andhra Pradesh","Mumbai, Maharashtra","Coimbatore, Tamil Nadu","Gurgaon, Haryana","Ahmedabad, Gujarat","Vadodara (Baroda), Gujarat","New Delhi, Delhi"],"Bangalore, Karnataka":"8%","Pune, Maharashtra":"%","Chennai, Tamil Nadu":"2%","Hyderabad, Andhra Pradesh":"-17%","Mumbai, Maharashtra":"-4%","Coimbatore, Tamil Nadu":"-15%","Gurgaon, Haryana":"13%","Ahmedabad, Gujarat":"-13%","Vadodara (Baroda), Gujarat":"27%","New Delhi, Delhi":"-3%","employers_component":["Cyient","Tata Technologies Limited","HCL Technologies Ltd.","Mahindra & Mahindra Ltd.","Renault Nissan","Quest Global","Robert Bosch","Whirlpool of India Ltd","Tata Elxsi","Siemens Ltd"],"Cyient":"Avg. Salary: \u20b9532,641","Tata Technologies Limited":"Avg. Salary: \u20b9671,599","HCL Technologies Ltd.":"Avg. Salary: \u20b9627,613","Mahindra & Mahindra Ltd.":"Avg. Salary: \u20b9831,674","Renault Nissan":"Avg. Salary: \u20b9656,489","Quest Global":"Avg. Salary: \u20b9670,917","Robert Bosch":"Avg. Salary: \u20b9640,000","Whirlpool of India Ltd":"Avg. Salary: \u20b9685,524","Tata Elxsi":"Avg. Salary: \u20b9747,500","Siemens Ltd":"Avg. Salary: \u20b9682,500","related_job_component":["Mechanical Engineer","Design Engineer","Civil Engineer","Mechanical Design Engineer","Project Manager, (Unspecified Type \/ General)","Project Engineer","Electrical Engineer","Senior Mechanical Engineer","Project Manager, Information Technology (IT)"],"Mechanical Engineer":"Avg. Salary \u20b9152k \u2014 \u20b9983k","Design Engineer":"Avg. Salary \u20b9174k \u2014 \u20b9927k","Civil Engineer":"Avg. Salary \u20b9154k \u2014 \u20b9771k","Mechanical Design Engineer":"Avg. Salary \u20b9160k \u2014 \u20b9820k","Project Manager, (Unspecified Type \/ General)":"Avg. Salary \u20b9456k \u2014 \u20b92m","Project Engineer":"Avg. Salary \u20b9198k \u2014 \u20b9849k","Electrical Engineer":"Avg. Salary \u20b9174k \u2014 \u20b9995k","Senior Mechanical Engineer":"Avg. Salary \u20b9308k \u2014 \u20b91m","Project Manager, Information Technology (IT)":"Avg. Salary \u20b9533k \u2014 \u20b92m"}}