{"0":{"job_title":"Senior_Electrical_Engineer","avg_salary":"\u20b9653,255","salary_component":["Base Salary","Bonus","Profit Sharing","Commission","Total Pay"],"Base Salary":"\u20b9310k - \u20b91m","Bonus":"\u20b910k - \u20b9196k","Profit Sharing":"\u20b96k - \u20b9313k","Commission":"\u20b90 - \u20b953k","Total Pay":"\u20b9347k - \u20b92m","pay_by_experience_percent":["Entry Level","Early Career","Mid Career","Late Career","Experienced"],"Entry Level":"-27%","Early Career":"-31%","Mid Career":"0%","Late Career":"42%","Experienced":"124%","pay_by_experience_years":["1"],"1":"\u20b9480,000","gender_component":["Male","Female"],"Male":"93.4","Female":"6.6","health_benefits_componentt":["Medical","Dental","Vision","None"],"Medical":"78","Dental":"8","Vision":"9","None":"22","popular_skills_component":["Engineering Design","Project Management","Microsoft Office","Microsoft Excel","Microsoft Word"],"Engineering Design":"21%","Project Management":"\u20b9606,157","Microsoft Office":"\u20b9625,710","Microsoft Excel":"\u20b9597,358","Microsoft Word":"\u20b9587,388","affect_skills_component":["Field-Programmable Gate Array (FPGA)","Simulation Program with Integrated Circuits Emphasis (SPICE)","Board Design \/ Debug","Matlab","Engineering Design","Plant Maintenance","Electronic Troubleshooting"],"Field-Programmable Gate Array (FPGA)":"110%","Simulation Program with Integrated Circuits Emphasis (SPICE)":"99%","Board Design \/ Debug":"56%","Matlab":"23%","Plant Maintenance":"9%","Electronic Troubleshooting":"1%","career_path_component":["Electrical Engineer","Electrical Engineering Manager","Project Manager, (Unspecified Type \/ Gen..."],"location_component":["Bangalore, Karnataka","Chennai, Tamil Nadu","Pune, Maharashtra","Hyderabad, Andhra Pradesh","Mumbai, Maharashtra","Ahmedabad, Gujarat","New Delhi, Delhi","Kolkata, West Bengal","Delhi, Delhi","Gurgaon, Haryana"],"Bangalore, Karnataka":"15%","Chennai, Tamil Nadu":"-5%","Pune, Maharashtra":"4%","Hyderabad, Andhra Pradesh":"-11%","Mumbai, Maharashtra":"48%","Ahmedabad, Gujarat":"-9%","New Delhi, Delhi":"1%","Kolkata, West Bengal":"-8%","Delhi, Delhi":"-7%","Gurgaon, Haryana":"22%","employers_component":["ABB India","Thermopads Pvt Ltd","Larsen & Toubro Limited","Larsen and Toubro Ltd.","Siemens Ltd","General Motors India","ABB Ltd.","AIA Engineering Ltd","Schneider Electric Ltd","Techmahindra Ltd"],"ABB India":"Avg. Salary: \u20b9900,000","Thermopads Pvt Ltd":"Avg. Salary: \u20b9350,000","Larsen & Toubro Limited":"Avg. Salary: \u20b9790,749","Larsen and Toubro Ltd.":"Avg. Salary: \u20b9661,500","Siemens Ltd":"Avg. Salary: \u20b9807,914","General Motors India":"Avg. Salary: \u20b91,116,228","ABB Ltd.":"Avg. Salary: \u20b9903,981","AIA Engineering Ltd":"Avg. Salary: \u20b9935,976","Schneider Electric Ltd":"Avg. Salary: \u20b9547,727","Techmahindra Ltd":"Avg. Salary: \u20b9725,000","related_job_component":["Mechanical Engineer","Civil Engineer","Electrical Engineer","Project Manager, (Unspecified Type \/ General)","Design Engineer","Project Engineer","Business Analyst, IT","Operations Manager","Project Manager, Information Technology (IT)"],"Mechanical Engineer":"Avg. Salary \u20b9152k \u2014 \u20b9983k","Civil Engineer":"Avg. Salary \u20b9154k \u2014 \u20b9771k","Electrical Engineer":"Avg. Salary \u20b9174k \u2014 \u20b9995k","Project Manager, (Unspecified Type \/ General)":"Avg. Salary \u20b9456k \u2014 \u20b92m","Design Engineer":"Avg. Salary \u20b9174k \u2014 \u20b9926k","Project Engineer":"Avg. Salary \u20b9198k \u2014 \u20b9849k","Business Analyst, IT":"Avg. Salary \u20b9275k \u2014 \u20b91m","Operations Manager":"Avg. Salary \u20b9296k \u2014 \u20b92m","Project Manager, Information Technology (IT)":"Avg. Salary \u20b9531k \u2014 \u20b92m"}}