{"0":{"job_title":"Senior_Project_Manager%2C_Engineering","avg_salary":"\u20b91,827,708","salary_component":["Base Salary","Bonus","Profit Sharing","Total Pay"],"Base Salary":"\u20b9862k - \u20b93m","Bonus":"\u20b920k - \u20b9504k","Profit Sharing":"\u20b99 - \u20b9343k","Total Pay":"\u20b9952k - \u20b93m","pay_by_experience_percent":["Early Career","Mid Career","Late Career","Experienced"],"Early Career":"-68%","Mid Career":"-40%","Late Career":"5%","Experienced":"19%","pay_by_experience_years":["1-4"],"1-4":"\u20b9576,385","gender_component":["Male","Female"],"Male":"89.8","Female":"10.2","health_benefits_componentt":["Medical","Dental","Vision","None"],"Medical":"83","Dental":"14","Vision":"14","None":"17","popular_skills_component":["Project Management","Engineering Design","Team Leadership","Product Development","Microsoft Office"],"Project Management":"\u20b91,782,861","Engineering Design":"\u20b91,768,734","Team Leadership":"\u20b91,741,645","Product Development":"8%","Microsoft Office":"\u20b91,244,015","affect_skills_component":["People Management","Program Management","Product Development","Budget Management"],"People Management":"64%","Program Management":"29%","Budget Management":"1%","career_path_component":["Director of Engineering","Assistant General Manager (AGM)","Executive Director"],"location_component":["Bangalore, Karnataka","Chennai, Tamil Nadu","Pune, Maharashtra","Mumbai, Maharashtra","New Delhi, Delhi","Gurgaon, Haryana","Hyderabad, Andhra Pradesh","Noida, Uttar Pradesh","Delhi, Delhi","Kolkata, West Bengal"],"Bangalore, Karnataka":"34%","Chennai, Tamil Nadu":"-11%","Pune, Maharashtra":"1%","Mumbai, Maharashtra":"3%","New Delhi, Delhi":"-13%","Gurgaon, Haryana":"11%","Hyderabad, Andhra Pradesh":"-28%","Noida, Uttar Pradesh":"4%","Delhi, Delhi":"-45%","Kolkata, West Bengal":"-21%","employers_component":["Aricent Inc","HCL Technologies Ltd.","Tata Motors"],"Aricent Inc":"Avg. Salary: \u20b92,400,000","HCL Technologies Ltd.":"Avg. Salary: \u20b91,424,311","Tata Motors":"Avg. Salary: \u20b91,400,000","related_job_component":["Civil Engineer","Mechanical Engineer","Project Manager, (Unspecified Type \/ General)","Operations Manager","Design Engineer","Electrical Engineer","Project Engineer","Operations Team Leader","Project Manager, Information Technology (IT)"],"Civil Engineer":"Avg. Salary \u20b9154k \u2014 \u20b9773k","Mechanical Engineer":"Avg. Salary \u20b9151k \u2014 \u20b9982k","Project Manager, (Unspecified Type \/ General)":"Avg. Salary \u20b9459k \u2014 \u20b92m","Operations Manager":"Avg. Salary \u20b9296k \u2014 \u20b92m","Design Engineer":"Avg. Salary \u20b9175k \u2014 \u20b9924k","Electrical Engineer":"Avg. Salary \u20b9174k \u2014 \u20b9991k","Project Engineer":"Avg. Salary \u20b9199k \u2014 \u20b9844k","Operations Team Leader":"Avg. Salary \u20b9242k \u2014 \u20b9936k","Project Manager, Information Technology (IT)":"Avg. Salary \u20b9546k \u2014 \u20b92m"}}