{"0":{"job_title":"Senior_Instrumentation_Engineer","avg_salary":"\u20b9941,162","salary_component":["Base Salary","Bonus","Profit Sharing","Total Pay"],"Base Salary":"\u20b9405k - \u20b92m","Bonus":"\u20b911k - \u20b9175k","Profit Sharing":"\u20b910k - \u20b925k","Total Pay":"\u20b9480k - \u20b92m","pay_by_experience_percent":["Early Career","Mid Career","Late Career","Experienced"],"Early Career":"-52%","Mid Career":"-13%","Late Career":"12%","Experienced":"17%","pay_by_experience_years":["1-4","5-9"],"1-4":"\u20b9450,000","5-9":"\u20b9816,235","gender_component":["Male","Female"],"Male":"91.5","Female":"8.5","health_benefits_componentt":["Medical","Dental","Vision","None"],"Medical":"83","Dental":"14","Vision":"17","None":"16","popular_skills_component":["Engineering Design","Distributed Control Systems (DCS)","Programmable Logic Controllers (PLC) \/ Automation","Instrument Control","Project Management"],"Engineering Design":"8%","Distributed Control Systems (DCS)":"\u20b9886,522","Programmable Logic Controllers (PLC) \/ Automation":"\u20b9712,155","Instrument Control":"3%","Project Management":"\u20b9932,512","affect_skills_component":["Writing Procedures & Documentation","Engineering Design","Instrument Control"],"Writing Procedures & Documentation":"25%","career_path_component":["Instrumentation Engineer","Project Manager, (Unspecified Type \/ Gen..."],"location_component":["Mumbai, Maharashtra","Chennai, Tamil Nadu","Bangalore, Karnataka","Pune, Maharashtra","Hyderabad, Andhra Pradesh","New Delhi, Delhi","Kolkata, West Bengal","Noida, Uttar Pradesh"],"Mumbai, Maharashtra":"7%","Chennai, Tamil Nadu":"-11%","Bangalore, Karnataka":"6%","Pune, Maharashtra":"6%","Hyderabad, Andhra Pradesh":"-15%","New Delhi, Delhi":"-4%","Kolkata, West Bengal":"-15%","Noida, Uttar Pradesh":"86%","employers_component":["Toyo Engineering India Limited","Saipem India Projects Limited"],"Toyo Engineering India Limited":"Avg. Salary: \u20b91,430,000","Saipem India Projects Limited":"Avg. Salary: \u20b9931,538","related_job_component":["Mechanical Engineer","Project Manager, (Unspecified Type \/ General)","Civil Engineer","Electrical Engineer","Project Engineer","Design Engineer","Instrumentation Engineer","Project Manager, Information Technology (IT)","Senior Mechanical Engineer"],"Mechanical Engineer":"Avg. Salary \u20b9152k \u2014 \u20b9982k","Project Manager, (Unspecified Type \/ General)":"Avg. Salary \u20b9458k \u2014 \u20b92m","Civil Engineer":"Avg. Salary \u20b9154k \u2014 \u20b9771k","Electrical Engineer":"Avg. Salary \u20b9174k \u2014 \u20b9995k","Project Engineer":"Avg. Salary \u20b9198k \u2014 \u20b9843k","Design Engineer":"Avg. Salary \u20b9174k \u2014 \u20b9926k","Instrumentation Engineer":"Avg. Salary \u20b9193k \u2014 \u20b91m","Project Manager, Information Technology (IT)":"Avg. Salary \u20b9540k \u2014 \u20b92m","Senior Mechanical Engineer":"Avg. Salary \u20b9310k \u2014 \u20b91m"}}