{"0":{"job_title":"Senior_Automation_Engineer","avg_salary":"\u20b9870,645","salary_component":["Base Salary","Bonus","Profit Sharing","Total Pay"],"Base Salary":"\u20b9469k - \u20b92m","Bonus":"\u20b920k - \u20b9159k","Profit Sharing":"\u20b95k - \u20b9254k","Total Pay":"\u20b9488k - \u20b92m","pay_by_experience_percent":["Early Career","Mid Career","Late Career"],"Early Career":"-26%","Mid Career":"4%","Late Career":"51%","pay_by_experience_years":["1-4","5-9"],"1-4":"\u20b9641,163","5-9":"\u20b9907,532","gender_component":["Male","Female"],"Male":"85.7","Female":"14.3","health_benefits_componentt":["Medical","Dental","Vision","None"],"Medical":"75","Dental":"5","Vision":"5","None":"24","popular_skills_component":["Selenium Automated Test Tool","Test Automation","Java","Programmable Logic Controllers (PLC) \/ Automation","Automation Scripting"],"Selenium Automated Test Tool":"2%","Test Automation":"\u20b9872,949","Java":"2%","Programmable Logic Controllers (PLC) \/ Automation":"\u20b9642,132","Automation Scripting":"\u20b9869,381","affect_skills_component":["Python","Project Management","SQL","Selenium Automated Test Tool","Java"],"Python":"15%","Project Management":"3%","SQL":"3%","career_path_component":[],"location_component":["Bangalore, Karnataka","Pune, Maharashtra","Chennai, Tamil Nadu","Hyderabad, Andhra Pradesh","Mumbai, Maharashtra","Ahmedabad, Gujarat","Gurgaon, Haryana","Kolkata, West Bengal","New Delhi, Delhi","Noida, Uttar Pradesh"],"Bangalore, Karnataka":"7%","Pune, Maharashtra":"3%","Chennai, Tamil Nadu":"-2%","Hyderabad, Andhra Pradesh":"-7%","Mumbai, Maharashtra":"-23%","Ahmedabad, Gujarat":"-10%","Gurgaon, Haryana":"15%","Kolkata, West Bengal":"%","New Delhi, Delhi":"-17%","Noida, Uttar Pradesh":"-10%","employers_component":["Accenture","UST Global Inc","Cognizant","EY (Ernst & Young)","Tata Consultancy Services Limited"],"Accenture":"Avg. Salary: \u20b9847,899","UST Global Inc":"Avg. Salary: \u20b9550,000","Cognizant":"Avg. Salary: \u20b9879,886","EY (Ernst & Young)":"Avg. Salary: \u20b9982,635","Tata Consultancy Services Limited":"Avg. Salary: \u20b9700,000","related_job_component":["Software Engineer","Senior Software Engineer","Software Developer","Senior Quality Assurance (QA) \/ Test Automation Engineer","Project Manager, (Unspecified Type \/ General)","Sr. Software Engineer \/ Developer \/ Programmer","Mechanical Engineer","Test \/ Quality Assurance (QA) Engineer (Computer Software)","Civil Engineer"],"Software Engineer":"Avg. Salary \u20b9263k \u2014 \u20b91m","Senior Software Engineer":"Avg. Salary \u20b9493k \u2014 \u20b92m","Software Developer":"Avg. Salary \u20b9214k \u2014 \u20b91m","Senior Quality Assurance (QA) \/ Test Automation Engineer":"Avg. Salary \u20b9413k \u2014 \u20b92m","Project Manager, (Unspecified Type \/ General)":"Avg. Salary \u20b9456k \u2014 \u20b92m","Sr. Software Engineer \/ Developer \/ Programmer":"Avg. Salary \u20b9432k \u2014 \u20b92m","Mechanical Engineer":"Avg. Salary \u20b9152k \u2014 \u20b9983k","Test \/ Quality Assurance (QA) Engineer (Computer Software)":"Avg. Salary \u20b9190k \u2014 \u20b9868k","Civil Engineer":"Avg. Salary \u20b9154k \u2014 \u20b9771k"}}