{"0":{"job_title":"Senior_Civil_Engineer","avg_salary":"\u20b9587,048","salary_component":["Base Salary","Bonus","Profit Sharing","Commission","Total Pay"],"Base Salary":"\u20b9313k - \u20b91m","Bonus":"\u20b915k - \u20b9147k","Profit Sharing":"\u20b916 - \u20b9685k","Commission":"\u20b90 - \u20b913k","Total Pay":"\u20b9334k - \u20b91m","pay_by_experience_percent":["Early Career","Mid Career","Late Career","Experienced"],"Early Career":"-20%","Mid Career":"-9%","Late Career":"15%","Experienced":"59%","pay_by_experience_years":["1-4","5-9"],"1-4":"\u20b9468,316","5-9":"\u20b9536,203","gender_component":["Male","Female"],"Male":"94.9","Female":"5.1","health_benefits_componentt":["Medical","Dental","Vision","None"],"Medical":"62","Dental":"4","Vision":"4","None":"38","popular_skills_component":["Project Management","Construction Estimating","Construction Site Inspection","Billing","Autodesk AutoCAD"],"Project Management":"\u20b9577,522","Construction Estimating":"\u20b9562,725","Construction Site Inspection":"\u20b9517,200","Billing":"3%","Autodesk AutoCAD":"\u20b9580,273","affect_skills_component":["Engineering Design","Billing"],"Engineering Design":"7%","career_path_component":["Civil Engineer","Contracts Manager","Project Manager, Construction"],"location_component":["Mumbai, Maharashtra","Pune, Maharashtra","Bangalore, Karnataka","Hyderabad, Andhra Pradesh","Chennai, Tamil Nadu","Kolkata, West Bengal","Ahmedabad, Gujarat","New Delhi, Delhi","Jaipur, Rajasthan","Delhi, Delhi"],"Mumbai, Maharashtra":"11%","Pune, Maharashtra":"%","Bangalore, Karnataka":"-2%","Hyderabad, Andhra Pradesh":"1%","Chennai, Tamil Nadu":"2%","Kolkata, West Bengal":"-3%","Ahmedabad, Gujarat":"11%","New Delhi, Delhi":"-3%","Jaipur, Rajasthan":"-6%","Delhi, Delhi":"34%","employers_component":["Larsen & Toubro Limited","Larsen and Toubro Ltd.","Shapoorji Pallonji & Co. Ltd.","Afcons Infrastructure Limited"],"Larsen & Toubro Limited":"Avg. Salary: \u20b9522,523","Larsen and Toubro Ltd.":"Avg. Salary: \u20b9587,755","Shapoorji Pallonji & Co. Ltd.":"Avg. Salary: \u20b9642,429","Afcons Infrastructure Limited":"Avg. Salary: \u20b9900,000","related_job_component":["Civil Engineer","Mechanical Engineer","Design Engineer","Project Manager, (Unspecified Type \/ General)","Electrical Engineer","Project Engineer","Project Manager, Construction","Structural Engineer","Project Manager, Information Technology (IT)"],"Civil Engineer":"Avg. Salary \u20b9154k \u2014 \u20b9771k","Mechanical Engineer":"Avg. Salary \u20b9152k \u2014 \u20b9983k","Design Engineer":"Avg. Salary \u20b9174k \u2014 \u20b9927k","Project Manager, (Unspecified Type \/ General)":"Avg. Salary \u20b9456k \u2014 \u20b92m","Electrical Engineer":"Avg. Salary \u20b9174k \u2014 \u20b9995k","Project Engineer":"Avg. Salary \u20b9198k \u2014 \u20b9849k","Project Manager, Construction":"Avg. Salary \u20b9388k \u2014 \u20b92m","Structural Engineer":"Avg. Salary \u20b9211k \u2014 \u20b91m","Project Manager, Information Technology (IT)":"Avg. Salary \u20b9533k \u2014 \u20b92m"}}