{"0":{"job_title":"Senior_Structural_Engineer","avg_salary":"\u20b91,016,400","salary_component":["Base Salary","Bonus","Profit Sharing","Total Pay"],"Base Salary":"\u20b9538k - \u20b92m","Bonus":"\u20b915k - \u20b9343k","Profit Sharing":"\u20b90 - \u20b958k","Total Pay":"\u20b9548k - \u20b93m","pay_by_experience_percent":["Early Career","Mid Career","Late Career","Experienced"],"Early Career":"-22%","Mid Career":"-12%","Late Career":"22%","Experienced":"62%","pay_by_experience_years":["1-4","5-9"],"1-4":"\u20b9797,324","5-9":"\u20b9893,210","gender_component":["Male","Female"],"Male":"80.8","Female":"19.2","health_benefits_componentt":["Medical","Dental","Vision","None"],"Medical":"67","Dental":"11","Vision":"9","None":"33","popular_skills_component":["Engineering Design","Bentley STAAD","Finite Element Analysis (FEA)","Autodesk AutoCAD","Technical Analysis"],"Engineering Design":"13%","Bentley STAAD":"\u20b91,018,123","Finite Element Analysis (FEA)":"22%","Autodesk AutoCAD":"\u20b9813,860","Technical Analysis":"\u20b9974,203","affect_skills_component":["Finite Element Analysis (FEA)","Engineering Design","Microsoft Office","Project Management"],"Microsoft Office":"13%","Project Management":"8%","career_path_component":["Principal Engineer, Structural","Design Manager","Structural Engineer"],"location_component":["Mumbai, Maharashtra","Bangalore, Karnataka","Gurgaon, Haryana","Chennai, Tamil Nadu","Hyderabad, Andhra Pradesh","Pune, Maharashtra","Delhi, Delhi","New Delhi, Delhi"],"Mumbai, Maharashtra":"22%","Bangalore, Karnataka":"-2%","Gurgaon, Haryana":"75%","Chennai, Tamil Nadu":"-2%","Hyderabad, Andhra Pradesh":"-16%","Pune, Maharashtra":"-11%","Delhi, Delhi":"48%","New Delhi, Delhi":"18%","employers_component":[],"related_job_component":["Civil Engineer","Mechanical Engineer","Design Engineer","Project Manager, (Unspecified Type \/ General)","Electrical Engineer","Project Engineer","Structural Engineer","Accountant","Project Manager, Information Technology (IT)"],"Civil Engineer":"Avg. Salary \u20b9154k \u2014 \u20b9771k","Mechanical Engineer":"Avg. Salary \u20b9152k \u2014 \u20b9983k","Design Engineer":"Avg. Salary \u20b9174k \u2014 \u20b9926k","Project Manager, (Unspecified Type \/ General)":"Avg. Salary \u20b9456k \u2014 \u20b92m","Electrical Engineer":"Avg. Salary \u20b9174k \u2014 \u20b9995k","Project Engineer":"Avg. Salary \u20b9198k \u2014 \u20b9849k","Structural Engineer":"Avg. Salary \u20b9211k \u2014 \u20b91m","Accountant":"Avg. Salary \u20b9123k \u2014 \u20b9507k","Project Manager, Information Technology (IT)":"Avg. Salary \u20b9531k \u2014 \u20b92m"}}