{"0":{"job_title":"Senior_Engineering_Manager","avg_salary":"\u20b93,489,378","salary_component":["Base Salary","Bonus","Profit Sharing","Total Pay"],"Base Salary":"\u20b92m - \u20b96m","Bonus":"\u20b9104k - \u20b91m","Profit Sharing":"\u20b999k - \u20b91m","Total Pay":"\u20b92m - \u20b96m","pay_by_experience_percent":["Early Career","Mid Career","Late Career","Experienced"],"Early Career":"-18%","Mid Career":"2%","Late Career":"1%","Experienced":"-10%","pay_by_experience_years":["1-4","5-9"],"1-4":"\u20b92,850,000","5-9":"\u20b93,560,777","gender_component":["Male","Female","Prefer to self-define"],"Male":"88.2","Female":"10.3","Prefer to self-define":"1.5","health_benefits_componentt":["Medical","Dental","Vision","None"],"Medical":"92","Dental":"21","Vision":"18","None":"8","popular_skills_component":["People Management","Project Management","Software Development Management","Engineering Design","Product Development"],"People Management":"3%","Project Management":"\u20b93,320,109","Software Development Management":"13%","Engineering Design":"\u20b93,001,983","Product Development":"\u20b93,363,804","affect_skills_component":["Software Development","Systems Engineering","Team Management","Java","Software Development Management","Agile Software Development","People Management"],"Software Development":"33%","Systems Engineering":"29%","Team Management":"25%","Java":"23%","Agile Software Development":"11%","career_path_component":["Director of Engineering","Engineering Director","Vice President (VP), Engineering"],"location_component":["Bangalore, Karnataka","Pune, Maharashtra","Chennai, Tamil Nadu","Hyderabad, Andhra Pradesh","Mumbai, Maharashtra","Noida, Uttar Pradesh","New Delhi, Delhi","Ahmedabad, Gujarat","Gurgaon, Haryana"],"Bangalore, Karnataka":"13%","Pune, Maharashtra":"-17%","Chennai, Tamil Nadu":"-33%","Hyderabad, Andhra Pradesh":"-4%","Mumbai, Maharashtra":"-37%","Noida, Uttar Pradesh":"-3%","New Delhi, Delhi":"-14%","Ahmedabad, Gujarat":"-45%","Gurgaon, Haryana":"13%","employers_component":["Cerner Corporation","Walmart.com","General Electric Co (GE)","SAP Labs India","Tesco HSC"],"Cerner Corporation":"Avg. Salary: \u20b92,643,490","Walmart.com":"Avg. Salary: \u20b95,950,000","General Electric Co (GE)":"Avg. Salary: \u20b94,000,000","SAP Labs India":"Avg. Salary: \u20b94,138,292","Tesco HSC":"Avg. Salary: \u20b92,741,357","related_job_component":["Project Manager, (Unspecified Type \/ General)","Operations Manager","Mechanical Engineer","Software Engineer","Operations Team Leader","Senior Software Engineer","Civil Engineer","Design Engineer","Project Manager, Information Technology (IT)"],"Project Manager, (Unspecified Type \/ General)":"Avg. Salary \u20b9456k \u2014 \u20b92m","Operations Manager":"Avg. Salary \u20b9296k \u2014 \u20b92m","Mechanical Engineer":"Avg. Salary \u20b9152k \u2014 \u20b9983k","Software Engineer":"Avg. Salary \u20b9263k \u2014 \u20b91m","Operations Team Leader":"Avg. Salary \u20b9242k \u2014 \u20b9946k","Senior Software Engineer":"Avg. Salary \u20b9493k \u2014 \u20b92m","Civil Engineer":"Avg. Salary \u20b9154k \u2014 \u20b9771k","Design Engineer":"Avg. Salary \u20b9174k \u2014 \u20b9926k","Project Manager, Information Technology (IT)":"Avg. Salary \u20b9531k \u2014 \u20b92m"}}