{"0":{"job_title":"Senior_Project_Architect","avg_salary":"\u20b91,012,054","salary_component":["Base Salary","Bonus","Profit Sharing","Total Pay"],"Base Salary":"\u20b9465k - \u20b93m","Bonus":"\u20b912k - \u20b9247k","Profit Sharing":"\u20b90 - \u20b9123k","Total Pay":"\u20b9490k - \u20b93m","pay_by_experience_percent":["Early Career","Mid Career","Late Career","Experienced"],"Early Career":"-61%","Mid Career":"-18%","Late Career":"40%","Experienced":"133%","pay_by_experience_years":["1-4","5-9"],"1-4":"\u20b9396,000","5-9":"\u20b9825,414","gender_component":["Male","Female"],"Male":"68.3","Female":"31.7","health_benefits_componentt":["Medical","Dental","Vision","None"],"Medical":"49","Dental":"5","Vision":"5","None":"51","popular_skills_component":["Design","Project Coordinating","Project Management","Autodesk AutoCAD","Client Interaction"],"Design":"\u20b9973,317","Project Coordinating":"\u20b9970,564","Project Management":"13%","Autodesk AutoCAD":"\u20b9973,191","Client Interaction":"\u20b9987,359","affect_skills_component":["Autodesk Revit Architecture","Project Management"],"Autodesk Revit Architecture":"17%","career_path_component":["Design Architect","Project Architect","Assistant General Manager (AGM)"],"location_component":["Mumbai, Maharashtra","Bangalore, Karnataka","Chennai, Tamil Nadu","Pune, Maharashtra","Delhi, Delhi","New Delhi, Delhi","Ahmedabad, Gujarat","Hyderabad, Andhra Pradesh","Kolkata, West Bengal"],"Mumbai, Maharashtra":"%","Bangalore, Karnataka":"6%","Chennai, Tamil Nadu":"38%","Pune, Maharashtra":"-18%","Delhi, Delhi":"-1%","New Delhi, Delhi":"137%","Ahmedabad, Gujarat":"-2%","Hyderabad, Andhra Pradesh":"107%","Kolkata, West Bengal":"-5%","employers_component":[],"related_job_component":["Project Manager, (Unspecified Type \/ General)","Civil Engineer","Mechanical Engineer","Project Engineer","Design Architect","Design Engineer","Architect (but not Landscape or Naval)","Project Manager, Information Technology (IT)","Operations Manager"],"Project Manager, (Unspecified Type \/ General)":"Avg. Salary \u20b9456k \u2014 \u20b92m","Civil Engineer":"Avg. Salary \u20b9154k \u2014 \u20b9771k","Mechanical Engineer":"Avg. Salary \u20b9152k \u2014 \u20b9983k","Project Engineer":"Avg. Salary \u20b9198k \u2014 \u20b9843k","Design Architect":"Avg. Salary \u20b9152k \u2014 \u20b91m","Design Engineer":"Avg. Salary \u20b9174k \u2014 \u20b9926k","Architect (but not Landscape or Naval)":"Avg. Salary \u20b9174k \u2014 \u20b9991k","Project Manager, Information Technology (IT)":"Avg. Salary \u20b9531k \u2014 \u20b92m","Operations Manager":"Avg. Salary \u20b9297k \u2014 \u20b92m"}}