{"0":{"job_title":"Service_Engineer","avg_salary":"\u20b9269,992","salary_component":["Base Salary","Bonus","Profit Sharing","Commission","Total Pay"],"Base Salary":"\u20b9136k - \u20b9572k","Bonus":"\u20b95k - \u20b989k","Profit Sharing":"\u20b9162 - \u20b9102k","Commission":"\u20b92k - \u20b9101k","Total Pay":"\u20b9143k - \u20b9622k","pay_by_experience_percent":["Entry Level","Early Career","Mid Career","Late Career","Experienced"],"Entry Level":"-32%","Early Career":"-10%","Mid Career":"45%","Late Career":"60%","Experienced":"106%","pay_by_experience_years":["1","1-4"],"1":"\u20b9183,461","1-4":"\u20b9243,039","gender_component":["Male","Female"],"Male":"98.2","Female":"1.8","health_benefits_componentt":["Medical","Dental","Vision","None"],"Medical":"62","Dental":"3","Vision":"4","None":"38","popular_skills_component":["Technical Services","Equipment Maintenance","Customer Service","Troubleshooting","Electronic Troubleshooting"],"Technical Services":"\u20b9265,182","Equipment Maintenance":"\u20b9260,266","Customer Service":"9%","Troubleshooting":"1%","Electronic Troubleshooting":"\u20b9232,551","affect_skills_component":["Autodesk AutoCAD","Technical Analysis","Project Management","Robotics","Programmable Logic Controllers (PLC) \/ Automation","Customer Service","Troubleshooting"],"Autodesk AutoCAD":"38%","Technical Analysis":"33%","Project Management":"17%","Robotics":"12%","Programmable Logic Controllers (PLC) \/ Automation":"10%","career_path_component":["Field Service Engineer","Technical Services Manager","Senior Electrical Engineer"],"location_component":["Pune, Maharashtra","Chennai, Tamil Nadu","Mumbai, Maharashtra","Bangalore, Karnataka","New Delhi, Delhi","Hyderabad, Andhra Pradesh","Kolkata, West Bengal","Ahmedabad, Gujarat","Delhi, Delhi","Coimbatore, Tamil Nadu"],"Pune, Maharashtra":"-6%","Chennai, Tamil Nadu":"-12%","Mumbai, Maharashtra":"11%","Bangalore, Karnataka":"15%","New Delhi, Delhi":"19%","Hyderabad, Andhra Pradesh":"27%","Kolkata, West Bengal":"-14%","Ahmedabad, Gujarat":"-14%","Delhi, Delhi":"14%","Coimbatore, Tamil Nadu":"11%","employers_component":["Atlas Copco","Microland","SCHENCK Rotec","Siemens Ltd","ABB India"],"Atlas Copco":"Avg. Salary: \u20b9312,500","Microland":"Avg. Salary: \u20b9255,000","SCHENCK Rotec":"Avg. Salary: \u20b9295,443","Siemens Ltd":"Avg. Salary: \u20b9490,000","ABB India":"Avg. Salary: \u20b9520,000","related_job_component":["Civil Engineer","Mechanical Engineer","Electrical Engineer","Project Manager, (Unspecified Type \/ General)","Technical Support Engineer","Project Engineer","Operations Manager","Design Engineer","Project Manager, Information Technology (IT)"],"Civil Engineer":"Avg. Salary \u20b9154k \u2014 \u20b9771k","Mechanical Engineer":"Avg. Salary \u20b9152k \u2014 \u20b9983k","Electrical Engineer":"Avg. Salary \u20b9174k \u2014 \u20b9995k","Project Manager, (Unspecified Type \/ General)":"Avg. Salary \u20b9456k \u2014 \u20b92m","Technical Support Engineer":"Avg. Salary \u20b9174k \u2014 \u20b9883k","Project Engineer":"Avg. Salary \u20b9198k \u2014 \u20b9849k","Operations Manager":"Avg. Salary \u20b9297k \u2014 \u20b92m","Design Engineer":"Avg. Salary \u20b9174k \u2014 \u20b9926k","Project Manager, Information Technology (IT)":"Avg. Salary \u20b9531k \u2014 \u20b92m"}}