{"0":{"job_title":"Site_Reliability_Engineer_(SRE)","avg_salary":"\u20b91,192,691","salary_component":["Base Salary","Bonus","Profit Sharing","Total Pay"],"Base Salary":"\u20b9352k - \u20b93m","Bonus":"\u20b920k - \u20b9654k","Profit Sharing":"\u20b910k - \u20b92m","Total Pay":"\u20b9358k - \u20b93m","pay_by_experience_percent":["Entry Level","Early Career","Mid Career","Late Career"],"Entry Level":"-68%","Early Career":"-25%","Mid Career":"24%","Late Career":"68%","pay_by_experience_years":["1"],"1":"\u20b9380,000","gender_component":["Male","Female"],"Male":"90.5","Female":"9.5","health_benefits_componentt":["Medical","Dental","Vision","None"],"Medical":"80","Dental":"18","Vision":"16","None":"20","popular_skills_component":["Development Operations (DevOps)","Linux","Amazon Web Services (AWS)","Python","Automation Scripting"],"Development Operations (DevOps)":"22%","Linux":"\u20b91,130,436","Amazon Web Services (AWS)":"19%","Python":"29%","Automation Scripting":"\u20b91,042,682","affect_skills_component":["Web Performance Monitoring\/Tuning","Microsoft Azure","Python","Development Operations (DevOps)","Amazon Web Services (AWS)","Docker","Kubernetes"],"Web Performance Monitoring\/Tuning":"76%","Microsoft Azure":"51%","Docker":"17%","Kubernetes":"13%","career_path_component":["Civil Engineer","Service Engineer","Project Engineer"],"location_component":["Bangalore, Karnataka","Pune, Maharashtra","Hyderabad, Andhra Pradesh","Chennai, Tamil Nadu","Mumbai, Maharashtra","Delhi, Delhi","New Delhi, Delhi"],"Bangalore, Karnataka":"18%","Pune, Maharashtra":"-16%","Hyderabad, Andhra Pradesh":"64%","Chennai, Tamil Nadu":"-50%","Mumbai, Maharashtra":"-11%","Delhi, Delhi":"9%","New Delhi, Delhi":"-50%","employers_component":[],"related_job_component":["Development Operations (DevOps) Engineer","Software Engineer","Senior Software Engineer","Sr. Software Engineer \/ Developer \/ Programmer","Software Developer","Linux System Administrator","Systems Engineer, IT","Data Scientist","Software Engineer \/ Developer \/ Programmer"],"Development Operations (DevOps) Engineer":"Avg. Salary \u20b9334k \u2014 \u20b92m","Software Engineer":"Avg. Salary \u20b9262k \u2014 \u20b91m","Senior Software Engineer":"Avg. Salary \u20b9493k \u2014 \u20b92m","Sr. Software Engineer \/ Developer \/ Programmer":"Avg. Salary \u20b9432k \u2014 \u20b92m","Software Developer":"Avg. Salary \u20b9213k \u2014 \u20b91m","Linux System Administrator":"Avg. Salary \u20b9199k \u2014 \u20b9813k","Systems Engineer, IT":"Avg. Salary \u20b9197k \u2014 \u20b9626k","Data Scientist":"Avg. Salary \u20b9344k \u2014 \u20b92m","Software Engineer \/ Developer \/ Programmer":"Avg. Salary \u20b9225k \u2014 \u20b91m"}}