{"0":{"job_title":"Staff_Engineer","avg_salary":"\u20b92,437,912","salary_component":["Base Salary","Bonus","Profit Sharing","Total Pay"],"Base Salary":"\u20b91m - \u20b94m","Bonus":"\u20b997k - \u20b9669k","Profit Sharing":"\u20b920k - \u20b91m","Total Pay":"\u20b91m - \u20b95m","pay_by_experience_percent":["Early Career","Mid Career","Late Career","Experienced"],"Early Career":"-34%","Mid Career":"-15%","Late Career":"22%","Experienced":"44%","pay_by_experience_years":["1-4","5-9"],"1-4":"\u20b91,600,000","5-9":"\u20b92,067,172","gender_component":["Male","Female","Prefer to self-define"],"Male":"91.1","Female":"8.3","Prefer to self-define":"0.6","health_benefits_componentt":["Medical","Dental","Vision","None"],"Medical":"90","Dental":"16","Vision":"14","None":"10","popular_skills_component":["Engineering Design","Software Development","C Programming Language","Technical Analysis","C++ Programming Language"],"Engineering Design":"\u20b92,344,436","Software Development":"16%","C Programming Language":"\u20b92,497,722","Technical Analysis":"\u20b92,324,724","C++ Programming Language":"\u20b92,395,833","affect_skills_component":["Go (Golang) Programming Language","Software Architecture","Java\/J2EE","Kernel Development","Development Operations (DevOps)","Systems Engineering","Software Development","Verilog","Verilog VHDL","Amazon Web Services (AWS)"],"Go (Golang) Programming Language":"48%","Software Architecture":"43%","Java\/J2EE":"36%","Kernel Development":"33%","Development Operations (DevOps)":"25%","Systems Engineering":"21%","Verilog":"14%","Verilog VHDL":"13%","Amazon Web Services (AWS)":"12%","career_path_component":["Senior Staff Engineer","Senior Director, Engineering","Team Lead, Operations"],"location_component":["Bangalore, Karnataka","Hyderabad, Andhra Pradesh","Noida, Uttar Pradesh","Pune, Maharashtra","Chennai, Tamil Nadu","Gurgaon, Haryana","Delhi, Delhi","New Delhi, Delhi"],"Bangalore, Karnataka":"3%","Hyderabad, Andhra Pradesh":"%","Noida, Uttar Pradesh":"-8%","Pune, Maharashtra":"20%","Chennai, Tamil Nadu":"-39%","Gurgaon, Haryana":"-23%","Delhi, Delhi":"-20%","New Delhi, Delhi":"-4%","employers_component":["Vmware, Inc.","Synopsys, Inc","Western Digital Corporation","Samsung Semiconductor, Inc.","Qualcomm India Private Limited","General Electric Co (GE)","Intel Corporation","Dell, Inc.","Sandisk Corp","Broadcom Corporation"],"Vmware, Inc.":"Avg. Salary: \u20b93,800,000","Synopsys, Inc":"Avg. Salary: \u20b93,394,184","Western Digital Corporation":"Avg. Salary: \u20b92,000,000","Samsung Semiconductor, Inc.":"Avg. Salary: \u20b92,569,977","Qualcomm India Private Limited":"Avg. Salary: \u20b93,000,000","General Electric Co (GE)":"Avg. Salary: \u20b91,875,000","Intel Corporation":"Avg. Salary: \u20b93,383,218","Dell, Inc.":"Avg. Salary: \u20b91,479,730","Sandisk Corp":"Avg. Salary: \u20b91,740,857","Broadcom Corporation":"Avg. Salary: \u20b93,500,000","related_job_component":["Software Engineer","Senior Software Engineer","Software Developer","Sr. Software Engineer \/ Developer \/ Programmer","Team Leader, IT","Lead Software Engineer","Software Engineer \/ Developer \/ Programmer","Information Technology (IT) Consultant","Mechanical Engineer"],"Software Engineer":"Avg. Salary \u20b9262k \u2014 \u20b91m","Senior Software Engineer":"Avg. Salary \u20b9493k \u2014 \u20b92m","Software Developer":"Avg. Salary \u20b9214k \u2014 \u20b91m","Sr. Software Engineer \/ Developer \/ Programmer":"Avg. Salary \u20b9432k \u2014 \u20b92m","Team Leader, IT":"Avg. Salary \u20b9583k \u2014 \u20b92m","Lead Software Engineer":"Avg. Salary \u20b9788k \u2014 \u20b93m","Software Engineer \/ Developer \/ Programmer":"Avg. Salary \u20b9225k \u2014 \u20b91m","Information Technology (IT) Consultant":"Avg. Salary \u20b9391k \u2014 \u20b92m","Mechanical Engineer":"Avg. Salary \u20b9152k \u2014 \u20b9983k"}}