{"0":{"job_title":"Steel_Detailer","avg_salary":"\u20b9232,117","salary_component":["Base Salary","Bonus","Profit Sharing","Total Pay"],"Base Salary":"\u20b9118k - \u20b9504k","Bonus":"\u20b94k - \u20b950k","Profit Sharing":"\u20b929 - \u20b998k","Total Pay":"\u20b9119k - \u20b9515k","pay_by_experience_percent":["Entry Level","Early Career","Mid Career","Late Career"],"Entry Level":"-37%","Early Career":"-11%","Mid Career":"78%","Late Career":"115%","pay_by_experience_years":["1","1-4"],"1":"\u20b9145,571","1-4":"\u20b9205,560","gender_component":["Male","Female"],"Male":"95.7","Female":"4.3","health_benefits_componentt":["Medical","Dental","Vision","None"],"Medical":"55","Dental":"2","Vision":"2","None":"45","popular_skills_component":["Tekla Structures","Autodesk AutoCAD","Autodesk AutoCAD Structural Detailing","Microsoft Office","Computer Aided Drafting & Design (CADD)"],"Tekla Structures":"\u20b9208,616","Autodesk AutoCAD":"4%","Autodesk AutoCAD Structural Detailing":"6%","Microsoft Office":"11%","Computer Aided Drafting & Design (CADD)":"\u20b9211,591","affect_skills_component":["Project Management","Microsoft Office","Autodesk AutoCAD Structural Detailing","Autodesk AutoCAD","Computer Aided Design (CAD)"],"Project Management":"55%","Computer Aided Design (CAD)":"3%","career_path_component":[],"location_component":["Chennai, Tamil Nadu","Hyderabad, Andhra Pradesh","Pune, Maharashtra","Bangalore, Karnataka","Mumbai, Maharashtra","New Delhi, Delhi","Mysore, Karnataka","Nagpur, Maharashtra","Nashik, Maharashtra","Coimbatore, Tamil Nadu"],"Chennai, Tamil Nadu":"-15%","Hyderabad, Andhra Pradesh":"-13%","Pune, Maharashtra":"7%","Bangalore, Karnataka":"23%","Mumbai, Maharashtra":"-22%","New Delhi, Delhi":"2%","Mysore, Karnataka":"-22%","Nagpur, Maharashtra":"-13%","Nashik, Maharashtra":"29%","Coimbatore, Tamil Nadu":"40%","employers_component":[],"related_job_component":["Civil Engineer","Mechanical Engineer","Project Manager, (Unspecified Type \/ General)","Design Engineer","Project Engineer","Electrical Engineer","Project Manager, Information Technology (IT)","Mechanical Design Engineer","Interior Designer"],"Civil Engineer":"Avg. Salary \u20b9154k \u2014 \u20b9771k","Mechanical Engineer":"Avg. Salary \u20b9152k \u2014 \u20b9983k","Project Manager, (Unspecified Type \/ General)":"Avg. Salary \u20b9456k \u2014 \u20b92m","Design Engineer":"Avg. Salary \u20b9174k \u2014 \u20b9926k","Project Engineer":"Avg. Salary \u20b9198k \u2014 \u20b9843k","Electrical Engineer":"Avg. Salary \u20b9174k \u2014 \u20b9995k","Project Manager, Information Technology (IT)":"Avg. Salary \u20b9531k \u2014 \u20b92m","Mechanical Design Engineer":"Avg. Salary \u20b9159k \u2014 \u20b9820k","Interior Designer":"Avg. Salary \u20b9134k \u2014 \u20b9897k"}}