{"0":{"job_title":"Structural_Design_Engineer","avg_salary":"\u20b9488,354","salary_component":["Base Salary","Bonus","Profit Sharing","Total Pay"],"Base Salary":"\u20b9200k - \u20b91m","Bonus":"\u20b99k - \u20b9130k","Profit Sharing":"\u20b9250 - \u20b9525k","Total Pay":"\u20b9201k - \u20b91m","pay_by_experience_percent":["Entry Level","Early Career","Mid Career","Late Career","Experienced"],"Entry Level":"-46%","Early Career":"-20%","Mid Career":"45%","Late Career":"143%","Experienced":"391%","pay_by_experience_years":["1"],"1":"\u20b9262,407","gender_component":["Male","Female"],"Male":"80.4","Female":"19.6","health_benefits_componentt":["Medical","Dental","Vision","None"],"Medical":"48","Dental":"4","Vision":"5","None":"52","popular_skills_component":["Engineering Design","Bentley STAAD","Autodesk AutoCAD","Microsoft Excel","Computer Aided Design (CAD)"],"Engineering Design":"1%","Bentley STAAD":"\u20b9451,582","Autodesk AutoCAD":"\u20b9362,076","Microsoft Excel":"\u20b9447,056","Computer Aided Design (CAD)":"\u20b9450,000","affect_skills_component":["Autodesk AutoCAD Structural Detailing","Autodesk AutoCAD Civil 3D","Finite Element Analysis (FEA)","Engineering Design","Structural Analysis and Design (STAAD)"],"Autodesk AutoCAD Structural Detailing":"65%","Autodesk AutoCAD Civil 3D":"43%","Finite Element Analysis (FEA)":"29%","Structural Analysis and Design (STAAD)":"1%","career_path_component":["Structural Engineer","Principal Engineer, Structural","Senior Structural Engineer"],"location_component":["Bangalore, Karnataka","Mumbai, Maharashtra","Chennai, Tamil Nadu","Pune, Maharashtra","Hyderabad, Andhra Pradesh","Gurgaon, Haryana","New Delhi, Delhi","Kolkata, West Bengal","Delhi, Delhi","Ahmedabad, Gujarat"],"Bangalore, Karnataka":"2%","Mumbai, Maharashtra":"10%","Chennai, Tamil Nadu":"-22%","Pune, Maharashtra":"1%","Hyderabad, Andhra Pradesh":"-31%","Gurgaon, Haryana":"38%","New Delhi, Delhi":"25%","Kolkata, West Bengal":"-8%","Delhi, Delhi":"29%","Ahmedabad, Gujarat":"-18%","employers_component":["DB Consulting Group, Inc.","Fluor Corporation","Cyient","Afcons Infrastructure Limited"],"DB Consulting Group, Inc.":"Avg. Salary: \u20b9800,185","Fluor Corporation":"Avg. Salary: \u20b9811,500","Cyient":"Avg. Salary: \u20b9434,503","Afcons Infrastructure Limited":"Avg. Salary: \u20b91,000,000","related_job_component":["Civil Engineer","Mechanical Engineer","Design Engineer","Electrical Engineer","Structural Engineer","Project Engineer","Mechanical Design Engineer","Accountant","Senior Mechanical Design Engineer"],"Civil Engineer":"Avg. Salary \u20b9154k \u2014 \u20b9771k","Mechanical Engineer":"Avg. Salary \u20b9152k \u2014 \u20b9983k","Design Engineer":"Avg. Salary \u20b9174k \u2014 \u20b9927k","Electrical Engineer":"Avg. Salary \u20b9174k \u2014 \u20b9995k","Structural Engineer":"Avg. Salary \u20b9211k \u2014 \u20b91m","Project Engineer":"Avg. Salary \u20b9198k \u2014 \u20b9849k","Mechanical Design Engineer":"Avg. Salary \u20b9160k \u2014 \u20b9820k","Accountant":"Avg. Salary \u20b9123k \u2014 \u20b9507k","Senior Mechanical Design Engineer":"Avg. Salary \u20b9362k \u2014 \u20b91m"}}