{"0":{"job_title":"Structural_Engineer","avg_salary":"\u20b9492,648","salary_component":["Base Salary","Bonus","Profit Sharing","Total Pay"],"Base Salary":"\u20b9211k - \u20b91m","Bonus":"\u20b94k - \u20b9151k","Profit Sharing":"\u20b914 - \u20b9225k","Total Pay":"\u20b9214k - \u20b91m","pay_by_experience_percent":["Entry Level","Early Career","Mid Career","Late Career","Experienced"],"Entry Level":"-33%","Early Career":"-20%","Mid Career":"55%","Late Career":"109%","Experienced":"286%","pay_by_experience_years":["1","1-4"],"1":"\u20b9328,244","1-4":"\u20b9395,155","gender_component":["Male","Female"],"Male":"84.6","Female":"15.4","health_benefits_componentt":["Medical","Dental","Vision","None"],"Medical":"63","Dental":"6","Vision":"6","None":"37","popular_skills_component":["Engineering Design","Bentley STAAD","Autodesk AutoCAD","Microsoft Excel","Finite Element Analysis (FEA)"],"Engineering Design":"21%","Bentley STAAD":"3%","Autodesk AutoCAD":"\u20b9371,349","Microsoft Excel":"\u20b9447,669","Finite Element Analysis (FEA)":"34%","affect_skills_component":["Autodesk Robot Structural Analysis Professional","ANSYS Simulation Software","Finite Element Analysis (FEA)","SAP2000","Project Management","Autodesk Revit Structure","Engineering Design","Windows Operating System General Use","Bentley STAAD","Structural Analysis and Design (STAAD)"],"Autodesk Robot Structural Analysis Professional":"103%","ANSYS Simulation Software":"89%","SAP2000":"31%","Project Management":"24%","Autodesk Revit Structure":"22%","Windows Operating System General Use":"9%","Structural Analysis and Design (STAAD)":"2%","career_path_component":["Senior Structural Engineer","Structural Design Engineer"],"location_component":["Mumbai, Maharashtra","Chennai, Tamil Nadu","Bangalore, Karnataka","Pune, Maharashtra","Hyderabad, Andhra Pradesh","New Delhi, Delhi","Ahmedabad, Gujarat","Delhi, Delhi","Gurgaon, Haryana","Kolkata, West Bengal"],"Mumbai, Maharashtra":"19%","Chennai, Tamil Nadu":"1%","Bangalore, Karnataka":"12%","Pune, Maharashtra":"1%","Hyderabad, Andhra Pradesh":"-10%","New Delhi, Delhi":"40%","Ahmedabad, Gujarat":"-12%","Delhi, Delhi":"-13%","Gurgaon, Haryana":"60%","Kolkata, West Bengal":"37%","employers_component":["WS Atkins Consultants Limited","Fluor Corporation","Larsen & Toubro Limited","Aecom Corporation","Saipem India Projects Limited","Black and Veatch","Larsen and Toubro Ltd."],"WS Atkins Consultants Limited":"Avg. Salary: \u20b9999,947","Fluor Corporation":"Avg. Salary: \u20b91,200,000","Larsen & Toubro Limited":"Avg. Salary: \u20b9900,000","Aecom Corporation":"Avg. Salary: \u20b9644,000","Saipem India Projects Limited":"Avg. Salary: \u20b9499,100","Black and Veatch":"Avg. Salary: \u20b9700,308","Larsen and Toubro Ltd.":"Avg. Salary: \u20b9700,000","related_job_component":["Civil Engineer","Mechanical Engineer","Design Engineer","Electrical Engineer","Project Manager, (Unspecified Type \/ General)","Project Engineer","Business Analyst, IT","Operations Manager","Project Manager, Information Technology (IT)"],"Civil Engineer":"Avg. Salary \u20b9154k \u2014 \u20b9771k","Mechanical Engineer":"Avg. Salary \u20b9152k \u2014 \u20b9983k","Design Engineer":"Avg. Salary \u20b9174k \u2014 \u20b9926k","Electrical Engineer":"Avg. Salary \u20b9174k \u2014 \u20b9995k","Project Manager, (Unspecified Type \/ General)":"Avg. Salary \u20b9456k \u2014 \u20b92m","Project Engineer":"Avg. Salary \u20b9198k \u2014 \u20b9849k","Business Analyst, IT":"Avg. Salary \u20b9275k \u2014 \u20b91m","Operations Manager":"Avg. Salary \u20b9297k \u2014 \u20b92m","Project Manager, Information Technology (IT)":"Avg. Salary \u20b9531k \u2014 \u20b92m"}}