{"0":{"job_title":"Supplier_Quality_Engineer_(SQE)","avg_salary":"\u20b9388,766","salary_component":["Base Salary","Bonus","Profit Sharing","Total Pay"],"Base Salary":"\u20b9174k - \u20b91m","Bonus":"\u20b910k - \u20b9100k","Profit Sharing":"\u20b9-22 - \u20b9203k","Total Pay":"\u20b9179k - \u20b91m","pay_by_experience_percent":["Entry Level","Early Career","Mid Career","Late Career"],"Entry Level":"-51%","Early Career":"-25%","Mid Career":"40%","Late Career":"107%","pay_by_experience_years":["1"],"1":"\u20b9190,000","gender_component":["Male","Female"],"Male":"95.0","Female":"5.0","health_benefits_componentt":["Medical","Dental","Vision","None"],"Medical":"77","Dental":"5","Vision":"6","None":"22","popular_skills_component":["Quality Assurance \/ Quality Control","Quality Improvement \/ QA","Supplier Management","Problem Solving","Auditing"],"Quality Assurance \/ Quality Control":"\u20b9382,313","Quality Improvement \/ QA":"1%","Supplier Management":"10%","Problem Solving":"\u20b9378,012","Auditing":"\u20b9359,272","affect_skills_component":["Product Development","Supplier Management","Quality Improvement \/ QA"],"Product Development":"54%","career_path_component":["Senior Supplier Quality Engineer (SQE)","Strategic Sourcing Manager","Quality Manager"],"location_component":["Pune, Maharashtra","Chennai, Tamil Nadu","Bangalore, Karnataka","Gurgaon, Haryana","Noida, Uttar Pradesh","Mumbai, Maharashtra","New Delhi, Delhi","Ahmedabad, Gujarat","Delhi, Delhi"],"Pune, Maharashtra":"15%","Chennai, Tamil Nadu":"%","Bangalore, Karnataka":"3%","Gurgaon, Haryana":"-4%","Noida, Uttar Pradesh":"9%","Mumbai, Maharashtra":"-38%","New Delhi, Delhi":"226%","Ahmedabad, Gujarat":"-23%","Delhi, Delhi":"11%","employers_component":["General Electric Co (GE)","Robert Bosch"],"General Electric Co (GE)":"Avg. Salary: \u20b9800,000","Robert Bosch":"Avg. Salary: \u20b9596,500","related_job_component":["Mechanical Engineer","Civil Engineer","Accountant","Quality Assurance (QA) \/ Quality Control (QC) Engineer","Data Analyst","Project Manager, (Unspecified Type \/ General)","Design Engineer","Quality Assurance (QA) \/ Quality Control (QC) Inspector","Computer Operator"],"Mechanical Engineer":"Avg. Salary \u20b9152k \u2014 \u20b9983k","Civil Engineer":"Avg. Salary \u20b9154k \u2014 \u20b9771k","Accountant":"Avg. Salary \u20b9123k \u2014 \u20b9507k","Quality Assurance (QA) \/ Quality Control (QC) Engineer":"Avg. Salary \u20b9146k \u2014 \u20b9616k","Data Analyst":"Avg. Salary \u20b9200k \u2014 \u20b9960k","Project Manager, (Unspecified Type \/ General)":"Avg. Salary \u20b9456k \u2014 \u20b92m","Design Engineer":"Avg. Salary \u20b9174k \u2014 \u20b9926k","Quality Assurance (QA) \/ Quality Control (QC) Inspector":"Avg. Salary \u20b9122k \u2014 \u20b9692k","Computer Operator":"Avg. Salary \u20b999k \u2014 \u20b9402k"}}