{"0":{"job_title":"Vice_President_(VP)%2C_Engineering","avg_salary":"\u20b94,002,981","salary_component":["Base Salary","Bonus","Profit Sharing","Total Pay"],"Base Salary":"\u20b92m - \u20b97m","Bonus":"\u20b9197k - \u20b92m","Profit Sharing":"\u20b9101k - \u20b92m","Total Pay":"\u20b92m - \u20b98m","pay_by_experience_percent":["Mid Career","Late Career","Experienced"],"Mid Career":"-37%","Late Career":"-2%","Experienced":"15%","pay_by_experience_years":["5-9","10-19"],"5-9":"\u20b92,519,910","10-19":"\u20b93,929,161","gender_component":["Male","Female"],"Male":"95.9","Female":"4.1","health_benefits_componentt":["Medical","Dental","Vision","None"],"Medical":"79","Dental":"10","Vision":"12","None":"20","popular_skills_component":["Leadership","Engineering Design","Product Development","Project Management","People Management"],"Leadership":"4%","Engineering Design":"\u20b93,846,031","Product Development":"\u20b93,998,928","Project Management":"\u20b93,714,221","People Management":"2%","affect_skills_component":["Agile Software Development","Team Management","Technical Services","Leadership","Software Architecture","People Management"],"Agile Software Development":"50%","Team Management":"12%","Technical Services":"7%","Software Architecture":"3%","career_path_component":["Vice President (VP), Information Technol...","Information Technology (IT) Director","Chief Technology Officer (CTO)"],"location_component":["Bangalore, Karnataka","Mumbai, Maharashtra","Hyderabad, Andhra Pradesh","Chennai, Tamil Nadu","Pune, Maharashtra","Gurgaon, Haryana","New Delhi, Delhi","Delhi, Delhi","Noida, Uttar Pradesh","Kolkata, West Bengal"],"Bangalore, Karnataka":"-1%","Mumbai, Maharashtra":"-1%","Hyderabad, Andhra Pradesh":"-5%","Chennai, Tamil Nadu":"2%","Pune, Maharashtra":"-9%","Gurgaon, Haryana":"14%","New Delhi, Delhi":"%","Delhi, Delhi":"31%","Noida, Uttar Pradesh":"55%","Kolkata, West Bengal":"-33%","employers_component":["The Goldman Sachs Group, Inc.","J.P. Morgan Chase & Co. (JPMCC)"],"The Goldman Sachs Group, Inc.":"Avg. Salary: \u20b92,891,156","J.P. Morgan Chase & Co. (JPMCC)":"Avg. Salary: \u20b93,078,000","related_job_component":["Operations Manager","Project Manager, (Unspecified Type \/ General)","Software Engineer","Senior Software Engineer","Operations Team Leader","Mechanical Engineer","Civil Engineer","Design Engineer","Team Leader, IT"],"Operations Manager":"Avg. Salary \u20b9297k \u2014 \u20b92m","Project Manager, (Unspecified Type \/ General)":"Avg. Salary \u20b9456k \u2014 \u20b92m","Software Engineer":"Avg. Salary \u20b9262k \u2014 \u20b91m","Senior Software Engineer":"Avg. Salary \u20b9493k \u2014 \u20b92m","Operations Team Leader":"Avg. Salary \u20b9242k \u2014 \u20b9948k","Mechanical Engineer":"Avg. Salary \u20b9152k \u2014 \u20b9983k","Civil Engineer":"Avg. Salary \u20b9154k \u2014 \u20b9771k","Design Engineer":"Avg. Salary \u20b9174k \u2014 \u20b9926k","Team Leader, IT":"Avg. Salary \u20b9584k \u2014 \u20b92m"}}