{"0":{"job_title":"Accountant","avg_salary":"\u20b9249,516","salary_component":["Base Salary","Bonus","Profit Sharing","Commission","Total Pay"],"Base Salary":"\u20b9123k - \u20b9507k","Bonus":"\u20b95k - \u20b960k","Profit Sharing":"\u20b941 - \u20b9199k","Commission":"\u20b93k - \u20b999k","Total Pay":"\u20b9128k - \u20b9583k","pay_by_experience_percent":["Entry Level","Early Career","Mid Career","Late Career","Experienced"],"Entry Level":"-21%","Early Career":"-7%","Mid Career":"19%","Late Career":"42%","Experienced":"59%","pay_by_experience_years":["1","1-4"],"1":"\u20b9198,329","1-4":"\u20b9231,211","gender_component":["Male","Female","Prefer to self-define"],"Male":"78.7","Female":"21.2","Prefer to self-define":"0.1","health_benefits_componentt":["Medical","Dental","Vision","None"],"Medical":"34","Dental":"3","Vision":"3","None":"66","popular_skills_component":["General Ledger Accounting","Accounts Payable","Microsoft Excel","Bookkeeping","Financial Reporting"],"General Ledger Accounting":"\u20b9248,705","Accounts Payable":"\u20b9263,665","Microsoft Excel":"\u20b9240,304","Bookkeeping":"\u20b9242,729","Financial Reporting":"\u20b9265,703","affect_skills_component":["Budget Management","Typing","Database Management & Reporting","Data Entry","Cash Handling","Financial Analysis","SAP Financial Accounting and Controlling (SAP FICO)","Account Management","Tax Compliance","Billing"],"Budget Management":"261%","Typing":"81%","Database Management & Reporting":"64%","Data Entry":"57%","Cash Handling":"52%","Financial Analysis":"18%","SAP Financial Accounting and Controlling (SAP FICO)":"18%","Account Management":"15%","Tax Compliance":"15%","Billing":"8%","career_path_component":["Senior Accountant","Account Executive","Finance Manager"],"location_component":["Mumbai, Maharashtra","New Delhi, Delhi","Bangalore, Karnataka","Pune, Maharashtra","Chennai, Tamil Nadu","Kolkata, West Bengal","Delhi, Delhi","Hyderabad, Andhra Pradesh","Ahmedabad, Gujarat","Jaipur, Rajasthan"],"Mumbai, Maharashtra":"2%","New Delhi, Delhi":"2%","Bangalore, Karnataka":"18%","Pune, Maharashtra":"-1%","Chennai, Tamil Nadu":"9%","Kolkata, West Bengal":"-11%","Delhi, Delhi":"1%","Hyderabad, Andhra Pradesh":"11%","Ahmedabad, Gujarat":"8%","Jaipur, Rajasthan":"%","employers_component":["Genpact","Infosys BPO","Accountants, Inc.","Abc Corp.","Any Company","Capgemini","Sobha Developers Ltd","Larsen & Toubro Limited","CA, Inc.","Tata Motors"],"Genpact":"Avg. Salary: \u20b9259,615","Infosys BPO":"Avg. Salary: \u20b9330,000","Accountants, Inc.":"Avg. Salary: \u20b9220,000","Abc Corp.":"Avg. Salary: \u20b9280,000","Any Company":"Avg. Salary: \u20b9380,000","Capgemini":"Avg. Salary: \u20b9305,000","Sobha Developers Ltd":"Avg. Salary: \u20b9300,000","Larsen & Toubro Limited":"Avg. Salary: \u20b9580,930","CA, Inc.":"Avg. Salary: \u20b9122,084","Tata Motors":"Avg. Salary: \u20b9250,000","related_job_component":["Chartered Accountant","Finance Manager","Financial Analyst","Data Analyst","Civil Engineer","Account Executive","Senior Accountant","Mechanical Engineer","Data Entry Operator"],"Chartered Accountant":"Avg. Salary \u20b9413k \u2014 \u20b92m","Finance Manager":"Avg. Salary \u20b9354k \u2014 \u20b92m","Financial Analyst":"Avg. Salary \u20b9220k \u2014 \u20b9992k","Data Analyst":"Avg. Salary \u20b9201k \u2014 \u20b9959k","Civil Engineer":"Avg. Salary \u20b9154k \u2014 \u20b9771k","Account Executive":"Avg. Salary \u20b9155k \u2014 \u20b9499k","Senior Accountant":"Avg. Salary \u20b9242k \u2014 \u20b9770k","Mechanical Engineer":"Avg. Salary \u20b9152k \u2014 \u20b9983k","Data Entry Operator":"Avg. Salary \u20b998k \u2014 \u20b9349k"}}