{"0":{"job_title":"Accounting_Manager","avg_salary":"\u20b9711,825","salary_component":["Base Salary","Bonus","Profit Sharing","Commission","Total Pay"],"Base Salary":"\u20b9223k - \u20b92m","Bonus":"\u20b910k - \u20b9263k","Profit Sharing":"\u20b97 - \u20b9497k","Commission":"\u20b90 - \u20b975k","Total Pay":"\u20b9244k - \u20b92m","pay_by_experience_percent":["Entry Level","Early Career","Mid Career","Late Career","Experienced"],"Entry Level":"-47%","Early Career":"-31%","Mid Career":"10%","Late Career":"16%","Experienced":"14%","pay_by_experience_years":["1","1-4"],"1":"\u20b9375,000","1-4":"\u20b9492,748","gender_component":["Male","Female"],"Male":"84.6","Female":"15.4","health_benefits_componentt":["Medical","Dental","Vision","None"],"Medical":"71","Dental":"8","Vision":"8","None":"29","popular_skills_component":["Financial Reporting","General Ledger Accounting","Month-End Close","Accounts Payable","Microsoft Excel"],"Financial Reporting":"19%","General Ledger Accounting":"14%","Month-End Close":"23%","Accounts Payable":"11%","Microsoft Excel":"\u20b9736,976","affect_skills_component":["Payroll Administration","Tax Compliance","Month-End Close","Microsoft Word","Financial Reporting","Microsoft Office","General Ledger Accounting","Accounts Payable","Financial Analysis","Internal Audit"],"Payroll Administration":"40%","Tax Compliance":"34%","Microsoft Word":"20%","Microsoft Office":"19%","Financial Analysis":"11%","Internal Audit":"9%","career_path_component":["Finance Manager","Financial Accounting Manager","Senior Finance Manager"],"location_component":["Mumbai, Maharashtra","Bangalore, Karnataka","Chennai, Tamil Nadu","Hyderabad, Andhra Pradesh","Pune, Maharashtra","New Delhi, Delhi","Delhi, Delhi","Kolkata, West Bengal","Gurgaon, Haryana","Ahmedabad, Gujarat"],"Mumbai, Maharashtra":"3%","Bangalore, Karnataka":"38%","Chennai, Tamil Nadu":"27%","Hyderabad, Andhra Pradesh":"-6%","Pune, Maharashtra":"2%","New Delhi, Delhi":"51%","Delhi, Delhi":"26%","Kolkata, West Bengal":"13%","Gurgaon, Haryana":"-14%","Ahmedabad, Gujarat":"-16%","employers_component":["Enrich IT","Accenture","Fair Isaac Corporation"],"Enrich IT":"Avg. Salary: \u20b9880,000","Accenture":"Avg. Salary: \u20b91,025,000","Fair Isaac Corporation":"Avg. Salary: \u20b91,504,983","related_job_component":["Accountant","Finance Manager","Financial Analyst","Chartered Accountant","Account Executive","Civil Engineer","Senior Accountant","Mechanical Engineer","Assistant Finance Manager"],"Accountant":"Avg. Salary \u20b9123k \u2014 \u20b9507k","Finance Manager":"Avg. Salary \u20b9354k \u2014 \u20b92m","Financial Analyst":"Avg. Salary \u20b9220k \u2014 \u20b9992k","Chartered Accountant":"Avg. Salary \u20b9413k \u2014 \u20b92m","Account Executive":"Avg. Salary \u20b9155k \u2014 \u20b9499k","Civil Engineer":"Avg. Salary \u20b9154k \u2014 \u20b9771k","Senior Accountant":"Avg. Salary \u20b9242k \u2014 \u20b9770k","Mechanical Engineer":"Avg. Salary \u20b9152k \u2014 \u20b9983k","Assistant Finance Manager":"Avg. Salary \u20b9351k \u2014 \u20b91m"}}