{"0":{"job_title":"Accounting_Analyst","avg_salary":"\u20b9408,825","salary_component":["Base Salary","Bonus","Profit Sharing","Total Pay"],"Base Salary":"\u20b9261k - \u20b9750k","Bonus":"\u20b94k - \u20b9100k","Profit Sharing":"\u20b90 - \u20b915k","Total Pay":"\u20b9262k - \u20b9745k","pay_by_experience_percent":["Early Career","Mid Career","Late Career"],"Early Career":"-17%","Mid Career":"15%","Late Career":"71%","pay_by_experience_years":["1-4","5-9"],"1-4":"\u20b9339,207","5-9":"\u20b9469,144","gender_component":["Male","Female"],"Male":"92.6","Female":"7.4","health_benefits_componentt":["Medical","Dental","Vision","None"],"Medical":"76","Dental":"19","Vision":"11","None":"22","popular_skills_component":["Accounting","General Ledger Accounting","Microsoft Excel","Financial Analysis","Reconciliation"],"Accounting":"3%","General Ledger Accounting":"13%","Microsoft Excel":"3%","Financial Analysis":"19%","Reconciliation":"15%","affect_skills_component":["Financial Analysis","Reconciliation","General Ledger Accounting","Accounting","Microsoft Excel"],"career_path_component":[],"location_component":["Bangalore, Karnataka","Chennai, Tamil Nadu","Hyderabad, Andhra Pradesh","Mumbai, Maharashtra","Gurgaon, Haryana"],"Bangalore, Karnataka":"-16%","Chennai, Tamil Nadu":"14%","Hyderabad, Andhra Pradesh":"-25%","Mumbai, Maharashtra":"3%","Gurgaon, Haryana":"25%","employers_component":["Accenture"],"Accenture":"Avg. Salary: \u20b9494,827","related_job_component":["Accountant","Financial Analyst","Finance Manager","Account Executive","Senior Accountant","Senior Financial Analyst","Civil Engineer","Accounts Assistant","Assistant Finance Manager"],"Accountant":"Avg. Salary \u20b9123k \u2014 \u20b9507k","Financial Analyst":"Avg. Salary \u20b9220k \u2014 \u20b9995k","Finance Manager":"Avg. Salary \u20b9354k \u2014 \u20b92m","Account Executive":"Avg. Salary \u20b9155k \u2014 \u20b9498k","Senior Accountant":"Avg. Salary \u20b9243k \u2014 \u20b9765k","Senior Financial Analyst":"Avg. Salary \u20b9304k \u2014 \u20b91m","Civil Engineer":"Avg. Salary \u20b9154k \u2014 \u20b9773k","Accounts Assistant":"Avg. Salary \u20b9121k \u2014 \u20b9416k","Assistant Finance Manager":"Avg. Salary \u20b9354k \u2014 \u20b91m"}}