{"0":{"job_title":"Accounting_Supervisor","avg_salary":"\u20b9434,483","salary_component":["Base Salary","Bonus","Profit Sharing","Commission","Total Pay"],"Base Salary":"\u20b9155k - \u20b91m","Bonus":"\u20b9751 - \u20b9175k","Profit Sharing":"\u20b98 - \u20b9298k","Commission":"\u20b90 - \u20b91k","Total Pay":"\u20b9170k - \u20b92m","pay_by_experience_percent":["Entry Level","Early Career","Mid Career","Late Career","Experienced"],"Entry Level":"-45%","Early Career":"-43%","Mid Career":"20%","Late Career":"85%","Experienced":"107%","pay_by_experience_years":["1","1-4"],"1":"\u20b9239,662","1-4":"\u20b9246,303","gender_component":["Male","Female"],"Male":"90.0","Female":"10.0","health_benefits_componentt":["Medical","Dental","Vision","None"],"Medical":"80","Dental":"13","Vision":"13","None":"20","popular_skills_component":["General Ledger Accounting","Accounts Payable","Microsoft Excel","Month-End Close","Accounts Receivable"],"General Ledger Accounting":"9%","Accounts Payable":"\u20b9370,000","Microsoft Excel":"15%","Month-End Close":"79%","Accounts Receivable":"43%","affect_skills_component":["Financial Reporting","Month-End Close","Accounts Receivable","Microsoft Excel","General Ledger Accounting"],"Financial Reporting":"121%","career_path_component":["Accounting Manager","Salesforce Administrator","Accountant"],"location_component":["Bangalore, Karnataka","Mumbai, Maharashtra","Chennai, Tamil Nadu","Hyderabad, Andhra Pradesh"],"Bangalore, Karnataka":"117%","Mumbai, Maharashtra":"57%","Chennai, Tamil Nadu":"16%","Hyderabad, Andhra Pradesh":"-21%","employers_component":[],"related_job_component":["Accountant","Civil Engineer","Mechanical Engineer","Senior Accountant","Finance Manager","Financial Analyst","Data Analyst","Account Executive","Operations Manager"],"Accountant":"Avg. Salary \u20b9123k \u2014 \u20b9507k","Civil Engineer":"Avg. Salary \u20b9154k \u2014 \u20b9771k","Mechanical Engineer":"Avg. Salary \u20b9152k \u2014 \u20b9983k","Senior Accountant":"Avg. Salary \u20b9242k \u2014 \u20b9770k","Finance Manager":"Avg. Salary \u20b9354k \u2014 \u20b92m","Financial Analyst":"Avg. Salary \u20b9220k \u2014 \u20b9992k","Data Analyst":"Avg. Salary \u20b9201k \u2014 \u20b9959k","Account Executive":"Avg. Salary \u20b9155k \u2014 \u20b9499k","Operations Manager":"Avg. Salary \u20b9297k \u2014 \u20b92m"}}