{"0":{"job_title":"Analyst%2C_Credit_Risk_Management","avg_salary":"\u20b9475,000","salary_component":["Base Salary","Bonus","Profit Sharing","Total Pay"],"Base Salary":"\u20b9194k - \u20b92m","Bonus":"\u20b96 - \u20b9175k","Profit Sharing":"\u20b90 - \u20b975k","Total Pay":"\u20b9215k - \u20b92m","pay_by_experience_percent":["Entry Level","Early Career","Mid Career","Late Career"],"Entry Level":"-8%","Early Career":"-35%","Mid Career":"158%","Late Career":"47%","pay_by_experience_years":["1"],"1":"\u20b9437,556","gender_component":["Male","Female"],"Male":"77.3","Female":"22.7","health_benefits_componentt":["Medical","Vision","None"],"Medical":"67","Vision":"4","None":"33","popular_skills_component":["Risk Management \/ Risk Control","Financial Analysis","Microsoft Excel","Data Analysis"],"Risk Management \/ Risk Control":"111%","Financial Analysis":"132%","Microsoft Excel":"53%","Data Analysis":"\u20b9454,910","affect_skills_component":["Financial Analysis","Risk Management \/ Risk Control","Microsoft Excel"],"career_path_component":[],"location_component":["Mumbai, Maharashtra","Bangalore, Karnataka"],"Mumbai, Maharashtra":"5%","Bangalore, Karnataka":"7%","employers_component":[],"related_job_component":["Financial Analyst","Data Analyst","Accountant","Civil Engineer","Senior Financial Analyst","Finance Manager","Business Analyst, Finance\/Banking","Senior Business Analyst","Research Analyst"],"Financial Analyst":"Avg. Salary \u20b9218k \u2014 \u20b9998k","Data Analyst":"Avg. Salary \u20b9199k \u2014 \u20b9928k","Accountant":"Avg. Salary \u20b9123k \u2014 \u20b9508k","Civil Engineer":"Avg. Salary \u20b9158k \u2014 \u20b9784k","Senior Financial Analyst":"Avg. Salary \u20b9299k \u2014 \u20b91m","Finance Manager":"Avg. Salary \u20b9353k \u2014 \u20b92m","Business Analyst, Finance\/Banking":"Avg. Salary \u20b9284k \u2014 \u20b91m","Senior Business Analyst":"Avg. Salary \u20b9443k \u2014 \u20b92m","Research Analyst":"Avg. Salary \u20b9193k \u2014 \u20b9854k"}}