{"0":{"job_title":"Asset_Manager","avg_salary":"\u20b9707,116","salary_component":["Base Salary","Bonus","Total Pay"],"Base Salary":"\u20b9298k - \u20b91m","Bonus":"\u20b915k - \u20b9888k","Total Pay":"\u20b9328k - \u20b92m","pay_by_experience_percent":["Early Career","Mid Career","Late Career"],"Early Career":"-30%","Mid Career":"6%","Late Career":"16%","pay_by_experience_years":["1-4","5-9"],"1-4":"\u20b9494,348","5-9":"\u20b9752,556","gender_component":["Male","Female"],"Male":"72.2","Female":"27.8","health_benefits_componentt":["Medical","Dental","Vision","None"],"Medical":"64","Dental":"4","Vision":"4","None":"36","popular_skills_component":["Microsoft Excel","Data Analysis","Financial Analysis","Project Management","Inventory Management"],"Microsoft Excel":"\u20b9625,101","Data Analysis":"42%","Financial Analysis":"42%","Project Management":"6%","Inventory Management":"6%","affect_skills_component":["Data Analysis","Financial Analysis","Project Management","Inventory Management"],"career_path_component":[],"location_component":["Bangalore, Karnataka","Chennai, Tamil Nadu","Mumbai, Maharashtra","Pune, Maharashtra","Delhi, Delhi"],"Bangalore, Karnataka":"-8%","Chennai, Tamil Nadu":"7%","Mumbai, Maharashtra":"-29%","Pune, Maharashtra":"-29%","Delhi, Delhi":"-6%","employers_component":[],"related_job_component":["Civil Engineer","Project Manager, (Unspecified Type \/ General)","Mechanical Engineer","Data Analyst","Financial Analyst","Operations Manager","Business Analyst, IT","Accountant","Electrical Engineer"],"Civil Engineer":"Avg. Salary \u20b9154k \u2014 \u20b9771k","Project Manager, (Unspecified Type \/ General)":"Avg. Salary \u20b9456k \u2014 \u20b92m","Mechanical Engineer":"Avg. Salary \u20b9152k \u2014 \u20b9983k","Data Analyst":"Avg. Salary \u20b9201k \u2014 \u20b9960k","Financial Analyst":"Avg. Salary \u20b9220k \u2014 \u20b9994k","Operations Manager":"Avg. Salary \u20b9297k \u2014 \u20b92m","Business Analyst, IT":"Avg. Salary \u20b9275k \u2014 \u20b91m","Accountant":"Avg. Salary \u20b9123k \u2014 \u20b9507k","Electrical Engineer":"Avg. Salary \u20b9174k \u2014 \u20b9995k"}}