{"0":{"job_title":"Assistant_Finance_Manager","avg_salary":"\u20b9718,875","salary_component":["Base Salary","Bonus","Profit Sharing","Total Pay"],"Base Salary":"\u20b9351k - \u20b91m","Bonus":"\u20b910k - \u20b9156k","Profit Sharing":"\u20b96k - \u20b9104k","Total Pay":"\u20b9369k - \u20b91m","pay_by_experience_percent":["Entry Level","Early Career","Mid Career","Late Career","Experienced"],"Entry Level":"-23%","Early Career":"-1%","Mid Career":"1%","Late Career":"6%","Experienced":"-29%","pay_by_experience_years":["1","1-4"],"1":"\u20b9550,000","1-4":"\u20b9709,884","gender_component":["Male","Female"],"Male":"82.1","Female":"17.9","health_benefits_componentt":["Medical","Dental","Vision","None"],"Medical":"71","Dental":"6","Vision":"6","None":"29","popular_skills_component":["Financial Reporting","Financial Analysis","Microsoft Excel","General Ledger Accounting","Accounts Payable"],"Financial Reporting":"\u20b9793,836","Financial Analysis":"11%","Microsoft Excel":"\u20b9724,971","General Ledger Accounting":"\u20b9698,304","Accounts Payable":"\u20b9694,206","affect_skills_component":["Data Analysis","Business Analysis","Process Improvement","Cost Accounting","Auditing","Forecasting","Budgeting","Financial Modeling","Financial Analysis","SAP Financial Accounting and Controlling (SAP FICO)"],"Data Analysis":"88%","Business Analysis":"86%","Process Improvement":"67%","Cost Accounting":"23%","Auditing":"22%","Forecasting":"20%","Budgeting":"18%","Financial Modeling":"13%","SAP Financial Accounting and Controlling (SAP FICO)":"11%","career_path_component":["Finance Manager","Senior Finance Manager","Financial Controller"],"location_component":["Bangalore, Karnataka","Mumbai, Maharashtra","Chennai, Tamil Nadu","Gurgaon, Haryana","Pune, Maharashtra","New Delhi, Delhi","Delhi, Delhi","Hyderabad, Andhra Pradesh","Kolkata, West Bengal","Noida, Uttar Pradesh"],"Bangalore, Karnataka":"12%","Mumbai, Maharashtra":"%","Chennai, Tamil Nadu":"-11%","Gurgaon, Haryana":"12%","Pune, Maharashtra":"15%","New Delhi, Delhi":"1%","Delhi, Delhi":"8%","Hyderabad, Andhra Pradesh":"-1%","Kolkata, West Bengal":"-16%","Noida, Uttar Pradesh":"-14%","employers_component":["HSBC","Hindustan Unilever","Genpact","Accenture Technology Solutions","Barclays Shared Services Pvt Ltd","EXL Service.com"],"HSBC":"Avg. Salary: \u20b9934,759","Hindustan Unilever":"Avg. Salary: \u20b91,454,572","Genpact":"Avg. Salary: \u20b9650,000","Accenture Technology Solutions":"Avg. Salary: \u20b91,010,400","Barclays Shared Services Pvt Ltd":"Avg. Salary: \u20b91,017,365","EXL Service.com":"Avg. Salary: \u20b9450,000","related_job_component":["Accountant","Finance Manager","Financial Analyst","Chartered Accountant","Account Executive","Data Analyst","Senior Business Analyst","Senior Financial Analyst","Senior Accountant"],"Accountant":"Avg. Salary \u20b9123k \u2014 \u20b9507k","Finance Manager":"Avg. Salary \u20b9354k \u2014 \u20b92m","Financial Analyst":"Avg. Salary \u20b9220k \u2014 \u20b9994k","Chartered Accountant":"Avg. Salary \u20b9412k \u2014 \u20b92m","Account Executive":"Avg. Salary \u20b9155k \u2014 \u20b9499k","Data Analyst":"Avg. Salary \u20b9201k \u2014 \u20b9959k","Senior Business Analyst":"Avg. Salary \u20b9447k \u2014 \u20b92m","Senior Financial Analyst":"Avg. Salary \u20b9303k \u2014 \u20b91m","Senior Accountant":"Avg. Salary \u20b9243k \u2014 \u20b9767k"}}