{"0":{"job_title":"Assistant_Branch_Manager%2C_Banking","avg_salary":"\u20b9496,228","salary_component":["Base Salary","Bonus","Profit Sharing","Commission","Total Pay"],"Base Salary":"\u20b9245k - \u20b9844k","Bonus":"\u20b914k - \u20b9151k","Profit Sharing":"\u20b911 - \u20b9247k","Commission":"\u20b910k - \u20b9587k","Total Pay":"\u20b9258k - \u20b9929k","pay_by_experience_percent":["Entry Level","Early Career","Mid Career","Late Career","Experienced"],"Entry Level":"-27%","Early Career":"-18%","Mid Career":"17%","Late Career":"42%","Experienced":"1%","pay_by_experience_years":["1"],"1":"\u20b9362,738","gender_component":["Male","Female","Prefer to self-define"],"Male":"78.9","Female":"20.7","Prefer to self-define":"0.4","health_benefits_componentt":["Medical","Dental","Vision","None"],"Medical":"86","Dental":"12","Vision":"13","None":"13","popular_skills_component":["Banking","Operations Management","Customer Service","Team Leadership","Sales"],"Banking":"\u20b9535,278","Operations Management":"17%","Customer Service":"\u20b9526,233","Team Leadership":"\u20b9511,586","Sales":"\u20b9371,438","affect_skills_component":["Financial Analysis","People Management","Mortgage Loans","Microsoft Office","Loan Processing","Consumer Loans","Credit Control","Operations Management","Leadership","Risk Management \/ Risk Control"],"Financial Analysis":"87%","People Management":"51%","Mortgage Loans":"27%","Microsoft Office":"21%","Loan Processing":"21%","Consumer Loans":"20%","Credit Control":"20%","Leadership":"16%","Risk Management \/ Risk Control":"11%","career_path_component":["Branch Manager, Banking","Finance Manager","Bank Manager"],"location_component":["Mumbai, Maharashtra","Chennai, Tamil Nadu","New Delhi, Delhi","Bangalore, Karnataka","Kolkata, West Bengal","Pune, Maharashtra","Hyderabad, Andhra Pradesh","Delhi, Delhi","Jaipur, Rajasthan","Lucknow, Uttar Pradesh"],"Mumbai, Maharashtra":"21%","Chennai, Tamil Nadu":"20%","New Delhi, Delhi":"21%","Bangalore, Karnataka":"25%","Kolkata, West Bengal":"11%","Pune, Maharashtra":"-22%","Hyderabad, Andhra Pradesh":"-9%","Delhi, Delhi":"-19%","Jaipur, Rajasthan":"12%","Lucknow, Uttar Pradesh":"-2%","employers_component":["Axis Bank","HDFC Bank Pvt Ltd","State Bank of India","ICICI Bank","IDBI Bank Ltd.","Yes Bank","Union Bank of India","Andhra Bank","HSBC","Kotak Mahindra Bank"],"Axis Bank":"Avg. Salary: \u20b9384,220","HDFC Bank Pvt Ltd":"Avg. Salary: \u20b9400,126","State Bank of India":"Avg. Salary: \u20b9652,631","ICICI Bank":"Avg. Salary: \u20b9512,195","IDBI Bank Ltd.":"Avg. Salary: \u20b9727,001","Yes Bank":"Avg. Salary: \u20b9380,000","Union Bank of India":"Avg. Salary: \u20b9547,185","Andhra Bank":"Avg. Salary: \u20b9578,137","HSBC":"Avg. Salary: \u20b9600,000","Kotak Mahindra Bank":"Avg. Salary: \u20b9229,565","related_job_component":["Operations Manager","Area Sales Manager","Operations Team Leader","Relationship Manager","Regional Sales Manager","Business Development Manager","Branch Manager, Banking","Assistant Manager, Customer Service","Civil Engineer"],"Operations Manager":"Avg. Salary \u20b9297k \u2014 \u20b92m","Area Sales Manager":"Avg. Salary \u20b9299k \u2014 \u20b91m","Operations Team Leader":"Avg. Salary \u20b9242k \u2014 \u20b9948k","Relationship Manager":"Avg. Salary \u20b9202k \u2014 \u20b9805k","Regional Sales Manager":"Avg. Salary \u20b9480k \u2014 \u20b92m","Business Development Manager":"Avg. Salary \u20b9266k \u2014 \u20b91m","Branch Manager, Banking":"Avg. Salary \u20b9347k \u2014 \u20b91m","Assistant Manager, Customer Service":"Avg. Salary \u20b9252k \u2014 \u20b9955k","Civil Engineer":"Avg. Salary \u20b9154k \u2014 \u20b9771k"}}