{"0":{"job_title":"Assistant_Bank_Manager","avg_salary":"\u20b9425,000","salary_component":["Base Salary","Bonus","Profit Sharing","Total Pay"],"Base Salary":"\u20b9199k - \u20b9961k","Bonus":"\u20b96k - \u20b9225k","Profit Sharing":"\u20b93k - \u20b9300k","Total Pay":"\u20b9206k - \u20b91m","pay_by_experience_percent":["Entry Level","Early Career","Mid Career","Late Career"],"Entry Level":"-7%","Early Career":"6%","Mid Career":"43%","Late Career":"124%","pay_by_experience_years":["1","1-4"],"1":"\u20b9395,479","1-4":"\u20b9450,000","gender_component":["Male","Female"],"Male":"87.5","Female":"12.5","health_benefits_componentt":["Medical","Dental","Vision","None"],"Medical":"89","Dental":"28","Vision":"17","None":"11","popular_skills_component":["Banking","Operations Management","Customer Service","Loan Processing"],"Banking":"29%","Operations Management":"55%","Customer Service":"45%","Loan Processing":"53%","affect_skills_component":["Operations Management","Loan Processing","Customer Service","Banking"],"career_path_component":[],"location_component":["Mumbai, Maharashtra","Pune, Maharashtra","Chennai, Tamil Nadu","Hyderabad, Andhra Pradesh","New Delhi, Delhi","Bangalore, Karnataka","Kochi, Kerala","Kolkata, West Bengal"],"Mumbai, Maharashtra":"153%","Pune, Maharashtra":"76%","Chennai, Tamil Nadu":"124%","Hyderabad, Andhra Pradesh":"44%","New Delhi, Delhi":"-1%","Bangalore, Karnataka":"18%","Kochi, Kerala":"-11%","Kolkata, West Bengal":"-6%","employers_component":["IDBI Bank Ltd."],"IDBI Bank Ltd.":"Avg. Salary: \u20b9958,647","related_job_component":["Operations Manager","Branch Manager, Banking","Assistant Branch Manager, Banking","Assistant Manager, Customer Service","Customer Service Representative (CSR)","Customer Service Associate","General \/ Operations Manager","Operations Team Leader","Service Delivery Manager"],"Operations Manager":"Avg. Salary \u20b9297k \u2014 \u20b92m","Branch Manager, Banking":"Avg. Salary \u20b9349k \u2014 \u20b91m","Assistant Branch Manager, Banking":"Avg. Salary \u20b9244k \u2014 \u20b9841k","Assistant Manager, Customer Service":"Avg. Salary \u20b9251k \u2014 \u20b9952k","Customer Service Representative (CSR)":"Avg. Salary \u20b9148k \u2014 \u20b9459k","Customer Service Associate":"Avg. Salary \u20b9151k \u2014 \u20b9407k","General \/ Operations Manager":"Avg. Salary \u20b9319k \u2014 \u20b93m","Operations Team Leader":"Avg. Salary \u20b9243k \u2014 \u20b9933k","Service Delivery Manager":"Avg. Salary \u20b9405k \u2014 \u20b93m"}}