{"0":{"job_title":"Assistant_Controller","avg_salary":"\u20b9688,276","salary_component":["Base Salary","Bonus","Profit Sharing","Commission","Total Pay"],"Base Salary":"\u20b9194k - \u20b92m","Bonus":"\u20b95k - \u20b9199k","Profit Sharing":"\u20b93k - \u20b9375k","Commission":"\u20b90 - \u20b9198k","Total Pay":"\u20b9215k - \u20b92m","pay_by_experience_percent":["Early Career","Mid Career","Late Career"],"Early Career":"2%","Mid Career":"31%","Late Career":"-14%","pay_by_experience_years":["1-4","5-9"],"1-4":"\u20b9700,000","5-9":"\u20b9900,000","gender_component":["Male","Female"],"Male":"87.5","Female":"12.5","health_benefits_componentt":["Medical","Vision","None"],"Medical":"76","Vision":"5","None":"24","popular_skills_component":["Financial Reporting","Month-End Close","General Ledger Accounting","Financial Analysis","Microsoft Excel"],"Financial Reporting":"74%","Month-End Close":"31%","General Ledger Accounting":"54%","Financial Analysis":"89%","Microsoft Excel":"\u20b9618,548","affect_skills_component":["Financial Analysis","Financial Reporting","General Ledger Accounting","Month-End Close"],"career_path_component":["Financial Controller","Finance Manager"],"location_component":["Bangalore, Karnataka","Mumbai, Maharashtra","Chennai, Tamil Nadu","Pune, Maharashtra","New Delhi, Delhi"],"Bangalore, Karnataka":"23%","Mumbai, Maharashtra":"-38%","Chennai, Tamil Nadu":"41%","Pune, Maharashtra":"31%","New Delhi, Delhi":"-42%","employers_component":[],"related_job_component":["Accountant","Financial Analyst","Finance Manager","Senior Accountant","Senior Financial Analyst","Civil Engineer","Chartered Accountant","Assistant Finance Manager","Financial Controller"],"Accountant":"Avg. Salary \u20b9123k \u2014 \u20b9507k","Financial Analyst":"Avg. Salary \u20b9220k \u2014 \u20b9994k","Finance Manager":"Avg. Salary \u20b9354k \u2014 \u20b92m","Senior Accountant":"Avg. Salary \u20b9243k \u2014 \u20b9767k","Senior Financial Analyst":"Avg. Salary \u20b9303k \u2014 \u20b91m","Civil Engineer":"Avg. Salary \u20b9154k \u2014 \u20b9771k","Chartered Accountant":"Avg. Salary \u20b9412k \u2014 \u20b92m","Assistant Finance Manager":"Avg. Salary \u20b9350k \u2014 \u20b91m","Financial Controller":"Avg. Salary \u20b9605k \u2014 \u20b94m"}}