{"0":{"job_title":"Assistant_Controller_(Financial)","avg_salary":"\u20b9934,348","salary_component":["Base Salary","Bonus","Total Pay"],"Base Salary":"\u20b9341k - \u20b92m","Bonus":"\u20b926k - \u20b9210k","Total Pay":"\u20b9352k - \u20b92m","pay_by_experience_percent":["Early Career","Mid Career","Late Career"],"Early Career":"-10%","Mid Career":"9%","Late Career":"31%","pay_by_experience_years":["1-4","5-9"],"1-4":"\u20b9840,392","5-9":"\u20b91,017,365","gender_component":["Male","Female"],"Male":"82.6","Female":"17.4","health_benefits_componentt":["Medical","Dental","Vision","None"],"Medical":"69","Dental":"3","Vision":"8","None":"31","popular_skills_component":["Financial Reporting","Financial Analysis","Microsoft Excel","Financial Applications","Accounts Payable"],"Financial Reporting":"19%","Financial Analysis":"34%","Microsoft Excel":"\u20b9915,762","Financial Applications":"\u20b9925,000","Accounts Payable":"13%","affect_skills_component":["Financial Analysis","Financial Reporting","Accounts Payable"],"career_path_component":[],"location_component":["Bangalore, Karnataka","Pune, Maharashtra","Mumbai, Maharashtra","Chennai, Tamil Nadu","Gurgaon, Haryana","Delhi, Delhi"],"Bangalore, Karnataka":"25%","Pune, Maharashtra":"-9%","Mumbai, Maharashtra":"-2%","Chennai, Tamil Nadu":"-36%","Gurgaon, Haryana":"18%","Delhi, Delhi":"34%","employers_component":[],"related_job_component":["Accountant","Financial Analyst","Finance Manager","Senior Financial Analyst","Civil Engineer","Senior Accountant","Chartered Accountant","Financial Controller","Assistant Finance Manager"],"Accountant":"Avg. Salary \u20b9123k \u2014 \u20b9507k","Financial Analyst":"Avg. Salary \u20b9220k \u2014 \u20b9994k","Finance Manager":"Avg. Salary \u20b9354k \u2014 \u20b92m","Senior Financial Analyst":"Avg. Salary \u20b9303k \u2014 \u20b91m","Civil Engineer":"Avg. Salary \u20b9154k \u2014 \u20b9771k","Senior Accountant":"Avg. Salary \u20b9243k \u2014 \u20b9770k","Chartered Accountant":"Avg. Salary \u20b9412k \u2014 \u20b92m","Financial Controller":"Avg. Salary \u20b9603k \u2014 \u20b94m","Assistant Finance Manager":"Avg. Salary \u20b9350k \u2014 \u20b91m"}}