{"0":{"job_title":"Associate_Auditor","avg_salary":"\u20b9364,217","salary_component":["Base Salary","Bonus","Profit Sharing","Total Pay"],"Base Salary":"\u20b9195k - \u20b9813k","Bonus":"\u20b95k - \u20b9197k","Profit Sharing":"\u20b919 - \u20b9391k","Total Pay":"\u20b9198k - \u20b9887k","pay_by_experience_percent":["Entry Level","Early Career","Mid Career","Late Career"],"Entry Level":"-8%","Early Career":"-3%","Mid Career":"15%","Late Career":"332%","pay_by_experience_years":["1","1-4"],"1":"\u20b9335,918","1-4":"\u20b9352,745","gender_component":["Male","Female"],"Male":"61.4","Female":"38.6","health_benefits_componentt":["Medical","Dental","Vision","None"],"Medical":"68","Dental":"2","Vision":"1","None":"32","popular_skills_component":["Auditing","Microsoft Excel","Internal Audit","Accounting","Data Analysis"],"Auditing":"5%","Microsoft Excel":"\u20b9362,850","Internal Audit":"3%","Accounting":"\u20b9338,896","Data Analysis":"5%","affect_skills_component":["Risk Management \/ Risk Control","Microsoft Office","Sarbanes-Oxley (SOX) Compliance Audit","Financial Analysis","Financial Reporting","Auditing","Data Analysis","Internal Audit"],"Risk Management \/ Risk Control":"51%","Microsoft Office":"37%","Sarbanes-Oxley (SOX) Compliance Audit":"24%","Financial Analysis":"17%","Financial Reporting":"13%","career_path_component":["Internal Auditing Manager","Finance Manager","Senior Auditor"],"location_component":["Bangalore, Karnataka","Mumbai, Maharashtra","Kolkata, West Bengal","Gurgaon, Haryana","New Delhi, Delhi","Chennai, Tamil Nadu","Pune, Maharashtra","Hyderabad, Andhra Pradesh","Delhi, Delhi","Kochi, Kerala"],"Bangalore, Karnataka":"1%","Mumbai, Maharashtra":"4%","Kolkata, West Bengal":"-15%","Gurgaon, Haryana":"-4%","New Delhi, Delhi":"22%","Chennai, Tamil Nadu":"13%","Pune, Maharashtra":"-17%","Hyderabad, Andhra Pradesh":"-9%","Delhi, Delhi":"4%","Kochi, Kerala":"8%","employers_component":["EY (Ernst & Young)","PricewaterhouseCoopers","KPMG, LLP","KPMG International","Grant Thornton Llp"],"EY (Ernst & Young)":"Avg. Salary: \u20b9341,564","PricewaterhouseCoopers":"Avg. Salary: \u20b9360,000","KPMG, LLP":"Avg. Salary: \u20b9365,417","KPMG International":"Avg. Salary: \u20b9370,800","Grant Thornton Llp":"Avg. Salary: \u20b9355,000","related_job_component":["Financial Analyst","Accountant","Finance Manager","Data Analyst","Civil Engineer","Chartered Accountant","Mechanical Engineer","Operations Manager","Senior Financial Analyst"],"Financial Analyst":"Avg. Salary \u20b9220k \u2014 \u20b9992k","Accountant":"Avg. Salary \u20b9123k \u2014 \u20b9507k","Finance Manager":"Avg. Salary \u20b9354k \u2014 \u20b92m","Data Analyst":"Avg. Salary \u20b9201k \u2014 \u20b9959k","Civil Engineer":"Avg. Salary \u20b9154k \u2014 \u20b9771k","Chartered Accountant":"Avg. Salary \u20b9413k \u2014 \u20b92m","Mechanical Engineer":"Avg. Salary \u20b9152k \u2014 \u20b9983k","Operations Manager":"Avg. Salary \u20b9297k \u2014 \u20b92m","Senior Financial Analyst":"Avg. Salary \u20b9304k \u2014 \u20b91m"}}