{"0":{"job_title":"Associate_-_Investment_Banking","avg_salary":"\u20b9705,784","salary_component":["Base Salary","Bonus","Profit Sharing","Total Pay"],"Base Salary":"\u20b9230k - \u20b92m","Bonus":"\u20b919k - \u20b9311k","Profit Sharing":"\u20b94k - \u20b9740k","Total Pay":"\u20b9241k - \u20b92m","pay_by_experience_percent":["Entry Level","Early Career","Mid Career","Late Career"],"Entry Level":"-55%","Early Career":"-35%","Mid Career":"66%","Late Career":"73%","pay_by_experience_years":["1"],"1":"\u20b9316,443","gender_component":["Male","Female"],"Male":"75.7","Female":"24.3","health_benefits_componentt":["Medical","Dental","Vision","None"],"Medical":"77","Dental":"6","Vision":"5","None":"22","popular_skills_component":["Financial Analysis","Microsoft Excel","Operations Management","Risk Management \/ Risk Control","Financial Modeling"],"Financial Analysis":"\u20b9689,855","Microsoft Excel":"\u20b9538,795","Operations Management":"\u20b9732,861","Risk Management \/ Risk Control":"44%","Financial Modeling":"29%","affect_skills_component":["Java","Banking","Java\/J2EE","Investor Relations","Project Management","Data Analysis","Risk Management \/ Risk Control","Financial Modeling","Microsoft Office","Mergers and Acquisitions"],"Java":"160%","Banking":"130%","Java\/J2EE":"114%","Investor Relations":"60%","Project Management":"56%","Data Analysis":"56%","Microsoft Office":"28%","Mergers and Acquisitions":"25%","career_path_component":["Senior Associate - Investment Banking","Operations Team Leader","Vice President (VP), Investment Banking"],"location_component":["Mumbai, Maharashtra","Bangalore, Karnataka","Pune, Maharashtra","Chennai, Tamil Nadu","Hyderabad, Andhra Pradesh","Gurgaon, Haryana","Noida, Uttar Pradesh","New Delhi, Delhi","Gurgaon, Delhi","Coimbatore, Tamil Nadu"],"Mumbai, Maharashtra":"42%","Bangalore, Karnataka":"29%","Pune, Maharashtra":"-38%","Chennai, Tamil Nadu":"-55%","Hyderabad, Andhra Pradesh":"-43%","Gurgaon, Haryana":"39%","Noida, Uttar Pradesh":"-47%","New Delhi, Delhi":"28%","Gurgaon, Delhi":"-32%","Coimbatore, Tamil Nadu":"-52%","employers_component":["J.P. Morgan Chase & Co. (JPMCC)","Deutsche Bank","The Goldman Sachs Group, Inc.","HSBC","State Street Corporation","Nomura","Bnpparibas","Morgan Stanley","Tata Consultancy Services Limited","Accenture"],"J.P. Morgan Chase & Co. (JPMCC)":"Avg. Salary: \u20b91,220,838","Deutsche Bank":"Avg. Salary: \u20b91,119,101","The Goldman Sachs Group, Inc.":"Avg. Salary: \u20b9937,000","HSBC":"Avg. Salary: \u20b91,225,000","State Street Corporation":"Avg. Salary: \u20b9370,202","Nomura":"Avg. Salary: \u20b91,600,000","Bnpparibas":"Avg. Salary: \u20b9290,000","Morgan Stanley":"Avg. Salary: \u20b91,550,000","Tata Consultancy Services Limited":"Avg. Salary: \u20b9510,000","Accenture":"Avg. Salary: \u20b9304,000","related_job_component":["Operations Manager","Financial Analyst","Software Engineer","Project Manager, (Unspecified Type \/ General)","Civil Engineer","Senior Software Engineer","Accountant","Mechanical Engineer","Finance Manager"],"Operations Manager":"Avg. Salary \u20b9297k \u2014 \u20b92m","Financial Analyst":"Avg. Salary \u20b9220k \u2014 \u20b9992k","Software Engineer":"Avg. Salary \u20b9262k \u2014 \u20b91m","Project Manager, (Unspecified Type \/ General)":"Avg. Salary \u20b9458k \u2014 \u20b92m","Civil Engineer":"Avg. Salary \u20b9154k \u2014 \u20b9771k","Senior Software Engineer":"Avg. Salary \u20b9493k \u2014 \u20b92m","Accountant":"Avg. Salary \u20b9123k \u2014 \u20b9507k","Mechanical Engineer":"Avg. Salary \u20b9152k \u2014 \u20b9983k","Finance Manager":"Avg. Salary \u20b9354k \u2014 \u20b92m"}}