{"0":{"job_title":"Associate_Director_of_Financial_Services","avg_salary":"\u20b92,632,784","salary_component":["Base Salary","Bonus","Profit Sharing","Total Pay"],"Base Salary":"\u20b92m - \u20b94m","Bonus":"\u20b999k - \u20b9719k","Profit Sharing":"\u20b90 - \u20b9100k","Total Pay":"\u20b92m - \u20b95m","pay_by_experience_percent":["Mid Career","Late Career","Experienced"],"Mid Career":"-23%","Late Career":"-1%","Experienced":"41%","pay_by_experience_years":["5-9"],"5-9":"\u20b92,040,249","gender_component":["Male","Female"],"Male":"81.1","Female":"18.9","health_benefits_componentt":["Medical","Dental","Vision","None"],"Medical":"84","Dental":"11","Vision":"12","None":"13","popular_skills_component":["Financial Analysis","Risk Management \/ Risk Control","Data Analysis","Project Management","Financial Reporting"],"Financial Analysis":"9%","Risk Management \/ Risk Control":"8%","Data Analysis":"\u20b92,498,328","Project Management":"10%","Financial Reporting":"14%","affect_skills_component":["Financial Modeling","Financial Reporting","Project Management","Strategic Project Management","Financial Analysis","Risk Management \/ Risk Control","Big Data Analytics"],"Financial Modeling":"16%","Strategic Project Management":"10%","Big Data Analytics":"6%","career_path_component":[],"location_component":["Mumbai, Maharashtra","Pune, Maharashtra","Bangalore, Karnataka","Hyderabad, Andhra Pradesh","New Delhi, Delhi","Gurgaon, Haryana","Chennai, Tamil Nadu","Kolkata, West Bengal"],"Mumbai, Maharashtra":"5%","Pune, Maharashtra":"-8%","Bangalore, Karnataka":"23%","Hyderabad, Andhra Pradesh":"-5%","New Delhi, Delhi":"12%","Gurgaon, Haryana":"6%","Chennai, Tamil Nadu":"33%","Kolkata, West Bengal":"-32%","employers_component":["UBS","Standard Chartered Bank","UBS AG","IDFC","PricewaterhouseCoopers"],"UBS":"Avg. Salary: \u20b91,971,507","Standard Chartered Bank":"Avg. Salary: \u20b92,075,000","UBS AG":"Avg. Salary: \u20b92,500,000","IDFC":"Avg. Salary: \u20b92,200,000","PricewaterhouseCoopers":"Avg. Salary: \u20b92,947,906","related_job_component":["Financial Analyst","Project Manager, (Unspecified Type \/ General)","Finance Manager","Operations Manager","Senior Financial Analyst","Data Analyst","Accountant","Chartered Accountant","Project Manager, Information Technology (IT)"],"Financial Analyst":"Avg. Salary \u20b9220k \u2014 \u20b9995k","Project Manager, (Unspecified Type \/ General)":"Avg. Salary \u20b9459k \u2014 \u20b92m","Finance Manager":"Avg. Salary \u20b9354k \u2014 \u20b92m","Operations Manager":"Avg. Salary \u20b9297k \u2014 \u20b92m","Senior Financial Analyst":"Avg. Salary \u20b9304k \u2014 \u20b91m","Data Analyst":"Avg. Salary \u20b9200k \u2014 \u20b9949k","Accountant":"Avg. Salary \u20b9123k \u2014 \u20b9507k","Chartered Accountant":"Avg. Salary \u20b9411k \u2014 \u20b92m","Project Manager, Information Technology (IT)":"Avg. Salary \u20b9547k \u2014 \u20b92m"}}