{"0":{"job_title":"Auditor","avg_salary":"\u20b9485,000","salary_component":["Base Salary","Bonus","Profit Sharing","Total Pay"],"Base Salary":"\u20b9122k - \u20b91m","Bonus":"\u20b98k - \u20b9199k","Profit Sharing":"\u20b9993 - \u20b9252k","Total Pay":"\u20b9125k - \u20b91m","pay_by_experience_percent":["Entry Level","Early Career","Mid Career","Late Career","Experienced"],"Entry Level":"-28%","Early Career":"-16%","Mid Career":"29%","Late Career":"105%","Experienced":"24%","pay_by_experience_years":["1","1-4"],"1":"\u20b9351,329","1-4":"\u20b9408,596","gender_component":["Male","Female"],"Male":"68.5","Female":"31.5","health_benefits_componentt":["Medical","Dental","Vision","None"],"Medical":"71","Dental":"11","Vision":"11","None":"28","popular_skills_component":["Auditing","Microsoft Excel","Microsoft Office","Microsoft Word","Internal Audit"],"Auditing":"5%","Microsoft Excel":"5%","Microsoft Office":"3%","Microsoft Word":"\u20b9407,791","Internal Audit":"22%","affect_skills_component":["Risk Management \/ Risk Control","Financial Reporting","Windows Operating System General Use","Accounting","Internal Audit","Auditing","Microsoft Excel","Evaluation and Management Auditing","Microsoft Office"],"Risk Management \/ Risk Control":"48%","Financial Reporting":"40%","Windows Operating System General Use":"27%","Accounting":"24%","Evaluation and Management Auditing":"5%","career_path_component":["Internal Auditor","Senior Account Executive","Auditing Manager"],"location_component":["Mumbai, Maharashtra","Bangalore, Karnataka","Pune, Maharashtra","Chennai, Tamil Nadu","New Delhi, Delhi","Hyderabad, Andhra Pradesh","Kolkata, West Bengal","Delhi, Delhi","Ahmedabad, Gujarat","Gurgaon, Haryana"],"Mumbai, Maharashtra":"%","Bangalore, Karnataka":"-16%","Pune, Maharashtra":"1%","Chennai, Tamil Nadu":"5%","New Delhi, Delhi":"44%","Hyderabad, Andhra Pradesh":"-24%","Kolkata, West Bengal":"46%","Delhi, Delhi":"6%","Ahmedabad, Gujarat":"3%","Gurgaon, Haryana":"65%","employers_component":["EY (Ernst & Young)","Deloitte"],"EY (Ernst & Young)":"Avg. Salary: \u20b9740,866","Deloitte":"Avg. Salary: \u20b9650,000","related_job_component":["Civil Engineer","Mechanical Engineer","Data Analyst","Accountant","Financial Analyst","Operations Manager","Finance Manager","Chartered Accountant","Business Analyst, IT"],"Civil Engineer":"Avg. Salary \u20b9154k \u2014 \u20b9771k","Mechanical Engineer":"Avg. Salary \u20b9152k \u2014 \u20b9983k","Data Analyst":"Avg. Salary \u20b9201k \u2014 \u20b9959k","Accountant":"Avg. Salary \u20b9123k \u2014 \u20b9507k","Financial Analyst":"Avg. Salary \u20b9220k \u2014 \u20b9994k","Operations Manager":"Avg. Salary \u20b9297k \u2014 \u20b92m","Finance Manager":"Avg. Salary \u20b9354k \u2014 \u20b92m","Chartered Accountant":"Avg. Salary \u20b9412k \u2014 \u20b92m","Business Analyst, IT":"Avg. Salary \u20b9275k \u2014 \u20b91m"}}