{"0":{"job_title":"Auditing_Manager","avg_salary":"\u20b9834,515","salary_component":["Base Salary","Bonus","Profit Sharing","Total Pay"],"Base Salary":"\u20b9351k - \u20b92m","Bonus":"\u20b922k - \u20b9308k","Profit Sharing":"\u20b916k - \u20b9198k","Total Pay":"\u20b9359k - \u20b92m","pay_by_experience_percent":["Entry Level","Early Career","Mid Career","Late Career"],"Entry Level":"-47%","Early Career":"-29%","Mid Career":"76%","Late Career":"46%","pay_by_experience_years":["1","1-4"],"1":"\u20b9442,186","1-4":"\u20b9592,840","gender_component":["Male","Female"],"Male":"78.6","Female":"21.4","health_benefits_componentt":["Medical","Dental","Vision","None"],"Medical":"50","Dental":"4","Vision":"4","None":"50","popular_skills_component":["Auditing","Financial Reporting","Internal Audit","Microsoft Excel","Regulatory Compliance"],"Auditing":"\u20b9824,431","Financial Reporting":"\u20b9610,419","Internal Audit":"\u20b9801,497","Microsoft Excel":"\u20b9741,599","Regulatory Compliance":"10%","affect_skills_component":["Project Management","Accounting","Sarbanes-Oxley (SOX) Compliance Audit","Risk Management \/ Risk Control","Regulatory Compliance"],"Project Management":"131%","Accounting":"122%","Sarbanes-Oxley (SOX) Compliance Audit":"96%","Risk Management \/ Risk Control":"67%","career_path_component":["Finance Manager","Senior Manager Auditor","Internal Auditing Manager"],"location_component":["Mumbai, Maharashtra","Bangalore, Karnataka","Chennai, Tamil Nadu","New Delhi, Delhi","Ahmedabad, Gujarat","Gurgaon, Haryana","Delhi, Delhi","Kolkata, West Bengal","Hyderabad, Andhra Pradesh","Pune, Maharashtra"],"Mumbai, Maharashtra":"1%","Bangalore, Karnataka":"37%","Chennai, Tamil Nadu":"-10%","New Delhi, Delhi":"4%","Ahmedabad, Gujarat":"-34%","Gurgaon, Haryana":"-4%","Delhi, Delhi":"83%","Kolkata, West Bengal":"2%","Hyderabad, Andhra Pradesh":"-34%","Pune, Maharashtra":"-34%","employers_component":["EY (Ernst & Young)","Kpmg Consulting"],"EY (Ernst & Young)":"Avg. Salary: \u20b91,815,143","Kpmg Consulting":"Avg. Salary: \u20b91,809,500","related_job_component":["Financial Analyst","Accountant","Chartered Accountant","Finance Manager","Civil Engineer","Project Manager, (Unspecified Type \/ General)","Operations Manager","Mechanical Engineer","Senior Financial Analyst"],"Financial Analyst":"Avg. Salary \u20b9220k \u2014 \u20b9995k","Accountant":"Avg. Salary \u20b9123k \u2014 \u20b9507k","Chartered Accountant":"Avg. Salary \u20b9411k \u2014 \u20b92m","Finance Manager":"Avg. Salary \u20b9353k \u2014 \u20b92m","Civil Engineer":"Avg. Salary \u20b9154k \u2014 \u20b9773k","Project Manager, (Unspecified Type \/ General)":"Avg. Salary \u20b9459k \u2014 \u20b92m","Operations Manager":"Avg. Salary \u20b9297k \u2014 \u20b92m","Mechanical Engineer":"Avg. Salary \u20b9151k \u2014 \u20b9982k","Senior Financial Analyst":"Avg. Salary \u20b9304k \u2014 \u20b91m"}}