[{"job_title":"Accountant","avg_salary":"₹249,659","pay_by_experience":"An entry-level Accountant with less than 1 year experience can expect to earn an average total compensation (includes tips, bonus, and overtime pay) of ₹198,740 based on 654 salaries. An early career Accountant with 1-4 years of experience earns an average total compensation of ₹231,272 based on 3,453 salaries. A mid-career Accountant with 5-9 years of experience earns an average total compensation of ₹297,060 based on 1,577 salaries. An experienced Accountant with 10-19 years of experience earns an average total compensation of ₹353,814 based on 865 salaries. In their late career (20 years and higher), employees earn an average total compensation of ₹394,115.  Read less"},{"job_title":"Financial Analyst","avg_salary":"₹411,265","pay_by_experience":"An entry-level Financial Analyst with less than 1 year experience can expect to earn an average total compensation (includes tips, bonus, and overtime pay) of ₹342,516 based on 639 salaries. An early career Financial Analyst with 1-4 years of experience earns an average total compensation of ₹387,058 based on 1,731 salaries. A mid-career Financial Analyst with 5-9 years of experience earns an average total compensation of ₹587,784 based on 632 salaries. An experienced Financial Analyst with 10-19 years of experience earns an average total compensation of ₹864,224 based on 128 salaries. In their late career (20 years and higher), employees earn an average total compensation of ₹1,100,000.  Read less"},{"job_title":"Finance Manager","avg_salary":"₹991,180","pay_by_experience":"An entry-level Finance Manager with less than 1 year experience can expect to earn an average total compensation (includes tips, bonus, and overtime pay) of ₹518,021 based on 217 salaries. An early career Finance Manager with 1-4 years of experience earns an average total compensation of ₹731,353 based on 658 salaries. A mid-career Finance Manager with 5-9 years of experience earns an average total compensation of ₹1,076,654 based on 1,113 salaries. An experienced Finance Manager with 10-19 years of experience earns an average total compensation of ₹1,202,316 based on 859 salaries. In their late career (20 years and higher), employees earn an average total compensation of ₹1,181,433.  Read less"},{"job_title":"Chartered Accountant","avg_salary":"₹794,525","pay_by_experience":"An entry-level Chartered Accountant with less than 1 year experience can expect to earn an average total compensation (includes tips, bonus, and overtime pay) of ₹694,767 based on 480 salaries. An early career Chartered Accountant with 1-4 years of experience earns an average total compensation of ₹737,112 based on 1,015 salaries. A mid-career Chartered Accountant with 5-9 years of experience earns an average total compensation of ₹1,124,178 based on 439 salaries. An experienced Chartered Accountant with 10-19 years of experience earns an average total compensation of ₹1,799,771 based on 159 salaries. In their late career (20 years and higher), employees earn an average total compensation of ₹1,516,956.  Read less"},{"job_title":"Quality Assurance Auditor","avg_salary":"₹402,542","pay_by_experience":"An entry-level Quality Assurance Auditor with less than 1 year experience can expect to earn an average total compensation (includes tips, bonus, and overtime pay) of ₹230,000 based on 7 salaries. An early career Quality Assurance Auditor with 1-4 years of experience earns an average total compensation of ₹306,041 based on 592 salaries. A mid-career Quality Assurance Auditor with 5-9 years of experience earns an average total compensation of ₹493,677 based on 576 salaries. An experienced Quality Assurance Auditor with 10-19 years of experience earns an average total compensation of ₹513,453 based on 288 salaries.   Read less"},{"job_title":"Senior Accountant","avg_salary":"₹407,651","pay_by_experience":"An entry-level Senior Accountant with less than 1 year experience can expect to earn an average total compensation (includes tips, bonus, and overtime pay) of ₹350,000 based on 16 salaries. An early career Senior Accountant with 1-4 years of experience earns an average total compensation of ₹358,685 based on 340 salaries. A mid-career Senior Accountant with 5-9 years of experience earns an average total compensation of ₹417,835 based on 565 salaries. An experienced Senior Accountant with 10-19 years of experience earns an average total compensation of ₹453,388 based on 364 salaries. In their late career (20 years and higher), employees earn an average total compensation of ₹478,895.  Read less"},{"job_title":"Branch Manager, Banking","avg_salary":"₹804,115","pay_by_experience":"An entry-level Branch Manager, Banking with less than 1 year experience can expect to earn an average total compensation (includes tips, bonus, and overtime pay) of ₹396,302 based on 34 salaries. An early career Branch Manager, Banking with 1-4 years of experience earns an average total compensation of ₹580,650 based on 173 salaries. A mid-career Branch Manager, Banking with 5-9 years of experience earns an average total compensation of ₹805,322 based on 513 salaries. An experienced Branch Manager, Banking with 10-19 years of experience earns an average total compensation of ₹976,197 based on 493 salaries. In their late career (20 years and higher), employees earn an average total compensation of ₹978,084.  Read less"},{"job_title":"Business Analyst, Finance/Banking","avg_salary":"₹658,299","pay_by_experience":"An entry-level Business Analyst, Finance/Banking with less than 1 year experience can expect to earn an average total compensation (includes tips, bonus, and overtime pay) of ₹413,115 based on 147 salaries. An early career Business Analyst, Finance/Banking with 1-4 years of experience earns an average total compensation of ₹547,309 based on 543 salaries. A mid-career Business Analyst, Finance/Banking with 5-9 years of experience earns an average total compensation of ₹871,501 based on 355 salaries. An experienced Business Analyst, Finance/Banking with 10-19 years of experience earns an average total compensation of ₹1,302,348 based on 150 salaries. In their late career (20 years and higher), employees earn an average total compensation of ₹2,358,324.  Read less"},{"job_title":"Senior Financial Analyst","avg_salary":"₹599,646","pay_by_experience":"An entry-level Senior Financial Analyst with less than 1 year experience can expect to earn an average total compensation (includes tips, bonus, and overtime pay) of ₹475,000 based on 12 salaries. An early career Senior Financial Analyst with 1-4 years of experience earns an average total compensation of ₹500,257 based on 479 salaries. A mid-career Senior Financial Analyst with 5-9 years of experience earns an average total compensation of ₹639,771 based on 548 salaries. An experienced Senior Financial Analyst with 10-19 years of experience earns an average total compensation of ₹1,104,488 based on 114 salaries. In their late career (20 years and higher), employees earn an average total compensation of ₹1,500,000.  Read less"},{"job_title":"Senior Manager Accountant / Auditor","avg_salary":"₹1,564,283","pay_by_experience":"An early career Senior Manager Accountant / Auditor with 1-4 years of experience earns an average total compensation (includes tips, bonus, and overtime pay) of ₹987,342 based on 6 salaries. A mid-career Senior Manager Accountant / Auditor with 5-9 years of experience earns an average total compensation of ₹1,473,387 based on 544 salaries. An experienced Senior Manager Accountant / Auditor with 10-19 years of experience earns an average total compensation of ₹1,999,619 based on 464 salaries. In their late career (20 years and higher), employees earn an average total compensation of ₹1,140,000.  Read less"},{"job_title":"Senior Manager Accountant","avg_salary":"₹1,572,299","pay_by_experience":"An early career Senior Manager Accountant with 1-4 years of experience earns an average total compensation (includes tips, bonus, and overtime pay) of ₹525,000 based on 32 salaries. A mid-career Senior Manager Accountant with 5-9 years of experience earns an average total compensation of ₹1,779,653 based on 288 salaries. An experienced Senior Manager Accountant with 10-19 years of experience earns an average total compensation of ₹1,597,008 based on 640 salaries. In their late career (20 years and higher), employees earn an average total compensation of ₹1,650,000.  Read less"},{"job_title":"Assistant Branch Manager, Banking","avg_salary":"₹498,632","pay_by_experience":"An entry-level Assistant Branch Manager, Banking with less than 1 year experience can expect to earn an average total compensation (includes tips, bonus, and overtime pay) of ₹362,738 based on 61 salaries. An early career Assistant Branch Manager, Banking with 1-4 years of experience earns an average total compensation of ₹406,507 based on 481 salaries. A mid-career Assistant Branch Manager, Banking with 5-9 years of experience earns an average total compensation of ₹584,968 based on 300 salaries. An experienced Assistant Branch Manager, Banking with 10-19 years of experience earns an average total compensation of ₹701,968 based on 110 salaries. In their late career (20 years and higher), employees earn an average total compensation of ₹500,000.  Read less"},{"job_title":"Credit Manager","avg_salary":"₹584,442","pay_by_experience":"An entry-level Credit Manager with less than 1 year experience can expect to earn an average total compensation (includes tips, bonus, and overtime pay) of ₹473,161 based on 90 salaries. An early career Credit Manager with 1-4 years of experience earns an average total compensation of ₹508,741 based on 438 salaries. A mid-career Credit Manager with 5-9 years of experience earns an average total compensation of ₹739,843 based on 315 salaries. An experienced Credit Manager with 10-19 years of experience earns an average total compensation of ₹796,864 based on 89 salaries. In their late career (20 years and higher), employees earn an average total compensation of ₹850,000.  Read less"},{"job_title":"Financial Controller","avg_salary":"₹1,825,945","pay_by_experience":"An entry-level Financial Controller with less than 1 year experience can expect to earn an average total compensation (includes tips, bonus, and overtime pay) of ₹560,000 based on 16 salaries. An early career Financial Controller with 1-4 years of experience earns an average total compensation of ₹742,381 based on 92 salaries. A mid-career Financial Controller with 5-9 years of experience earns an average total compensation of ₹1,489,040 based on 196 salaries. An experienced Financial Controller with 10-19 years of experience earns an average total compensation of ₹2,475,072 based on 388 salaries. In their late career (20 years and higher), employees earn an average total compensation of ₹2,440,945.  Read less"},{"job_title":"Internal Auditor","avg_salary":"₹536,915","pay_by_experience":"An entry-level Internal Auditor with less than 1 year experience can expect to earn an average total compensation (includes tips, bonus, and overtime pay) of ₹328,834 based on 53 salaries. An early career Internal Auditor with 1-4 years of experience earns an average total compensation of ₹479,869 based on 285 salaries. A mid-career Internal Auditor with 5-9 years of experience earns an average total compensation of ₹746,203 based on 197 salaries. An experienced Internal Auditor with 10-19 years of experience earns an average total compensation of ₹802,933 based on 54 salaries. In their late career (20 years and higher), employees earn an average total compensation of ₹1,850,000.  Read less"},{"job_title":"Credit Analyst","avg_salary":"₹587,278","pay_by_experience":"An entry-level Credit Analyst with less than 1 year experience can expect to earn an average total compensation (includes tips, bonus, and overtime pay) of ₹366,440 based on 61 salaries. An early career Credit Analyst with 1-4 years of experience earns an average total compensation of ₹516,131 based on 328 salaries. A mid-career Credit Analyst with 5-9 years of experience earns an average total compensation of ₹921,534 based on 127 salaries. An experienced Credit Analyst with 10-19 years of experience earns an average total compensation of ₹1,233,881 based on 38 salaries.   Read less"},{"job_title":"Accounting Manager","avg_salary":"₹707,301","pay_by_experience":"An entry-level Accounting Manager with less than 1 year experience can expect to earn an average total compensation (includes tips, bonus, and overtime pay) of ₹375,000 based on 34 salaries. An early career Accounting Manager with 1-4 years of experience earns an average total compensation of ₹494,984 based on 102 salaries. A mid-career Accounting Manager with 5-9 years of experience earns an average total compensation of ₹774,170 based on 159 salaries. An experienced Accounting Manager with 10-19 years of experience earns an average total compensation of ₹829,472 based on 194 salaries. In their late career (20 years and higher), employees earn an average total compensation of ₹823,227.  Read less"},{"job_title":"Assistant Finance Manager","avg_salary":"₹724,793","pay_by_experience":"An entry-level Assistant Finance Manager with less than 1 year experience can expect to earn an average total compensation (includes tips, bonus, and overtime pay) of ₹550,000 based on 12 salaries. An early career Assistant Finance Manager with 1-4 years of experience earns an average total compensation of ₹709,884 based on 142 salaries. A mid-career Assistant Finance Manager with 5-9 years of experience earns an average total compensation of ₹724,802 based on 214 salaries. An experienced Assistant Finance Manager with 10-19 years of experience earns an average total compensation of ₹762,305 based on 136 salaries. In their late career (20 years and higher), employees earn an average total compensation of ₹512,195.  Read less"},{"job_title":"Finance Analyst","avg_salary":"₹491,104","pay_by_experience":"An entry-level Finance Analyst with less than 1 year experience can expect to earn an average total compensation (includes tips, bonus, and overtime pay) of ₹391,071 based on 79 salaries. An early career Finance Analyst with 1-4 years of experience earns an average total compensation of ₹423,279 based on 218 salaries. A mid-career Finance Analyst with 5-9 years of experience earns an average total compensation of ₹585,099 based on 118 salaries. An experienced Finance Analyst with 10-19 years of experience earns an average total compensation of ₹969,841 based on 33 salaries.   Read less"},{"job_title":"Senior Finance Manager","avg_salary":"₹1,781,987","pay_by_experience":"An early career Senior Finance Manager with 1-4 years of experience earns an average total compensation (includes tips, bonus, and overtime pay) of ₹1,364,604 based on 23 salaries. A mid-career Senior Finance Manager with 5-9 years of experience earns an average total compensation of ₹1,747,760 based on 117 salaries. An experienced Senior Finance Manager with 10-19 years of experience earns an average total compensation of ₹1,868,770 based on 258 salaries. In their late career (20 years and higher), employees earn an average total compensation of ₹1,800,000.  Read less"},{"job_title":"Senior Analyst, Finance","avg_salary":"₹573,630","pay_by_experience":"An entry-level Senior Analyst, Finance with less than 1 year experience can expect to earn an average total compensation (includes tips, bonus, and overtime pay) of ₹411,427 based on 5 salaries. An early career Senior Analyst, Finance with 1-4 years of experience earns an average total compensation of ₹490,775 based on 199 salaries. A mid-career Senior Analyst, Finance with 5-9 years of experience earns an average total compensation of ₹597,676 based on 196 salaries. An experienced Senior Analyst, Finance with 10-19 years of experience earns an average total compensation of ₹768,387 based on 44 salaries.   Read less"},{"job_title":"Auditor","avg_salary":"₹484,550","pay_by_experience":"An entry-level Auditor with less than 1 year experience can expect to earn an average total compensation (includes tips, bonus, and overtime pay) of ₹369,730 based on 58 salaries. An early career Auditor with 1-4 years of experience earns an average total compensation of ₹410,132 based on 246 salaries. A mid-career Auditor with 5-9 years of experience earns an average total compensation of ₹606,782 based on 86 salaries. An experienced Auditor with 10-19 years of experience earns an average total compensation of ₹993,293 based on 33 salaries. In their late career (20 years and higher), employees earn an average total compensation of ₹600,000.  Read less"},{"job_title":"Senior Associate - Investment Banking","avg_salary":"₹537,876","pay_by_experience":"An entry-level Senior Associate - Investment Banking with less than 1 year experience can expect to earn an average total compensation (includes tips, bonus, and overtime pay) of ₹390,000 based on 8 salaries. An early career Senior Associate - Investment Banking with 1-4 years of experience earns an average total compensation of ₹426,770 based on 185 salaries. A mid-career Senior Associate - Investment Banking with 5-9 years of experience earns an average total compensation of ₹722,105 based on 165 salaries. An experienced Senior Associate - Investment Banking with 10-19 years of experience earns an average total compensation of ₹1,592,443 based on 44 salaries.   Read less"},{"job_title":"Finance Associate","avg_salary":"₹360,756","pay_by_experience":"An entry-level Finance Associate with less than 1 year experience can expect to earn an average total compensation (includes tips, bonus, and overtime pay) of ₹257,605 based on 48 salaries. An early career Finance Associate with 1-4 years of experience earns an average total compensation of ₹328,508 based on 234 salaries. A mid-career Finance Associate with 5-9 years of experience earns an average total compensation of ₹547,223 based on 90 salaries. An experienced Finance Associate with 10-19 years of experience earns an average total compensation of ₹795,000 based on 23 salaries.   Read less"},{"job_title":"Loan Officer","avg_salary":"₹254,583","pay_by_experience":"An entry-level Loan Officer with less than 1 year experience can expect to earn an average total compensation (includes tips, bonus, and overtime pay) of ₹196,325 based on 24 salaries. An early career Loan Officer with 1-4 years of experience earns an average total compensation of ₹237,773 based on 259 salaries. A mid-career Loan Officer with 5-9 years of experience earns an average total compensation of ₹420,000 based on 86 salaries. An experienced Loan Officer with 10-19 years of experience earns an average total compensation of ₹400,000 based on 18 salaries.   Read less"},{"job_title":"Risk Analyst","avg_salary":"₹519,718","pay_by_experience":"An entry-level Risk Analyst with less than 1 year experience can expect to earn an average total compensation (includes tips, bonus, and overtime pay) of ₹388,538 based on 54 salaries. An early career Risk Analyst with 1-4 years of experience earns an average total compensation of ₹502,180 based on 255 salaries. A mid-career Risk Analyst with 5-9 years of experience earns an average total compensation of ₹793,270 based on 70 salaries. An experienced Risk Analyst with 10-19 years of experience earns an average total compensation of ₹1,200,000 based on 9 salaries.   Read less"},{"job_title":"Financial Advisor","avg_salary":"₹368,114","pay_by_experience":"An entry-level Financial Advisor with less than 1 year experience can expect to earn an average total compensation (includes tips, bonus, and overtime pay) of ₹293,380 based on 82 salaries. An early career Financial Advisor with 1-4 years of experience earns an average total compensation of ₹320,206 based on 174 salaries. A mid-career Financial Advisor with 5-9 years of experience earns an average total compensation of ₹512,043 based on 60 salaries. An experienced Financial Advisor with 10-19 years of experience earns an average total compensation of ₹1,011,304 based on 29 salaries. In their late career (20 years and higher), employees earn an average total compensation of ₹1,750,000.  Read less"},{"job_title":"Associate - Investment Banking","avg_salary":"₹724,468","pay_by_experience":"An entry-level Associate - Investment Banking with less than 1 year experience can expect to earn an average total compensation (includes tips, bonus, and overtime pay) of ₹316,443 based on 38 salaries. An early career Associate - Investment Banking with 1-4 years of experience earns an average total compensation of ₹458,210 based on 158 salaries. A mid-career Associate - Investment Banking with 5-9 years of experience earns an average total compensation of ₹1,166,204 based on 107 salaries. An experienced Associate - Investment Banking with 10-19 years of experience earns an average total compensation of ₹1,250,202 based on 42 salaries.   Read less"},{"job_title":"Junior Accountant","avg_salary":"₹183,455","pay_by_experience":"An entry-level Junior Accountant with less than 1 year experience can expect to earn an average total compensation (includes tips, bonus, and overtime pay) of ₹153,448 based on 57 salaries. An early career Junior Accountant with 1-4 years of experience earns an average total compensation of ₹179,859 based on 231 salaries. A mid-career Junior Accountant with 5-9 years of experience earns an average total compensation of ₹215,617 based on 30 salaries. An experienced Junior Accountant with 10-19 years of experience earns an average total compensation of ₹250,416 based on 12 salaries. In their late career (20 years and higher), employees earn an average total compensation of ₹350,000.  Read less"},{"job_title":"Bank Manager","avg_salary":"₹785,405","pay_by_experience":"An entry-level Bank Manager with less than 1 year experience can expect to earn an average total compensation (includes tips, bonus, and overtime pay) of ₹625,101 based on 30 salaries. An early career Bank Manager with 1-4 years of experience earns an average total compensation of ₹600,000 based on 59 salaries. A mid-career Bank Manager with 5-9 years of experience earns an average total compensation of ₹779,404 based on 137 salaries. An experienced Bank Manager with 10-19 years of experience earns an average total compensation of ₹905,021 based on 75 salaries. In their late career (20 years and higher), employees earn an average total compensation of ₹1,041,090.  Read less"},{"job_title":"Financial Accountant","avg_salary":"₹401,027","pay_by_experience":"An entry-level Financial Accountant with less than 1 year experience can expect to earn an average total compensation (includes tips, bonus, and overtime pay) of ₹334,810 based on 53 salaries. An early career Financial Accountant with 1-4 years of experience earns an average total compensation of ₹342,917 based on 146 salaries. A mid-career Financial Accountant with 5-9 years of experience earns an average total compensation of ₹514,423 based on 66 salaries. An experienced Financial Accountant with 10-19 years of experience earns an average total compensation of ₹639,844 based on 29 salaries. In their late career (20 years and higher), employees earn an average total compensation of ₹661,287.  Read less"},{"job_title":"Tax Consultant","avg_salary":"₹511,657","pay_by_experience":"An entry-level Tax Consultant with less than 1 year experience can expect to earn an average total compensation (includes tips, bonus, and overtime pay) of ₹478,480 based on 43 salaries. An early career Tax Consultant with 1-4 years of experience earns an average total compensation of ₹514,361 based on 180 salaries. A mid-career Tax Consultant with 5-9 years of experience earns an average total compensation of ₹595,976 based on 43 salaries. An experienced Tax Consultant with 10-19 years of experience earns an average total compensation of ₹500,000 based on 15 salaries. In their late career (20 years and higher), employees earn an average total compensation of ₹600,000.  Read less"},{"job_title":"Associate Auditor","avg_salary":"₹369,469","pay_by_experience":"An entry-level Associate Auditor with less than 1 year experience can expect to earn an average total compensation (includes tips, bonus, and overtime pay) of ₹336,222 based on 55 salaries. An early career Associate Auditor with 1-4 years of experience earns an average total compensation of ₹358,671 based on 181 salaries. A mid-career Associate Auditor with 5-9 years of experience earns an average total compensation of ₹440,000 based on 40 salaries. An experienced Associate Auditor with 10-19 years of experience earns an average total compensation of ₹1,572,216 based on 8 salaries.   Read less"},{"job_title":"Tax Analyst","avg_salary":"₹349,873","pay_by_experience":"An entry-level Tax Analyst with less than 1 year experience can expect to earn an average total compensation (includes tips, bonus, and overtime pay) of ₹336,799 based on 69 salaries. An early career Tax Analyst with 1-4 years of experience earns an average total compensation of ₹356,368 based on 161 salaries. A mid-career Tax Analyst with 5-9 years of experience earns an average total compensation of ₹535,575 based on 25 salaries.   Read less"},{"job_title":"Cost Accountant","avg_salary":"₹571,434","pay_by_experience":"An entry-level Cost Accountant with less than 1 year experience can expect to earn an average total compensation (includes tips, bonus, and overtime pay) of ₹489,941 based on 54 salaries. An early career Cost Accountant with 1-4 years of experience earns an average total compensation of ₹466,019 based on 137 salaries. A mid-career Cost Accountant with 5-9 years of experience earns an average total compensation of ₹748,551 based on 46 salaries. An experienced Cost Accountant with 10-19 years of experience earns an average total compensation of ₹929,791 based on 26 salaries. In their late career (20 years and higher), employees earn an average total compensation of ₹2,000,000.  Read less"},{"job_title":"Compliance Officer","avg_salary":"₹490,351","pay_by_experience":"An entry-level Compliance Officer with less than 1 year experience can expect to earn an average total compensation (includes tips, bonus, and overtime pay) of ₹307,226 based on 16 salaries. An early career Compliance Officer with 1-4 years of experience earns an average total compensation of ₹376,742 based on 110 salaries. A mid-career Compliance Officer with 5-9 years of experience earns an average total compensation of ₹592,097 based on 68 salaries. An experienced Compliance Officer with 10-19 years of experience earns an average total compensation of ₹811,530 based on 54 salaries. In their late career (20 years and higher), employees earn an average total compensation of ₹631,500.  Read less"},{"job_title":"Finance Officer","avg_salary":"₹339,296","pay_by_experience":"An entry-level Finance Officer with less than 1 year experience can expect to earn an average total compensation (includes tips, bonus, and overtime pay) of ₹223,086 based on 13 salaries. An early career Finance Officer with 1-4 years of experience earns an average total compensation of ₹288,740 based on 132 salaries. A mid-career Finance Officer with 5-9 years of experience earns an average total compensation of ₹423,137 based on 69 salaries. An experienced Finance Officer with 10-19 years of experience earns an average total compensation of ₹691,661 based on 30 salaries. In their late career (20 years and higher), employees earn an average total compensation of ₹788,000.  Read less"},{"job_title":"Bank Officer","avg_salary":"₹331,802","pay_by_experience":"An entry-level Bank Officer with less than 1 year experience can expect to earn an average total compensation (includes tips, bonus, and overtime pay) of ₹229,232 based on 29 salaries. An early career Bank Officer with 1-4 years of experience earns an average total compensation of ₹291,510 based on 134 salaries. A mid-career Bank Officer with 5-9 years of experience earns an average total compensation of ₹584,281 based on 50 salaries. An experienced Bank Officer with 10-19 years of experience earns an average total compensation of ₹660,000 based on 15 salaries. In their late career (20 years and higher), employees earn an average total compensation of ₹850,000.  Read less"},{"job_title":"Finance Director","avg_salary":"₹3,573,615","pay_by_experience":"An early career Finance Director with 1-4 years of experience earns an average total compensation (includes tips, bonus, and overtime pay) of ₹1,500,000 based on 8 salaries. A mid-career Finance Director with 5-9 years of experience earns an average total compensation of ₹1,500,000 based on 15 salaries. An experienced Finance Director with 10-19 years of experience earns an average total compensation of ₹3,798,643 based on 158 salaries. In their late career (20 years and higher), employees earn an average total compensation of ₹4,255,023.  Read less"},{"job_title":"Financial Consultant","avg_salary":"₹624,691","pay_by_experience":"An entry-level Financial Consultant with less than 1 year experience can expect to earn an average total compensation (includes tips, bonus, and overtime pay) of ₹229,428 based on 25 salaries. An early career Financial Consultant with 1-4 years of experience earns an average total compensation of ₹507,524 based on 120 salaries. A mid-career Financial Consultant with 5-9 years of experience earns an average total compensation of ₹828,164 based on 56 salaries. An experienced Financial Consultant with 10-19 years of experience earns an average total compensation of ₹1,006,707 based on 33 salaries.   Read less"},{"job_title":"Tax Associate","avg_salary":"₹397,694","pay_by_experience":"An entry-level Tax Associate with less than 1 year experience can expect to earn an average total compensation (includes tips, bonus, and overtime pay) of ₹346,337 based on 46 salaries. An early career Tax Associate with 1-4 years of experience earns an average total compensation of ₹406,218 based on 163 salaries. A mid-career Tax Associate with 5-9 years of experience earns an average total compensation of ₹432,308 based on 24 salaries.   Read less"},{"job_title":"Risk Manager","avg_salary":"₹1,005,977","pay_by_experience":"An entry-level Risk Manager with less than 1 year experience can expect to earn an average total compensation (includes tips, bonus, and overtime pay) of ₹634,015 based on 12 salaries. An early career Risk Manager with 1-4 years of experience earns an average total compensation of ₹812,812 based on 77 salaries. A mid-career Risk Manager with 5-9 years of experience earns an average total compensation of ₹1,105,229 based on 71 salaries. An experienced Risk Manager with 10-19 years of experience earns an average total compensation of ₹1,436,393 based on 73 salaries. In their late career (20 years and higher), employees earn an average total compensation of ₹1,490,000.  Read less"},{"job_title":"Compliance Manager","avg_salary":"₹1,006,688","pay_by_experience":"An early career Compliance Manager with 1-4 years of experience earns an average total compensation (includes tips, bonus, and overtime pay) of ₹513,753 based on 43 salaries. A mid-career Compliance Manager with 5-9 years of experience earns an average total compensation of ₹1,016,064 based on 70 salaries. An experienced Compliance Manager with 10-19 years of experience earns an average total compensation of ₹1,311,494 based on 107 salaries. In their late career (20 years and higher), employees earn an average total compensation of ₹1,999,000.  Read less"},{"job_title":"Fund Accounting Manager","avg_salary":"₹1,277,426","pay_by_experience":"An entry-level Fund Accounting Manager with less than 1 year experience can expect to earn an average total compensation (includes tips, bonus, and overtime pay) of ₹447,500 based on 32 salaries. An early career Fund Accounting Manager with 1-4 years of experience earns an average total compensation of ₹330,000 based on 32 salaries. A mid-career Fund Accounting Manager with 5-9 years of experience earns an average total compensation of ₹1,300,000 based on 96 salaries. An experienced Fund Accounting Manager with 10-19 years of experience earns an average total compensation of ₹1,348,148 based on 80 salaries.   Read less"},{"job_title":"Compliance Analyst","avg_salary":"₹449,287","pay_by_experience":"An entry-level Compliance Analyst with less than 1 year experience can expect to earn an average total compensation (includes tips, bonus, and overtime pay) of ₹322,988 based on 15 salaries. An early career Compliance Analyst with 1-4 years of experience earns an average total compensation of ₹410,464 based on 128 salaries. A mid-career Compliance Analyst with 5-9 years of experience earns an average total compensation of ₹604,245 based on 64 salaries. An experienced Compliance Analyst with 10-19 years of experience earns an average total compensation of ₹688,500 based on 11 salaries.   Read less"},{"job_title":"Internal Auditing Manager","avg_salary":"₹1,025,709","pay_by_experience":"An entry-level Internal Auditing Manager with less than 1 year experience can expect to earn an average total compensation (includes tips, bonus, and overtime pay) of ₹543,008 based on 7 salaries. An early career Internal Auditing Manager with 1-4 years of experience earns an average total compensation of ₹673,960 based on 54 salaries. A mid-career Internal Auditing Manager with 5-9 years of experience earns an average total compensation of ₹1,196,149 based on 85 salaries. An experienced Internal Auditing Manager with 10-19 years of experience earns an average total compensation of ₹1,779,874 based on 63 salaries. In their late career (20 years and higher), employees earn an average total compensation of ₹875,000.  Read less"},{"job_title":"Branch Manager, Insurance Office","avg_salary":"₹679,997","pay_by_experience":"An early career Branch Manager, Insurance Office with 1-4 years of experience earns an average total compensation (includes tips, bonus, and overtime pay) of ₹343,197 based on 30 salaries. A mid-career Branch Manager, Insurance Office with 5-9 years of experience earns an average total compensation of ₹599,740 based on 55 salaries. An experienced Branch Manager, Insurance Office with 10-19 years of experience earns an average total compensation of ₹793,270 based on 93 salaries. In their late career (20 years and higher), employees earn an average total compensation of ₹1,003,667.  Read less"},{"job_title":"Chartered Financial Analyst (CFA)","avg_salary":"₹678,706","pay_by_experience":"An entry-level Chartered Financial Analyst (CFA) with less than 1 year experience can expect to earn an average total compensation (includes tips, bonus, and overtime pay) of ₹600,000 based on 61 salaries. An early career Chartered Financial Analyst (CFA) with 1-4 years of experience earns an average total compensation of ₹681,653 based on 99 salaries. A mid-career Chartered Financial Analyst (CFA) with 5-9 years of experience earns an average total compensation of ₹850,000 based on 29 salaries. An experienced Chartered Financial Analyst (CFA) with 10-19 years of experience earns an average total compensation of ₹850,000 based on 12 salaries.   Read less"},{"job_title":"Certified Public Accountant (CPA)","avg_salary":"₹693,555","pay_by_experience":"An entry-level Certified Public Accountant (CPA) with less than 1 year experience can expect to earn an average total compensation (includes tips, bonus, and overtime pay) of ₹608,566 based on 53 salaries. An early career Certified Public Accountant (CPA) with 1-4 years of experience earns an average total compensation of ₹650,000 based on 100 salaries. A mid-career Certified Public Accountant (CPA) with 5-9 years of experience earns an average total compensation of ₹987,099 based on 13 salaries. An experienced Certified Public Accountant (CPA) with 10-19 years of experience earns an average total compensation of ₹1,500,000 based on 9 salaries.   Read less"},{"job_title":"Senior Manager Auditor","avg_salary":"₹1,856,169","pay_by_experience":"An early career Senior Manager Auditor with 1-4 years of experience earns an average total compensation (includes tips, bonus, and overtime pay) of ₹900,000 based on 8 salaries. A mid-career Senior Manager Auditor with 5-9 years of experience earns an average total compensation of ₹1,500,082 based on 41 salaries. An experienced Senior Manager Auditor with 10-19 years of experience earns an average total compensation of ₹2,067,098 based on 113 salaries. In their late career (20 years and higher), employees earn an average total compensation of ₹1,779,653.  Read less"},{"job_title":"Staff Accountant","avg_salary":"₹246,130","pay_by_experience":"An entry-level Staff Accountant with less than 1 year experience can expect to earn an average total compensation (includes tips, bonus, and overtime pay) of ₹184,335 based on 30 salaries. An early career Staff Accountant with 1-4 years of experience earns an average total compensation of ₹206,464 based on 84 salaries. A mid-career Staff Accountant with 5-9 years of experience earns an average total compensation of ₹344,723 based on 36 salaries. An experienced Staff Accountant with 10-19 years of experience earns an average total compensation of ₹266,197 based on 12 salaries. In their late career (20 years and higher), employees earn an average total compensation of ₹335,000.  Read less"},{"job_title":"Fraud Investigator","avg_salary":"₹384,017","pay_by_experience":"An entry-level Fraud Investigator with less than 1 year experience can expect to earn an average total compensation (includes tips, bonus, and overtime pay) of ₹298,849 based on 22 salaries. An early career Fraud Investigator with 1-4 years of experience earns an average total compensation of ₹358,416 based on 101 salaries. A mid-career Fraud Investigator with 5-9 years of experience earns an average total compensation of ₹581,904 based on 26 salaries. An experienced Fraud Investigator with 10-19 years of experience earns an average total compensation of ₹959,417 based on 18 salaries.   Read less"},{"job_title":"Senior Auditor","avg_salary":"₹822,743","pay_by_experience":"An entry-level Senior Auditor with less than 1 year experience can expect to earn an average total compensation (includes tips, bonus, and overtime pay) of ₹696,220 based on 15 salaries. An early career Senior Auditor with 1-4 years of experience earns an average total compensation of ₹802,389 based on 91 salaries. A mid-career Senior Auditor with 5-9 years of experience earns an average total compensation of ₹910,430 based on 47 salaries. An experienced Senior Auditor with 10-19 years of experience earns an average total compensation of ₹983,465 based on 13 salaries.   Read less"},{"job_title":"Fraud Analyst","avg_salary":"₹309,414","pay_by_experience":"An entry-level Fraud Analyst with less than 1 year experience can expect to earn an average total compensation (includes tips, bonus, and overtime pay) of ₹223,820 based on 20 salaries. An early career Fraud Analyst with 1-4 years of experience earns an average total compensation of ₹310,583 based on 100 salaries. A mid-career Fraud Analyst with 5-9 years of experience earns an average total compensation of ₹491,318 based on 27 salaries.   Read less"},{"job_title":"Certified Financial Planner (CFP)","avg_salary":"₹397,973","pay_by_experience":"An entry-level Certified Financial Planner (CFP) with less than 1 year experience can expect to earn an average total compensation (includes tips, bonus, and overtime pay) of ₹357,886 based on 48 salaries. An early career Certified Financial Planner (CFP) with 1-4 years of experience earns an average total compensation of ₹383,277 based on 72 salaries. A mid-career Certified Financial Planner (CFP) with 5-9 years of experience earns an average total compensation of ₹692,087 based on 19 salaries. An experienced Certified Financial Planner (CFP) with 10-19 years of experience earns an average total compensation of ₹724,138 based on 21 salaries.   Read less"},{"job_title":"Investment Banker","avg_salary":"₹961,806","pay_by_experience":"An entry-level Investment Banker with less than 1 year experience can expect to earn an average total compensation (includes tips, bonus, and overtime pay) of ₹683,140 based on 31 salaries. An early career Investment Banker with 1-4 years of experience earns an average total compensation of ₹904,722 based on 62 salaries. A mid-career Investment Banker with 5-9 years of experience earns an average total compensation of ₹1,768,743 based on 32 salaries. An experienced Investment Banker with 10-19 years of experience earns an average total compensation of ₹3,000,000 based on 17 salaries.   Read less"},{"job_title":"Financial Manager","avg_salary":"₹879,850","pay_by_experience":"An entry-level Financial Manager with less than 1 year experience can expect to earn an average total compensation (includes tips, bonus, and overtime pay) of ₹687,845 based on 26 salaries. An early career Financial Manager with 1-4 years of experience earns an average total compensation of ₹709,124 based on 50 salaries. A mid-career Financial Manager with 5-9 years of experience earns an average total compensation of ₹1,010,166 based on 37 salaries. An experienced Financial Manager with 10-19 years of experience earns an average total compensation of ₹1,312,239 based on 27 salaries. In their late career (20 years and higher), employees earn an average total compensation of ₹1,075,000.  Read less"},{"job_title":"Senior Analyst, Investment Banking","avg_salary":"₹527,504","pay_by_experience":"An early career Senior Analyst, Investment Banking with 1-4 years of experience earns an average total compensation (includes tips, bonus, and overtime pay) of ₹440,445 based on 73 salaries. A mid-career Senior Analyst, Investment Banking with 5-9 years of experience earns an average total compensation of ₹578,629 based on 59 salaries. An experienced Senior Analyst, Investment Banking with 10-19 years of experience earns an average total compensation of ₹696,000 based on 7 salaries.   Read less"},{"job_title":"Auditing Manager","avg_salary":"₹834,515","pay_by_experience":"An entry-level Auditing Manager with less than 1 year experience can expect to earn an average total compensation (includes tips, bonus, and overtime pay) of ₹442,186 based on 10 salaries. An early career Auditing Manager with 1-4 years of experience earns an average total compensation of ₹592,840 based on 53 salaries. A mid-career Auditing Manager with 5-9 years of experience earns an average total compensation of ₹1,470,827 based on 60 salaries. An experienced Auditing Manager with 10-19 years of experience earns an average total compensation of ₹1,220,838 based on 21 salaries.   Read less"},{"job_title":"Tax Manager","avg_salary":"₹1,322,514","pay_by_experience":"An entry-level Tax Manager with less than 1 year experience can expect to earn an average total compensation (includes tips, bonus, and overtime pay) of ₹635,169 based on 10 salaries. An early career Tax Manager with 1-4 years of experience earns an average total compensation of ₹723,482 based on 27 salaries. A mid-career Tax Manager with 5-9 years of experience earns an average total compensation of ₹1,393,503 based on 61 salaries. An experienced Tax Manager with 10-19 years of experience earns an average total compensation of ₹1,741,537 based on 41 salaries. In their late career (20 years and higher), employees earn an average total compensation of ₹1,400,000.  Read less"},{"job_title":"Senior Risk Manager","avg_salary":"₹1,573,057","pay_by_experience":"An early career Senior Risk Manager with 1-4 years of experience earns an average total compensation (includes tips, bonus, and overtime pay) of ₹1,049,377 based on 16 salaries. A mid-career Senior Risk Manager with 5-9 years of experience earns an average total compensation of ₹1,424,311 based on 33 salaries. An experienced Senior Risk Manager with 10-19 years of experience earns an average total compensation of ₹1,706,115 based on 80 salaries. In their late career (20 years and higher), employees earn an average total compensation of ₹3,000,000.  Read less"},{"job_title":"Underwriter","avg_salary":"₹488,276","pay_by_experience":"An entry-level Underwriter with less than 1 year experience can expect to earn an average total compensation (includes tips, bonus, and overtime pay) of ₹273,161 based on 17 salaries. An early career Underwriter with 1-4 years of experience earns an average total compensation of ₹350,000 based on 58 salaries. A mid-career Underwriter with 5-9 years of experience earns an average total compensation of ₹599,442 based on 36 salaries. An experienced Underwriter with 10-19 years of experience earns an average total compensation of ₹1,048,047 based on 11 salaries.   Read less"},{"job_title":"Portfolio Manager","avg_salary":"₹1,047,358","pay_by_experience":"An entry-level Portfolio Manager with less than 1 year experience can expect to earn an average total compensation (includes tips, bonus, and overtime pay) of ₹675,000 based on 15 salaries. An early career Portfolio Manager with 1-4 years of experience earns an average total compensation of ₹508,682 based on 36 salaries. A mid-career Portfolio Manager with 5-9 years of experience earns an average total compensation of ₹1,101,163 based on 26 salaries. An experienced Portfolio Manager with 10-19 years of experience earns an average total compensation of ₹2,418,313 based on 35 salaries. In their late career (20 years and higher), employees earn an average total compensation of ₹2,800,000.  Read less"},{"job_title":"Equity Analyst","avg_salary":"₹401,728","pay_by_experience":"An entry-level Equity Analyst with less than 1 year experience can expect to earn an average total compensation (includes tips, bonus, and overtime pay) of ₹399,135 based on 34 salaries. An early career Equity Analyst with 1-4 years of experience earns an average total compensation of ₹401,273 based on 62 salaries. A mid-career Equity Analyst with 5-9 years of experience earns an average total compensation of ₹868,966 based on 14 salaries. An experienced Equity Analyst with 10-19 years of experience earns an average total compensation of ₹1,649,999 based on 6 salaries.   Read less"},{"job_title":"Equity Research Associate","avg_salary":"₹498,454","pay_by_experience":"An entry-level Equity Research Associate with less than 1 year experience can expect to earn an average total compensation (includes tips, bonus, and overtime pay) of ₹500,152 based on 38 salaries. An early career Equity Research Associate with 1-4 years of experience earns an average total compensation of ₹511,059 based on 59 salaries. A mid-career Equity Research Associate with 5-9 years of experience earns an average total compensation of ₹523,810 based on 11 salaries. An experienced Equity Research Associate with 10-19 years of experience earns an average total compensation of ₹325,000 based on 5 salaries.   Read less"},{"job_title":"Associate Director of Financial Services","avg_salary":"₹2,632,784","pay_by_experience":"A mid-career Associate Director of Financial Services with 5-9 years of experience earns an average total compensation (includes tips, bonus, and overtime pay) of ₹2,040,249 based on 17 salaries. An experienced Associate Director of Financial Services with 10-19 years of experience earns an average total compensation of ₹2,590,396 based on 86 salaries. In their late career (20 years and higher), employees earn an average total compensation of ₹3,700,000.  Read less"},{"job_title":"Financial Accounting Manager","avg_salary":"₹820,514","pay_by_experience":"An entry-level Financial Accounting Manager with less than 1 year experience can expect to earn an average total compensation (includes tips, bonus, and overtime pay) of ₹982,635 based on 9 salaries. An early career Financial Accounting Manager with 1-4 years of experience earns an average total compensation of ₹512,043 based on 19 salaries. A mid-career Financial Accounting Manager with 5-9 years of experience earns an average total compensation of ₹755,744 based on 26 salaries. An experienced Financial Accounting Manager with 10-19 years of experience earns an average total compensation of ₹899,556 based on 47 salaries. In their late career (20 years and higher), employees earn an average total compensation of ₹1,342,500.  Read less"},{"job_title":"Credit Analyst, Banking","avg_salary":"₹605,258","pay_by_experience":"An entry-level Credit Analyst, Banking with less than 1 year experience can expect to earn an average total compensation (includes tips, bonus, and overtime pay) of ₹300,006 based on 15 salaries. An early career Credit Analyst, Banking with 1-4 years of experience earns an average total compensation of ₹485,386 based on 47 salaries. A mid-career Credit Analyst, Banking with 5-9 years of experience earns an average total compensation of ₹936,000 based on 31 salaries. An experienced Credit Analyst, Banking with 10-19 years of experience earns an average total compensation of ₹1,200,000 based on 10 salaries. In their late career (20 years and higher), employees earn an average total compensation of ₹1,100,000.  Read less"},{"job_title":"Senior Credit Analyst","avg_salary":"₹994,421","pay_by_experience":"An early career Senior Credit Analyst with 1-4 years of experience earns an average total compensation (includes tips, bonus, and overtime pay) of ₹969,580 based on 40 salaries. A mid-career Senior Credit Analyst with 5-9 years of experience earns an average total compensation of ₹1,136,037 based on 41 salaries. An experienced Senior Credit Analyst with 10-19 years of experience earns an average total compensation of ₹1,208,471 based on 15 salaries.   Read less"},{"job_title":"Senior Internal Auditor","avg_salary":"₹970,428","pay_by_experience":"An early career Senior Internal Auditor with 1-4 years of experience earns an average total compensation (includes tips, bonus, and overtime pay) of ₹795,162 based on 39 salaries. A mid-career Senior Internal Auditor with 5-9 years of experience earns an average total compensation of ₹1,047,619 based on 42 salaries. An experienced Senior Internal Auditor with 10-19 years of experience earns an average total compensation of ₹1,200,000 based on 17 salaries.   Read less"},{"job_title":"Risk Management Consultant","avg_salary":"₹859,497","pay_by_experience":"An entry-level Risk Management Consultant with less than 1 year experience can expect to earn an average total compensation (includes tips, bonus, and overtime pay) of ₹580,000 based on 9 salaries. An early career Risk Management Consultant with 1-4 years of experience earns an average total compensation of ₹757,818 based on 52 salaries. A mid-career Risk Management Consultant with 5-9 years of experience earns an average total compensation of ₹1,156,163 based on 29 salaries. An experienced Risk Management Consultant with 10-19 years of experience earns an average total compensation of ₹1,800,000 based on 9 salaries.   Read less"},{"job_title":"Investment Banking Analyst","avg_salary":"₹515,082","pay_by_experience":"An entry-level Investment Banking Analyst with less than 1 year experience can expect to earn an average total compensation (includes tips, bonus, and overtime pay) of ₹497,751 based on 29 salaries. An early career Investment Banking Analyst with 1-4 years of experience earns an average total compensation of ₹508,451 based on 49 salaries. A mid-career Investment Banking Analyst with 5-9 years of experience earns an average total compensation of ₹589,581 based on 12 salaries.   Read less"},{"job_title":"Credit Risk Analyst","avg_salary":"₹650,000","pay_by_experience":"An entry-level Credit Risk Analyst with less than 1 year experience can expect to earn an average total compensation (includes tips, bonus, and overtime pay) of ₹560,000 based on 8 salaries. An early career Credit Risk Analyst with 1-4 years of experience earns an average total compensation of ₹638,713 based on 56 salaries. A mid-career Credit Risk Analyst with 5-9 years of experience earns an average total compensation of ₹1,140,000 based on 21 salaries. An experienced Credit Risk Analyst with 10-19 years of experience earns an average total compensation of ₹1,000,000 based on 5 salaries.   Read less"},{"job_title":"Compliance Specialist","avg_salary":"₹595,445","pay_by_experience":"An early career Compliance Specialist with 1-4 years of experience earns an average total compensation (includes tips, bonus, and overtime pay) of ₹414,613 based on 27 salaries. A mid-career Compliance Specialist with 5-9 years of experience earns an average total compensation of ₹635,465 based on 45 salaries. An experienced Compliance Specialist with 10-19 years of experience earns an average total compensation of ₹1,108,365 based on 18 salaries.   Read less"},{"job_title":"Investment Analyst","avg_salary":"₹634,699","pay_by_experience":"An entry-level Investment Analyst with less than 1 year experience can expect to earn an average total compensation (includes tips, bonus, and overtime pay) of ₹425,000 based on 17 salaries. An early career Investment Analyst with 1-4 years of experience earns an average total compensation of ₹600,000 based on 53 salaries. A mid-career Investment Analyst with 5-9 years of experience earns an average total compensation of ₹1,040,278 based on 12 salaries.   Read less"},{"job_title":"Fund Accountant","avg_salary":"₹415,430","pay_by_experience":"An entry-level Fund Accountant with less than 1 year experience can expect to earn an average total compensation (includes tips, bonus, and overtime pay) of ₹361,058 based on 18 salaries. An early career Fund Accountant with 1-4 years of experience earns an average total compensation of ₹399,813 based on 49 salaries. A mid-career Fund Accountant with 5-9 years of experience earns an average total compensation of ₹690,416 based on 19 salaries.   Read less"},{"job_title":"Treasury Manager","avg_salary":"₹980,709","pay_by_experience":"An entry-level Treasury Manager with less than 1 year experience can expect to earn an average total compensation (includes tips, bonus, and overtime pay) of ₹574,565 based on 11 salaries. An early career Treasury Manager with 1-4 years of experience earns an average total compensation of ₹606,206 based on 21 salaries. A mid-career Treasury Manager with 5-9 years of experience earns an average total compensation of ₹963,268 based on 28 salaries. An experienced Treasury Manager with 10-19 years of experience earns an average total compensation of ₹1,502,574 based on 35 salaries.   Read less"},{"job_title":"Management Accountant","avg_salary":"₹487,443","pay_by_experience":"An entry-level Management Accountant with less than 1 year experience can expect to earn an average total compensation (includes tips, bonus, and overtime pay) of ₹320,000 based on 20 salaries. An early career Management Accountant with 1-4 years of experience earns an average total compensation of ₹339,706 based on 37 salaries. A mid-career Management Accountant with 5-9 years of experience earns an average total compensation of ₹950,000 based on 15 salaries. An experienced Management Accountant with 10-19 years of experience earns an average total compensation of ₹1,200,000 based on 6 salaries. In their late career (20 years and higher), employees earn an average total compensation of ₹1,650,000.  Read less"},{"job_title":"Financial Planner","avg_salary":"₹393,054","pay_by_experience":"An entry-level Financial Planner with less than 1 year experience can expect to earn an average total compensation (includes tips, bonus, and overtime pay) of ₹274,708 based on 20 salaries. An early career Financial Planner with 1-4 years of experience earns an average total compensation of ₹357,500 based on 48 salaries. A mid-career Financial Planner with 5-9 years of experience earns an average total compensation of ₹600,000 based on 10 salaries. An experienced Financial Planner with 10-19 years of experience earns an average total compensation of ₹1,179,162 based on 6 salaries.   Read less"},{"job_title":"Accounting Supervisor","avg_salary":"₹475,000","pay_by_experience":"An entry-level Accounting Supervisor with less than 1 year experience can expect to earn an average total compensation (includes tips, bonus, and overtime pay) of ₹239,662 based on 7 salaries. An early career Accounting Supervisor with 1-4 years of experience earns an average total compensation of ₹246,303 based on 28 salaries. A mid-career Accounting Supervisor with 5-9 years of experience earns an average total compensation of ₹522,156 based on 24 salaries. An experienced Accounting Supervisor with 10-19 years of experience earns an average total compensation of ₹803,953 based on 19 salaries. In their late career (20 years and higher), employees earn an average total compensation of ₹600,000.  Read less"},{"job_title":"Investment Advisor","avg_salary":"₹368,821","pay_by_experience":"An entry-level Investment Advisor with less than 1 year experience can expect to earn an average total compensation (includes tips, bonus, and overtime pay) of ₹291,632 based on 13 salaries. An early career Investment Advisor with 1-4 years of experience earns an average total compensation of ₹349,502 based on 50 salaries. A mid-career Investment Advisor with 5-9 years of experience earns an average total compensation of ₹550,000 based on 13 salaries. An experienced Investment Advisor with 10-19 years of experience earns an average total compensation of ₹600,000 based on 13 salaries.   Read less"},{"job_title":"Manager, Financial Planning & Analysis","avg_salary":"₹1,497,044","pay_by_experience":"An early career Manager, Financial Planning & Analysis with 1-4 years of experience earns an average total compensation (includes tips, bonus, and overtime pay) of ₹1,080,899 based on 14 salaries. A mid-career Manager, Financial Planning & Analysis with 5-9 years of experience earns an average total compensation of ₹1,460,536 based on 40 salaries. An experienced Manager, Financial Planning & Analysis with 10-19 years of experience earns an average total compensation of ₹1,737,595 based on 32 salaries.   Read less"},{"job_title":"Tax Accountant","avg_salary":"₹338,398","pay_by_experience":"An entry-level Tax Accountant with less than 1 year experience can expect to earn an average total compensation (includes tips, bonus, and overtime pay) of ₹240,000 based on 5 salaries. An early career Tax Accountant with 1-4 years of experience earns an average total compensation of ₹291,632 based on 48 salaries. A mid-career Tax Accountant with 5-9 years of experience earns an average total compensation of ₹650,000 based on 22 salaries. An experienced Tax Accountant with 10-19 years of experience earns an average total compensation of ₹540,000 based on 6 salaries.   Read less"},{"job_title":"Assistant Bank Manager","avg_salary":"₹425,000","pay_by_experience":"An entry-level Assistant Bank Manager with less than 1 year experience can expect to earn an average total compensation (includes tips, bonus, and overtime pay) of ₹395,479 based on 10 salaries. An early career Assistant Bank Manager with 1-4 years of experience earns an average total compensation of ₹425,000 based on 38 salaries. A mid-career Assistant Bank Manager with 5-9 years of experience earns an average total compensation of ₹605,718 based on 25 salaries. An experienced Assistant Bank Manager with 10-19 years of experience earns an average total compensation of ₹953,003 based on 6 salaries.   Read less"},{"job_title":"Risk Management Analyst","avg_salary":"₹612,772","pay_by_experience":"An entry-level Risk Management Analyst with less than 1 year experience can expect to earn an average total compensation (includes tips, bonus, and overtime pay) of ₹508,682 based on 13 salaries. An early career Risk Management Analyst with 1-4 years of experience earns an average total compensation of ₹505,652 based on 29 salaries. A mid-career Risk Management Analyst with 5-9 years of experience earns an average total compensation of ₹991,571 based on 23 salaries. An experienced Risk Management Analyst with 10-19 years of experience earns an average total compensation of ₹1,574,603 based on 7 salaries.   Read less"},{"job_title":"Accounting Analyst","avg_salary":"₹421,352","pay_by_experience":"An entry-level Accounting Analyst with less than 1 year experience can expect to earn an average total compensation (includes tips, bonus, and overtime pay) of ₹292,947 based on 5 salaries. An early career Accounting Analyst with 1-4 years of experience earns an average total compensation of ₹344,121 based on 35 salaries. A mid-career Accounting Analyst with 5-9 years of experience earns an average total compensation of ₹469,144 based on 29 salaries. An experienced Accounting Analyst with 10-19 years of experience earns an average total compensation of ₹700,000 based on 6 salaries.   Read less"},{"job_title":"Risk Management Manager","avg_salary":"₹888,213","pay_by_experience":"An entry-level Risk Management Manager with less than 1 year experience can expect to earn an average total compensation (includes tips, bonus, and overtime pay) of ₹307,226 based on 6 salaries. An early career Risk Management Manager with 1-4 years of experience earns an average total compensation of ₹684,000 based on 16 salaries. A mid-career Risk Management Manager with 5-9 years of experience earns an average total compensation of ₹1,027,395 based on 31 salaries. An experienced Risk Management Manager with 10-19 years of experience earns an average total compensation of ₹1,450,000 based on 15 salaries.   Read less"},{"job_title":"Insurance Underwriter","avg_salary":"₹397,937","pay_by_experience":"An early career Insurance Underwriter with 1-4 years of experience earns an average total compensation (includes tips, bonus, and overtime pay) of ₹328,244 based on 33 salaries. A mid-career Insurance Underwriter with 5-9 years of experience earns an average total compensation of ₹550,000 based on 20 salaries. An experienced Insurance Underwriter with 10-19 years of experience earns an average total compensation of ₹1,080,000 based on 6 salaries.   Read less"},{"job_title":"Senior Tax Analyst","avg_salary":"₹649,729","pay_by_experience":"","Root":""},{"job_title":"Cost Controller","avg_salary":"₹719,023","pay_by_experience":"An early career Cost Controller with 1-4 years of experience earns an average total compensation (includes tips, bonus, and overtime pay) of ₹263,243 based on 15 salaries. A mid-career Cost Controller with 5-9 years of experience earns an average total compensation of ₹768,000 based on 23 salaries. An experienced Cost Controller with 10-19 years of experience earns an average total compensation of ₹914,217 based on 20 salaries.   Read less"},{"job_title":"Financial Analyst, Corporate","avg_salary":"₹550,000","pay_by_experience":"An entry-level Financial Analyst, Corporate with less than 1 year experience can expect to earn an average total compensation (includes tips, bonus, and overtime pay) of ₹450,000 based on 13 salaries. An early career Financial Analyst, Corporate with 1-4 years of experience earns an average total compensation of ₹484,536 based on 26 salaries. A mid-career Financial Analyst, Corporate with 5-9 years of experience earns an average total compensation of ₹614,451 based on 15 salaries. An experienced Financial Analyst, Corporate with 10-19 years of experience earns an average total compensation of ₹848,000 based on 8 salaries.   Read less"},{"job_title":"Asset Manager","avg_salary":"₹675,989","pay_by_experience":"An early career Asset Manager with 1-4 years of experience earns an average total compensation (includes tips, bonus, and overtime pay) of ₹505,652 based on 15 salaries. A mid-career Asset Manager with 5-9 years of experience earns an average total compensation of ₹741,680 based on 17 salaries. An experienced Asset Manager with 10-19 years of experience earns an average total compensation of ₹792,031 based on 22 salaries.   Read less"},{"job_title":"Assistant Controller","avg_salary":"₹688,276","pay_by_experience":"An early career Assistant Controller with 1-4 years of experience earns an average total compensation (includes tips, bonus, and overtime pay) of ₹700,000 based on 27 salaries. A mid-career Assistant Controller with 5-9 years of experience earns an average total compensation of ₹900,000 based on 18 salaries. An experienced Assistant Controller with 10-19 years of experience earns an average total compensation of ₹590,000 based on 8 salaries.   Read less"},{"job_title":"Financial Planning Analyst","avg_salary":"₹710,730","pay_by_experience":"An entry-level Financial Planning Analyst with less than 1 year experience can expect to earn an average total compensation (includes tips, bonus, and overtime pay) of ₹550,000 based on 7 salaries. An early career Financial Planning Analyst with 1-4 years of experience earns an average total compensation of ₹669,476 based on 22 salaries. A mid-career Financial Planning Analyst with 5-9 years of experience earns an average total compensation of ₹825,000 based on 22 salaries. An experienced Financial Planning Analyst with 10-19 years of experience earns an average total compensation of ₹1,429,319 based on 5 salaries.   Read less"},{"job_title":"Analyst, Credit Risk Management","avg_salary":"₹475,000","pay_by_experience":"An entry-level Analyst, Credit Risk Management with less than 1 year experience can expect to earn an average total compensation (includes tips, bonus, and overtime pay) of ₹437,556 based on 9 salaries. An early career Analyst, Credit Risk Management with 1-4 years of experience earns an average total compensation of ₹307,226 based on 23 salaries. A mid-career Analyst, Credit Risk Management with 5-9 years of experience earns an average total compensation of ₹1,224,490 based on 19 salaries. An experienced Analyst, Credit Risk Management with 10-19 years of experience earns an average total compensation of ₹700,000 based on 5 salaries.   Read less"},{"job_title":"Assistant Controller (Financial)","avg_salary":"₹934,348","pay_by_experience":"An early career Assistant Controller (Financial) with 1-4 years of experience earns an average total compensation (includes tips, bonus, and overtime pay) of ₹840,392 based on 14 salaries. A mid-career Assistant Controller (Financial) with 5-9 years of experience earns an average total compensation of ₹1,017,365 based on 24 salaries. An experienced Assistant Controller (Financial) with 10-19 years of experience earns an average total compensation of ₹1,220,838 based on 14 salaries.   Read less"},{"job_title":"Senior Audit Associate","avg_salary":"₹647,088","pay_by_experience":"","Root":""},{"job_title":"Quantitative Analyst","avg_salary":"₹1,000,913","pay_by_experience":"An entry-level Quantitative Analyst with less than 1 year experience can expect to earn an average total compensation (includes tips, bonus, and overtime pay) of ₹700,000 based on 9 salaries. An early career Quantitative Analyst with 1-4 years of experience earns an average total compensation of ₹921,134 based on 40 salaries. A mid-career Quantitative Analyst with 5-9 years of experience earns an average total compensation of ₹1,001,997 based on 8 salaries.   Read less"},{"job_title":"Senior Tax Accountant","avg_salary":"₹639,305","pay_by_experience":"An early career Senior Tax Accountant with 1-4 years of experience earns an average total compensation (includes tips, bonus, and overtime pay) of ₹654,907 based on 18 salaries. A mid-career Senior Tax Accountant with 5-9 years of experience earns an average total compensation of ₹781,192 based on 27 salaries. An experienced Senior Tax Accountant with 10-19 years of experience earns an average total compensation of ₹600,000 based on 11 salaries.   Read less"},{"job_title":"Entry-level Staff Accountant","avg_salary":"₹204,127","pay_by_experience":"An entry-level Entry-level Staff Accountant with less than 1 year experience can expect to earn an average total compensation (includes tips, bonus, and overtime pay) of ₹204,878 based on 12 salaries. An early career Entry-level Staff Accountant with 1-4 years of experience earns an average total compensation of ₹216,641 based on 34 salaries.   Read less"}]