{"0":{"job_title":"Bank_Manager","avg_salary":"\u20b9782,112","salary_component":["Base Salary","Bonus","Profit Sharing","Total Pay"],"Base Salary":"\u20b9300k - \u20b91m","Bonus":"\u20b910k - \u20b9296k","Profit Sharing":"\u20b93k - \u20b9482k","Total Pay":"\u20b9321k - \u20b91m","pay_by_experience_percent":["Entry Level","Early Career","Mid Career","Late Career","Experienced"],"Entry Level":"-20%","Early Career":"-23%","Mid Career":"0%","Late Career":"16%","Experienced":"33%","pay_by_experience_years":["1","1-4"],"1":"\u20b9625,101","1-4":"\u20b9600,000","gender_component":["Male","Female"],"Male":"83.1","Female":"16.9","health_benefits_componentt":["Medical","Dental","Vision","None"],"Medical":"86","Dental":"18","Vision":"18","None":"14","popular_skills_component":["Banking","Customer Service","Business Development","Operations Management","People Management"],"Banking":"5%","Customer Service":"\u20b9730,489","Business Development":"\u20b9782,383","Operations Management":"4%","People Management":"1%","affect_skills_component":["Financial Analysis","Branch Management","Risk Management \/ Risk Control","Sales Management","Banking","Operations Management","Credit Control","People Management"],"Financial Analysis":"28%","Branch Management":"28%","Risk Management \/ Risk Control":"25%","Sales Management":"7%","Credit Control":"2%","career_path_component":[],"location_component":["Mumbai, Maharashtra","Kolkata, West Bengal","Delhi, Delhi","Hyderabad, Andhra Pradesh","Bangalore, Karnataka","Lucknow, Uttar Pradesh","Chennai, Tamil Nadu","New Delhi, Delhi","Pune, Maharashtra","Ahmedabad, Gujarat"],"Mumbai, Maharashtra":"17%","Kolkata, West Bengal":"%","Delhi, Delhi":"-2%","Hyderabad, Andhra Pradesh":"5%","Bangalore, Karnataka":"1%","Lucknow, Uttar Pradesh":"-14%","Chennai, Tamil Nadu":"15%","New Delhi, Delhi":"15%","Pune, Maharashtra":"-4%","Ahmedabad, Gujarat":"-10%","employers_component":["State Bank of India","ICICI Bank","Union Bank of India","Axis Bank","HDFC Bank Pvt Ltd","UCO Bank","The South Indian Bank"],"State Bank of India":"Avg. Salary: \u20b9909,890","ICICI Bank":"Avg. Salary: \u20b9406,946","Union Bank of India":"Avg. Salary: \u20b9600,000","Axis Bank":"Avg. Salary: \u20b91,375,000","HDFC Bank Pvt Ltd":"Avg. Salary: \u20b9900,000","UCO Bank":"Avg. Salary: \u20b9786,108","The South Indian Bank":"Avg. Salary: \u20b91,000,000","related_job_component":["Operations Manager","Area Sales Manager","Branch Manager, Banking","Regional Sales Manager","Credit Manager","Assistant Manager, Customer Service","Assistant Branch Manager, Banking","Operations Team Leader","General \/ Operations Manager"],"Operations Manager":"Avg. Salary \u20b9297k \u2014 \u20b92m","Area Sales Manager":"Avg. Salary \u20b9299k \u2014 \u20b91m","Branch Manager, Banking":"Avg. Salary \u20b9347k \u2014 \u20b91m","Regional Sales Manager":"Avg. Salary \u20b9479k \u2014 \u20b92m","Credit Manager":"Avg. Salary \u20b9261k \u2014 \u20b91m","Assistant Manager, Customer Service":"Avg. Salary \u20b9253k \u2014 \u20b9955k","Assistant Branch Manager, Banking":"Avg. Salary \u20b9244k \u2014 \u20b9854k","Operations Team Leader":"Avg. Salary \u20b9242k \u2014 \u20b9948k","General \/ Operations Manager":"Avg. Salary \u20b9312k \u2014 \u20b93m"}}