{"0":{"job_title":"Bank_Officer","avg_salary":"\u20b9334,806","salary_component":["Base Salary","Bonus","Profit Sharing","Commission","Total Pay"],"Base Salary":"\u20b9158k - \u20b9786k","Bonus":"\u20b94k - \u20b9104k","Profit Sharing":"\u20b91k - \u20b9116k","Commission":"\u20b925k - \u20b9102k","Total Pay":"\u20b9174k - \u20b9812k","pay_by_experience_percent":["Entry Level","Early Career","Mid Career","Late Career","Experienced"],"Entry Level":"-34%","Early Career":"-13%","Mid Career":"75%","Late Career":"97%","Experienced":"169%","pay_by_experience_years":["1","1-4"],"1":"\u20b9219,801","1-4":"\u20b9291,701","gender_component":["Male","Female"],"Male":"76.7","Female":"23.3","health_benefits_componentt":["Medical","Dental","Vision","None"],"Medical":"89","Dental":"13","Vision":"16","None":"11","popular_skills_component":["Banking","Customer Service","Operations Management","Sales","Office Administration"],"Banking":"11%","Customer Service":"32%","Operations Management":"75%","Sales":"\u20b9238,491","Office Administration":"86%","affect_skills_component":["Office Administration","Operations Management","Customer Service","Customer Relationship Management (CRM)","Banking"],"Customer Relationship Management (CRM)":"16%","career_path_component":["Relationship Manager"],"location_component":["Mumbai, Maharashtra","Kolkata, West Bengal","Chennai, Tamil Nadu","New Delhi, Delhi","Bangalore, Karnataka","Hyderabad, Andhra Pradesh","Pune, Maharashtra","Coimbatore, Tamil Nadu","Ahmedabad, Gujarat","Jaipur, Rajasthan"],"Mumbai, Maharashtra":"-9%","Kolkata, West Bengal":"16%","Chennai, Tamil Nadu":"2%","New Delhi, Delhi":"18%","Bangalore, Karnataka":"74%","Hyderabad, Andhra Pradesh":"46%","Pune, Maharashtra":"-24%","Coimbatore, Tamil Nadu":"-18%","Ahmedabad, Gujarat":"-33%","Jaipur, Rajasthan":"27%","employers_component":["Bank of Baroda","ICICI Bank","State Bank of India"],"Bank of Baroda":"Avg. Salary: \u20b9650,000","ICICI Bank":"Avg. Salary: \u20b9230,108","State Bank of India":"Avg. Salary: \u20b9674,074","related_job_component":["Operations Manager","Relationship Manager","Branch Manager, Banking","Assistant Manager, Customer Service","Assistant Branch Manager, Banking","Operations Team Leader","Business Development Manager","Customer Service Representative (CSR)","General \/ Operations Manager"],"Operations Manager":"Avg. Salary \u20b9297k \u2014 \u20b92m","Relationship Manager":"Avg. Salary \u20b9202k \u2014 \u20b9805k","Branch Manager, Banking":"Avg. Salary \u20b9347k \u2014 \u20b91m","Assistant Manager, Customer Service":"Avg. Salary \u20b9252k \u2014 \u20b9955k","Assistant Branch Manager, Banking":"Avg. Salary \u20b9245k \u2014 \u20b9844k","Operations Team Leader":"Avg. Salary \u20b9242k \u2014 \u20b9948k","Business Development Manager":"Avg. Salary \u20b9266k \u2014 \u20b91m","Customer Service Representative (CSR)":"Avg. Salary \u20b9148k \u2014 \u20b9454k","General \/ Operations Manager":"Avg. Salary \u20b9312k \u2014 \u20b93m"}}