{"0":{"job_title":"Branch_Manager%2C_Insurance_Office","avg_salary":"\u20b9682,224","salary_component":["Base Salary","Bonus","Profit Sharing","Commission","Total Pay"],"Base Salary":"\u20b9293k - \u20b91m","Bonus":"\u20b99k - \u20b9244k","Profit Sharing":"\u20b923 - \u20b9679k","Commission":"\u20b948k - \u20b9412k","Total Pay":"\u20b9305k - \u20b91m","pay_by_experience_percent":["Early Career","Mid Career","Late Career","Experienced"],"Early Career":"-50%","Mid Career":"-12%","Late Career":"16%","Experienced":"47%","pay_by_experience_years":["1-4","5-9"],"1-4":"\u20b9343,197","5-9":"\u20b9599,740","gender_component":["Male","Female"],"Male":"94.6","Female":"5.4","health_benefits_componentt":["Medical","Dental","Vision","None"],"Medical":"81","Dental":"5","Vision":"8","None":"19","popular_skills_component":["Insurance","Team Management","Sales Management","Office Management","Sales"],"Insurance":"\u20b9675,622","Team Management":"4%","Sales Management":"2%","Office Management":"4%","Sales":"8%","affect_skills_component":["Operations Management","Customer Service","Team Leadership","Sales","Team Management","Office Management","Sales Management"],"Operations Management":"47%","Customer Service":"13%","Team Leadership":"10%","career_path_component":["Regional Sales Manager"],"location_component":["Mumbai, Maharashtra","Kolkata, West Bengal","New Delhi, Delhi","Pune, Maharashtra","Hyderabad, Andhra Pradesh","Bangalore, Karnataka","Bhubaneswar, Orissa","Chennai, Tamil Nadu","Madurai, Tamil Nadu","Lucknow, Uttar Pradesh"],"Mumbai, Maharashtra":"19%","Kolkata, West Bengal":"-27%","New Delhi, Delhi":"-41%","Pune, Maharashtra":"-8%","Hyderabad, Andhra Pradesh":"10%","Bangalore, Karnataka":"-53%","Bhubaneswar, Orissa":"-12%","Chennai, Tamil Nadu":"-12%","Madurai, Tamil Nadu":"50%","Lucknow, Uttar Pradesh":"-5%","employers_component":["Bajaj Allianz General Insurance Company","HDFC ERGO General Insurance","Shriram Life Insurance Company Limited","Allianz Life Insurance Company","SBI Life Insurance Co. Ltd.","ICICI Prudential Life Insurance Co. Ltd.","Reliance Life Insurance Co.ltd.","Birla Sun Life Insurance"],"Bajaj Allianz General Insurance Company":"Avg. Salary: \u20b9700,000","HDFC ERGO General Insurance":"Avg. Salary: \u20b9750,000","Shriram Life Insurance Company Limited":"Avg. Salary: \u20b9522,257","Allianz Life Insurance Company":"Avg. Salary: \u20b9850,000","SBI Life Insurance Co. Ltd.":"Avg. Salary: \u20b9875,000","ICICI Prudential Life Insurance Co. Ltd.":"Avg. Salary: \u20b9981,943","Reliance Life Insurance Co.ltd.":"Avg. Salary: \u20b9850,000","Birla Sun Life Insurance":"Avg. Salary: \u20b9550,000","related_job_component":["Operations Manager","Operations Team Leader","Area Sales Manager","Assistant Manager, Customer Service","Team Lead, Operations","Business Development Manager","Regional Sales Manager","General \/ Operations Manager","Customer Service Team Leader"],"Operations Manager":"Avg. Salary \u20b9297k \u2014 \u20b92m","Operations Team Leader":"Avg. Salary \u20b9242k \u2014 \u20b9948k","Area Sales Manager":"Avg. Salary \u20b9299k \u2014 \u20b91m","Assistant Manager, Customer Service":"Avg. Salary \u20b9253k \u2014 \u20b9955k","Team Lead, Operations":"Avg. Salary \u20b9314k \u2014 \u20b91m","Business Development Manager":"Avg. Salary \u20b9266k \u2014 \u20b91m","Regional Sales Manager":"Avg. Salary \u20b9479k \u2014 \u20b92m","General \/ Operations Manager":"Avg. Salary \u20b9312k \u2014 \u20b93m","Customer Service Team Leader":"Avg. Salary \u20b9236k \u2014 \u20b9823k"}}