{"0":{"job_title":"Branch_Manager%2C_Banking","avg_salary":"\u20b9801,148","salary_component":["Base Salary","Bonus","Profit Sharing","Commission","Total Pay"],"Base Salary":"\u20b9347k - \u20b91m","Bonus":"\u20b920k - \u20b9256k","Profit Sharing":"\u20b95k - \u20b9195k","Commission":"\u20b910k - \u20b9204k","Total Pay":"\u20b9376k - \u20b92m","pay_by_experience_percent":["Entry Level","Early Career","Mid Career","Late Career","Experienced"],"Entry Level":"-51%","Early Career":"-28%","Mid Career":"1%","Late Career":"21%","Experienced":"22%","pay_by_experience_years":["1","1-4"],"1":"\u20b9396,302","1-4":"\u20b9580,650","gender_component":["Male","Female","Prefer to self-define"],"Male":"93.0","Female":"6.8","Prefer to self-define":"0.3","health_benefits_componentt":["Medical","Dental","Vision","None"],"Medical":"90","Dental":"15","Vision":"17","None":"9","popular_skills_component":["Banking","Team Leadership","Customer Service","Business Development","People Management"],"Banking":"6%","Team Leadership":"11%","Customer Service":"\u20b9830,887","Business Development":"\u20b9827,044","People Management":"12%","affect_skills_component":["Commercial Loans","Mortgage Loans","Branch Management","Risk Management \/ Risk Control","Credit Control","People Management","Team Leadership","New Business Development","Banking","Leadership"],"Commercial Loans":"69%","Mortgage Loans":"25%","Branch Management":"22%","Risk Management \/ Risk Control":"19%","Credit Control":"16%","New Business Development":"10%","Leadership":"6%","career_path_component":["Bank Manager","Area Sales Manager","Operations Manager"],"location_component":["Mumbai, Maharashtra","Kolkata, West Bengal","Chennai, Tamil Nadu","New Delhi, Delhi","Bangalore, Karnataka","Hyderabad, Andhra Pradesh","Ahmedabad, Gujarat","Pune, Maharashtra","Lucknow, Uttar Pradesh","Patna, Bihar"],"Mumbai, Maharashtra":"21%","Kolkata, West Bengal":"9%","Chennai, Tamil Nadu":"10%","New Delhi, Delhi":"-1%","Bangalore, Karnataka":"20%","Hyderabad, Andhra Pradesh":"2%","Ahmedabad, Gujarat":"17%","Pune, Maharashtra":"-9%","Lucknow, Uttar Pradesh":"1%","Patna, Bihar":"-9%","employers_component":["HDFC Bank Pvt Ltd","ICICI Bank","State Bank of India","Bank of Baroda","Axis Bank","Kotak Mahindra Bank","IndusInd Bank Limited","Union Bank of India","ICICI Bbank Ltd.","United Bank of India"],"HDFC Bank Pvt Ltd":"Avg. Salary: \u20b91,010,001","ICICI Bank":"Avg. Salary: \u20b9709,719","State Bank of India":"Avg. Salary: \u20b9985,256","Bank of Baroda":"Avg. Salary: \u20b9850,000","Axis Bank":"Avg. Salary: \u20b91,120,069","Kotak Mahindra Bank":"Avg. Salary: \u20b9951,029","IndusInd Bank Limited":"Avg. Salary: \u20b9928,000","Union Bank of India":"Avg. Salary: \u20b9859,007","ICICI Bbank Ltd.":"Avg. Salary: \u20b9780,732","United Bank of India":"Avg. Salary: \u20b9829,522","related_job_component":["Operations Manager","Area Sales Manager","Business Development Manager","Relationship Manager","Regional Sales Manager","Operations Team Leader","Assistant Manager, Customer Service","Team Lead, Operations","Credit Manager"],"Operations Manager":"Avg. Salary \u20b9297k \u2014 \u20b92m","Area Sales Manager":"Avg. Salary \u20b9299k \u2014 \u20b91m","Business Development Manager":"Avg. Salary \u20b9266k \u2014 \u20b91m","Relationship Manager":"Avg. Salary \u20b9201k \u2014 \u20b9807k","Regional Sales Manager":"Avg. Salary \u20b9479k \u2014 \u20b92m","Operations Team Leader":"Avg. Salary \u20b9242k \u2014 \u20b9948k","Assistant Manager, Customer Service":"Avg. Salary \u20b9253k \u2014 \u20b9955k","Team Lead, Operations":"Avg. Salary \u20b9314k \u2014 \u20b91m","Credit Manager":"Avg. Salary \u20b9261k \u2014 \u20b91m"}}