{"0":{"job_title":"Business_Analyst%2C_Finance%2FBanking","avg_salary":"\u20b9656,911","salary_component":["Base Salary","Bonus","Profit Sharing","Commission","Total Pay"],"Base Salary":"\u20b9283k - \u20b92m","Bonus":"\u20b915k - \u20b9196k","Profit Sharing":"\u20b911 - \u20b9247k","Commission":"\u20b949k - \u20b999k","Total Pay":"\u20b9297k - \u20b92m","pay_by_experience_percent":["Entry Level","Early Career","Mid Career","Late Career","Experienced"],"Entry Level":"-37%","Early Career":"-15%","Mid Career":"33%","Late Career":"100%","Experienced":"259%","pay_by_experience_years":["1"],"1":"\u20b9414,556","gender_component":["Male","Female"],"Male":"71.9","Female":"28.1","health_benefits_componentt":["Medical","Dental","Vision","None"],"Medical":"74","Dental":"7","Vision":"6","None":"26","popular_skills_component":["Business Analysis","Microsoft Excel","Financial Analysis","Data Analysis","Microsoft Office"],"Business Analysis":"\u20b9776,894","Microsoft Excel":"\u20b9608,092","Financial Analysis":"\u20b9591,078","Data Analysis":"\u20b9703,972","Microsoft Office":"\u20b9621,832","affect_skills_component":["Risk Management \/ Risk Control","Document Preparation","Big Data Analytics","Trade Compliance","Requirements Analysis","Project Management","SAS (Statistical Analysis System)","SQL","Data Modeling","Process Improvement"],"Risk Management \/ Risk Control":"67%","Document Preparation":"52%","Big Data Analytics":"45%","Trade Compliance":"43%","Requirements Analysis":"35%","Project Management":"27%","SAS (Statistical Analysis System)":"24%","SQL":"22%","Data Modeling":"22%","Process Improvement":"22%","career_path_component":["Senior Business Analyst","Lead Business Analyst","Financial Analyst"],"location_component":["Bangalore, Karnataka","Mumbai, Maharashtra","Pune, Maharashtra","Chennai, Tamil Nadu","Hyderabad, Andhra Pradesh","Gurgaon, Haryana","New Delhi, Delhi","Delhi, Delhi","Indore, Madhya Pradesh","Kolkata, West Bengal"],"Bangalore, Karnataka":"7%","Mumbai, Maharashtra":"10%","Pune, Maharashtra":"28%","Chennai, Tamil Nadu":"2%","Hyderabad, Andhra Pradesh":"8%","Gurgaon, Haryana":"-18%","New Delhi, Delhi":"-11%","Delhi, Delhi":"-16%","Indore, Madhya Pradesh":"-49%","Kolkata, West Bengal":"-25%","employers_component":["Tata Consultancy Services Limited","HSBC","Axis Bank","Genpact","J.P. Morgan Chase & Co. (JPMCC)","Credit Suisse","Wipro","American Express Co. (AMEX)","Wipro Technologies Ltd.","Accenture"],"Tata Consultancy Services Limited":"Avg. Salary: \u20b9568,827","HSBC":"Avg. Salary: \u20b9997,056","Axis Bank":"Avg. Salary: \u20b9723,482","Genpact":"Avg. Salary: \u20b9450,094","J.P. Morgan Chase & Co. (JPMCC)":"Avg. Salary: \u20b9756,305","Credit Suisse":"Avg. Salary: \u20b91,080,783","Wipro":"Avg. Salary: \u20b9712,500","American Express Co. (AMEX)":"Avg. Salary: \u20b91,100,000","Wipro Technologies Ltd.":"Avg. Salary: \u20b9756,444","Accenture":"Avg. Salary: \u20b9449,119","related_job_component":["Data Analyst","Senior Business Analyst","Business Analyst, IT","Project Manager, (Unspecified Type \/ General)","Civil Engineer","Software Engineer","Operations Manager","Data Scientist","Mechanical Engineer"],"Data Analyst":"Avg. Salary \u20b9201k \u2014 \u20b9959k","Senior Business Analyst":"Avg. Salary \u20b9448k \u2014 \u20b92m","Business Analyst, IT":"Avg. Salary \u20b9274k \u2014 \u20b91m","Project Manager, (Unspecified Type \/ General)":"Avg. Salary \u20b9458k \u2014 \u20b92m","Civil Engineer":"Avg. Salary \u20b9154k \u2014 \u20b9771k","Software Engineer":"Avg. Salary \u20b9262k \u2014 \u20b91m","Operations Manager":"Avg. Salary \u20b9297k \u2014 \u20b92m","Data Scientist":"Avg. Salary \u20b9343k \u2014 \u20b92m","Mechanical Engineer":"Avg. Salary \u20b9152k \u2014 \u20b9983k"}}