{"0":{"job_title":"Certified_Financial_Planner_(CFP)","avg_salary":"\u20b9396,854","salary_component":["Base Salary","Bonus","Profit Sharing","Commission","Total Pay"],"Base Salary":"\u20b9195k - \u20b9979k","Bonus":"\u20b910k - \u20b9397k","Profit Sharing":"\u20b92k - \u20b9225k","Commission":"\u20b90 - \u20b998k","Total Pay":"\u20b9213k - \u20b91m","pay_by_experience_percent":["Entry Level","Early Career","Mid Career","Late Career"],"Entry Level":"-8%","Early Career":"-1%","Mid Career":"74%","Late Career":"82%","pay_by_experience_years":["1"],"1":"\u20b9366,385","gender_component":["Male","Female"],"Male":"72.0","Female":"28.0","health_benefits_componentt":["Medical","Dental","Vision","None"],"Medical":"45","Dental":"3","Vision":"13","None":"53","popular_skills_component":["Financial Advisor","Investment Planning","Financial Analysis","Investment Management","Insurance"],"Financial Advisor":"\u20b9359,138","Investment Planning":"\u20b9364,779","Financial Analysis":"\u20b9338,599","Investment Management":"3%","Insurance":"1%","affect_skills_component":["Client Interaction","Investment Management","Insurance"],"Client Interaction":"26%","career_path_component":["Financial Planner"],"location_component":["Mumbai, Maharashtra","Hyderabad, Andhra Pradesh","Bangalore, Karnataka","Delhi, Delhi","New Delhi, Delhi","Kolkata, West Bengal","Pune, Maharashtra","Chennai, Tamil Nadu","Lucknow, Uttar Pradesh","Jaipur, Rajasthan"],"Mumbai, Maharashtra":"%","Hyderabad, Andhra Pradesh":"13%","Bangalore, Karnataka":"9%","Delhi, Delhi":"13%","New Delhi, Delhi":"-25%","Kolkata, West Bengal":"21%","Pune, Maharashtra":"7%","Chennai, Tamil Nadu":"26%","Lucknow, Uttar Pradesh":"-24%","Jaipur, Rajasthan":"-18%","employers_component":[],"related_job_component":["Financial Analyst","Accountant","Project Manager, (Unspecified Type \/ General)","Finance Manager","Civil Engineer","Senior Financial Analyst","Operations Manager","Mechanical Engineer","Senior Business Analyst"],"Financial Analyst":"Avg. Salary \u20b9220k \u2014 \u20b9994k","Accountant":"Avg. Salary \u20b9123k \u2014 \u20b9507k","Project Manager, (Unspecified Type \/ General)":"Avg. Salary \u20b9456k \u2014 \u20b92m","Finance Manager":"Avg. Salary \u20b9354k \u2014 \u20b92m","Civil Engineer":"Avg. Salary \u20b9154k \u2014 \u20b9771k","Senior Financial Analyst":"Avg. Salary \u20b9304k \u2014 \u20b91m","Operations Manager":"Avg. Salary \u20b9297k \u2014 \u20b92m","Mechanical Engineer":"Avg. Salary \u20b9152k \u2014 \u20b9983k","Senior Business Analyst":"Avg. Salary \u20b9447k \u2014 \u20b92m"}}