{"0":{"job_title":"Certified_Public_Accountant_(CPA)","avg_salary":"\u20b9699,624","salary_component":["Base Salary","Bonus","Profit Sharing","Total Pay"],"Base Salary":"\u20b9172k - \u20b92m","Bonus":"\u20b910k - \u20b9498k","Profit Sharing":"\u20b92k - \u20b9986k","Total Pay":"\u20b9172k - \u20b92m","pay_by_experience_percent":["Entry Level","Early Career","Mid Career","Late Career"],"Entry Level":"-12%","Early Career":"-7%","Mid Career":"41%","Late Career":"114%","pay_by_experience_years":["1"],"1":"\u20b9618,252","gender_component":["Male","Female"],"Male":"82.4","Female":"17.6","health_benefits_componentt":["Medical","Dental","Vision","None"],"Medical":"67","Dental":"4","Vision":"2","None":"33","popular_skills_component":["Financial Reporting","Auditing","Tax Preparation","Tax Consulting","Financial Analysis"],"Financial Reporting":"3%","Auditing":"17%","Tax Preparation":"3%","Tax Consulting":"26%","Financial Analysis":"16%","affect_skills_component":["Tax Compliance","Tax Consulting","Auditing","Financial Analysis","Financial Reporting","Tax Preparation"],"Tax Compliance":"47%","career_path_component":[],"location_component":["Mumbai, Maharashtra","Delhi, Delhi","Hyderabad, Andhra Pradesh","Bangalore, Karnataka","New Delhi, Delhi","Pune, Maharashtra","Chennai, Tamil Nadu","Ahmedabad, Gujarat"],"Mumbai, Maharashtra":"-13%","Delhi, Delhi":"-49%","Hyderabad, Andhra Pradesh":"11%","Bangalore, Karnataka":"3%","New Delhi, Delhi":"%","Pune, Maharashtra":"21%","Chennai, Tamil Nadu":"40%","Ahmedabad, Gujarat":"-54%","employers_component":["Deloitte"],"Deloitte":"Avg. Salary: \u20b9687,845","related_job_component":["Accountant","Chartered Accountant","Finance Manager","Financial Analyst","Senior Financial Analyst","Account Manager","Senior Accountant","Assistant Finance Manager","Account Executive"],"Accountant":"Avg. Salary \u20b9123k \u2014 \u20b9507k","Chartered Accountant":"Avg. Salary \u20b9413k \u2014 \u20b92m","Finance Manager":"Avg. Salary \u20b9354k \u2014 \u20b92m","Financial Analyst":"Avg. Salary \u20b9220k \u2014 \u20b9992k","Senior Financial Analyst":"Avg. Salary \u20b9304k \u2014 \u20b91m","Account Manager":"Avg. Salary \u20b9281k \u2014 \u20b91m","Senior Accountant":"Avg. Salary \u20b9242k \u2014 \u20b9770k","Assistant Finance Manager":"Avg. Salary \u20b9351k \u2014 \u20b91m","Account Executive":"Avg. Salary \u20b9155k \u2014 \u20b9499k"}}