{"0":{"job_title":"Chartered_Accountant","avg_salary":"\u20b9792,205","salary_component":["Base Salary","Bonus","Profit Sharing","Commission","Total Pay"],"Base Salary":"\u20b9413k - \u20b92m","Bonus":"\u20b920k - \u20b9292k","Profit Sharing":"\u20b9970 - \u20b9495k","Commission":"\u20b99k - \u20b9493k","Total Pay":"\u20b9431k - \u20b92m","pay_by_experience_percent":["Entry Level","Early Career","Mid Career","Late Career","Experienced"],"Entry Level":"-12%","Early Career":"-8%","Mid Career":"44%","Late Career":"122%","Experienced":"121%","pay_by_experience_years":["1","1-4"],"1":"\u20b9695,780","1-4":"\u20b9731,818","gender_component":["Male","Female"],"Male":"74.7","Female":"25.3","health_benefits_componentt":["Medical","Dental","Vision","None"],"Medical":"51","Dental":"6","Vision":"7","None":"48","popular_skills_component":["Auditing","Financial Reporting","Tax Compliance","Account Management","Financial Analysis"],"Auditing":"\u20b9749,476","Financial Reporting":"\u20b9818,094","Tax Compliance":"\u20b9751,145","Account Management":"\u20b9776,654","Financial Analysis":"15%","affect_skills_component":["Regulatory Compliance","Budgeting","Budget Management","Financial Advisor","Financial Modeling","Microsoft Excel","Tax Preparation","Financial Analysis","Evaluation and Management Auditing","Financial Compliance"],"Regulatory Compliance":"216%","Budgeting":"89%","Budget Management":"42%","Financial Advisor":"26%","Financial Modeling":"26%","Microsoft Excel":"20%","Tax Preparation":"17%","Evaluation and Management Auditing":"15%","Financial Compliance":"13%","career_path_component":["Finance Manager","Tax Manager","Certified Public Accountant (CPA)"],"location_component":["Mumbai, Maharashtra","Bangalore, Karnataka","Chennai, Tamil Nadu","New Delhi, Delhi","Ahmedabad, Gujarat","Hyderabad, Andhra Pradesh","Pune, Maharashtra","Delhi, Delhi","Kolkata, West Bengal","Gurgaon, Haryana"],"Mumbai, Maharashtra":"3%","Bangalore, Karnataka":"17%","Chennai, Tamil Nadu":"16%","New Delhi, Delhi":"16%","Ahmedabad, Gujarat":"-13%","Hyderabad, Andhra Pradesh":"23%","Pune, Maharashtra":"-4%","Delhi, Delhi":"1%","Kolkata, West Bengal":"-4%","Gurgaon, Haryana":"27%","employers_component":["EY (Ernst & Young)","Deloitte","KPMG, LLP","Kpmg Consulting","Deloitte Haskins & Sells","Grant Thornton Llp","McKinsey & Company, Inc.","Tata Consultancy Services Limited","ICICI Bank","KPMG International"],"EY (Ernst & Young)":"Avg. Salary: \u20b91,159,590","Deloitte":"Avg. Salary: \u20b9900,000","KPMG, LLP":"Avg. Salary: \u20b9737,880","Kpmg Consulting":"Avg. Salary: \u20b9700,000","Deloitte Haskins & Sells":"Avg. Salary: \u20b9950,000","Grant Thornton Llp":"Avg. Salary: \u20b91,248,000","McKinsey & Company, Inc.":"Avg. Salary: \u20b91,225,000","Tata Consultancy Services Limited":"Avg. Salary: \u20b9600,000","ICICI Bank":"Avg. Salary: \u20b91,100,000","KPMG International":"Avg. Salary: \u20b9862,500","related_job_component":["Accountant","Finance Manager","Financial Analyst","Account Executive","Assistant Finance Manager","Senior Financial Analyst","Senior Accountant","Account Manager","Financial Controller"],"Accountant":"Avg. Salary \u20b9123k \u2014 \u20b9507k","Finance Manager":"Avg. Salary \u20b9354k \u2014 \u20b92m","Financial Analyst":"Avg. Salary \u20b9220k \u2014 \u20b9992k","Account Executive":"Avg. Salary \u20b9155k \u2014 \u20b9499k","Assistant Finance Manager":"Avg. Salary \u20b9351k \u2014 \u20b91m","Senior Financial Analyst":"Avg. Salary \u20b9304k \u2014 \u20b91m","Senior Accountant":"Avg. Salary \u20b9242k \u2014 \u20b9770k","Account Manager":"Avg. Salary \u20b9281k \u2014 \u20b91m","Financial Controller":"Avg. Salary \u20b9594k \u2014 \u20b94m"}}