{"0":{"job_title":"Chartered_Financial_Analyst_(CFA)","avg_salary":"\u20b9678,706","salary_component":["Base Salary","Bonus","Profit Sharing","Commission","Total Pay"],"Base Salary":"\u20b9290k - \u20b92m","Bonus":"\u20b910k - \u20b9403k","Profit Sharing":"\u20b917 - \u20b9242k","Commission":"\u20b90 - \u20b920k","Total Pay":"\u20b9304k - \u20b92m","pay_by_experience_percent":["Entry Level","Early Career","Mid Career","Late Career"],"Entry Level":"-12%","Early Career":"0%","Mid Career":"25%","Late Career":"25%","pay_by_experience_years":["1"],"1":"\u20b9600,000","gender_component":["Male","Female"],"Male":"88.9","Female":"11.1","health_benefits_componentt":["Medical","Dental","Vision","None"],"Medical":"63","Dental":"10","Vision":"8","None":"35","popular_skills_component":["Financial Analysis","Portfolio Management","Investment Management","Financial Modeling","Market Research"],"Financial Analysis":"\u20b9616,736","Portfolio Management":"16%","Investment Management":"3%","Financial Modeling":"\u20b9500,000","Market Research":"\u20b9500,000","affect_skills_component":["Portfolio Management","Investment Management"],"career_path_component":[],"location_component":["Mumbai, Maharashtra","Pune, Maharashtra","Delhi, Delhi","Kolkata, West Bengal","Bangalore, Karnataka","New Delhi, Delhi","Ahmedabad, Gujarat","Hyderabad, Andhra Pradesh","Jaipur, Rajasthan","Chennai, Tamil Nadu"],"Mumbai, Maharashtra":"20%","Pune, Maharashtra":"-10%","Delhi, Delhi":"-28%","Kolkata, West Bengal":"-12%","Bangalore, Karnataka":"-25%","New Delhi, Delhi":"-14%","Ahmedabad, Gujarat":"-41%","Hyderabad, Andhra Pradesh":"-4%","Jaipur, Rajasthan":"357%","Chennai, Tamil Nadu":"18%","employers_component":[],"related_job_component":["Financial Analyst","Finance Manager","Research Analyst","Senior Financial Analyst","Chartered Accountant","Relationship Manager","Credit Manager","Assistant Finance Manager","Senior Research Analyst"],"Financial Analyst":"Avg. Salary \u20b9220k \u2014 \u20b9994k","Finance Manager":"Avg. Salary \u20b9354k \u2014 \u20b92m","Research Analyst":"Avg. Salary \u20b9192k \u2014 \u20b9861k","Senior Financial Analyst":"Avg. Salary \u20b9304k \u2014 \u20b91m","Chartered Accountant":"Avg. Salary \u20b9413k \u2014 \u20b92m","Relationship Manager":"Avg. Salary \u20b9202k \u2014 \u20b9805k","Credit Manager":"Avg. Salary \u20b9261k \u2014 \u20b91m","Assistant Finance Manager":"Avg. Salary \u20b9351k \u2014 \u20b91m","Senior Research Analyst":"Avg. Salary \u20b9279k \u2014 \u20b91m"}}