{"0":{"job_title":"Compliance_Officer","avg_salary":"\u20b9493,334","salary_component":["Base Salary","Bonus","Profit Sharing","Commission","Total Pay"],"Base Salary":"\u20b9203k - \u20b91m","Bonus":"\u20b910k - \u20b9291k","Profit Sharing":"\u20b95k - \u20b9150k","Commission":"\u20b90 - \u20b93k","Total Pay":"\u20b9209k - \u20b91m","pay_by_experience_percent":["Entry Level","Early Career","Mid Career","Late Career","Experienced"],"Entry Level":"-37%","Early Career":"-24%","Mid Career":"20%","Late Career":"73%","Experienced":"28%","pay_by_experience_years":["1","1-4"],"1":"\u20b9309,126","1-4":"\u20b9372,925","gender_component":["Male","Female"],"Male":"71.9","Female":"28.1","health_benefits_componentt":["Medical","Dental","Vision","None"],"Medical":"74","Dental":"4","Vision":"3","None":"26","popular_skills_component":["Regulatory Compliance","Legal Compliance","Risk Management \/ Risk Control","Anti-Money Laundering (AML)","Financial Compliance"],"Regulatory Compliance":"13%","Legal Compliance":"14%","Risk Management \/ Risk Control":"10%","Anti-Money Laundering (AML)":"25%","Financial Compliance":"1%","affect_skills_component":["Corporate Governance","Internal Audit","Anti-Money Laundering (AML)","Legal Compliance","Regulatory Compliance","Risk Management \/ Risk Control","Financial Compliance","Auditing","Writing Procedures & Documentation"],"Corporate Governance":"82%","Internal Audit":"66%","Auditing":"1%","Writing Procedures & Documentation":"1%","career_path_component":["Compliance Manager","Senior Manager Auditor","Corporate Secretary"],"location_component":["Mumbai, Maharashtra","Chennai, Tamil Nadu","Bangalore, Karnataka","Ahmedabad, Gujarat","Pune, Maharashtra","Hyderabad, Andhra Pradesh","Kolkata, West Bengal","Delhi, Delhi","New Delhi, Delhi","Gurgaon, Haryana"],"Mumbai, Maharashtra":"25%","Chennai, Tamil Nadu":"-31%","Bangalore, Karnataka":"18%","Ahmedabad, Gujarat":"20%","Pune, Maharashtra":"6%","Hyderabad, Andhra Pradesh":"-3%","Kolkata, West Bengal":"-32%","Delhi, Delhi":"-39%","New Delhi, Delhi":"%","Gurgaon, Haryana":"-27%","employers_component":["BNP Paribas Inc.","Scope International"],"BNP Paribas Inc.":"Avg. Salary: \u20b9400,000","Scope International":"Avg. Salary: \u20b9375,000","related_job_component":["Accountant","Civil Engineer","Chartered Accountant","Internal Auditor","Mechanical Engineer","Corporate Secretary","Data Analyst","Operations Manager","Financial Analyst"],"Accountant":"Avg. Salary \u20b9123k \u2014 \u20b9507k","Civil Engineer":"Avg. Salary \u20b9154k \u2014 \u20b9771k","Chartered Accountant":"Avg. Salary \u20b9413k \u2014 \u20b92m","Internal Auditor":"Avg. Salary \u20b9200k \u2014 \u20b91m","Mechanical Engineer":"Avg. Salary \u20b9152k \u2014 \u20b9983k","Corporate Secretary":"Avg. Salary \u20b9297k \u2014 \u20b91m","Data Analyst":"Avg. Salary \u20b9201k \u2014 \u20b9959k","Operations Manager":"Avg. Salary \u20b9297k \u2014 \u20b92m","Financial Analyst":"Avg. Salary \u20b9220k \u2014 \u20b9992k"}}