{"0":{"job_title":"Compliance_Manager","avg_salary":"\u20b91,006,094","salary_component":["Base Salary","Bonus","Profit Sharing","Total Pay"],"Base Salary":"\u20b9402k - \u20b92m","Bonus":"\u20b919k - \u20b9256k","Profit Sharing":"\u20b90 - \u20b9250k","Total Pay":"\u20b9426k - \u20b92m","pay_by_experience_percent":["Early Career","Mid Career","Late Career","Experienced"],"Early Career":"-49%","Mid Career":"1%","Late Career":"39%","Experienced":"99%","pay_by_experience_years":["1-4","5-9"],"1-4":"\u20b9513,753","5-9":"\u20b91,016,064","gender_component":["Male","Female"],"Male":"69.1","Female":"30.9","health_benefits_componentt":["Medical","Dental","Vision","None"],"Medical":"84","Dental":"13","Vision":"10","None":"16","popular_skills_component":["Regulatory Compliance","Risk Management \/ Risk Control","Legal Compliance","Internal Audit","Auditing"],"Regulatory Compliance":"17%","Risk Management \/ Risk Control":"22%","Legal Compliance":"\u20b91,000,000","Internal Audit":"\u20b9858,173","Auditing":"17%","affect_skills_component":["Project Management","Financial Compliance","Risk Management \/ Risk Control","Regulatory Compliance","Auditing","Anti-Money Laundering (AML)","Operations Management"],"Project Management":"39%","Financial Compliance":"33%","Anti-Money Laundering (AML)":"5%","Operations Management":"3%","career_path_component":["Compliance Director","Compliance Manager, IT Security Products","Compliance Officer"],"location_component":["Mumbai, Maharashtra","Bangalore, Karnataka","Hyderabad, Andhra Pradesh","Chennai, Tamil Nadu","Gurgaon, Haryana","Delhi, Delhi","New Delhi, Delhi","Noida, Uttar Pradesh","Pune, Maharashtra","Kolkata, West Bengal"],"Mumbai, Maharashtra":"17%","Bangalore, Karnataka":"14%","Hyderabad, Andhra Pradesh":"18%","Chennai, Tamil Nadu":"-11%","Gurgaon, Haryana":"-14%","Delhi, Delhi":"-6%","New Delhi, Delhi":"-18%","Noida, Uttar Pradesh":"-31%","Pune, Maharashtra":"47%","Kolkata, West Bengal":"-45%","employers_component":["HSBC","International Business Machines (IBM) Corp."],"HSBC":"Avg. Salary: \u20b9896,000","International Business Machines (IBM) Corp.":"Avg. Salary: \u20b9404,500","related_job_component":["Operations Manager","Project Manager, (Unspecified Type \/ General)","Civil Engineer","Chartered Accountant","Operations Team Leader","Project Manager, Information Technology (IT)","Service Delivery Manager","General \/ Operations Manager","Assistant Manager, Customer Service"],"Operations Manager":"Avg. Salary \u20b9297k \u2014 \u20b92m","Project Manager, (Unspecified Type \/ General)":"Avg. Salary \u20b9456k \u2014 \u20b92m","Civil Engineer":"Avg. Salary \u20b9154k \u2014 \u20b9771k","Chartered Accountant":"Avg. Salary \u20b9412k \u2014 \u20b92m","Operations Team Leader":"Avg. Salary \u20b9242k \u2014 \u20b9948k","Project Manager, Information Technology (IT)":"Avg. Salary \u20b9531k \u2014 \u20b92m","Service Delivery Manager":"Avg. Salary \u20b9399k \u2014 \u20b93m","General \/ Operations Manager":"Avg. Salary \u20b9312k \u2014 \u20b93m","Assistant Manager, Customer Service":"Avg. Salary \u20b9252k \u2014 \u20b9955k"}}