{"0":{"job_title":"Compliance_Specialist","avg_salary":"\u20b9598,754","salary_component":["Base Salary","Bonus","Profit Sharing","Total Pay"],"Base Salary":"\u20b9339k - \u20b92m","Bonus":"\u20b920k - \u20b9148k","Profit Sharing":"\u20b90 - \u20b9109k","Total Pay":"\u20b9345k - \u20b92m","pay_by_experience_percent":["Early Career","Mid Career","Late Career"],"Early Career":"-29%","Mid Career":"6%","Late Career":"85%","pay_by_experience_years":["1-4","5-9"],"1-4":"\u20b9425,000","5-9":"\u20b9635,465","gender_component":["Male","Female"],"Male":"60.0","Female":"40.0","health_benefits_componentt":["Medical","Dental","Vision","None"],"Medical":"76","Dental":"12","Vision":"16","None":"24","popular_skills_component":["Regulatory Compliance","Legal Compliance","Auditing","Oral \/ Verbal Communication","Writing Procedures & Documentation"],"Regulatory Compliance":"1%","Legal Compliance":"\u20b9551,075","Auditing":"\u20b9555,238","Oral \/ Verbal Communication":"\u20b9520,719","Writing Procedures & Documentation":"8%","affect_skills_component":["Risk Management \/ Risk Control","Writing Procedures & Documentation","Internal Audit","Regulatory Compliance"],"Risk Management \/ Risk Control":"45%","Internal Audit":"7%","career_path_component":["Quality Assurance Auditor"],"location_component":["Bangalore, Karnataka","Chennai, Tamil Nadu","Mumbai, Maharashtra","Hyderabad, Andhra Pradesh","Pune, Maharashtra"],"Bangalore, Karnataka":"-2%","Chennai, Tamil Nadu":"50%","Mumbai, Maharashtra":"1%","Hyderabad, Andhra Pradesh":"11%","Pune, Maharashtra":"-21%","employers_component":[],"related_job_component":["Civil Engineer","Accountant","Chartered Accountant","Mechanical Engineer","Internal Auditor","Project Manager, (Unspecified Type \/ General)","Data Analyst","Executive Assistant","Operations Manager"],"Civil Engineer":"Avg. Salary \u20b9154k \u2014 \u20b9773k","Accountant":"Avg. Salary \u20b9123k \u2014 \u20b9507k","Chartered Accountant":"Avg. Salary \u20b9411k \u2014 \u20b92m","Mechanical Engineer":"Avg. Salary \u20b9151k \u2014 \u20b9982k","Internal Auditor":"Avg. Salary \u20b9201k \u2014 \u20b91m","Project Manager, (Unspecified Type \/ General)":"Avg. Salary \u20b9459k \u2014 \u20b92m","Data Analyst":"Avg. Salary \u20b9200k \u2014 \u20b9949k","Executive Assistant":"Avg. Salary \u20b9153k \u2014 \u20b9781k","Operations Manager":"Avg. Salary \u20b9297k \u2014 \u20b92m"}}