{"0":{"job_title":"Compliance_Analyst","avg_salary":"\u20b9443,114","salary_component":["Base Salary","Bonus","Profit Sharing","Total Pay"],"Base Salary":"\u20b9249k - \u20b9737k","Bonus":"\u20b914k - \u20b998k","Profit Sharing":"\u20b91k - \u20b925k","Total Pay":"\u20b9258k - \u20b9774k","pay_by_experience_percent":["Entry Level","Early Career","Mid Career","Late Career"],"Entry Level":"-27%","Early Career":"-8%","Mid Career":"36%","Late Career":"55%","pay_by_experience_years":["1","1-4"],"1":"\u20b9322,988","1-4":"\u20b9408,828","gender_component":["Male","Female","Prefer to self-define"],"Male":"65.9","Female":"32.9","Prefer to self-define":"1.2","health_benefits_componentt":["Medical","Dental","Vision","None"],"Medical":"79","Dental":"12","Vision":"12","None":"21","popular_skills_component":["Anti-Money Laundering (AML)","Regulatory Compliance","Microsoft Excel","Data Analysis","Financial Compliance"],"Anti-Money Laundering (AML)":"\u20b9433,859","Regulatory Compliance":"\u20b9427,668","Microsoft Excel":"9%","Data Analysis":"11%","Financial Compliance":"7%","affect_skills_component":["Internal Audit","Legal Compliance","Sarbanes-Oxley (SOX) Audit, Information Technology (IT)","Data Analysis","Microsoft Excel","Financial Compliance","Risk Management \/ Risk Control"],"Internal Audit":"37%","Legal Compliance":"22%","Sarbanes-Oxley (SOX) Audit, Information Technology (IT)":"13%","Risk Management \/ Risk Control":"2%","career_path_component":["Compliance Manager"],"location_component":["Bangalore, Karnataka","Mumbai, Maharashtra","Hyderabad, Andhra Pradesh","Chennai, Tamil Nadu","Pune, Maharashtra","Gurgaon, Haryana","Delhi, Delhi","New Delhi, Delhi"],"Bangalore, Karnataka":"-3%","Mumbai, Maharashtra":"-1%","Hyderabad, Andhra Pradesh":"-10%","Chennai, Tamil Nadu":"-23%","Pune, Maharashtra":"38%","Gurgaon, Haryana":"-4%","Delhi, Delhi":"17%","New Delhi, Delhi":"17%","employers_component":["EY (Ernst & Young)","HSBC"],"EY (Ernst & Young)":"Avg. Salary: \u20b9422,545","HSBC":"Avg. Salary: \u20b9365,000","related_job_component":["Data Analyst","Financial Analyst","Research Analyst","Accountant","Civil Engineer","Senior Business Analyst","Internal Auditor","Chartered Accountant","Operations Manager"],"Data Analyst":"Avg. Salary \u20b9201k \u2014 \u20b9959k","Financial Analyst":"Avg. Salary \u20b9220k \u2014 \u20b9992k","Research Analyst":"Avg. Salary \u20b9192k \u2014 \u20b9861k","Accountant":"Avg. Salary \u20b9123k \u2014 \u20b9507k","Civil Engineer":"Avg. Salary \u20b9154k \u2014 \u20b9771k","Senior Business Analyst":"Avg. Salary \u20b9448k \u2014 \u20b92m","Internal Auditor":"Avg. Salary \u20b9200k \u2014 \u20b91m","Chartered Accountant":"Avg. Salary \u20b9413k \u2014 \u20b92m","Operations Manager":"Avg. Salary \u20b9297k \u2014 \u20b92m"}}