{"0":{"job_title":"Cost_Accountant","avg_salary":"\u20b9571,444","salary_component":["Base Salary","Bonus","Profit Sharing","Total Pay"],"Base Salary":"\u20b9271k - \u20b91m","Bonus":"\u20b910k - \u20b9148k","Profit Sharing":"\u20b91k - \u20b9103k","Total Pay":"\u20b9271k - \u20b91m","pay_by_experience_percent":["Entry Level","Early Career","Mid Career","Late Career","Experienced"],"Entry Level":"-14%","Early Career":"-21%","Mid Career":"31%","Late Career":"63%","Experienced":"250%","pay_by_experience_years":["1","1-4"],"1":"\u20b9491,117","1-4":"\u20b9453,786","gender_component":["Male","Female"],"Male":"82.5","Female":"17.5","health_benefits_componentt":["Medical","Dental","Vision","None"],"Medical":"63","Dental":"7","Vision":"6","None":"38","popular_skills_component":["Cost Accounting","Microsoft Excel","Financial Analysis","Microsoft Office","Microsoft Word"],"Cost Accounting":"5%","Microsoft Excel":"\u20b9537,032","Financial Analysis":"23%","Microsoft Office":"\u20b9573,251","Microsoft Word":"\u20b9525,000","affect_skills_component":["General Ledger Accounting","Budgeting","Financial Analysis","SAP Financial Accounting and Controlling (SAP FICO)","Cost Accounting","Month-End Close"],"General Ledger Accounting":"40%","Budgeting":"40%","SAP Financial Accounting and Controlling (SAP FICO)":"8%","Month-End Close":"2%","career_path_component":[],"location_component":["Mumbai, Maharashtra","Pune, Maharashtra","New Delhi, Delhi","Bangalore, Karnataka","Chennai, Tamil Nadu","Kolkata, West Bengal","Hyderabad, Andhra Pradesh","Delhi, Delhi","Gurgaon, Haryana","Ahmedabad, Gujarat"],"Mumbai, Maharashtra":"-10%","Pune, Maharashtra":"7%","New Delhi, Delhi":"9%","Bangalore, Karnataka":"22%","Chennai, Tamil Nadu":"31%","Kolkata, West Bengal":"-12%","Hyderabad, Andhra Pradesh":"-10%","Delhi, Delhi":"-33%","Gurgaon, Haryana":"-16%","Ahmedabad, Gujarat":"-7%","employers_component":[],"related_job_component":["Accountant","Civil Engineer","Mechanical Engineer","Data Analyst","Financial Analyst","Finance Manager","Business Analyst, IT","Operations Manager","Senior Accountant"],"Accountant":"Avg. Salary \u20b9123k \u2014 \u20b9507k","Civil Engineer":"Avg. Salary \u20b9154k \u2014 \u20b9771k","Mechanical Engineer":"Avg. Salary \u20b9152k \u2014 \u20b9983k","Data Analyst":"Avg. Salary \u20b9201k \u2014 \u20b9959k","Financial Analyst":"Avg. Salary \u20b9220k \u2014 \u20b9994k","Finance Manager":"Avg. Salary \u20b9354k \u2014 \u20b92m","Business Analyst, IT":"Avg. Salary \u20b9275k \u2014 \u20b91m","Operations Manager":"Avg. Salary \u20b9297k \u2014 \u20b92m","Senior Accountant":"Avg. Salary \u20b9242k \u2014 \u20b9770k"}}