{"0":{"job_title":"Cost_Controller","avg_salary":"\u20b9750,757","salary_component":["Base Salary","Bonus","Profit Sharing","Total Pay"],"Base Salary":"\u20b9216k - \u20b91m","Bonus":"\u20b93k - \u20b9101k","Profit Sharing":"\u20b929k - \u20b966k","Total Pay":"\u20b9240k - \u20b91m","pay_by_experience_percent":["Early Career","Mid Career","Late Career"],"Early Career":"-66%","Mid Career":"-10%","Late Career":"22%","pay_by_experience_years":["1-4","5-9"],"1-4":"\u20b9258,928","5-9":"\u20b9673,988","gender_component":["Male","Female"],"Male":"86.4","Female":"13.6","health_benefits_componentt":["Medical","Dental","Vision","None"],"Medical":"73","Dental":"3","Vision":"7","None":"27","popular_skills_component":["Microsoft Excel","Cost Accounting","Forecasting","Data Analysis","Financial Reporting"],"Microsoft Excel":"\u20b9666,658","Cost Accounting":"\u20b9643,289","Forecasting":"\u20b9666,658","Data Analysis":"\u20b9680,000","Financial Reporting":"70%","affect_skills_component":["Financial Reporting"],"career_path_component":[],"location_component":["Mumbai, Maharashtra","Chennai, Tamil Nadu","Bangalore, Karnataka","Pune, Maharashtra"],"Mumbai, Maharashtra":"-9%","Chennai, Tamil Nadu":"18%","Bangalore, Karnataka":"41%","Pune, Maharashtra":"-20%","employers_component":[],"related_job_component":["Accountant","Data Analyst","Financial Analyst","Finance Manager","Civil Engineer","Senior Financial Analyst","Operations Manager","Mechanical Engineer","Senior Business Analyst"],"Accountant":"Avg. Salary \u20b9123k \u2014 \u20b9507k","Data Analyst":"Avg. Salary \u20b9201k \u2014 \u20b9959k","Financial Analyst":"Avg. Salary \u20b9220k \u2014 \u20b9994k","Finance Manager":"Avg. Salary \u20b9354k \u2014 \u20b92m","Civil Engineer":"Avg. Salary \u20b9154k \u2014 \u20b9771k","Senior Financial Analyst":"Avg. Salary \u20b9304k \u2014 \u20b91m","Operations Manager":"Avg. Salary \u20b9297k \u2014 \u20b92m","Mechanical Engineer":"Avg. Salary \u20b9152k \u2014 \u20b9983k","Senior Business Analyst":"Avg. Salary \u20b9447k \u2014 \u20b92m"}}