{"0":{"job_title":"Credit_Analyst","avg_salary":"\u20b9590,749","salary_component":["Base Salary","Bonus","Profit Sharing","Commission","Total Pay"],"Base Salary":"\u20b9209k - \u20b91m","Bonus":"\u20b910k - \u20b9292k","Profit Sharing":"\u20b9109 - \u20b9313k","Commission":"\u20b90 - \u20b938k","Total Pay":"\u20b9240k - \u20b92m","pay_by_experience_percent":["Entry Level","Early Career","Mid Career","Late Career"],"Entry Level":"-38%","Early Career":"-11%","Mid Career":"57%","Late Career":"108%","pay_by_experience_years":["1","1-4"],"1":"\u20b9366,440","1-4":"\u20b9525,550","gender_component":["Male","Female"],"Male":"69.9","Female":"30.1","health_benefits_componentt":["Medical","Dental","Vision","None"],"Medical":"73","Dental":"7","Vision":"5","None":"27","popular_skills_component":["Financial Analysis","Risk Management \/ Risk Control","Credit Control","Loan Underwriting","Microsoft Excel"],"Financial Analysis":"17%","Risk Management \/ Risk Control":"22%","Credit Control":"\u20b9590,567","Loan Underwriting":"23%","Microsoft Excel":"\u20b9537,120","affect_skills_component":["Banking","Commercial Loans","Microsoft Office","SAS (Statistical Analysis System)","Loan Underwriting","Risk Management \/ Risk Control","Research Analysis","Financial Modeling","Financial Analysis","Business Analysis"],"Banking":"52%","Commercial Loans":"35%","Microsoft Office":"31%","SAS (Statistical Analysis System)":"29%","Research Analysis":"21%","Financial Modeling":"18%","Business Analysis":"16%","career_path_component":["Credit Manager","Senior Credit Analyst","Credit Analyst, Banking"],"location_component":["Mumbai, Maharashtra","Bangalore, Karnataka","Chennai, Tamil Nadu","Pune, Maharashtra","New Delhi, Delhi","Hyderabad, Andhra Pradesh","Kolkata, West Bengal","Gurgaon, Haryana","Delhi, Delhi","Ahmedabad, Gujarat"],"Mumbai, Maharashtra":"20%","Bangalore, Karnataka":"-5%","Chennai, Tamil Nadu":"31%","Pune, Maharashtra":"5%","New Delhi, Delhi":"10%","Hyderabad, Andhra Pradesh":"-8%","Kolkata, West Bengal":"-7%","Gurgaon, Haryana":"2%","Delhi, Delhi":"24%","Ahmedabad, Gujarat":"-49%","employers_component":["Axis Bank","Crisil","HSBC","American Express Co. (AMEX)","State Bank of India","Kotak Mahindra Bank","HDFC Bank Pvt Ltd","Standard Chartered Bank","Barclays Bank PLC","IndusInd Bank Limited"],"Axis Bank":"Avg. Salary: \u20b9603,302","Crisil":"Avg. Salary: \u20b9668,131","HSBC":"Avg. Salary: \u20b9709,909","American Express Co. (AMEX)":"Avg. Salary: \u20b9491,318","State Bank of India":"Avg. Salary: \u20b9900,000","Kotak Mahindra Bank":"Avg. Salary: \u20b9624,000","HDFC Bank Pvt Ltd":"Avg. Salary: \u20b9724,000","Standard Chartered Bank":"Avg. Salary: \u20b91,350,000","Barclays Bank PLC":"Avg. Salary: \u20b91,400,000","IndusInd Bank Limited":"Avg. Salary: \u20b91,000,000","related_job_component":["Financial Analyst","Accountant","Senior Business Analyst","Finance Manager","Operations Manager","Data Analyst","Business Analyst, IT","Business Analyst, Finance\/Banking","Civil Engineer"],"Financial Analyst":"Avg. Salary \u20b9220k \u2014 \u20b9992k","Accountant":"Avg. Salary \u20b9123k \u2014 \u20b9507k","Senior Business Analyst":"Avg. Salary \u20b9448k \u2014 \u20b92m","Finance Manager":"Avg. Salary \u20b9354k \u2014 \u20b92m","Operations Manager":"Avg. Salary \u20b9297k \u2014 \u20b92m","Data Analyst":"Avg. Salary \u20b9201k \u2014 \u20b9959k","Business Analyst, IT":"Avg. Salary \u20b9275k \u2014 \u20b91m","Business Analyst, Finance\/Banking":"Avg. Salary \u20b9283k \u2014 \u20b92m","Civil Engineer":"Avg. Salary \u20b9154k \u2014 \u20b9771k"}}