{"0":{"job_title":"Credit_Analyst%2C_Banking","avg_salary":"\u20b9605,258","salary_component":["Base Salary","Bonus","Profit Sharing","Total Pay"],"Base Salary":"\u20b9201k - \u20b91m","Bonus":"\u20b910k - \u20b9303k","Profit Sharing":"\u20b934k - \u20b951k","Total Pay":"\u20b9211k - \u20b92m","pay_by_experience_percent":["Entry Level","Early Career","Mid Career","Late Career","Experienced"],"Entry Level":"-50%","Early Career":"-18%","Mid Career":"55%","Late Career":"98%","Experienced":"82%","pay_by_experience_years":["1","1-4"],"1":"\u20b9300,006","1-4":"\u20b9495,344","gender_component":["Male","Female"],"Male":"74.2","Female":"25.8","health_benefits_componentt":["Medical","Dental","Vision","None"],"Medical":"66","Dental":"14","Vision":"10","None":"34","popular_skills_component":["Financial Analysis","Loan Underwriting","Credit Control","Commercial Loans","Banking"],"Financial Analysis":"1%","Loan Underwriting":"1%","Credit Control":"7%","Commercial Loans":"38%","Banking":"\u20b9568,000","affect_skills_component":["Commercial Loans","Credit Control","Financial Analysis","Loan Underwriting"],"career_path_component":["Credit Manager","Credit Analyst"],"location_component":["Mumbai, Maharashtra","Bangalore, Karnataka","Hyderabad, Andhra Pradesh","New Delhi, Delhi","Delhi, Delhi","Kolkata, West Bengal","Chennai, Tamil Nadu","Pune, Maharashtra","Ahmedabad, Gujarat"],"Mumbai, Maharashtra":"-17%","Bangalore, Karnataka":"8%","Hyderabad, Andhra Pradesh":"-31%","New Delhi, Delhi":"-1%","Delhi, Delhi":"78%","Kolkata, West Bengal":"24%","Chennai, Tamil Nadu":"-34%","Pune, Maharashtra":"-39%","Ahmedabad, Gujarat":"-5%","employers_component":[],"related_job_component":["Credit Manager","Financial Analyst","Finance Manager","Credit Analyst","Branch Manager, Banking","Senior Financial Analyst","Relationship Manager","Business Analyst, Finance\/Banking","Assistant Branch Manager, Banking"],"Credit Manager":"Avg. Salary \u20b9259k \u2014 \u20b91m","Financial Analyst":"Avg. Salary \u20b9220k \u2014 \u20b9994k","Finance Manager":"Avg. Salary \u20b9354k \u2014 \u20b92m","Credit Analyst":"Avg. Salary \u20b9211k \u2014 \u20b91m","Branch Manager, Banking":"Avg. Salary \u20b9347k \u2014 \u20b91m","Senior Financial Analyst":"Avg. Salary \u20b9303k \u2014 \u20b91m","Relationship Manager":"Avg. Salary \u20b9202k \u2014 \u20b9805k","Business Analyst, Finance\/Banking":"Avg. Salary \u20b9283k \u2014 \u20b92m","Assistant Branch Manager, Banking":"Avg. Salary \u20b9245k \u2014 \u20b9844k"}}