{"0":{"job_title":"Credit_Risk_Analyst","avg_salary":"\u20b9620,095","salary_component":["Base Salary","Bonus","Profit Sharing","Total Pay"],"Base Salary":"\u20b9298k - \u20b92m","Bonus":"\u20b922k - \u20b9194k","Profit Sharing":"\u20b90 - \u20b950k","Total Pay":"\u20b9311k - \u20b92m","pay_by_experience_percent":["Entry Level","Early Career","Mid Career","Late Career"],"Entry Level":"-24%","Early Career":"3%","Mid Career":"74%","Late Career":"61%","pay_by_experience_years":["1","1-4"],"1":"\u20b9470,000","1-4":"\u20b9638,713","gender_component":["Male","Female"],"Male":"70.6","Female":"29.4","health_benefits_componentt":["Medical","Dental","Vision","None"],"Medical":"84","Dental":"11","Vision":"11","None":"14","popular_skills_component":["Risk Management \/ Risk Control","Financial Analysis","Microsoft Excel","Data Analysis","SAS"],"Risk Management \/ Risk Control":"5%","Financial Analysis":"1%","Microsoft Excel":"\u20b9539,000","Data Analysis":"48%","SAS":"69%","affect_skills_component":["SAS","SAS (Statistical Analysis System)","SQL","Data Analysis","Risk Management \/ Risk Control","Financial Modeling","Financial Analysis"],"SAS (Statistical Analysis System)":"66%","SQL":"53%","Financial Modeling":"5%","career_path_component":[],"location_component":["Mumbai, Maharashtra","Pune, Maharashtra","Bangalore, Karnataka","Gurgaon, Haryana","New Delhi, Delhi"],"Mumbai, Maharashtra":"71%","Pune, Maharashtra":"-3%","Bangalore, Karnataka":"-34%","Gurgaon, Haryana":"35%","New Delhi, Delhi":"149%","employers_component":[],"related_job_component":["Data Analyst","Financial Analyst","Software Engineer","Senior Software Engineer","Senior Business Analyst","Senior Financial Analyst","Business Analyst, IT","Finance Manager","Accountant"],"Data Analyst":"Avg. Salary \u20b9200k \u2014 \u20b9960k","Financial Analyst":"Avg. Salary \u20b9220k \u2014 \u20b9994k","Software Engineer":"Avg. Salary \u20b9262k \u2014 \u20b91m","Senior Software Engineer":"Avg. Salary \u20b9492k \u2014 \u20b92m","Senior Business Analyst":"Avg. Salary \u20b9450k \u2014 \u20b92m","Senior Financial Analyst":"Avg. Salary \u20b9304k \u2014 \u20b91m","Business Analyst, IT":"Avg. Salary \u20b9275k \u2014 \u20b91m","Finance Manager":"Avg. Salary \u20b9354k \u2014 \u20b92m","Accountant":"Avg. Salary \u20b9123k \u2014 \u20b9507k"}}