{"0":{"job_title":"Credit_Manager","avg_salary":"\u20b9582,863","salary_component":["Base Salary","Bonus","Profit Sharing","Total Pay"],"Base Salary":"\u20b9261k - \u20b91m","Bonus":"\u20b919k - \u20b9191k","Profit Sharing":"\u20b92k - \u20b9388k","Total Pay":"\u20b9291k - \u20b91m","pay_by_experience_percent":["Entry Level","Early Career","Mid Career","Late Career","Experienced"],"Entry Level":"-21%","Early Career":"-13%","Mid Career":"26%","Late Career":"39%","Experienced":"46%","pay_by_experience_years":["1","1-4"],"1":"\u20b9462,521","1-4":"\u20b9507,765","gender_component":["Male","Female","Prefer to self-define"],"Male":"81.4","Female":"18.2","Prefer to self-define":"0.4","health_benefits_componentt":["Medical","Dental","Vision","None"],"Medical":"79","Dental":"8","Vision":"10","None":"21","popular_skills_component":["Credit Control","Risk Management \/ Risk Control","Financial Analysis","Loan Underwriting","People Management"],"Credit Control":"3%","Risk Management \/ Risk Control":"4%","Financial Analysis":"14%","Loan Underwriting":"4%","People Management":"22%","affect_skills_component":["Commercial Loans","People Management","Financial Analysis","Loan Processing","Operations Management","Data Analysis","Risk Management \/ Risk Control","Loan Underwriting","Credit Control","Team Management"],"Commercial Loans":"33%","Loan Processing":"12%","Operations Management":"12%","Data Analysis":"5%","Team Management":"2%","career_path_component":["Credit Analyst","Business Banking Relationship Manager","Vice President (VP), Finance"],"location_component":["Mumbai, Maharashtra","New Delhi, Delhi","Bangalore, Karnataka","Pune, Maharashtra","Ahmedabad, Gujarat","Chennai, Tamil Nadu","Delhi, Delhi","Kolkata, West Bengal","Jaipur, Rajasthan","Surat, Gujarat"],"Mumbai, Maharashtra":"16%","New Delhi, Delhi":"17%","Bangalore, Karnataka":"12%","Pune, Maharashtra":"19%","Ahmedabad, Gujarat":"-9%","Chennai, Tamil Nadu":"13%","Delhi, Delhi":"25%","Kolkata, West Bengal":"-2%","Jaipur, Rajasthan":"5%","Surat, Gujarat":"-15%","employers_component":["HDFC Bank Pvt Ltd","ICICI Bank","Kotak Mahindra Bank","HDB Financial Services Ltd","IDBI Bank Ltd.","ICICI Bbank Ltd.","Bank of Baroda","Axis Bank","AU Finanaciers (India) Pvt. Ltd.","Indiabulls Securities Ltd"],"HDFC Bank Pvt Ltd":"Avg. Salary: \u20b9563,446","ICICI Bank":"Avg. Salary: \u20b9592,855","Kotak Mahindra Bank":"Avg. Salary: \u20b9700,000","HDB Financial Services Ltd":"Avg. Salary: \u20b9439,043","IDBI Bank Ltd.":"Avg. Salary: \u20b91,000,396","ICICI Bbank Ltd.":"Avg. Salary: \u20b9591,980","Bank of Baroda":"Avg. Salary: \u20b9835,761","Axis Bank":"Avg. Salary: \u20b9650,000","AU Finanaciers (India) Pvt. Ltd.":"Avg. Salary: \u20b9450,000","Indiabulls Securities Ltd":"Avg. Salary: \u20b9359,082","related_job_component":["Operations Manager","Operations Team Leader","Financial Analyst","Accountant","Data Analyst","Assistant Manager, Customer Service","Service Delivery Manager","Area Sales Manager","Project Manager, (Unspecified Type \/ General)"],"Operations Manager":"Avg. Salary \u20b9297k \u2014 \u20b92m","Operations Team Leader":"Avg. Salary \u20b9242k \u2014 \u20b9948k","Financial Analyst":"Avg. Salary \u20b9220k \u2014 \u20b9992k","Accountant":"Avg. Salary \u20b9123k \u2014 \u20b9507k","Data Analyst":"Avg. Salary \u20b9201k \u2014 \u20b9959k","Assistant Manager, Customer Service":"Avg. Salary \u20b9253k \u2014 \u20b9955k","Service Delivery Manager":"Avg. Salary \u20b9399k \u2014 \u20b93m","Area Sales Manager":"Avg. Salary \u20b9299k \u2014 \u20b91m","Project Manager, (Unspecified Type \/ General)":"Avg. Salary \u20b9458k \u2014 \u20b92m"}}