{"0":{"job_title":"Entry-level_Staff_Accountant","avg_salary":"\u20b9204,127","salary_component":["Base Salary","Bonus","Profit Sharing","Total Pay"],"Base Salary":"\u20b998k - \u20b9345k","Bonus":"\u20b95k - \u20b954k","Profit Sharing":"\u20b95k - \u20b933k","Total Pay":"\u20b9116k - \u20b9429k","pay_by_experience_percent":["Entry Level","Early Career"],"Entry Level":"0%","Early Career":"6%","pay_by_experience_years":["1"],"1":"\u20b9204,878","gender_component":["Male","Female"],"Male":"73.3","Female":"26.7","health_benefits_componentt":["Medical","None"],"Medical":"50","None":"50","popular_skills_component":["Microsoft Excel","Microsoft Office","Accounts Payable","Accounts Receivable","Bookkeeping"],"Microsoft Excel":"2%","Microsoft Office":"22%","Accounts Payable":"22%","Accounts Receivable":"8%","Bookkeeping":"\u20b9178,487","affect_skills_component":["Microsoft Office","Accounts Payable","Accounts Receivable","Microsoft Excel"],"career_path_component":[],"location_component":["Hyderabad, Andhra Pradesh"],"Hyderabad, Andhra Pradesh":"8%","employers_component":[],"related_job_component":["Accountant","Civil Engineer","Mechanical Engineer","Account Executive","Senior Accountant","Data Analyst","Computer Operator","Executive Assistant","Electrical Engineer"],"Accountant":"Avg. Salary \u20b9123k \u2014 \u20b9507k","Civil Engineer":"Avg. Salary \u20b9154k \u2014 \u20b9771k","Mechanical Engineer":"Avg. Salary \u20b9152k \u2014 \u20b9982k","Account Executive":"Avg. Salary \u20b9155k \u2014 \u20b9499k","Senior Accountant":"Avg. Salary \u20b9243k \u2014 \u20b9765k","Data Analyst":"Avg. Salary \u20b9200k \u2014 \u20b9960k","Computer Operator":"Avg. Salary \u20b999k \u2014 \u20b9402k","Executive Assistant":"Avg. Salary \u20b9153k \u2014 \u20b9777k","Electrical Engineer":"Avg. Salary \u20b9174k \u2014 \u20b9995k"}}