{"0":{"job_title":"Equity_Research_Associate","avg_salary":"\u20b9498,454","salary_component":["Base Salary","Bonus","Profit Sharing","Total Pay"],"Base Salary":"\u20b9237k - \u20b91m","Bonus":"\u20b910k - \u20b9291k","Profit Sharing":"\u20b90 - \u20b990k","Total Pay":"\u20b9238k - \u20b91m","pay_by_experience_percent":["Entry Level","Early Career","Mid Career","Late Career"],"Entry Level":"0%","Early Career":"1%","Mid Career":"5%","Late Career":"-35%","pay_by_experience_years":["1","1-4"],"1":"\u20b9500,152","1-4":"\u20b9505,651","gender_component":["Male","Female"],"Male":"75.0","Female":"25.0","health_benefits_componentt":["Medical","Vision","None"],"Medical":"61","Vision":"2","None":"39","popular_skills_component":["Financial Analysis","Valuation","Financial Modeling","Research Analysis","Microsoft Excel"],"Financial Analysis":"20%","Valuation":"30%","Financial Modeling":"38%","Research Analysis":"5%","Microsoft Excel":"\u20b9422,500","affect_skills_component":["Financial Modeling","Valuation","Financial Analysis","Research Analysis"],"career_path_component":["Senior Financial Analyst"],"location_component":["Mumbai, Maharashtra","Bangalore, Karnataka","Pune, Maharashtra","Chennai, Tamil Nadu","Hyderabad, Andhra Pradesh","Gurgaon, Haryana"],"Mumbai, Maharashtra":"5%","Bangalore, Karnataka":"30%","Pune, Maharashtra":"-20%","Chennai, Tamil Nadu":"49%","Hyderabad, Andhra Pradesh":"-10%","Gurgaon, Haryana":"-10%","employers_component":["Evalueserve"],"Evalueserve":"Avg. Salary: \u20b9600,000","related_job_component":["Financial Analyst","Research Analyst","Accountant","Finance Manager","Senior Financial Analyst","Civil Engineer","Mechanical Engineer","Data Analyst","Senior Business Analyst"],"Financial Analyst":"Avg. Salary \u20b9220k \u2014 \u20b9994k","Research Analyst":"Avg. Salary \u20b9191k \u2014 \u20b9858k","Accountant":"Avg. Salary \u20b9123k \u2014 \u20b9507k","Finance Manager":"Avg. Salary \u20b9354k \u2014 \u20b92m","Senior Financial Analyst":"Avg. Salary \u20b9304k \u2014 \u20b91m","Civil Engineer":"Avg. Salary \u20b9154k \u2014 \u20b9771k","Mechanical Engineer":"Avg. Salary \u20b9152k \u2014 \u20b9982k","Data Analyst":"Avg. Salary \u20b9200k \u2014 \u20b9960k","Senior Business Analyst":"Avg. Salary \u20b9449k \u2014 \u20b92m"}}