{"0":{"job_title":"Equity_Analyst","avg_salary":"\u20b9409,935","salary_component":["Base Salary","Bonus","Profit Sharing","Total Pay"],"Base Salary":"\u20b9195k - \u20b91m","Bonus":"\u20b915k - \u20b9419k","Profit Sharing":"\u20b915k - \u20b9101k","Total Pay":"\u20b9195k - \u20b91m","pay_by_experience_percent":["Entry Level","Early Career","Mid Career","Late Career"],"Entry Level":"-2%","Early Career":"-2%","Mid Career":"88%","Late Career":"437%","pay_by_experience_years":["1","1-4"],"1":"\u20b9403,040","1-4":"\u20b9403,561","gender_component":["Male","Female"],"Male":"86.1","Female":"13.9","health_benefits_componentt":["Medical","Dental","None"],"Medical":"54","Dental":"2","None":"46","popular_skills_component":["Financial Analysis","Research Analysis","Financial Modeling","Valuation","Microsoft Excel"],"Financial Analysis":"22%","Research Analysis":"45%","Financial Modeling":"88%","Valuation":"59%","Microsoft Excel":"\u20b9400,000","affect_skills_component":["Financial Modeling","Valuation","Research Analysis","Financial Analysis","Equity Management"],"Equity Management":"4%","career_path_component":["Senior Financial Analyst","Research Analyst"],"location_component":["Mumbai, Maharashtra","Bangalore, Karnataka","Pune, Maharashtra","Kolkata, West Bengal","Chennai, Tamil Nadu","Hyderabad, Andhra Pradesh"],"Mumbai, Maharashtra":"59%","Bangalore, Karnataka":"95%","Pune, Maharashtra":"%","Kolkata, West Bengal":"-26%","Chennai, Tamil Nadu":"61%","Hyderabad, Andhra Pradesh":"-21%","employers_component":[],"related_job_component":["Financial Analyst","Research Analyst","Accountant","Finance Manager","Civil Engineer","Senior Financial Analyst","Mechanical Engineer","Data Analyst","Research Associate (Unspecified Type)"],"Financial Analyst":"Avg. Salary \u20b9220k \u2014 \u20b9994k","Research Analyst":"Avg. Salary \u20b9192k \u2014 \u20b9861k","Accountant":"Avg. Salary \u20b9123k \u2014 \u20b9507k","Finance Manager":"Avg. Salary \u20b9354k \u2014 \u20b92m","Civil Engineer":"Avg. Salary \u20b9154k \u2014 \u20b9771k","Senior Financial Analyst":"Avg. Salary \u20b9303k \u2014 \u20b91m","Mechanical Engineer":"Avg. Salary \u20b9152k \u2014 \u20b9983k","Data Analyst":"Avg. Salary \u20b9200k \u2014 \u20b9960k","Research Associate (Unspecified Type)":"Avg. Salary \u20b9183k \u2014 \u20b9745k"}}