{"0":{"job_title":"Financial_Analyst","avg_salary":"\u20b9410,750","salary_component":["Base Salary","Bonus","Profit Sharing","Commission","Total Pay"],"Base Salary":"\u20b9220k - \u20b9992k","Bonus":"\u20b910k - \u20b9148k","Profit Sharing":"\u20b95k - \u20b9250k","Commission":"\u20b920k - \u20b986k","Total Pay":"\u20b9231k - \u20b91m","pay_by_experience_percent":["Entry Level","Early Career","Mid Career","Late Career","Experienced"],"Entry Level":"-17%","Early Career":"-6%","Mid Career":"42%","Late Career":"113%","Experienced":"168%","pay_by_experience_years":["1","1-4"],"1":"\u20b9339,743","1-4":"\u20b9384,829","gender_component":["Male","Female","Prefer to self-define"],"Male":"69.2","Female":"30.7","Prefer to self-define":"0.1","health_benefits_componentt":["Medical","Dental","Vision","None"],"Medical":"74","Dental":"7","Vision":"7","None":"25","popular_skills_component":["Financial Analysis","Microsoft Excel","Financial Reporting","Accounting","Data Analysis"],"Financial Analysis":"\u20b9439,468","Microsoft Excel":"\u20b9396,461","Financial Reporting":"\u20b9486,370","Accounting":"\u20b9397,644","Data Analysis":"\u20b9462,595","affect_skills_component":["Python","Bloomberg Terminal","SQL","Budgeting","Investment Management","Performance Analysis","Forecasting","SAS","Billing","Risk Management \/ Risk Control"],"Python":"187%","Bloomberg Terminal":"122%","SQL":"119%","Budgeting":"115%","Investment Management":"105%","Performance Analysis":"101%","Forecasting":"72%","SAS":"70%","Billing":"40%","Risk Management \/ Risk Control":"36%","career_path_component":["Senior Financial Analyst","Finance Manager","Senior Analyst, Finance"],"location_component":["Bangalore, Karnataka","Mumbai, Maharashtra","Pune, Maharashtra","Chennai, Tamil Nadu","Hyderabad, Andhra Pradesh","Gurgaon, Haryana","New Delhi, Delhi","Delhi, Delhi","Kolkata, West Bengal","Noida, Uttar Pradesh"],"Bangalore, Karnataka":"%","Mumbai, Maharashtra":"9%","Pune, Maharashtra":"-11%","Chennai, Tamil Nadu":"-1%","Hyderabad, Andhra Pradesh":"-2%","Gurgaon, Haryana":"13%","New Delhi, Delhi":"10%","Delhi, Delhi":"1%","Kolkata, West Bengal":"-25%","Noida, Uttar Pradesh":"-2%","employers_component":["Accenture","EY (Ernst & Young)","eClerx","The Northern Trust Company","J.P. Morgan Chase & Co. (JPMCC)","Deutsche Bank","Deloitte","Wipro","Genpact","Hewlett Packard Enterprise"],"Accenture":"Avg. Salary: \u20b9495,011","EY (Ernst & Young)":"Avg. Salary: \u20b9416,790","eClerx":"Avg. Salary: \u20b9219,375","The Northern Trust Company":"Avg. Salary: \u20b9251,744","J.P. Morgan Chase & Co. (JPMCC)":"Avg. Salary: \u20b9851,438","Deutsche Bank":"Avg. Salary: \u20b9434,483","Deloitte":"Avg. Salary: \u20b9406,946","Wipro":"Avg. Salary: \u20b9363,767","Genpact":"Avg. Salary: \u20b9367,650","Hewlett Packard Enterprise":"Avg. Salary: \u20b9600,000","related_job_component":["Accountant","Operations Manager","Finance Manager","Data Analyst","Civil Engineer","Software Engineer","Mechanical Engineer","Senior Financial Analyst","Chartered Accountant"],"Accountant":"Avg. Salary \u20b9123k \u2014 \u20b9507k","Operations Manager":"Avg. Salary \u20b9297k \u2014 \u20b92m","Finance Manager":"Avg. Salary \u20b9354k \u2014 \u20b92m","Data Analyst":"Avg. Salary \u20b9201k \u2014 \u20b9959k","Civil Engineer":"Avg. Salary \u20b9154k \u2014 \u20b9771k","Software Engineer":"Avg. Salary \u20b9262k \u2014 \u20b91m","Mechanical Engineer":"Avg. Salary \u20b9152k \u2014 \u20b9983k","Senior Financial Analyst":"Avg. Salary \u20b9304k \u2014 \u20b91m","Chartered Accountant":"Avg. Salary \u20b9413k \u2014 \u20b92m"}}