{"0":{"job_title":"Financial_Advisor","avg_salary":"\u20b9371,093","salary_component":["Base Salary","Bonus","Profit Sharing","Commission","Total Pay"],"Base Salary":"\u20b9180k - \u20b91m","Bonus":"\u20b910k - \u20b9205k","Profit Sharing":"\u20b91k - \u20b9450k","Commission":"\u20b92k - \u20b9608k","Total Pay":"\u20b9190k - \u20b92m","pay_by_experience_percent":["Entry Level","Early Career","Mid Career","Late Career","Experienced"],"Entry Level":"-21%","Early Career":"-13%","Mid Career":"36%","Late Career":"173%","Experienced":"439%","pay_by_experience_years":["1","1-4"],"1":"\u20b9293,380","1-4":"\u20b9322,201","gender_component":["Male","Female"],"Male":"79.0","Female":"21.0","health_benefits_componentt":["Medical","Dental","Vision","None"],"Medical":"68","Dental":"7","Vision":"8","None":"32","popular_skills_component":["Financial Advisor","Customer Relationship Management (CRM)","Investment Planning","Sales","Client Interaction"],"Financial Advisor":"\u20b9364,771","Customer Relationship Management (CRM)":"\u20b9341,835","Investment Planning":"31%","Sales":"\u20b9345,274","Client Interaction":"8%","affect_skills_component":["Portfolio Management","Financial Analysis","Investment Planning","Client Interaction"],"Portfolio Management":"102%","Financial Analysis":"66%","career_path_component":["Compliance Manager","Chartered Accountant"],"location_component":["Mumbai, Maharashtra","Bangalore, Karnataka","Hyderabad, Andhra Pradesh","Delhi, Delhi","New Delhi, Delhi","Pune, Maharashtra","Kolkata, West Bengal","Chennai, Tamil Nadu","Coimbatore, Tamil Nadu","Ahmedabad, Gujarat"],"Mumbai, Maharashtra":"8%","Bangalore, Karnataka":"59%","Hyderabad, Andhra Pradesh":"-11%","Delhi, Delhi":"25%","New Delhi, Delhi":"62%","Pune, Maharashtra":"5%","Kolkata, West Bengal":"29%","Chennai, Tamil Nadu":"89%","Coimbatore, Tamil Nadu":"12%","Ahmedabad, Gujarat":"21%","employers_component":["Motilal Oswal","Deloitte","Karvy","Edelweiss"],"Motilal Oswal":"Avg. Salary: \u20b9244,898","Deloitte":"Avg. Salary: \u20b9900,000","Karvy":"Avg. Salary: \u20b9250,252","Edelweiss":"Avg. Salary: \u20b9491,318","related_job_component":["Relationship Manager","Business Development Manager","Operations Manager","Financial Analyst","Project Manager, (Unspecified Type \/ General)","Account Manager","Finance Manager","Chartered Accountant","Marketing Executive"],"Relationship Manager":"Avg. Salary \u20b9201k \u2014 \u20b9807k","Business Development Manager":"Avg. Salary \u20b9266k \u2014 \u20b91m","Operations Manager":"Avg. Salary \u20b9297k \u2014 \u20b92m","Financial Analyst":"Avg. Salary \u20b9220k \u2014 \u20b9992k","Project Manager, (Unspecified Type \/ General)":"Avg. Salary \u20b9458k \u2014 \u20b92m","Account Manager":"Avg. Salary \u20b9281k \u2014 \u20b91m","Finance Manager":"Avg. Salary \u20b9354k \u2014 \u20b92m","Chartered Accountant":"Avg. Salary \u20b9413k \u2014 \u20b92m","Marketing Executive":"Avg. Salary \u20b9150k \u2014 \u20b9562k"}}