{"0":{"job_title":"Financial_Planning_Analyst","avg_salary":"\u20b9710,730","salary_component":["Base Salary","Bonus","Profit Sharing","Total Pay"],"Base Salary":"\u20b9359k - \u20b91m","Bonus":"\u20b925k - \u20b9182k","Profit Sharing":"\u20b90 - \u20b950k","Total Pay":"\u20b9393k - \u20b91m","pay_by_experience_percent":["Entry Level","Early Career","Mid Career","Late Career"],"Entry Level":"-23%","Early Career":"-11%","Mid Career":"16%","Late Career":"101%","pay_by_experience_years":["1","1-4"],"1":"\u20b9550,000","1-4":"\u20b9635,000","gender_component":["Male","Female"],"Male":"64.7","Female":"35.3","health_benefits_componentt":["Medical","Dental","Vision","None"],"Medical":"77","Dental":"6","Vision":"6","None":"23","popular_skills_component":["Financial Analysis","Forecasting","Microsoft Excel","Budgeting","Financial Reporting"],"Financial Analysis":"4%","Forecasting":"1%","Microsoft Excel":"\u20b9550,000","Budgeting":"11%","Financial Reporting":"18%","affect_skills_component":["Financial Reporting","Budgeting","Financial Modeling","Financial Analysis","Forecasting"],"Financial Modeling":"7%","career_path_component":["Manager, Financial Planning & Analysis"],"location_component":["Bangalore, Karnataka","Mumbai, Maharashtra","Gurgaon, Haryana","Chennai, Tamil Nadu"],"Bangalore, Karnataka":"-16%","Mumbai, Maharashtra":"37%","Gurgaon, Haryana":"-7%","Chennai, Tamil Nadu":"-17%","employers_component":["Genpact"],"Genpact":"Avg. Salary: \u20b9550,000","related_job_component":["Financial Analyst","Finance Manager","Accountant","Senior Financial Analyst","Assistant Finance Manager","Civil Engineer","Financial Controller","Chartered Accountant","Mechanical Engineer"],"Financial Analyst":"Avg. Salary \u20b9220k \u2014 \u20b9994k","Finance Manager":"Avg. Salary \u20b9354k \u2014 \u20b92m","Accountant":"Avg. Salary \u20b9123k \u2014 \u20b9507k","Senior Financial Analyst":"Avg. Salary \u20b9303k \u2014 \u20b91m","Assistant Finance Manager":"Avg. Salary \u20b9350k \u2014 \u20b91m","Civil Engineer":"Avg. Salary \u20b9154k \u2014 \u20b9771k","Financial Controller":"Avg. Salary \u20b9605k \u2014 \u20b94m","Chartered Accountant":"Avg. Salary \u20b9412k \u2014 \u20b92m","Mechanical Engineer":"Avg. Salary \u20b9152k \u2014 \u20b9983k"}}