{"0":{"job_title":"Financial_Accounting_Manager","avg_salary":"\u20b9850,576","salary_component":["Base Salary","Bonus","Profit Sharing","Commission","Total Pay"],"Base Salary":"\u20b9352k - \u20b92m","Bonus":"\u20b910k - \u20b9200k","Profit Sharing":"\u20b945k - \u20b9625k","Commission":"\u20b90 - \u20b9125k","Total Pay":"\u20b9391k - \u20b92m","pay_by_experience_percent":["Entry Level","Early Career","Mid Career","Late Career","Experienced"],"Entry Level":"16%","Early Career":"-40%","Mid Career":"-11%","Late Career":"6%","Experienced":"58%","pay_by_experience_years":["1"],"1":"\u20b9982,635","gender_component":["Male","Female"],"Male":"78.9","Female":"21.1","health_benefits_componentt":["Medical","Dental","Vision","None"],"Medical":"66","Dental":"5","Vision":"5","None":"34","popular_skills_component":["Financial Reporting","Microsoft Excel","Financial Analysis","Accounts Payable","Microsoft Office"],"Financial Reporting":"6%","Microsoft Excel":"\u20b9686,334","Financial Analysis":"10%","Accounts Payable":"9%","Microsoft Office":"18%","affect_skills_component":["General Ledger Accounting","Microsoft Office","Financial Analysis","Accounts Payable","Financial Reporting"],"General Ledger Accounting":"35%","career_path_component":[],"location_component":["Mumbai, Maharashtra","New Delhi, Delhi","Bangalore, Karnataka","Pune, Maharashtra","Delhi, Delhi"],"Mumbai, Maharashtra":"34%","New Delhi, Delhi":"-13%","Bangalore, Karnataka":"41%","Pune, Maharashtra":"35%","Delhi, Delhi":"39%","employers_component":[],"related_job_component":["Accountant","Financial Analyst","Finance Manager","Civil Engineer","Mechanical Engineer","Account Executive","Senior Accountant","Senior Financial Analyst","Operations Manager"],"Accountant":"Avg. Salary \u20b9123k \u2014 \u20b9507k","Financial Analyst":"Avg. Salary \u20b9220k \u2014 \u20b9994k","Finance Manager":"Avg. Salary \u20b9354k \u2014 \u20b92m","Civil Engineer":"Avg. Salary \u20b9154k \u2014 \u20b9771k","Mechanical Engineer":"Avg. Salary \u20b9152k \u2014 \u20b9983k","Account Executive":"Avg. Salary \u20b9155k \u2014 \u20b9499k","Senior Accountant":"Avg. Salary \u20b9243k \u2014 \u20b9767k","Senior Financial Analyst":"Avg. Salary \u20b9303k \u2014 \u20b91m","Operations Manager":"Avg. Salary \u20b9297k \u2014 \u20b92m"}}