{"0":{"job_title":"Finance_Associate","avg_salary":"\u20b9358,225","salary_component":["Base Salary","Bonus","Profit Sharing","Total Pay"],"Base Salary":"\u20b9194k - \u20b91m","Bonus":"\u20b97k - \u20b9201k","Profit Sharing":"\u20b917 - \u20b9118k","Total Pay":"\u20b9197k - \u20b91m","pay_by_experience_percent":["Entry Level","Early Career","Mid Career","Late Career"],"Entry Level":"-24%","Early Career":"-9%","Mid Career":"46%","Late Career":"185%","pay_by_experience_years":["1","1-4"],"1":"\u20b9272,480","1-4":"\u20b9326,995","gender_component":["Male","Female"],"Male":"70.2","Female":"29.8","health_benefits_componentt":["Medical","Dental","Vision","None"],"Medical":"75","Dental":"5","Vision":"5","None":"25","popular_skills_component":["Microsoft Excel","Financial Analysis","Financial Reporting","Accounting","Accounts Payable"],"Microsoft Excel":"1%","Financial Analysis":"15%","Financial Reporting":"13%","Accounting":"\u20b9310,506","Accounts Payable":"\u20b9311,911","affect_skills_component":["Budgeting","Financial Modeling","Risk Management \/ Risk Control","Reconciliation","Financial Analysis","Data Analysis","Financial Reporting","Microsoft Office","Microsoft Excel"],"Budgeting":"140%","Financial Modeling":"116%","Risk Management \/ Risk Control":"67%","Reconciliation":"34%","Data Analysis":"15%","Microsoft Office":"12%","career_path_component":["Financial Analyst","Senior Financial Analyst","Finance Manager"],"location_component":["Bangalore, Karnataka","Mumbai, Maharashtra","Chennai, Tamil Nadu","Pune, Maharashtra","New Delhi, Delhi","Gurgaon, Haryana","Delhi, Delhi","Hyderabad, Andhra Pradesh","Trivandrum, Kerala","Kolkata, West Bengal"],"Bangalore, Karnataka":"-3%","Mumbai, Maharashtra":"12%","Chennai, Tamil Nadu":"-15%","Pune, Maharashtra":"-4%","New Delhi, Delhi":"12%","Gurgaon, Haryana":"28%","Delhi, Delhi":"10%","Hyderabad, Andhra Pradesh":"9%","Trivandrum, Kerala":"-52%","Kolkata, West Bengal":"12%","employers_component":["J.P. Morgan Chase & Co. (JPMCC)","Accenture","Hewlett Packard Enterprise","InfoSys Limited"],"J.P. Morgan Chase & Co. (JPMCC)":"Avg. Salary: \u20b91,000,000","Accenture":"Avg. Salary: \u20b9400,000","Hewlett Packard Enterprise":"Avg. Salary: \u20b9403,000","InfoSys Limited":"Avg. Salary: \u20b9826,888","related_job_component":["Accountant","Financial Analyst","Finance Manager","Data Analyst","Operations Manager","Account Executive","Senior Financial Analyst","Civil Engineer","Senior Accountant"],"Accountant":"Avg. Salary \u20b9123k \u2014 \u20b9507k","Financial Analyst":"Avg. Salary \u20b9220k \u2014 \u20b9992k","Finance Manager":"Avg. Salary \u20b9354k \u2014 \u20b92m","Data Analyst":"Avg. Salary \u20b9201k \u2014 \u20b9959k","Operations Manager":"Avg. Salary \u20b9297k \u2014 \u20b92m","Account Executive":"Avg. Salary \u20b9155k \u2014 \u20b9499k","Senior Financial Analyst":"Avg. Salary \u20b9304k \u2014 \u20b91m","Civil Engineer":"Avg. Salary \u20b9154k \u2014 \u20b9771k","Senior Accountant":"Avg. Salary \u20b9242k \u2014 \u20b9770k"}}