{"0":{"job_title":"Financial_Consultant","avg_salary":"\u20b9632,529","salary_component":["Base Salary","Bonus","Profit Sharing","Commission","Total Pay"],"Base Salary":"\u20b9197k - \u20b92m","Bonus":"\u20b96k - \u20b9275k","Profit Sharing":"\u20b93k - \u20b92m","Commission":"\u20b90 - \u20b97k","Total Pay":"\u20b9203k - \u20b92m","pay_by_experience_percent":["Entry Level","Early Career","Mid Career","Late Career"],"Entry Level":"-66%","Early Career":"-19%","Mid Career":"31%","Late Career":"61%","pay_by_experience_years":["1","1-4"],"1":"\u20b9216,885","1-4":"\u20b9511,876","gender_component":["Male","Female"],"Male":"76.9","Female":"23.1","health_benefits_componentt":["Medical","Dental","Vision","None"],"Medical":"72","Dental":"8","Vision":"7","None":"28","popular_skills_component":["Financial Analysis","Microsoft Excel","Financial Reporting","Financial Advisor","Data Analysis"],"Financial Analysis":"17%","Microsoft Excel":"\u20b9488,536","Financial Reporting":"\u20b9605,852","Financial Advisor":"\u20b9500,000","Data Analysis":"\u20b9584,879","affect_skills_component":["Project Management","Financial Modeling","Financial Analysis"],"Project Management":"82%","Financial Modeling":"50%","career_path_component":["ERP Consultant"],"location_component":["Bangalore, Karnataka","Mumbai, Maharashtra","Pune, Maharashtra","Hyderabad, Andhra Pradesh","Gurgaon, Haryana","New Delhi, Delhi","Chennai, Tamil Nadu","Delhi, Delhi","Kolkata, West Bengal","Ahmedabad, Gujarat"],"Bangalore, Karnataka":"14%","Mumbai, Maharashtra":"27%","Pune, Maharashtra":"32%","Hyderabad, Andhra Pradesh":"31%","Gurgaon, Haryana":"26%","New Delhi, Delhi":"45%","Chennai, Tamil Nadu":"-18%","Delhi, Delhi":"64%","Kolkata, West Bengal":"-64%","Ahmedabad, Gujarat":"-74%","employers_component":["EY (Ernst & Young)","ICICI Prudential Life Insurance Co. Ltd."],"EY (Ernst & Young)":"Avg. Salary: \u20b91,175,000","ICICI Prudential Life Insurance Co. Ltd.":"Avg. Salary: \u20b9207,229","related_job_component":["Financial Analyst","Project Manager, (Unspecified Type \/ General)","Accountant","Finance Manager","Operations Manager","Civil Engineer","Data Analyst","Senior Financial Analyst","Senior Business Analyst"],"Financial Analyst":"Avg. Salary \u20b9220k \u2014 \u20b9994k","Project Manager, (Unspecified Type \/ General)":"Avg. Salary \u20b9456k \u2014 \u20b92m","Accountant":"Avg. Salary \u20b9123k \u2014 \u20b9507k","Finance Manager":"Avg. Salary \u20b9354k \u2014 \u20b92m","Operations Manager":"Avg. Salary \u20b9297k \u2014 \u20b92m","Civil Engineer":"Avg. Salary \u20b9154k \u2014 \u20b9771k","Data Analyst":"Avg. Salary \u20b9201k \u2014 \u20b9959k","Senior Financial Analyst":"Avg. Salary \u20b9303k \u2014 \u20b91m","Senior Business Analyst":"Avg. Salary \u20b9447k \u2014 \u20b92m"}}