{"0":{"job_title":"Financial_Accountant","avg_salary":"\u20b9404,001","salary_component":["Base Salary","Bonus","Profit Sharing","Commission","Total Pay"],"Base Salary":"\u20b9194k - \u20b91m","Bonus":"\u20b95k - \u20b9150k","Profit Sharing":"\u20b9103 - \u20b9521k","Commission":"\u20b90 - \u20b914k","Total Pay":"\u20b9196k - \u20b91m","pay_by_experience_percent":["Entry Level","Early Career","Mid Career","Late Career","Experienced"],"Entry Level":"-19%","Early Career":"-15%","Mid Career":"27%","Late Career":"58%","Experienced":"64%","pay_by_experience_years":["1","1-4"],"1":"\u20b9326,566","1-4":"\u20b9343,909","gender_component":["Male","Female"],"Male":"81.5","Female":"18.5","health_benefits_componentt":["Medical","Dental","Vision","None"],"Medical":"63","Dental":"12","Vision":"11","None":"36","popular_skills_component":["Financial Reporting","General Ledger Accounting","Microsoft Excel","Financial Analysis","Month-End Close"],"Financial Reporting":"12%","General Ledger Accounting":"14%","Microsoft Excel":"19%","Financial Analysis":"\u20b9380,000","Month-End Close":"49%","affect_skills_component":["Month-End Close","Reconciliation","Bookkeeping","Microsoft Excel","General Ledger Accounting","Financial Reporting","Accounts Payable"],"Reconciliation":"34%","Bookkeeping":"22%","Accounts Payable":"9%","career_path_component":["Accountant","Financial Analyst","Senior Financial Accountant"],"location_component":["Bangalore, Karnataka","Chennai, Tamil Nadu","Mumbai, Maharashtra","Pune, Maharashtra","Kolkata, West Bengal","Hyderabad, Andhra Pradesh","Delhi, Delhi","Ahmedabad, Gujarat","New Delhi, Delhi","Gurgaon, Haryana"],"Bangalore, Karnataka":"16%","Chennai, Tamil Nadu":"-13%","Mumbai, Maharashtra":"43%","Pune, Maharashtra":"21%","Kolkata, West Bengal":"-26%","Hyderabad, Andhra Pradesh":"9%","Delhi, Delhi":"49%","Ahmedabad, Gujarat":"4%","New Delhi, Delhi":"-3%","Gurgaon, Haryana":"1%","employers_component":[],"related_job_component":["Accountant","Financial Analyst","Finance Manager","Account Executive","Senior Accountant","Chartered Accountant","Assistant Finance Manager","Senior Financial Analyst","Senior Account Executive"],"Accountant":"Avg. Salary \u20b9123k \u2014 \u20b9507k","Financial Analyst":"Avg. Salary \u20b9220k \u2014 \u20b9994k","Finance Manager":"Avg. Salary \u20b9354k \u2014 \u20b92m","Account Executive":"Avg. Salary \u20b9155k \u2014 \u20b9499k","Senior Accountant":"Avg. Salary \u20b9243k \u2014 \u20b9767k","Chartered Accountant":"Avg. Salary \u20b9412k \u2014 \u20b92m","Assistant Finance Manager":"Avg. Salary \u20b9350k \u2014 \u20b91m","Senior Financial Analyst":"Avg. Salary \u20b9303k \u2014 \u20b91m","Senior Account Executive":"Avg. Salary \u20b9246k \u2014 \u20b9647k"}}