{"0":{"job_title":"Finance_Director","avg_salary":"\u20b93,573,615","salary_component":["Base Salary","Bonus","Profit Sharing","Total Pay"],"Base Salary":"\u20b91m - \u20b96m","Bonus":"\u20b9103k - \u20b92m","Profit Sharing":"\u20b90 - \u20b9750k","Total Pay":"\u20b92m - \u20b98m","pay_by_experience_percent":["Early Career","Mid Career","Late Career","Experienced"],"Early Career":"-58%","Mid Career":"-58%","Late Career":"6%","Experienced":"14%","pay_by_experience_years":["1-4","5-9"],"1-4":"\u20b91,500,000","5-9":"\u20b91,500,000","gender_component":["Male","Female"],"Male":"91.1","Female":"8.9","health_benefits_componentt":["Medical","Dental","Vision","None"],"Medical":"84","Dental":"7","Vision":"7","None":"16","popular_skills_component":["Financial Analysis","Financial Reporting","Strategic Planning","Accounting","Budgeting"],"Financial Analysis":"\u20b93,582,190","Financial Reporting":"8%","Strategic Planning":"5%","Accounting":"\u20b93,560,777","Budgeting":"\u20b93,250,000","affect_skills_component":["Leadership","Team Leadership","Risk Management \/ Risk Control","Forecasting","Financial Compliance","Operations Management","Financial Reporting","Strategic Planning"],"Leadership":"54%","Team Leadership":"34%","Risk Management \/ Risk Control":"22%","Forecasting":"15%","Financial Compliance":"13%","Operations Management":"9%","career_path_component":["Chief Financial Officer (CFO)","Director of Finance & Administration","Chartered Accountant"],"location_component":["Bangalore, Karnataka","Mumbai, Maharashtra","Gurgaon, Haryana","Pune, Maharashtra","New Delhi, Delhi","Chennai, Tamil Nadu","Hyderabad, Andhra Pradesh","Delhi, Delhi","Noida, Uttar Pradesh"],"Bangalore, Karnataka":"-7%","Mumbai, Maharashtra":"38%","Gurgaon, Haryana":"25%","Pune, Maharashtra":"10%","New Delhi, Delhi":"9%","Chennai, Tamil Nadu":"-19%","Hyderabad, Andhra Pradesh":"8%","Delhi, Delhi":"27%","Noida, Uttar Pradesh":"11%","employers_component":[],"related_job_component":["Operations Manager","Finance Manager","Financial Analyst","Chartered Accountant","Operations Team Leader","Senior Financial Analyst","Accountant","Team Lead, Operations","General \/ Operations Manager"],"Operations Manager":"Avg. Salary \u20b9297k \u2014 \u20b92m","Finance Manager":"Avg. Salary \u20b9354k \u2014 \u20b92m","Financial Analyst":"Avg. Salary \u20b9220k \u2014 \u20b9992k","Chartered Accountant":"Avg. Salary \u20b9413k \u2014 \u20b92m","Operations Team Leader":"Avg. Salary \u20b9242k \u2014 \u20b9948k","Senior Financial Analyst":"Avg. Salary \u20b9304k \u2014 \u20b91m","Accountant":"Avg. Salary \u20b9123k \u2014 \u20b9507k","Team Lead, Operations":"Avg. Salary \u20b9314k \u2014 \u20b91m","General \/ Operations Manager":"Avg. Salary \u20b9312k \u2014 \u20b93m"}}