{"0":{"job_title":"Finance_Analyst","avg_salary":"\u20b9482,318","salary_component":["Base Salary","Bonus","Profit Sharing","Total Pay"],"Base Salary":"\u20b9234k - \u20b91m","Bonus":"\u20b910k - \u20b9149k","Profit Sharing":"\u20b9525 - \u20b9575k","Total Pay":"\u20b9246k - \u20b91m","pay_by_experience_percent":["Entry Level","Early Career","Mid Career","Late Career"],"Entry Level":"-19%","Early Career":"-15%","Mid Career":"22%","Late Career":"117%","pay_by_experience_years":["1","1-4"],"1":"\u20b9391,071","1-4":"\u20b9412,102","gender_component":["Male","Female"],"Male":"69.2","Female":"30.8","health_benefits_componentt":["Medical","Dental","Vision","None"],"Medical":"77","Dental":"9","Vision":"9","None":"23","popular_skills_component":["Financial Analysis","Financial Reporting","Microsoft Excel","Accounting","Data Analysis"],"Financial Analysis":"2%","Financial Reporting":"14%","Microsoft Excel":"\u20b9464,027","Accounting":"\u20b9434,400","Data Analysis":"5%","affect_skills_component":["Forecasting","Budgeting","Financial Reporting","SAP Financial Accounting and Controlling (SAP FICO)","Data Analysis","Financial Modeling","Financial Analysis"],"Forecasting":"66%","Budgeting":"60%","SAP Financial Accounting and Controlling (SAP FICO)":"13%","Financial Modeling":"5%","career_path_component":["Senior Analyst, Finance","Senior Financial Analyst"],"location_component":["Bangalore, Karnataka","Mumbai, Maharashtra","Pune, Maharashtra","Chennai, Tamil Nadu","Hyderabad, Andhra Pradesh","Gurgaon, Haryana","New Delhi, Delhi","Gurgaon, Delhi","Delhi, Delhi","Kolkata, West Bengal"],"Bangalore, Karnataka":"4%","Mumbai, Maharashtra":"9%","Pune, Maharashtra":"-15%","Chennai, Tamil Nadu":"-4%","Hyderabad, Andhra Pradesh":"-17%","Gurgaon, Haryana":"12%","New Delhi, Delhi":"-2%","Gurgaon, Delhi":"24%","Delhi, Delhi":"%","Kolkata, West Bengal":"-12%","employers_component":["Accenture","J.P. Morgan Chase & Co. (JPMCC)","EY (Ernst & Young)","Genpact","British Telecom"],"Accenture":"Avg. Salary: \u20b9465,000","J.P. Morgan Chase & Co. (JPMCC)":"Avg. Salary: \u20b9499,100","EY (Ernst & Young)":"Avg. Salary: \u20b9382,442","Genpact":"Avg. Salary: \u20b9550,000","British Telecom":"Avg. Salary: \u20b9950,000","related_job_component":["Accountant","Financial Analyst","Finance Manager","Senior Financial Analyst","Data Analyst","Account Executive","Assistant Finance Manager","Financial Controller","Senior Accountant"],"Accountant":"Avg. Salary \u20b9123k \u2014 \u20b9507k","Financial Analyst":"Avg. Salary \u20b9220k \u2014 \u20b9992k","Finance Manager":"Avg. Salary \u20b9354k \u2014 \u20b92m","Senior Financial Analyst":"Avg. Salary \u20b9304k \u2014 \u20b91m","Data Analyst":"Avg. Salary \u20b9201k \u2014 \u20b9959k","Account Executive":"Avg. Salary \u20b9155k \u2014 \u20b9499k","Assistant Finance Manager":"Avg. Salary \u20b9351k \u2014 \u20b91m","Financial Controller":"Avg. Salary \u20b9594k \u2014 \u20b94m","Senior Accountant":"Avg. Salary \u20b9242k \u2014 \u20b9770k"}}