{"0":{"job_title":"Finance_Officer","avg_salary":"\u20b9340,493","salary_component":["Base Salary","Bonus","Profit Sharing","Commission","Total Pay"],"Base Salary":"\u20b9159k - \u20b9829k","Bonus":"\u20b97k - \u20b9150k","Profit Sharing":"\u20b931 - \u20b9395k","Commission":"\u20b918k - \u20b9271k","Total Pay":"\u20b9171k - \u20b91m","pay_by_experience_percent":["Entry Level","Early Career","Mid Career","Late Career","Experienced"],"Entry Level":"-34%","Early Career":"-16%","Mid Career":"24%","Late Career":"103%","Experienced":"131%","pay_by_experience_years":["1","1-4"],"1":"\u20b9223,086","1-4":"\u20b9284,434","gender_component":["Male","Female"],"Male":"79.7","Female":"20.3","health_benefits_componentt":["Medical","Dental","Vision","None"],"Medical":"72","Dental":"8","Vision":"8","None":"27","popular_skills_component":["Financial Reporting","Accounts Payable","Accounts Receivable","General Ledger Accounting","SAP Financial Accounting and Controlling (SAP FICO)"],"Financial Reporting":"9%","Accounts Payable":"3%","Accounts Receivable":"\u20b9344,212","General Ledger Accounting":"23%","SAP Financial Accounting and Controlling (SAP FICO)":"3%","affect_skills_component":["Budgeting","Financial Analysis","Budget Management","General Ledger Accounting","Financial Reporting","Bookkeeping","Reconciliation","Payroll Administration","Accounts Payable","SAP Financial Accounting and Controlling (SAP FICO)"],"Budgeting":"135%","Financial Analysis":"120%","Budget Management":"112%","Bookkeeping":"6%","Reconciliation":"6%","Payroll Administration":"4%","career_path_component":["Account Executive"],"location_component":["Mumbai, Maharashtra","Chennai, Tamil Nadu","Pune, Maharashtra","Bangalore, Karnataka","Ahmedabad, Gujarat","Delhi, Delhi","Noida, Uttar Pradesh","Kolkata, West Bengal","Lucknow, Uttar Pradesh","New Delhi, Delhi"],"Mumbai, Maharashtra":"31%","Chennai, Tamil Nadu":"3%","Pune, Maharashtra":"-4%","Bangalore, Karnataka":"39%","Ahmedabad, Gujarat":"-21%","Delhi, Delhi":"41%","Noida, Uttar Pradesh":"-3%","Kolkata, West Bengal":"-5%","Lucknow, Uttar Pradesh":"3%","New Delhi, Delhi":"49%","employers_component":[],"related_job_component":["Accountant","Finance Manager","Financial Analyst","Account Executive","Senior Accountant","Assistant Finance Manager","Senior Financial Analyst","Financial Controller","Chartered Accountant"],"Accountant":"Avg. Salary \u20b9123k \u2014 \u20b9507k","Finance Manager":"Avg. Salary \u20b9354k \u2014 \u20b92m","Financial Analyst":"Avg. Salary \u20b9220k \u2014 \u20b9992k","Account Executive":"Avg. Salary \u20b9155k \u2014 \u20b9499k","Senior Accountant":"Avg. Salary \u20b9242k \u2014 \u20b9770k","Assistant Finance Manager":"Avg. Salary \u20b9351k \u2014 \u20b91m","Senior Financial Analyst":"Avg. Salary \u20b9304k \u2014 \u20b91m","Financial Controller":"Avg. Salary \u20b9594k \u2014 \u20b94m","Chartered Accountant":"Avg. Salary \u20b9413k \u2014 \u20b92m"}}