{"0":{"job_title":"Finance_Manager","avg_salary":"\u20b9992,087","salary_component":["Base Salary","Bonus","Profit Sharing","Commission","Total Pay"],"Base Salary":"\u20b9354k - \u20b92m","Bonus":"\u20b917k - \u20b9303k","Profit Sharing":"\u20b9985 - \u20b9288k","Commission":"\u20b910k - \u20b9294k","Total Pay":"\u20b9388k - \u20b92m","pay_by_experience_percent":["Entry Level","Early Career","Mid Career","Late Career","Experienced"],"Entry Level":"-48%","Early Career":"-26%","Mid Career":"9%","Late Career":"22%","Experienced":"19%","pay_by_experience_years":["1","1-4"],"1":"\u20b9519,158","1-4":"\u20b9733,353","gender_component":["Male","Female","Prefer to self-define"],"Male":"79.7","Female":"20.2","Prefer to self-define":"0.1","health_benefits_componentt":["Medical","Dental","Vision","None"],"Medical":"73","Dental":"7","Vision":"8","None":"27","popular_skills_component":["Financial Reporting","Financial Analysis","Accounting","Budgeting","Microsoft Excel"],"Financial Reporting":"\u20b91,090,738","Financial Analysis":"\u20b91,088,744","Accounting":"\u20b91,006,325","Budgeting":"\u20b91,209,390","Microsoft Excel":"\u20b9930,912","affect_skills_component":["Tax Consulting","Project Management","Payroll Tax Compliance","Financial Modeling","SAP Financial Accounting and Controlling (SAP FICO)","Forecasting","Product Costing","Senior Financial Management","Pricing","Risk Management \/ Risk Control"],"Tax Consulting":"76%","Project Management":"68%","Payroll Tax Compliance":"51%","Financial Modeling":"47%","SAP Financial Accounting and Controlling (SAP FICO)":"43%","Forecasting":"41%","Product Costing":"39%","Senior Financial Management":"36%","Pricing":"36%","Risk Management \/ Risk Control":"34%","career_path_component":["Senior Finance Manager","Financial Controller","Finance Director"],"location_component":["Mumbai, Maharashtra","Bangalore, Karnataka","Chennai, Tamil Nadu","Pune, Maharashtra","New Delhi, Delhi","Hyderabad, Andhra Pradesh","Delhi, Delhi","Gurgaon, Haryana","Kolkata, West Bengal","Ahmedabad, Gujarat"],"Mumbai, Maharashtra":"12%","Bangalore, Karnataka":"23%","Chennai, Tamil Nadu":"9%","Pune, Maharashtra":"-1%","New Delhi, Delhi":"4%","Hyderabad, Andhra Pradesh":"-1%","Delhi, Delhi":"-5%","Gurgaon, Haryana":"37%","Kolkata, West Bengal":"-22%","Ahmedabad, Gujarat":"-18%","employers_component":["Genpact","HSBC","ICICI Bank","State Bank of India","Standard Chartered Bank","Wipro","J.P. Morgan Chase & Co. (JPMCC)","EY (Ernst & Young)","HDFC Bank Pvt Ltd","Accenture"],"Genpact":"Avg. Salary: \u20b9984,829","HSBC":"Avg. Salary: \u20b91,498,902","ICICI Bank":"Avg. Salary: \u20b91,100,000","State Bank of India":"Avg. Salary: \u20b9800,000","Standard Chartered Bank":"Avg. Salary: \u20b91,383,687","Wipro":"Avg. Salary: \u20b91,666,147","J.P. Morgan Chase & Co. (JPMCC)":"Avg. Salary: \u20b91,448,276","EY (Ernst & Young)":"Avg. Salary: \u20b91,748,571","HDFC Bank Pvt Ltd":"Avg. Salary: \u20b9584,175","Accenture":"Avg. Salary: \u20b91,200,000","related_job_component":["Accountant","Operations Manager","Financial Analyst","Civil Engineer","Chartered Accountant","Project Manager, (Unspecified Type \/ General)","Mechanical Engineer","Account Executive","Data Analyst"],"Accountant":"Avg. Salary \u20b9123k \u2014 \u20b9507k","Operations Manager":"Avg. Salary \u20b9297k \u2014 \u20b92m","Financial Analyst":"Avg. Salary \u20b9220k \u2014 \u20b9992k","Civil Engineer":"Avg. Salary \u20b9154k \u2014 \u20b9771k","Chartered Accountant":"Avg. Salary \u20b9413k \u2014 \u20b92m","Project Manager, (Unspecified Type \/ General)":"Avg. Salary \u20b9458k \u2014 \u20b92m","Mechanical Engineer":"Avg. Salary \u20b9152k \u2014 \u20b9983k","Account Executive":"Avg. Salary \u20b9155k \u2014 \u20b9499k","Data Analyst":"Avg. Salary \u20b9201k \u2014 \u20b9959k"}}