{"0":{"job_title":"Financial_Planner","avg_salary":"\u20b9393,054","salary_component":["Base Salary","Bonus","Profit Sharing","Commission","Total Pay"],"Base Salary":"\u20b9201k - \u20b9906k","Bonus":"\u20b95k - \u20b9450k","Profit Sharing":"\u20b915k - \u20b9230k","Commission":"\u20b90 - \u20b930k","Total Pay":"\u20b9240k - \u20b91m","pay_by_experience_percent":["Entry Level","Early Career","Mid Career","Late Career"],"Entry Level":"-30%","Early Career":"-9%","Mid Career":"53%","Late Career":"200%","pay_by_experience_years":["1","1-4"],"1":"\u20b9274,708","1-4":"\u20b9357,500","gender_component":["Male","Female"],"Male":"63.6","Female":"36.4","health_benefits_componentt":["Medical","Dental","Vision","None"],"Medical":"50","Dental":"3","Vision":"3","None":"50","popular_skills_component":["Financial Advisor","Investment Planning","Investment Management","Financial Analysis","Client Interaction"],"Financial Advisor":"\u20b9352,345","Investment Planning":"\u20b9325,000","Investment Management":"7%","Financial Analysis":"11%","Client Interaction":"12%","affect_skills_component":["Portfolio Management","Client Interaction","Financial Analysis","Investment Management"],"Portfolio Management":"53%","career_path_component":["Vice President (VP), Human Resources (HR..."],"location_component":["Mumbai, Maharashtra","Bangalore, Karnataka","Hyderabad, Andhra Pradesh","Delhi, Delhi","New Delhi, Delhi","Ahmedabad, Gujarat","Gurgaon, Haryana","Pune, Maharashtra"],"Mumbai, Maharashtra":"-23%","Bangalore, Karnataka":"49%","Hyderabad, Andhra Pradesh":"-24%","Delhi, Delhi":"-19%","New Delhi, Delhi":"53%","Ahmedabad, Gujarat":"-11%","Gurgaon, Haryana":"34%","Pune, Maharashtra":"-17%","employers_component":[],"related_job_component":["Financial Analyst","Project Manager, (Unspecified Type \/ General)","Relationship Manager","Finance Manager","Chartered Accountant","Senior Financial Analyst","Operations Manager","Account Manager","Credit Manager"],"Financial Analyst":"Avg. Salary \u20b9220k \u2014 \u20b9994k","Project Manager, (Unspecified Type \/ General)":"Avg. Salary \u20b9456k \u2014 \u20b92m","Relationship Manager":"Avg. Salary \u20b9202k \u2014 \u20b9805k","Finance Manager":"Avg. Salary \u20b9354k \u2014 \u20b92m","Chartered Accountant":"Avg. Salary \u20b9413k \u2014 \u20b92m","Senior Financial Analyst":"Avg. Salary \u20b9304k \u2014 \u20b91m","Operations Manager":"Avg. Salary \u20b9297k \u2014 \u20b92m","Account Manager":"Avg. Salary \u20b9280k \u2014 \u20b91m","Credit Manager":"Avg. Salary \u20b9261k \u2014 \u20b91m"}}