{"0":{"job_title":"Financial_Analyst%2C_Corporate","avg_salary":"\u20b9580,650","salary_component":["Base Salary","Bonus","Profit Sharing","Total Pay"],"Base Salary":"\u20b9242k - \u20b91m","Bonus":"\u20b910k - \u20b9149k","Profit Sharing":"\u20b918 - \u20b998k","Total Pay":"\u20b9232k - \u20b91m","pay_by_experience_percent":["Entry Level","Early Career","Mid Career","Late Career"],"Entry Level":"-18%","Early Career":"-14%","Mid Career":"6%","Late Career":"46%","pay_by_experience_years":["1"],"1":"\u20b9475,000","gender_component":["Male","Female"],"Male":"85.0","Female":"15.0","health_benefits_componentt":["Medical","Dental","Vision","None"],"Medical":"83","Dental":"6","Vision":"9","None":"17","popular_skills_component":["Financial Analysis","Microsoft Excel","Financial Reporting","Data Analysis","Financial Modeling"],"Financial Analysis":"3%","Microsoft Excel":"\u20b9406,946","Financial Reporting":"1%","Data Analysis":"3%","Financial Modeling":"69%","affect_skills_component":["Financial Modeling","Financial Analysis","Data Analysis","Financial Reporting"],"career_path_component":["Financial Analyst","Commissions Analyst","Manager, Financial Planning & Analysis"],"location_component":["Bangalore, Karnataka","Mumbai, Maharashtra","Pune, Maharashtra","Hyderabad, Andhra Pradesh","Kolkata, West Bengal","New Delhi, Delhi","Chennai, Tamil Nadu"],"Bangalore, Karnataka":"-14%","Mumbai, Maharashtra":"33%","Pune, Maharashtra":"-41%","Hyderabad, Andhra Pradesh":"46%","Kolkata, West Bengal":"-44%","New Delhi, Delhi":"55%","Chennai, Tamil Nadu":"-21%","employers_component":[],"related_job_component":["Financial Analyst","Finance Manager","Accountant","Data Analyst","Senior Financial Analyst","Assistant Finance Manager","Civil Engineer","Research Analyst","Financial Controller"],"Financial Analyst":"Avg. Salary \u20b9220k \u2014 \u20b9994k","Finance Manager":"Avg. Salary \u20b9354k \u2014 \u20b92m","Accountant":"Avg. Salary \u20b9123k \u2014 \u20b9507k","Data Analyst":"Avg. Salary \u20b9200k \u2014 \u20b9960k","Senior Financial Analyst":"Avg. Salary \u20b9304k \u2014 \u20b91m","Assistant Finance Manager":"Avg. Salary \u20b9350k \u2014 \u20b91m","Civil Engineer":"Avg. Salary \u20b9154k \u2014 \u20b9771k","Research Analyst":"Avg. Salary \u20b9192k \u2014 \u20b9861k","Financial Controller":"Avg. Salary \u20b9603k \u2014 \u20b94m"}}