{"0":{"job_title":"Financial_Controller","avg_salary":"\u20b91,835,905","salary_component":["Base Salary","Bonus","Profit Sharing","Total Pay"],"Base Salary":"\u20b9594k - \u20b94m","Bonus":"\u20b939k - \u20b9698k","Profit Sharing":"\u20b912 - \u20b91m","Total Pay":"\u20b9615k - \u20b94m","pay_by_experience_percent":["Entry Level","Early Career","Mid Career","Late Career","Experienced"],"Entry Level":"-69%","Early Career":"-59%","Mid Career":"-19%","Late Career":"34%","Experienced":"33%","pay_by_experience_years":["1","1-4"],"1":"\u20b9560,000","1-4":"\u20b9747,579","gender_component":["Male","Female"],"Male":"81.4","Female":"18.6","health_benefits_componentt":["Medical","Dental","Vision","None"],"Medical":"78","Dental":"6","Vision":"6","None":"22","popular_skills_component":["Financial Reporting","Financial Analysis","Budgeting","General Ledger Accounting","Senior Financial Management"],"Financial Reporting":"10%","Financial Analysis":"5%","Budgeting":"16%","General Ledger Accounting":"12%","Senior Financial Management":"46%","affect_skills_component":["Senior Financial Management","Financial Compliance","Budgeting","Forecasting","General Ledger Accounting","Budget Management","Financial Reporting","Financial Applications","Financial Analysis","Accounts Receivable"],"Financial Compliance":"36%","Forecasting":"13%","Budget Management":"11%","Financial Applications":"9%","Accounts Receivable":"3%","career_path_component":["Chief Financial Officer (CFO)","Finance Director","Vice President (VP), Finance"],"location_component":["Mumbai, Maharashtra","Bangalore, Karnataka","Pune, Maharashtra","Chennai, Tamil Nadu","New Delhi, Delhi","Gurgaon, Haryana","Delhi, Delhi","Hyderabad, Andhra Pradesh","Coimbatore, Tamil Nadu","Ahmedabad, Gujarat"],"Mumbai, Maharashtra":"24%","Bangalore, Karnataka":"-3%","Pune, Maharashtra":"-21%","Chennai, Tamil Nadu":"-11%","New Delhi, Delhi":"9%","Gurgaon, Haryana":"42%","Delhi, Delhi":"22%","Hyderabad, Andhra Pradesh":"9%","Coimbatore, Tamil Nadu":"14%","Ahmedabad, Gujarat":"17%","employers_component":["Capgemini","Vodafone","IBM India Private Limited","Diebold Incorporated","Roha","General Electric Co (GE)","J.P. Morgan Chase & Co. (JPMCC)","Sulzer Pumps"],"Capgemini":"Avg. Salary: \u20b9716,683","Vodafone":"Avg. Salary: \u20b93,666,500","IBM India Private Limited":"Avg. Salary: \u20b9562,000","Diebold Incorporated":"Avg. Salary: \u20b93,101,644","Roha":"Avg. Salary: \u20b92,375,000","General Electric Co (GE)":"Avg. Salary: \u20b91,840,000","J.P. Morgan Chase & Co. (JPMCC)":"Avg. Salary: \u20b9580,000","Sulzer Pumps":"Avg. Salary: \u20b92,849,123","related_job_component":["Accountant","Finance Manager","Financial Analyst","Civil Engineer","Mechanical Engineer","Account Executive","Senior Accountant","Senior Financial Analyst","Assistant Finance Manager"],"Accountant":"Avg. Salary \u20b9123k \u2014 \u20b9507k","Finance Manager":"Avg. Salary \u20b9354k \u2014 \u20b92m","Financial Analyst":"Avg. Salary \u20b9220k \u2014 \u20b9992k","Civil Engineer":"Avg. Salary \u20b9154k \u2014 \u20b9771k","Mechanical Engineer":"Avg. Salary \u20b9152k \u2014 \u20b9983k","Account Executive":"Avg. Salary \u20b9155k \u2014 \u20b9499k","Senior Accountant":"Avg. Salary \u20b9242k \u2014 \u20b9770k","Senior Financial Analyst":"Avg. Salary \u20b9304k \u2014 \u20b91m","Assistant Finance Manager":"Avg. Salary \u20b9351k \u2014 \u20b91m"}}