{"0":{"job_title":"Financial_Manager","avg_salary":"\u20b9855,900","salary_component":["Base Salary","Bonus","Profit Sharing","Commission","Total Pay"],"Base Salary":"\u20b9244k - \u20b92m","Bonus":"\u20b99k - \u20b9511k","Profit Sharing":"\u20b91k - \u20b9776k","Commission":"\u20b90 - \u20b963k","Total Pay":"\u20b9267k - \u20b93m","pay_by_experience_percent":["Entry Level","Early Career","Mid Career","Late Career","Experienced"],"Entry Level":"-20%","Early Career":"-20%","Mid Career":"17%","Late Career":"53%","Experienced":"26%","pay_by_experience_years":["1","1-4"],"1":"\u20b9687,845","1-4":"\u20b9687,845","gender_component":["Male","Female","Prefer to self-define"],"Male":"85.7","Female":"10.7","Prefer to self-define":"3.6","health_benefits_componentt":["Medical","Dental","Vision","None"],"Medical":"74","Dental":"13","Vision":"13","None":"26","popular_skills_component":["Financial Reporting","Financial Analysis","Accounting","Budget Management","Senior Financial Management"],"Financial Reporting":"13%","Financial Analysis":"17%","Accounting":"16%","Budget Management":"39%","Senior Financial Management":"38%","affect_skills_component":["Budget Management","Senior Financial Management","Financial Analysis","Accounting","Financial Reporting"],"career_path_component":["Financial Controller","Finance Director","Finance Manager"],"location_component":["Mumbai, Maharashtra","Chennai, Tamil Nadu","Bangalore, Karnataka","Kolkata, West Bengal","Pune, Maharashtra","Hyderabad, Andhra Pradesh","Delhi, Delhi","New Delhi, Delhi","Ahmedabad, Gujarat","Gurgaon, Delhi"],"Mumbai, Maharashtra":"40%","Chennai, Tamil Nadu":"-27%","Bangalore, Karnataka":"56%","Kolkata, West Bengal":"-30%","Pune, Maharashtra":"87%","Hyderabad, Andhra Pradesh":"5%","Delhi, Delhi":"-18%","New Delhi, Delhi":"-65%","Ahmedabad, Gujarat":"-19%","Gurgaon, Delhi":"16%","employers_component":[],"related_job_component":["Accountant","Finance Manager","Financial Analyst","Chartered Accountant","Account Executive","Account Manager","Senior Financial Analyst","Assistant Finance Manager","Senior Account Executive"],"Accountant":"Avg. Salary \u20b9123k \u2014 \u20b9507k","Finance Manager":"Avg. Salary \u20b9354k \u2014 \u20b92m","Financial Analyst":"Avg. Salary \u20b9220k \u2014 \u20b9992k","Chartered Accountant":"Avg. Salary \u20b9413k \u2014 \u20b92m","Account Executive":"Avg. Salary \u20b9155k \u2014 \u20b9499k","Account Manager":"Avg. Salary \u20b9281k \u2014 \u20b91m","Senior Financial Analyst":"Avg. Salary \u20b9304k \u2014 \u20b91m","Assistant Finance Manager":"Avg. Salary \u20b9351k \u2014 \u20b91m","Senior Account Executive":"Avg. Salary \u20b9246k \u2014 \u20b9647k"}}