{"0":{"job_title":"Fraud_Investigator","avg_salary":"\u20b9379,757","salary_component":["Base Salary","Bonus","Profit Sharing","Total Pay"],"Base Salary":"\u20b9282k - \u20b9976k","Bonus":"\u20b910k - \u20b9199k","Profit Sharing":"\u20b915 - \u20b9679k","Total Pay":"\u20b9287k - \u20b91m","pay_by_experience_percent":["Entry Level","Early Career","Mid Career","Late Career"],"Entry Level":"-21%","Early Career":"-6%","Mid Career":"53%","Late Career":"143%","pay_by_experience_years":["1","1-4"],"1":"\u20b9298,849","1-4":"\u20b9356,600","gender_component":["Male","Female"],"Male":"85.7","Female":"14.3","health_benefits_componentt":["Medical","Dental","Vision","None"],"Medical":"84","Dental":"12","Vision":"13","None":"16","popular_skills_component":["Fraud Investigation","Risk Management \/ Risk Control","Anti-Money Laundering (AML)","Data Analysis","Forensic Interviewing"],"Fraud Investigation":"\u20b9376,951","Risk Management \/ Risk Control":"\u20b9350,000","Anti-Money Laundering (AML)":"40%","Data Analysis":"21%","Forensic Interviewing":"179%","affect_skills_component":["Forensic Interviewing","Anti-Money Laundering (AML)","Data Analysis"],"career_path_component":["Risk Manager"],"location_component":["Hyderabad, Andhra Pradesh","Bangalore, Karnataka","Mumbai, Maharashtra","New Delhi, Delhi","Chennai, Tamil Nadu","Noida, Uttar Pradesh"],"Hyderabad, Andhra Pradesh":"-9%","Bangalore, Karnataka":"-8%","Mumbai, Maharashtra":"137%","New Delhi, Delhi":"51%","Chennai, Tamil Nadu":"-21%","Noida, Uttar Pradesh":"-5%","employers_component":["Amazon.com Inc","HSBC"],"Amazon.com Inc":"Avg. Salary: \u20b9347,334","HSBC":"Avg. Salary: \u20b9344,348","related_job_component":["Data Analyst","Senior Business Analyst","Data Scientist","Operations Manager","Financial Analyst","Credit Manager","Research Analyst","Risk Analyst","Business Analyst (Unspecified Type)"],"Data Analyst":"Avg. Salary \u20b9201k \u2014 \u20b9960k","Senior Business Analyst":"Avg. Salary \u20b9447k \u2014 \u20b92m","Data Scientist":"Avg. Salary \u20b9344k \u2014 \u20b92m","Operations Manager":"Avg. Salary \u20b9296k \u2014 \u20b92m","Financial Analyst":"Avg. Salary \u20b9220k \u2014 \u20b9994k","Credit Manager":"Avg. Salary \u20b9259k \u2014 \u20b91m","Research Analyst":"Avg. Salary \u20b9192k \u2014 \u20b9861k","Risk Analyst":"Avg. Salary \u20b9286k \u2014 \u20b91m","Business Analyst (Unspecified Type)":"Avg. Salary \u20b9252k \u2014 \u20b91m"}}