{"0":{"job_title":"Fraud_Analyst","avg_salary":"\u20b9310,583","salary_component":["Base Salary","Bonus","Profit Sharing","Total Pay"],"Base Salary":"\u20b9175k - \u20b9621k","Bonus":"\u20b94k - \u20b9182k","Profit Sharing":"\u20b97k - \u20b9102k","Total Pay":"\u20b9182k - \u20b9654k","pay_by_experience_percent":["Entry Level","Early Career","Mid Career"],"Entry Level":"-28%","Early Career":"0%","Mid Career":"58%","pay_by_experience_years":["1","1-4"],"1":"\u20b9223,820","1-4":"\u20b9309,414","gender_component":["Male","Female"],"Male":"72.2","Female":"27.8","health_benefits_componentt":["Medical","Dental","Vision","None"],"Medical":"83","Dental":"3","Vision":"5","None":"17","popular_skills_component":["Fraud Investigation","Risk Management \/ Risk Control","Microsoft Excel","Data Analysis","Customer Service"],"Fraud Investigation":"4%","Risk Management \/ Risk Control":"\u20b9303,391","Microsoft Excel":"\u20b9303,977","Data Analysis":"13%","Customer Service":"6%","affect_skills_component":["SQL","Data Analysis","Research Analysis","Customer Service","Fraud Investigation"],"SQL":"42%","Research Analysis":"11%","career_path_component":["Information Security Analyst","Software Engineer \/ Developer \/ Programm...","Senior Research Analyst"],"location_component":["Gurgaon, Haryana","Bangalore, Karnataka","New Delhi, Delhi","Chennai, Tamil Nadu","Mumbai, Maharashtra","Ahmedabad, Gujarat","Delhi, Delhi","Hyderabad, Andhra Pradesh","Gurgaon, Delhi","Noida, Uttar Pradesh"],"Gurgaon, Haryana":"6%","Bangalore, Karnataka":"9%","New Delhi, Delhi":"-2%","Chennai, Tamil Nadu":"-7%","Mumbai, Maharashtra":"27%","Ahmedabad, Gujarat":"-12%","Delhi, Delhi":"5%","Hyderabad, Andhra Pradesh":"-40%","Gurgaon, Delhi":"-42%","Noida, Uttar Pradesh":"-24%","employers_component":["American Express Co. (AMEX)","Quatrro BPO","Genpact","J.P. Morgan Chase & Co. (JPMCC)"],"American Express Co. (AMEX)":"Avg. Salary: \u20b9350,000","Quatrro BPO":"Avg. Salary: \u20b9163,854","Genpact":"Avg. Salary: \u20b9191,025","J.P. Morgan Chase & Co. (JPMCC)":"Avg. Salary: \u20b9514,212","related_job_component":["Data Analyst","Software Engineer","Operations Manager","Senior Software Engineer","Senior Business Analyst","Financial Analyst","Research Analyst","Business Analyst, IT","Civil Engineer"],"Data Analyst":"Avg. Salary \u20b9201k \u2014 \u20b9960k","Software Engineer":"Avg. Salary \u20b9263k \u2014 \u20b91m","Operations Manager":"Avg. Salary \u20b9296k \u2014 \u20b92m","Senior Software Engineer":"Avg. Salary \u20b9493k \u2014 \u20b92m","Senior Business Analyst":"Avg. Salary \u20b9447k \u2014 \u20b92m","Financial Analyst":"Avg. Salary \u20b9220k \u2014 \u20b9994k","Research Analyst":"Avg. Salary \u20b9192k \u2014 \u20b9861k","Business Analyst, IT":"Avg. Salary \u20b9275k \u2014 \u20b91m","Civil Engineer":"Avg. Salary \u20b9154k \u2014 \u20b9771k"}}