{"0":{"job_title":"Fund_Accountant","avg_salary":"\u20b9425,355","salary_component":["Base Salary","Bonus","Profit Sharing","Total Pay"],"Base Salary":"\u20b9288k - \u20b9805k","Bonus":"\u20b912k - \u20b9103k","Profit Sharing":"\u20b90 - \u20b925k","Total Pay":"\u20b9298k - \u20b91m","pay_by_experience_percent":["Entry Level","Early Career","Mid Career"],"Entry Level":"-15%","Early Career":"-6%","Mid Career":"62%","pay_by_experience_years":["1","1-4"],"1":"\u20b9361,058","1-4":"\u20b9401,754","gender_component":["Male","Female"],"Male":"85.0","Female":"15.0","health_benefits_componentt":["Medical","Dental","Vision","None"],"Medical":"81","Dental":"19","Vision":"19","None":"19","popular_skills_component":["Microsoft Excel","Accounting","Reconciliation","Financial Reporting","Financial Analysis"],"Microsoft Excel":"\u20b9404,521","Accounting":"\u20b9413,248","Reconciliation":"6%","Financial Reporting":"15%","Financial Analysis":"\u20b9359,493","affect_skills_component":["Financial Reporting","Reconciliation"],"career_path_component":["Fund Accounting Supervisor","Operations Team Leader","Senior Business Analyst"],"location_component":["Mumbai, Maharashtra","Bangalore, Karnataka","Chennai, Tamil Nadu","Hyderabad, Andhra Pradesh","Gurgaon, Haryana","Kolkata, West Bengal"],"Mumbai, Maharashtra":"53%","Bangalore, Karnataka":"57%","Chennai, Tamil Nadu":"-20%","Hyderabad, Andhra Pradesh":"-5%","Gurgaon, Haryana":"-30%","Kolkata, West Bengal":"-2%","employers_component":["Globeop Financial Services LLC"],"Globeop Financial Services LLC":"Avg. Salary: \u20b9407,500","related_job_component":["Accountant","Financial Analyst","Finance Manager","Senior Financial Analyst","Account Executive","Senior Accountant","Civil Engineer","Chartered Accountant","Assistant Finance Manager"],"Accountant":"Avg. Salary \u20b9123k \u2014 \u20b9507k","Financial Analyst":"Avg. Salary \u20b9220k \u2014 \u20b9994k","Finance Manager":"Avg. Salary \u20b9354k \u2014 \u20b92m","Senior Financial Analyst":"Avg. Salary \u20b9303k \u2014 \u20b91m","Account Executive":"Avg. Salary \u20b9155k \u2014 \u20b9499k","Senior Accountant":"Avg. Salary \u20b9243k \u2014 \u20b9767k","Civil Engineer":"Avg. Salary \u20b9154k \u2014 \u20b9771k","Chartered Accountant":"Avg. Salary \u20b9412k \u2014 \u20b92m","Assistant Finance Manager":"Avg. Salary \u20b9350k \u2014 \u20b91m"}}