{"0":{"job_title":"Fund_Accounting_Manager","avg_salary":"\u20b91,277,426","salary_component":["Base Salary","Bonus","Total Pay"],"Base Salary":"\u20b9304k - \u20b92m","Bonus":"\u20b938k - \u20b9160k","Total Pay":"\u20b9328k - \u20b92m","pay_by_experience_percent":["Entry Level","Early Career","Mid Career","Late Career"],"Entry Level":"-65%","Early Career":"-74%","Mid Career":"2%","Late Career":"6%","pay_by_experience_years":["1","1-4"],"1":"\u20b9447,500","1-4":"\u20b9330,000","gender_component":["Male","Female"],"Male":"87.5","Female":"12.5","health_benefits_componentt":["Medical","Dental"],"Medical":"100","Dental":"10","popular_skills_component":["Accounting","Client Interaction","Financial Reporting","Microsoft Excel","Reconciliation"],"Accounting":"\u20b91,100,000","Client Interaction":"6%","Financial Reporting":"4%","Microsoft Excel":"\u20b91,150,000","Reconciliation":"12%","affect_skills_component":["Reconciliation","Client Interaction","Operations Management","Financial Reporting"],"Operations Management":"6%","career_path_component":[],"location_component":["Mumbai, Maharashtra","Bangalore, Karnataka"],"Mumbai, Maharashtra":"%","Bangalore, Karnataka":"-45%","employers_component":[],"related_job_component":["Operations Manager","Accountant","Financial Analyst","Civil Engineer","Mechanical Engineer","Project Manager, (Unspecified Type \/ General)","Finance Manager","Operations Team Leader","Executive Assistant"],"Operations Manager":"Avg. Salary \u20b9297k \u2014 \u20b92m","Accountant":"Avg. Salary \u20b9123k \u2014 \u20b9507k","Financial Analyst":"Avg. Salary \u20b9220k \u2014 \u20b9994k","Civil Engineer":"Avg. Salary \u20b9154k \u2014 \u20b9771k","Mechanical Engineer":"Avg. Salary \u20b9152k \u2014 \u20b9982k","Project Manager, (Unspecified Type \/ General)":"Avg. Salary \u20b9458k \u2014 \u20b92m","Finance Manager":"Avg. Salary \u20b9354k \u2014 \u20b92m","Operations Team Leader":"Avg. Salary \u20b9242k \u2014 \u20b9939k","Executive Assistant":"Avg. Salary \u20b9153k \u2014 \u20b9777k"}}