{"0":{"job_title":"General_Ledger_Accountant","avg_salary":"\u20b9374,024","salary_component":["Base Salary","Bonus","Total Pay"],"Base Salary":"\u20b9194k - \u20b9641k","Bonus":"\u20b97k - \u20b9102k","Total Pay":"\u20b9203k - \u20b9707k","pay_by_experience_percent":["Entry Level","Early Career","Mid Career","Late Career"],"Entry Level":"5%","Early Career":"-22%","Mid Career":"28%","Late Career":"80%","pay_by_experience_years":["1","1-4"],"1":"\u20b9393,054","1-4":"\u20b9291,465","gender_component":["Male","Female"],"Male":"86.7","Female":"13.3","health_benefits_componentt":["Medical","None"],"Medical":"67","None":"33","popular_skills_component":["General Ledger Accounting","Month-End Close","Financial Reporting","Microsoft Excel","Reconciliation"],"General Ledger Accounting":"\u20b9375,870","Month-End Close":"3%","Financial Reporting":"14%","Microsoft Excel":"\u20b9290,000","Reconciliation":"44%","affect_skills_component":["Reconciliation","Fixed Asset Accounting","Financial Reporting","Accounts Payable","Financial Analysis","Month-End Close"],"Fixed Asset Accounting":"24%","Accounts Payable":"7%","Financial Analysis":"7%","career_path_component":[],"location_component":["Hyderabad, Andhra Pradesh","Bangalore, Karnataka","Chennai, Tamil Nadu","Pune, Maharashtra","Mumbai, Maharashtra"],"Hyderabad, Andhra Pradesh":"-11%","Bangalore, Karnataka":"34%","Chennai, Tamil Nadu":"11%","Pune, Maharashtra":"115%","Mumbai, Maharashtra":"2%","employers_component":["Genpact","Accenture","Capgemini"],"Genpact":"Avg. Salary: \u20b9300,000","Accenture":"Avg. Salary: \u20b9575,000","Capgemini":"Avg. Salary: \u20b9375,000","related_job_component":["Accountant","Financial Analyst","Senior Accountant","Finance Manager","Account Executive","Assistant Finance Manager","Senior Financial Analyst","Financial Controller","Civil Engineer"],"Accountant":"Avg. Salary \u20b9123k \u2014 \u20b9507k","Financial Analyst":"Avg. Salary \u20b9220k \u2014 \u20b9995k","Senior Accountant":"Avg. Salary \u20b9243k \u2014 \u20b9764k","Finance Manager":"Avg. Salary \u20b9353k \u2014 \u20b92m","Account Executive":"Avg. Salary \u20b9155k \u2014 \u20b9498k","Assistant Finance Manager":"Avg. Salary \u20b9354k \u2014 \u20b91m","Senior Financial Analyst":"Avg. Salary \u20b9303k \u2014 \u20b91m","Financial Controller":"Avg. Salary \u20b9593k \u2014 \u20b94m","Civil Engineer":"Avg. Salary \u20b9155k \u2014 \u20b9770k"}}