{"0":{"job_title":"Insurance_Underwriter","avg_salary":"\u20b9397,310","salary_component":["Base Salary","Bonus","Profit Sharing","Total Pay"],"Base Salary":"\u20b9217k - \u20b91m","Bonus":"\u20b94k - \u20b9304k","Profit Sharing":"\u20b90 - \u20b96k","Total Pay":"\u20b9243k - \u20b91m","pay_by_experience_percent":["Early Career","Mid Career","Late Career"],"Early Career":"-16%","Mid Career":"38%","Late Career":"172%","pay_by_experience_years":["1-4","5-9"],"1-4":"\u20b9331,827","5-9":"\u20b9550,000","gender_component":["Male","Female"],"Male":"77.3","Female":"22.7","health_benefits_componentt":["Medical","Dental","Vision","None"],"Medical":"90","Dental":"10","Vision":"10","None":"10","popular_skills_component":["Insurance","Customer Service","Data Analysis","Risk Management \/ Risk Control","Microsoft Excel"],"Insurance":"20%","Customer Service":"\u20b9320,000","Data Analysis":"\u20b9379,050","Risk Management \/ Risk Control":"75%","Microsoft Excel":"\u20b9362,253","affect_skills_component":["Risk Management \/ Risk Control","Insurance"],"career_path_component":["Underwriter","Business Analyst, IT"],"location_component":["Mumbai, Maharashtra","Pune, Maharashtra","New Delhi, Delhi","Gurgaon, Haryana","Delhi, Delhi","Bangalore, Karnataka","Chennai, Tamil Nadu","Hyderabad, Andhra Pradesh","Kolkata, West Bengal","Ahmedabad, Gujarat"],"Mumbai, Maharashtra":"1%","Pune, Maharashtra":"2%","New Delhi, Delhi":"6%","Gurgaon, Haryana":"-10%","Delhi, Delhi":"4%","Bangalore, Karnataka":"-18%","Chennai, Tamil Nadu":"-18%","Hyderabad, Andhra Pradesh":"-40%","Kolkata, West Bengal":"94%","Ahmedabad, Gujarat":"161%","employers_component":[],"related_job_component":["Data Analyst","Operations Manager","Civil Engineer","Accountant","Financial Analyst","Senior Business Analyst","Mechanical Engineer","Customer Service Representative (CSR)","Research Analyst"],"Data Analyst":"Avg. Salary \u20b9201k \u2014 \u20b9959k","Operations Manager":"Avg. Salary \u20b9297k \u2014 \u20b92m","Civil Engineer":"Avg. Salary \u20b9154k \u2014 \u20b9771k","Accountant":"Avg. Salary \u20b9123k \u2014 \u20b9507k","Financial Analyst":"Avg. Salary \u20b9220k \u2014 \u20b9994k","Senior Business Analyst":"Avg. Salary \u20b9447k \u2014 \u20b92m","Mechanical Engineer":"Avg. Salary \u20b9152k \u2014 \u20b9983k","Customer Service Representative (CSR)":"Avg. Salary \u20b9148k \u2014 \u20b9454k","Research Analyst":"Avg. Salary \u20b9192k \u2014 \u20b9861k"}}