{"0":{"job_title":"Internal_Auditing_Manager","avg_salary":"\u20b91,025,709","salary_component":["Base Salary","Bonus","Profit Sharing","Total Pay"],"Base Salary":"\u20b9404k - \u20b92m","Bonus":"\u20b930k - \u20b9300k","Profit Sharing":"\u20b93 - \u20b949k","Total Pay":"\u20b9443k - \u20b92m","pay_by_experience_percent":["Entry Level","Early Career","Mid Career","Late Career","Experienced"],"Entry Level":"-47%","Early Career":"-33%","Mid Career":"18%","Late Career":"72%","Experienced":"-15%","pay_by_experience_years":["1","1-4"],"1":"\u20b9543,008","1-4":"\u20b9689,125","gender_component":["Male","Female"],"Male":"82.2","Female":"17.8","health_benefits_componentt":["Medical","Dental","Vision","None"],"Medical":"67","Dental":"3","Vision":"3","None":"33","popular_skills_component":["Internal Audit","Risk Management \/ Risk Control","Auditing","Sarbanes-Oxley (SOX) Compliance Audit","Regulatory Compliance"],"Internal Audit":"6%","Risk Management \/ Risk Control":"33%","Auditing":"\u20b9960,437","Sarbanes-Oxley (SOX) Compliance Audit":"75%","Regulatory Compliance":"12%","affect_skills_component":["Sarbanes-Oxley (SOX) Compliance Audit","Risk Management \/ Risk Control","Regulatory Compliance","Internal Audit"],"career_path_component":["Senior Manager Auditor","Chief Internal Auditor","Internal Audit Director"],"location_component":["Mumbai, Maharashtra","Chennai, Tamil Nadu","Bangalore, Karnataka","Kolkata, West Bengal","Pune, Maharashtra","Ahmedabad, Gujarat","Gurgaon, Haryana","Delhi, Delhi","Hyderabad, Andhra Pradesh","New Delhi, Delhi"],"Mumbai, Maharashtra":"16%","Chennai, Tamil Nadu":"-25%","Bangalore, Karnataka":"37%","Kolkata, West Bengal":"-30%","Pune, Maharashtra":"93%","Ahmedabad, Gujarat":"-47%","Gurgaon, Haryana":"94%","Delhi, Delhi":"31%","Hyderabad, Andhra Pradesh":"-18%","New Delhi, Delhi":"-33%","employers_component":["Crisil"],"Crisil":"Avg. Salary: \u20b91,756,500","related_job_component":["Financial Analyst","Chartered Accountant","Data Analyst","Operations Manager","Credit Manager","Internal Auditor","Senior Financial Analyst","Finance Manager","Senior Business Analyst"],"Financial Analyst":"Avg. Salary \u20b9220k \u2014 \u20b9992k","Chartered Accountant":"Avg. Salary \u20b9413k \u2014 \u20b92m","Data Analyst":"Avg. Salary \u20b9201k \u2014 \u20b9959k","Operations Manager":"Avg. Salary \u20b9297k \u2014 \u20b92m","Credit Manager":"Avg. Salary \u20b9261k \u2014 \u20b91m","Internal Auditor":"Avg. Salary \u20b9200k \u2014 \u20b91m","Senior Financial Analyst":"Avg. Salary \u20b9304k \u2014 \u20b91m","Finance Manager":"Avg. Salary \u20b9354k \u2014 \u20b92m","Senior Business Analyst":"Avg. Salary \u20b9448k \u2014 \u20b92m"}}