{"0":{"job_title":"Internal_Auditor","avg_salary":"\u20b9528,997","salary_component":["Base Salary","Bonus","Profit Sharing","Total Pay"],"Base Salary":"\u20b9200k - \u20b91m","Bonus":"\u20b910k - \u20b9200k","Profit Sharing":"\u20b9552 - \u20b9199k","Total Pay":"\u20b9215k - \u20b91m","pay_by_experience_percent":["Entry Level","Early Career","Mid Career","Late Career","Experienced"],"Entry Level":"-38%","Early Career":"-9%","Mid Career":"42%","Late Career":"52%","Experienced":"37%","pay_by_experience_years":["1","1-4"],"1":"\u20b9328,834","1-4":"\u20b9481,126","gender_component":["Male","Female"],"Male":"78.3","Female":"21.7","health_benefits_componentt":["Medical","Dental","Vision","None"],"Medical":"61","Dental":"6","Vision":"5","None":"39","popular_skills_component":["Internal Audit","Risk Management \/ Risk Control","Microsoft Excel","Auditing","Microsoft Office"],"Internal Audit":"10%","Risk Management \/ Risk Control":"18%","Microsoft Excel":"\u20b9498,091","Auditing":"4%","Microsoft Office":"\u20b9473,708","affect_skills_component":["Sarbanes-Oxley (SOX) Audit, Information Technology (IT)","Sarbanes-Oxley (SOX) Compliance Audit","Financial Compliance","Financial Analysis","Data Analysis","Risk Management \/ Risk Control","Regulatory Compliance","Internal Audit","Windows Operating System General Use","Auditing"],"Sarbanes-Oxley (SOX) Audit, Information Technology (IT)":"141%","Sarbanes-Oxley (SOX) Compliance Audit":"127%","Financial Compliance":"86%","Financial Analysis":"59%","Data Analysis":"24%","Regulatory Compliance":"13%","Windows Operating System General Use":"7%","career_path_component":["Internal Auditing Manager","Auditor","Internal Auditing Supervisor"],"location_component":["Mumbai, Maharashtra","Bangalore, Karnataka","Chennai, Tamil Nadu","New Delhi, Delhi","Hyderabad, Andhra Pradesh","Ahmedabad, Gujarat","Pune, Maharashtra","Delhi, Delhi","Gurgaon, Haryana","Kolkata, West Bengal"],"Mumbai, Maharashtra":"14%","Bangalore, Karnataka":"48%","Chennai, Tamil Nadu":"16%","New Delhi, Delhi":"32%","Hyderabad, Andhra Pradesh":"-8%","Ahmedabad, Gujarat":"-6%","Pune, Maharashtra":"-8%","Delhi, Delhi":"13%","Gurgaon, Haryana":"15%","Kolkata, West Bengal":"80%","employers_component":["EY (Ernst & Young)","Hewlett Packard Enterprise","Aneja Associates","Deloitte","HDFC Bank Pvt Ltd","Protiviti Incorporated","Grant Thornton Llp","Kpmg Consulting"],"EY (Ernst & Young)":"Avg. Salary: \u20b9825,000","Hewlett Packard Enterprise":"Avg. Salary: \u20b91,081,000","Aneja Associates":"Avg. Salary: \u20b9478,545","Deloitte":"Avg. Salary: \u20b9559,000","HDFC Bank Pvt Ltd":"Avg. Salary: \u20b9350,000","Protiviti Incorporated":"Avg. Salary: \u20b9574,409","Grant Thornton Llp":"Avg. Salary: \u20b9300,000","Kpmg Consulting":"Avg. Salary: \u20b9345,000","related_job_component":["Civil Engineer","Mechanical Engineer","Financial Analyst","Data Analyst","Operations Manager","Finance Manager","Accountant","Business Analyst, IT","Project Manager, (Unspecified Type \/ General)"],"Civil Engineer":"Avg. Salary \u20b9154k \u2014 \u20b9771k","Mechanical Engineer":"Avg. Salary \u20b9152k \u2014 \u20b9983k","Financial Analyst":"Avg. Salary \u20b9220k \u2014 \u20b9992k","Data Analyst":"Avg. Salary \u20b9201k \u2014 \u20b9959k","Operations Manager":"Avg. Salary \u20b9297k \u2014 \u20b92m","Finance Manager":"Avg. Salary \u20b9354k \u2014 \u20b92m","Accountant":"Avg. Salary \u20b9123k \u2014 \u20b9507k","Business Analyst, IT":"Avg. Salary \u20b9275k \u2014 \u20b91m","Project Manager, (Unspecified Type \/ General)":"Avg. Salary \u20b9458k \u2014 \u20b92m"}}