{"0":{"job_title":"Investment_Banking_Analyst","avg_salary":"\u20b9507,770","salary_component":["Base Salary","Bonus","Profit Sharing","Total Pay"],"Base Salary":"\u20b9275k - \u20b91m","Bonus":"\u20b95k - \u20b9294k","Profit Sharing":"\u20b915k - \u20b950k","Total Pay":"\u20b9301k - \u20b92m","pay_by_experience_percent":["Entry Level","Early Career","Mid Career"],"Entry Level":"-2%","Early Career":"0%","Mid Career":"16%","pay_by_experience_years":["1"],"1":"\u20b9497,751","gender_component":["Male","Female"],"Male":"63.3","Female":"36.7","health_benefits_componentt":["Medical","Dental","Vision","None"],"Medical":"60","Dental":"4","Vision":"6","None":"40","popular_skills_component":[],"affect_skills_component":[],"career_path_component":[],"location_component":[],"employers_component":["Deutsche Bank"],"Deutsche Bank":"Avg. Salary: \u20b9987,972","related_job_component":["Financial Analyst","Research Analyst","Accountant","Finance Manager","Civil Engineer","Senior Financial Analyst","Mechanical Engineer","Data Analyst","Research Associate (Unspecified Type)"],"Financial Analyst":"Avg. Salary \u20b9220k \u2014 \u20b9994k","Research Analyst":"Avg. Salary \u20b9192k \u2014 \u20b9861k","Accountant":"Avg. Salary \u20b9123k \u2014 \u20b9507k","Finance Manager":"Avg. Salary \u20b9354k \u2014 \u20b92m","Civil Engineer":"Avg. Salary \u20b9154k \u2014 \u20b9771k","Senior Financial Analyst":"Avg. Salary \u20b9303k \u2014 \u20b91m","Mechanical Engineer":"Avg. Salary \u20b9152k \u2014 \u20b9983k","Data Analyst":"Avg. Salary \u20b9200k \u2014 \u20b9960k","Research Associate (Unspecified Type)":"Avg. Salary \u20b9184k \u2014 \u20b9741k"}}