{"0":{"job_title":"Investment_Advisor","avg_salary":"\u20b9375,248","salary_component":["Base Salary","Bonus","Profit Sharing","Commission","Total Pay"],"Base Salary":"\u20b9232k - \u20b91m","Bonus":"\u20b910k - \u20b9306k","Profit Sharing":"\u20b90 - \u20b935k","Commission":"\u20b926k - \u20b9300k","Total Pay":"\u20b9232k - \u20b92m","pay_by_experience_percent":["Entry Level","Early Career","Mid Career","Late Career"],"Entry Level":"-22%","Early Career":"-7%","Mid Career":"80%","Late Career":"60%","pay_by_experience_years":["1","1-4"],"1":"\u20b9291,632","1-4":"\u20b9349,502","gender_component":["Male","Female"],"Male":"86.4","Female":"13.6","health_benefits_componentt":["Medical","Dental","Vision","None"],"Medical":"56","Dental":"8","Vision":"8","None":"44","popular_skills_component":["Financial Advisor","Investment Planning","Investment Management","Sales","Portfolio Management"],"Financial Advisor":"13%","Investment Planning":"9%","Investment Management":"\u20b9350,000","Sales":"7%","Portfolio Management":"\u20b9374,957","affect_skills_component":["Financial Analysis","Customer Relationship Management (CRM)","Financial Advisor","Investment Planning","Sales"],"Financial Analysis":"27%","Customer Relationship Management (CRM)":"20%","career_path_component":[],"location_component":["Mumbai, Maharashtra","Bangalore, Karnataka","Hyderabad, Andhra Pradesh","New Delhi, Delhi","Indore, Madhya Pradesh","Pune, Maharashtra","Ahmedabad, Gujarat"],"Mumbai, Maharashtra":"-3%","Bangalore, Karnataka":"-13%","Hyderabad, Andhra Pradesh":"-32%","New Delhi, Delhi":"3%","Indore, Madhya Pradesh":"27%","Pune, Maharashtra":"96%","Ahmedabad, Gujarat":"260%","employers_component":[],"related_job_component":["Relationship Manager","Business Development Manager","Financial Analyst","Operations Manager","Finance Manager","Chartered Accountant","Marketing Executive","Senior Financial Analyst","Area Sales Manager"],"Relationship Manager":"Avg. Salary \u20b9202k \u2014 \u20b9805k","Business Development Manager":"Avg. Salary \u20b9266k \u2014 \u20b91m","Financial Analyst":"Avg. Salary \u20b9220k \u2014 \u20b9992k","Operations Manager":"Avg. Salary \u20b9297k \u2014 \u20b92m","Finance Manager":"Avg. Salary \u20b9354k \u2014 \u20b92m","Chartered Accountant":"Avg. Salary \u20b9413k \u2014 \u20b92m","Marketing Executive":"Avg. Salary \u20b9150k \u2014 \u20b9562k","Senior Financial Analyst":"Avg. Salary \u20b9304k \u2014 \u20b91m","Area Sales Manager":"Avg. Salary \u20b9299k \u2014 \u20b91m"}}