{"0":{"job_title":"Investment_Analyst","avg_salary":"\u20b9634,699","salary_component":["Base Salary","Bonus","Profit Sharing","Total Pay"],"Base Salary":"\u20b9253k - \u20b92m","Bonus":"\u20b920k - \u20b9795k","Profit Sharing":"\u20b96k - \u20b9325k","Total Pay":"\u20b9292k - \u20b92m","pay_by_experience_percent":["Entry Level","Early Career","Mid Career"],"Entry Level":"-37%","Early Career":"-21%","Mid Career":"95%","pay_by_experience_years":["1","1-4"],"1":"\u20b9400,000","1-4":"\u20b9500,833","gender_component":["Male","Female","Prefer to self-define"],"Male":"73.5","Female":"23.5","Prefer to self-define":"2.9","health_benefits_componentt":["Medical","Dental","Vision","None"],"Medical":"65","Dental":"6","Vision":"4","None":"33","popular_skills_component":["Financial Analysis","Investment Management","Microsoft Excel","Financial Modeling","Research Analysis"],"Financial Analysis":"7%","Investment Management":"40%","Microsoft Excel":"\u20b9440,000","Financial Modeling":"42%","Research Analysis":"\u20b9550,000","affect_skills_component":["Portfolio Management","Performance Analysis","Financial Modeling","Investment Management","Due Diligence","Financial Analysis"],"Portfolio Management":"73%","Performance Analysis":"55%","Due Diligence":"39%","career_path_component":[],"location_component":["Mumbai, Maharashtra","Bangalore, Karnataka","New Delhi, Delhi","Hyderabad, Andhra Pradesh","Pune, Maharashtra"],"Mumbai, Maharashtra":"56%","Bangalore, Karnataka":"-34%","New Delhi, Delhi":"18%","Hyderabad, Andhra Pradesh":"-62%","Pune, Maharashtra":"-37%","employers_component":[],"related_job_component":["Financial Analyst","Accountant","Finance Manager","Research Analyst","Civil Engineer","Senior Financial Analyst","Mechanical Engineer","Data Analyst","Business Analyst, Finance\/Banking"],"Financial Analyst":"Avg. Salary \u20b9220k \u2014 \u20b9994k","Accountant":"Avg. Salary \u20b9123k \u2014 \u20b9507k","Finance Manager":"Avg. Salary \u20b9354k \u2014 \u20b92m","Research Analyst":"Avg. Salary \u20b9192k \u2014 \u20b9861k","Civil Engineer":"Avg. Salary \u20b9154k \u2014 \u20b9771k","Senior Financial Analyst":"Avg. Salary \u20b9303k \u2014 \u20b91m","Mechanical Engineer":"Avg. Salary \u20b9152k \u2014 \u20b9983k","Data Analyst":"Avg. Salary \u20b9201k \u2014 \u20b9959k","Business Analyst, Finance\/Banking":"Avg. Salary \u20b9283k \u2014 \u20b92m"}}