{"0":{"job_title":"Investment_Banker","avg_salary":"\u20b9970,833","salary_component":["Base Salary","Bonus","Profit Sharing","Total Pay"],"Base Salary":"\u20b9252k - \u20b95m","Bonus":"\u20b910k - \u20b91m","Profit Sharing":"\u20b910k - \u20b91m","Total Pay":"\u20b9316k - \u20b97m","pay_by_experience_percent":["Entry Level","Early Career","Mid Career","Late Career"],"Entry Level":"-33%","Early Career":"-7%","Mid Career":"82%","Late Career":"209%","pay_by_experience_years":["1","1-4"],"1":"\u20b9650,000","1-4":"\u20b9904,722","gender_component":["Male","Female"],"Male":"86.7","Female":"13.3","health_benefits_componentt":["Medical","Dental","Vision","None"],"Medical":"61","Dental":"16","Vision":"16","None":"39","popular_skills_component":["Investment Management","Financial Analysis","Banking","Mergers and Acquisitions","Microsoft Excel"],"Investment Management":"13%","Financial Analysis":"32%","Banking":"2%","Mergers and Acquisitions":"75%","Microsoft Excel":"80%","affect_skills_component":["Microsoft Excel","Mergers and Acquisitions","Financial Modeling","Financial Analysis","Investment Management","Banking"],"Financial Modeling":"70%","career_path_component":[],"location_component":["Mumbai, Maharashtra","Bangalore, Karnataka","New Delhi, Delhi","Delhi, Delhi","Pune, Maharashtra","Chennai, Tamil Nadu","Kolkata, West Bengal","Hyderabad, Andhra Pradesh"],"Mumbai, Maharashtra":"82%","Bangalore, Karnataka":"-32%","New Delhi, Delhi":"3%","Delhi, Delhi":"3%","Pune, Maharashtra":"3%","Chennai, Tamil Nadu":"-64%","Kolkata, West Bengal":"3%","Hyderabad, Andhra Pradesh":"-48%","employers_component":["Bank of America Corp. (BOFA)","The Goldman Sachs Group, Inc."],"Bank of America Corp. (BOFA)":"Avg. Salary: \u20b9645,000","The Goldman Sachs Group, Inc.":"Avg. Salary: \u20b94,000,000","related_job_component":["Financial Analyst","Accountant","Finance Manager","Civil Engineer","Senior Financial Analyst","Branch Manager, Banking","Business Analyst, Finance\/Banking","Operations Team Leader","Mechanical Engineer"],"Financial Analyst":"Avg. Salary \u20b9220k \u2014 \u20b9992k","Accountant":"Avg. Salary \u20b9123k \u2014 \u20b9507k","Finance Manager":"Avg. Salary \u20b9354k \u2014 \u20b92m","Civil Engineer":"Avg. Salary \u20b9154k \u2014 \u20b9771k","Senior Financial Analyst":"Avg. Salary \u20b9304k \u2014 \u20b91m","Branch Manager, Banking":"Avg. Salary \u20b9347k \u2014 \u20b91m","Business Analyst, Finance\/Banking":"Avg. Salary \u20b9283k \u2014 \u20b92m","Operations Team Leader":"Avg. Salary \u20b9242k \u2014 \u20b9948k","Mechanical Engineer":"Avg. Salary \u20b9152k \u2014 \u20b9983k"}}