{"0":{"job_title":"Junior_Accountant","avg_salary":"\u20b9182,645","salary_component":["Base Salary","Bonus","Profit Sharing","Commission","Total Pay"],"Base Salary":"\u20b998k - \u20b9307k","Bonus":"\u20b95k - \u20b937k","Profit Sharing":"\u20b9996 - \u20b9198k","Commission":"\u20b90 - \u20b913k","Total Pay":"\u20b998k - \u20b9353k","pay_by_experience_percent":["Entry Level","Early Career","Mid Career","Late Career","Experienced"],"Entry Level":"-15%","Early Career":"-2%","Mid Career":"18%","Late Career":"37%","Experienced":"92%","pay_by_experience_years":["1","1-4"],"1":"\u20b9154,921","1-4":"\u20b9179,586","gender_component":["Male","Female"],"Male":"82.1","Female":"17.9","health_benefits_componentt":["Medical","Dental","Vision","None"],"Medical":"41","Dental":"4","Vision":"4","None":"60","popular_skills_component":["Microsoft Excel","General Ledger Accounting","Bookkeeping","Accounts Payable","Financial Reporting"],"Microsoft Excel":"\u20b9182,265","General Ledger Accounting":"\u20b9183,200","Bookkeeping":"1%","Accounts Payable":"\u20b9180,250","Financial Reporting":"6%","affect_skills_component":["Financial Reporting","Bookkeeping","Accounts Receivable"],"Accounts Receivable":"1%","career_path_component":["Accountant","Account Executive","Senior Accountant"],"location_component":["Mumbai, Maharashtra","Pune, Maharashtra","Kolkata, West Bengal","Bangalore, Karnataka","Ahmedabad, Gujarat","Chennai, Tamil Nadu","Jaipur, Rajasthan","Hyderabad, Andhra Pradesh","Delhi, Delhi","New Delhi, Delhi"],"Mumbai, Maharashtra":"-8%","Pune, Maharashtra":"5%","Kolkata, West Bengal":"-39%","Bangalore, Karnataka":"29%","Ahmedabad, Gujarat":"%","Chennai, Tamil Nadu":"-7%","Jaipur, Rajasthan":"-16%","Hyderabad, Andhra Pradesh":"-1%","Delhi, Delhi":"-28%","New Delhi, Delhi":"18%","employers_component":["Infosys BPO"],"Infosys BPO":"Avg. Salary: \u20b9151,696","related_job_component":["Accountant","Financial Analyst","Civil Engineer","Finance Manager","Account Executive","Mechanical Engineer","Senior Accountant","Accounts Assistant","Operations Manager"],"Accountant":"Avg. Salary \u20b9123k \u2014 \u20b9507k","Financial Analyst":"Avg. Salary \u20b9220k \u2014 \u20b9992k","Civil Engineer":"Avg. Salary \u20b9154k \u2014 \u20b9771k","Finance Manager":"Avg. Salary \u20b9354k \u2014 \u20b92m","Account Executive":"Avg. Salary \u20b9155k \u2014 \u20b9499k","Mechanical Engineer":"Avg. Salary \u20b9152k \u2014 \u20b9983k","Senior Accountant":"Avg. Salary \u20b9242k \u2014 \u20b9770k","Accounts Assistant":"Avg. Salary \u20b9121k \u2014 \u20b9405k","Operations Manager":"Avg. Salary \u20b9297k \u2014 \u20b92m"}}