{"0":{"job_title":"Loan_Officer","avg_salary":"\u20b9255,468","salary_component":["Base Salary","Bonus","Profit Sharing","Commission","Total Pay"],"Base Salary":"\u20b9148k - \u20b9697k","Bonus":"\u20b95k - \u20b9104k","Profit Sharing":"\u20b99 - \u20b9296k","Commission":"\u20b97k - \u20b9203k","Total Pay":"\u20b9164k - \u20b9771k","pay_by_experience_percent":["Entry Level","Early Career","Mid Career","Late Career"],"Entry Level":"-23%","Early Career":"-7%","Mid Career":"64%","Late Career":"53%","pay_by_experience_years":["1","1-4"],"1":"\u20b9197,592","1-4":"\u20b9238,492","gender_component":["Male","Female"],"Male":"84.3","Female":"15.7","health_benefits_componentt":["Medical","Dental","Vision","None"],"Medical":"61","Dental":"12","Vision":"10","None":"39","popular_skills_component":["Loan Processing","Consumer Loans","Mortgage Loans","Customer Service","Financial Analysis"],"Loan Processing":"39%","Consumer Loans":"13%","Mortgage Loans":"19%","Customer Service":"16%","Financial Analysis":"49%","affect_skills_component":["Banking","Credit Control","Financial Analysis","Loan Underwriting","Loan Processing","Mortgage Loans","Customer Service","Consumer Loans","Customer Relationship Management (CRM)","Commercial Loans"],"Banking":"145%","Credit Control":"135%","Loan Underwriting":"41%","Customer Relationship Management (CRM)":"8%","Commercial Loans":"6%","career_path_component":["Relationship Manager","Branch Manager, Banking","Credit Manager"],"location_component":["Mumbai, Maharashtra","Bangalore, Karnataka","Pune, Maharashtra","Chennai, Tamil Nadu","Jaipur, Rajasthan","New Delhi, Delhi","Kolkata, West Bengal","Delhi, Delhi","Lucknow, Uttar Pradesh","Nagpur, Maharashtra"],"Mumbai, Maharashtra":"16%","Bangalore, Karnataka":"61%","Pune, Maharashtra":"60%","Chennai, Tamil Nadu":"22%","Jaipur, Rajasthan":"3%","New Delhi, Delhi":"57%","Kolkata, West Bengal":"-18%","Delhi, Delhi":"13%","Lucknow, Uttar Pradesh":"-15%","Nagpur, Maharashtra":"-42%","employers_component":["HDFC Bank Pvt Ltd","State Bank of India","HDB Financial Services Ltd","IDBI Bank Ltd."],"HDFC Bank Pvt Ltd":"Avg. Salary: \u20b9200,250","State Bank of India":"Avg. Salary: \u20b9610,419","HDB Financial Services Ltd":"Avg. Salary: \u20b9147,395","IDBI Bank Ltd.":"Avg. Salary: \u20b9800,000","related_job_component":["Credit Manager","Relationship Manager","Branch Manager, Banking","Operations Manager","Customer Service Representative (CSR)","Financial Analyst","Assistant Branch Manager, Banking","Assistant Manager, Customer Service","Credit Analyst"],"Credit Manager":"Avg. Salary \u20b9261k \u2014 \u20b91m","Relationship Manager":"Avg. Salary \u20b9202k \u2014 \u20b9805k","Branch Manager, Banking":"Avg. Salary \u20b9347k \u2014 \u20b91m","Operations Manager":"Avg. Salary \u20b9297k \u2014 \u20b92m","Customer Service Representative (CSR)":"Avg. Salary \u20b9148k \u2014 \u20b9454k","Financial Analyst":"Avg. Salary \u20b9220k \u2014 \u20b9992k","Assistant Branch Manager, Banking":"Avg. Salary \u20b9245k \u2014 \u20b9844k","Assistant Manager, Customer Service":"Avg. Salary \u20b9253k \u2014 \u20b9955k","Credit Analyst":"Avg. Salary \u20b9210k \u2014 \u20b91m"}}