{"0":{"job_title":"Manager%2C_Financial_Planning_%26_Analysis","avg_salary":"\u20b91,478,674","salary_component":["Base Salary","Bonus","Profit Sharing","Total Pay"],"Base Salary":"\u20b9740k - \u20b92m","Bonus":"\u20b977k - \u20b9392k","Profit Sharing":"\u20b90 - \u20b9360k","Total Pay":"\u20b9778k - \u20b93m","pay_by_experience_percent":["Early Career","Mid Career","Late Career"],"Early Career":"-27%","Mid Career":"-1%","Late Career":"15%","pay_by_experience_years":["1-4"],"1-4":"\u20b91,080,899","gender_component":["Male","Female"],"Male":"77.3","Female":"22.7","health_benefits_componentt":["Medical","Dental","Vision","None"],"Medical":"80","Dental":"10","Vision":"10","None":"20","popular_skills_component":["Financial Analysis","Budgeting","Financial Reporting","Microsoft Excel","Strategic Planning"],"Financial Analysis":"3%","Budgeting":"\u20b91,375,000","Financial Reporting":"7%","Microsoft Excel":"\u20b9900,000","Strategic Planning":"22%","affect_skills_component":["Strategic Planning","Data Analysis","Financial Reporting","Financial Modeling","Financial Analysis"],"Data Analysis":"22%","Financial Modeling":"5%","career_path_component":[],"location_component":["Mumbai, Maharashtra","Bangalore, Karnataka","Chennai, Tamil Nadu","Gurgaon, Haryana","Hyderabad, Andhra Pradesh","Delhi, Delhi"],"Mumbai, Maharashtra":"-17%","Bangalore, Karnataka":"11%","Chennai, Tamil Nadu":"-36%","Gurgaon, Haryana":"5%","Hyderabad, Andhra Pradesh":"-24%","Delhi, Delhi":"-19%","employers_component":["Vodafone"],"Vodafone":"Avg. Salary: \u20b9902,657","related_job_component":["Financial Analyst","Finance Manager","Accountant","Data Analyst","Senior Financial Analyst","Assistant Finance Manager","Civil Engineer","Research Analyst","Financial Controller"],"Financial Analyst":"Avg. Salary \u20b9220k \u2014 \u20b9994k","Finance Manager":"Avg. Salary \u20b9354k \u2014 \u20b92m","Accountant":"Avg. Salary \u20b9123k \u2014 \u20b9507k","Data Analyst":"Avg. Salary \u20b9201k \u2014 \u20b9960k","Senior Financial Analyst":"Avg. Salary \u20b9303k \u2014 \u20b91m","Assistant Finance Manager":"Avg. Salary \u20b9350k \u2014 \u20b91m","Civil Engineer":"Avg. Salary \u20b9154k \u2014 \u20b9771k","Research Analyst":"Avg. Salary \u20b9192k \u2014 \u20b9861k","Financial Controller":"Avg. Salary \u20b9603k \u2014 \u20b94m"}}