{"0":{"job_title":"Management_Accountant","avg_salary":"\u20b9492,634","salary_component":["Base Salary","Bonus","Profit Sharing","Commission","Total Pay"],"Base Salary":"\u20b9163k - \u20b92m","Bonus":"\u20b910k - \u20b9300k","Profit Sharing":"\u20b92k - \u20b923k","Commission":"\u20b90 - \u20b915k","Total Pay":"\u20b9194k - \u20b92m","pay_by_experience_percent":["Entry Level","Early Career","Mid Career","Late Career","Experienced"],"Entry Level":"-33%","Early Career":"-29%","Mid Career":"93%","Late Career":"144%","Experienced":"235%","pay_by_experience_years":["1","1-4"],"1":"\u20b9330,000","1-4":"\u20b9350,000","gender_component":["Male","Female"],"Male":"95.7","Female":"4.3","health_benefits_componentt":["Medical","Dental","Vision","None"],"Medical":"52","Dental":"6","Vision":"6","None":"48","popular_skills_component":["Financial Reporting","Budgeting","Month-End Close","Microsoft Excel","Financial Analysis"],"Financial Reporting":"43%","Budgeting":"93%","Month-End Close":"35%","Microsoft Excel":"\u20b9250,416","Financial Analysis":"144%","affect_skills_component":["Forecasting","Financial Analysis","Budgeting","Financial Reporting","Month-End Close"],"Forecasting":"164%","career_path_component":["Financial Controller","Cost Accountant","Finance Manager"],"location_component":["Mumbai, Maharashtra","Hyderabad, Andhra Pradesh","Pune, Maharashtra","Chennai, Tamil Nadu","Bangalore, Karnataka","Kolkata, West Bengal","Ahmedabad, Gujarat"],"Mumbai, Maharashtra":"123%","Hyderabad, Andhra Pradesh":"22%","Pune, Maharashtra":"4%","Chennai, Tamil Nadu":"1%","Bangalore, Karnataka":"-19%","Kolkata, West Bengal":"-29%","Ahmedabad, Gujarat":"-30%","employers_component":[],"related_job_component":["Financial Analyst","Finance Manager","Accountant","Senior Financial Analyst","Civil Engineer","Assistant Finance Manager","Financial Controller","Chartered Accountant","Senior Accountant"],"Financial Analyst":"Avg. Salary \u20b9220k \u2014 \u20b9994k","Finance Manager":"Avg. Salary \u20b9354k \u2014 \u20b92m","Accountant":"Avg. Salary \u20b9123k \u2014 \u20b9507k","Senior Financial Analyst":"Avg. Salary \u20b9303k \u2014 \u20b91m","Civil Engineer":"Avg. Salary \u20b9154k \u2014 \u20b9771k","Assistant Finance Manager":"Avg. Salary \u20b9350k \u2014 \u20b91m","Financial Controller":"Avg. Salary \u20b9605k \u2014 \u20b94m","Chartered Accountant":"Avg. Salary \u20b9412k \u2014 \u20b92m","Senior Accountant":"Avg. Salary \u20b9243k \u2014 \u20b9767k"}}