{"0":{"job_title":"Portfolio_Manager","avg_salary":"\u20b91,047,358","salary_component":["Base Salary","Bonus","Profit Sharing","Commission","Total Pay"],"Base Salary":"\u20b9313k - \u20b93m","Bonus":"\u20b920k - \u20b9512k","Profit Sharing":"\u20b914 - \u20b9970k","Commission":"\u20b90 - \u20b9220k","Total Pay":"\u20b9342k - \u20b93m","pay_by_experience_percent":["Entry Level","Early Career","Mid Career","Late Career","Experienced"],"Entry Level":"-36%","Early Career":"-51%","Mid Career":"3%","Late Career":"131%","Experienced":"167%","pay_by_experience_years":["1","1-4"],"1":"\u20b9675,000","1-4":"\u20b9508,682","gender_component":["Male","Female"],"Male":"92.3","Female":"7.7","health_benefits_componentt":["Medical","Dental","Vision","None"],"Medical":"75","Dental":"10","Vision":"7","None":"25","popular_skills_component":[],"affect_skills_component":[],"career_path_component":[],"location_component":[],"employers_component":["Capgemini"],"Capgemini":"Avg. Salary: \u20b92,900,000","related_job_component":["Financial Analyst","Accountant","Civil Engineer","Project Manager, (Unspecified Type \/ General)","Finance Manager","Senior Financial Analyst","Credit Manager","Mechanical Engineer","Data Analyst"],"Financial Analyst":"Avg. Salary \u20b9220k \u2014 \u20b9992k","Accountant":"Avg. Salary \u20b9123k \u2014 \u20b9507k","Civil Engineer":"Avg. Salary \u20b9154k \u2014 \u20b9771k","Project Manager, (Unspecified Type \/ General)":"Avg. Salary \u20b9458k \u2014 \u20b92m","Finance Manager":"Avg. Salary \u20b9354k \u2014 \u20b92m","Senior Financial Analyst":"Avg. Salary \u20b9304k \u2014 \u20b91m","Credit Manager":"Avg. Salary \u20b9261k \u2014 \u20b91m","Mechanical Engineer":"Avg. Salary \u20b9152k \u2014 \u20b9983k","Data Analyst":"Avg. Salary \u20b9201k \u2014 \u20b9959k"}}