{"0":{"job_title":"Quantitative_Analyst","avg_salary":"\u20b9967,725","salary_component":["Base Salary","Bonus","Profit Sharing","Total Pay"],"Base Salary":"\u20b9498k - \u20b92m","Bonus":"\u20b920k - \u20b9498k","Profit Sharing":"\u20b99k - \u20b9102k","Total Pay":"\u20b9515k - \u20b92m","pay_by_experience_percent":["Entry Level","Early Career","Mid Career"],"Entry Level":"-28%","Early Career":"-10%","Mid Career":"6%","pay_by_experience_years":["1","1-4"],"1":"\u20b9700,000","1-4":"\u20b9873,533","gender_component":["Male","Female"],"Male":"92.0","Female":"8.0","health_benefits_componentt":["Medical","Dental","Vision","None"],"Medical":"72","Dental":"12","Vision":"9","None":"28","popular_skills_component":["Financial Modeling","Python","Statistical Analysis","Data Analysis","Machine Learning"],"Financial Modeling":"2%","Python":"6%","Statistical Analysis":"\u20b9929,032","Data Analysis":"1%","Machine Learning":"\u20b9756,000","affect_skills_component":["Matlab","Python","Financial Modeling","Data Analysis"],"Matlab":"64%","career_path_component":[],"location_component":["Mumbai, Maharashtra","Pune, Maharashtra","Bangalore, Karnataka"],"Mumbai, Maharashtra":"5%","Pune, Maharashtra":"-15%","Bangalore, Karnataka":"-7%","employers_component":["Crisil"],"Crisil":"Avg. Salary: \u20b9922,025","related_job_component":["Data Analyst","Data Scientist","Software Engineer","Senior Software Engineer","Senior Business Analyst","Software Developer","Financial Analyst","Senior Data Analyst","Business Analyst, IT"],"Data Analyst":"Avg. Salary \u20b9200k \u2014 \u20b9938k","Data Scientist":"Avg. Salary \u20b9343k \u2014 \u20b92m","Software Engineer":"Avg. Salary \u20b9259k \u2014 \u20b91m","Senior Software Engineer":"Avg. Salary \u20b9486k \u2014 \u20b92m","Senior Business Analyst":"Avg. Salary \u20b9442k \u2014 \u20b92m","Software Developer":"Avg. Salary \u20b9211k \u2014 \u20b91m","Financial Analyst":"Avg. Salary \u20b9219k \u2014 \u20b9999k","Senior Data Analyst":"Avg. Salary \u20b9315k \u2014 \u20b91m","Business Analyst, IT":"Avg. Salary \u20b9278k \u2014 \u20b91m"}}