{"0":{"job_title":"Risk_Management_Manager","avg_salary":"\u20b9863,955","salary_component":["Base Salary","Bonus","Profit Sharing","Total Pay"],"Base Salary":"\u20b9306k - \u20b92m","Bonus":"\u20b926k - \u20b9339k","Profit Sharing":"\u20b90 - \u20b9208k","Total Pay":"\u20b9344k - \u20b92m","pay_by_experience_percent":["Entry Level","Early Career","Mid Career","Late Career"],"Entry Level":"-64%","Early Career":"-21%","Mid Career":"19%","Late Career":"53%","pay_by_experience_years":["1","1-4"],"1":"\u20b9307,226","1-4":"\u20b9684,000","gender_component":["Male","Female"],"Male":"66.7","Female":"33.3","health_benefits_componentt":["Medical","Dental","Vision","None"],"Medical":"78","Dental":"7","Vision":"7","None":"22","popular_skills_component":["Risk Management \/ Risk Control","Regulatory Compliance","Microsoft Office","Project Management"],"Risk Management \/ Risk Control":"5%","Regulatory Compliance":"16%","Microsoft Office":"\u20b9860,000","Project Management":"98%","affect_skills_component":["Project Management","Regulatory Compliance","Risk Management \/ Risk Control"],"career_path_component":["Senior Manager Auditor"],"location_component":["Mumbai, Maharashtra","Bangalore, Karnataka","Pune, Maharashtra","Chennai, Tamil Nadu","Hyderabad, Andhra Pradesh","Gurgaon, Haryana"],"Mumbai, Maharashtra":"4%","Bangalore, Karnataka":"42%","Pune, Maharashtra":"103%","Chennai, Tamil Nadu":"15%","Hyderabad, Andhra Pradesh":"-30%","Gurgaon, Haryana":"-21%","employers_component":[],"related_job_component":["Project Manager, (Unspecified Type \/ General)","Civil Engineer","Mechanical Engineer","Project Manager, Information Technology (IT)","Operations Manager","Project Engineer","Electrical Engineer","Business Analyst, IT","Project Manager, Construction"],"Project Manager, (Unspecified Type \/ General)":"Avg. Salary \u20b9458k \u2014 \u20b92m","Civil Engineer":"Avg. Salary \u20b9154k \u2014 \u20b9771k","Mechanical Engineer":"Avg. Salary \u20b9152k \u2014 \u20b9983k","Project Manager, Information Technology (IT)":"Avg. Salary \u20b9540k \u2014 \u20b92m","Operations Manager":"Avg. Salary \u20b9297k \u2014 \u20b92m","Project Engineer":"Avg. Salary \u20b9198k \u2014 \u20b9843k","Electrical Engineer":"Avg. Salary \u20b9174k \u2014 \u20b9995k","Business Analyst, IT":"Avg. Salary \u20b9275k \u2014 \u20b91m","Project Manager, Construction":"Avg. Salary \u20b9392k \u2014 \u20b92m"}}