{"0":{"job_title":"Risk_Analyst","avg_salary":"\u20b9518,662","salary_component":["Base Salary","Bonus","Profit Sharing","Total Pay"],"Base Salary":"\u20b9282k - \u20b91m","Bonus":"\u20b918k - \u20b9196k","Profit Sharing":"\u20b92k - \u20b9333k","Total Pay":"\u20b9288k - \u20b91m","pay_by_experience_percent":["Entry Level","Early Career","Mid Career","Late Career"],"Entry Level":"-26%","Early Career":"-3%","Mid Career":"53%","Late Career":"131%","pay_by_experience_years":["1","1-4"],"1":"\u20b9384,302","1-4":"\u20b9501,468","gender_component":["Male","Female","Prefer to self-define"],"Male":"64.4","Female":"34.9","Prefer to self-define":"0.7","health_benefits_componentt":["Medical","Dental","Vision","None"],"Medical":"78","Dental":"14","Vision":"11","None":"21","popular_skills_component":["Risk Management \/ Risk Control","Microsoft Excel","Data Analysis","Microsoft Office","Financial Analysis"],"Risk Management \/ Risk Control":"5%","Microsoft Excel":"\u20b9541,600","Data Analysis":"15%","Microsoft Office":"\u20b9429,713","Financial Analysis":"20%","affect_skills_component":["Financial Modeling","VBA","SAS (Statistical Analysis System)","Internal Audit","Python","SQL","Financial Analysis","Data Analysis","Regulatory Compliance","Risk Management \/ Risk Control"],"Financial Modeling":"74%","VBA":"59%","SAS (Statistical Analysis System)":"52%","Internal Audit":"35%","Python":"27%","SQL":"26%","Regulatory Compliance":"9%","career_path_component":["Senior Data Analyst","Senior Risk Manager","Business Analyst, Finance\/Banking"],"location_component":["Mumbai, Maharashtra","Bangalore, Karnataka","Hyderabad, Andhra Pradesh","Chennai, Tamil Nadu","Gurgaon, Haryana","Pune, Maharashtra","New Delhi, Delhi","Noida, Uttar Pradesh","Delhi, Delhi","Gurgaon, Delhi"],"Mumbai, Maharashtra":"33%","Bangalore, Karnataka":"-7%","Hyderabad, Andhra Pradesh":"-14%","Chennai, Tamil Nadu":"6%","Gurgaon, Haryana":"-6%","Pune, Maharashtra":"63%","New Delhi, Delhi":"-25%","Noida, Uttar Pradesh":"-4%","Delhi, Delhi":"-14%","Gurgaon, Delhi":"-53%","employers_component":["EY (Ernst & Young)","Amazon.com Inc","Credit Suisse","J.P. Morgan Chase & Co. (JPMCC)","Kpmg Consulting","Franklin Templeton Investments","Paypal, Inc.","Swiss Re"],"EY (Ernst & Young)":"Avg. Salary: \u20b9442,992","Amazon.com Inc":"Avg. Salary: \u20b9391,861","Credit Suisse":"Avg. Salary: \u20b9950,000","J.P. Morgan Chase & Co. (JPMCC)":"Avg. Salary: \u20b9700,000","Kpmg Consulting":"Avg. Salary: \u20b9280,000","Franklin Templeton Investments":"Avg. Salary: \u20b91,298,143","Paypal, Inc.":"Avg. Salary: \u20b9900,000","Swiss Re":"Avg. Salary: \u20b91,151,719","related_job_component":["Data Analyst","Software Engineer","Financial Analyst","Senior Software Engineer","Civil Engineer","Mechanical Engineer","Accountant","Business Analyst, IT","Senior Business Analyst"],"Data Analyst":"Avg. Salary \u20b9201k \u2014 \u20b9959k","Software Engineer":"Avg. Salary \u20b9262k \u2014 \u20b91m","Financial Analyst":"Avg. Salary \u20b9220k \u2014 \u20b9992k","Senior Software Engineer":"Avg. Salary \u20b9493k \u2014 \u20b92m","Civil Engineer":"Avg. Salary \u20b9154k \u2014 \u20b9771k","Mechanical Engineer":"Avg. Salary \u20b9152k \u2014 \u20b9983k","Accountant":"Avg. Salary \u20b9123k \u2014 \u20b9507k","Business Analyst, IT":"Avg. Salary \u20b9275k \u2014 \u20b91m","Senior Business Analyst":"Avg. Salary \u20b9448k \u2014 \u20b92m"}}