{"0":{"job_title":"Risk_Management_Analyst","avg_salary":"\u20b9608,209","salary_component":["Base Salary","Bonus","Profit Sharing","Total Pay"],"Base Salary":"\u20b9304k - \u20b92m","Bonus":"\u20b920k - \u20b9410k","Profit Sharing":"\u20b90 - \u20b9127k","Total Pay":"\u20b9318k - \u20b92m","pay_by_experience_percent":["Entry Level","Early Career","Mid Career","Late Career"],"Entry Level":"-18%","Early Career":"-18%","Mid Career":"63%","Late Career":"159%","pay_by_experience_years":["1","1-4"],"1":"\u20b9500,000","1-4":"\u20b9500,000","gender_component":["Male","Female"],"Male":"72.0","Female":"28.0","health_benefits_componentt":["Medical","Dental","Vision","None"],"Medical":"92","Dental":"6","Vision":"3","None":"8","popular_skills_component":["Risk Management \/ Risk Control","Microsoft Excel","Data Analysis","Microsoft Office"],"Risk Management \/ Risk Control":"15%","Microsoft Excel":"\u20b9589,831","Data Analysis":"13%","Microsoft Office":"\u20b9336,000","affect_skills_component":["Risk Management \/ Risk Control","Data Analysis"],"career_path_component":[],"location_component":["Mumbai, Maharashtra","Bangalore, Karnataka","Pune, Maharashtra","Chennai, Tamil Nadu","Hyderabad, Andhra Pradesh"],"Mumbai, Maharashtra":"32%","Bangalore, Karnataka":"-24%","Pune, Maharashtra":"78%","Chennai, Tamil Nadu":"-18%","Hyderabad, Andhra Pradesh":"-41%","employers_component":[],"related_job_component":["Data Analyst","Civil Engineer","Mechanical Engineer","Accountant","Financial Analyst","Operations Manager","Business Analyst, IT","Senior Business Analyst","Computer Operator"],"Data Analyst":"Avg. Salary \u20b9201k \u2014 \u20b9959k","Civil Engineer":"Avg. Salary \u20b9154k \u2014 \u20b9771k","Mechanical Engineer":"Avg. Salary \u20b9152k \u2014 \u20b9983k","Accountant":"Avg. Salary \u20b9123k \u2014 \u20b9507k","Financial Analyst":"Avg. Salary \u20b9220k \u2014 \u20b9992k","Operations Manager":"Avg. Salary \u20b9297k \u2014 \u20b92m","Business Analyst, IT":"Avg. Salary \u20b9275k \u2014 \u20b91m","Senior Business Analyst":"Avg. Salary \u20b9448k \u2014 \u20b92m","Computer Operator":"Avg. Salary \u20b999k \u2014 \u20b9405k"}}