{"0":{"job_title":"Risk_Management_Consultant","avg_salary":"\u20b9843,835","salary_component":["Base Salary","Bonus","Profit Sharing","Total Pay"],"Base Salary":"\u20b9512k - \u20b92m","Bonus":"\u20b949k - \u20b9299k","Profit Sharing":"\u20b90 - \u20b9125k","Total Pay":"\u20b9541k - \u20b92m","pay_by_experience_percent":["Entry Level","Early Career","Mid Career","Late Career"],"Entry Level":"-34%","Early Career":"-10%","Mid Career":"37%","Late Career":"113%","pay_by_experience_years":["1","1-4"],"1":"\u20b9558,587","1-4":"\u20b9757,818","gender_component":["Male","Female"],"Male":"83.7","Female":"16.3","health_benefits_componentt":["Medical","Dental","Vision","None"],"Medical":"85","Dental":"7","Vision":"6","None":"15","popular_skills_component":["Risk Management \/ Risk Control","Risk Consulting","Internal Audit","Regulatory Compliance","Data Analysis"],"Risk Management \/ Risk Control":"\u20b9833,777","Risk Consulting":"5%","Internal Audit":"\u20b9700,000","Regulatory Compliance":"3%","Data Analysis":"19%","affect_skills_component":["Project Management","Data Analysis","Risk Consulting","Regulatory Compliance"],"Project Management":"24%","career_path_component":["Risk Manager"],"location_component":["Bangalore, Karnataka","Mumbai, Maharashtra","Hyderabad, Andhra Pradesh","Gurgaon, Haryana","Pune, Maharashtra","Chennai, Tamil Nadu","Delhi, Delhi","New Delhi, Delhi"],"Bangalore, Karnataka":"-4%","Mumbai, Maharashtra":"2%","Hyderabad, Andhra Pradesh":"45%","Gurgaon, Haryana":"4%","Pune, Maharashtra":"1%","Chennai, Tamil Nadu":"-2%","Delhi, Delhi":"-22%","New Delhi, Delhi":"19%","employers_component":["EY (Ernst & Young)","Deloitte & Touche LLP","Kpmg Consulting"],"EY (Ernst & Young)":"Avg. Salary: \u20b9884,372","Deloitte & Touche LLP":"Avg. Salary: \u20b9533,037","Kpmg Consulting":"Avg. Salary: \u20b9880,000","related_job_component":["Project Manager, (Unspecified Type \/ General)","Data Analyst","Operations Manager","Civil Engineer","Project Manager, Information Technology (IT)","Senior Business Analyst","Project Engineer","Business Analyst, IT","Internal Auditor"],"Project Manager, (Unspecified Type \/ General)":"Avg. Salary \u20b9458k \u2014 \u20b92m","Data Analyst":"Avg. Salary \u20b9200k \u2014 \u20b9960k","Operations Manager":"Avg. Salary \u20b9297k \u2014 \u20b92m","Civil Engineer":"Avg. Salary \u20b9154k \u2014 \u20b9771k","Project Manager, Information Technology (IT)":"Avg. Salary \u20b9540k \u2014 \u20b92m","Senior Business Analyst":"Avg. Salary \u20b9450k \u2014 \u20b92m","Project Engineer":"Avg. Salary \u20b9198k \u2014 \u20b9843k","Business Analyst, IT":"Avg. Salary \u20b9275k \u2014 \u20b91m","Internal Auditor":"Avg. Salary \u20b9202k \u2014 \u20b91m"}}