{"0":{"job_title":"Risk_Manager","avg_salary":"\u20b91,004,481","salary_component":["Base Salary","Bonus","Profit Sharing","Total Pay"],"Base Salary":"\u20b9319k - \u20b92m","Bonus":"\u20b930k - \u20b9307k","Profit Sharing":"\u20b910k - \u20b9824k","Total Pay":"\u20b9366k - \u20b92m","pay_by_experience_percent":["Entry Level","Early Career","Mid Career","Late Career","Experienced"],"Entry Level":"-37%","Early Career":"-19%","Mid Career":"11%","Late Career":"42%","Experienced":"48%","pay_by_experience_years":["1","1-4"],"1":"\u20b9634,015","1-4":"\u20b9809,409","gender_component":["Male","Female"],"Male":"81.2","Female":"18.8","health_benefits_componentt":["Medical","Dental","Vision","None"],"Medical":"86","Dental":"9","Vision":"9","None":"13","popular_skills_component":["Risk Management \/ Risk Control","Regulatory Compliance","Data Analysis","Internal Audit","Project Management"],"Risk Management \/ Risk Control":"5%","Regulatory Compliance":"28%","Data Analysis":"\u20b9950,000","Internal Audit":"\u20b9927,500","Project Management":"38%","affect_skills_component":["Fraud Investigation","SAS","Project Management","Regulatory Compliance","Risk Consulting","Risk Management \/ Risk Control"],"Fraud Investigation":"44%","SAS":"40%","Risk Consulting":"12%","career_path_component":["Credit Manager","Risk Management Analyst","Senior Risk Manager"],"location_component":["Mumbai, Maharashtra","Bangalore, Karnataka","Chennai, Tamil Nadu","Pune, Maharashtra","Hyderabad, Andhra Pradesh","Gurgaon, Haryana","New Delhi, Delhi","Delhi, Delhi","Kolkata, West Bengal"],"Mumbai, Maharashtra":"%","Bangalore, Karnataka":"55%","Chennai, Tamil Nadu":"-4%","Pune, Maharashtra":"10%","Hyderabad, Andhra Pradesh":"19%","Gurgaon, Haryana":"%","New Delhi, Delhi":"17%","Delhi, Delhi":"-19%","Kolkata, West Bengal":"-15%","employers_component":["J.P. Morgan Chase & Co. (JPMCC)","Amazon.com Inc","HSBC","ICICI Bbank Ltd."],"J.P. Morgan Chase & Co. (JPMCC)":"Avg. Salary: \u20b92,173,000","Amazon.com Inc":"Avg. Salary: \u20b91,000,000","HSBC":"Avg. Salary: \u20b91,673,500","ICICI Bbank Ltd.":"Avg. Salary: \u20b9843,500","related_job_component":["Data Analyst","Project Manager, (Unspecified Type \/ General)","Civil Engineer","Financial Analyst","Mechanical Engineer","Senior Business Analyst","Operations Manager","Business Analyst, IT","Accountant"],"Data Analyst":"Avg. Salary \u20b9201k \u2014 \u20b9959k","Project Manager, (Unspecified Type \/ General)":"Avg. Salary \u20b9458k \u2014 \u20b92m","Civil Engineer":"Avg. Salary \u20b9154k \u2014 \u20b9771k","Financial Analyst":"Avg. Salary \u20b9220k \u2014 \u20b9992k","Mechanical Engineer":"Avg. Salary \u20b9152k \u2014 \u20b9983k","Senior Business Analyst":"Avg. Salary \u20b9448k \u2014 \u20b92m","Operations Manager":"Avg. Salary \u20b9297k \u2014 \u20b92m","Business Analyst, IT":"Avg. Salary \u20b9275k \u2014 \u20b91m","Accountant":"Avg. Salary \u20b9123k \u2014 \u20b9507k"}}