{"0":{"job_title":"Senior_Manager_Accountant","avg_salary":"\u20b91,572,299","salary_component":["Base Salary","Bonus","Total Pay"],"Base Salary":"\u20b9698k - \u20b93m","Bonus":"\u20b949k - \u20b9401k","Total Pay":"\u20b9705k - \u20b93m","pay_by_experience_percent":["Early Career","Mid Career","Late Career","Experienced"],"Early Career":"-67%","Mid Career":"13%","Late Career":"2%","Experienced":"5%","pay_by_experience_years":["1-4","5-9"],"1-4":"\u20b9525,000","5-9":"\u20b91,779,653","gender_component":["Male","Female"],"Male":"92.3","Female":"7.7","health_benefits_componentt":["Medical","Dental","Vision","None"],"Medical":"80","Dental":"8","Vision":"8","None":"20","popular_skills_component":["Accounting","Financial Reporting","Microsoft Excel","Project Management","Microsoft Office"],"Accounting":"13%","Financial Reporting":"12%","Microsoft Excel":"12%","Project Management":"\u20b91,075,000","Microsoft Office":"\u20b91,500,000","affect_skills_component":["Forecasting","Microsoft Word","Accounting","Financial Reporting","Microsoft Excel","Accounts Payable"],"Forecasting":"44%","Microsoft Word":"14%","Accounts Payable":"12%","career_path_component":["Financial Controller","Finance Manager"],"location_component":["Mumbai, Maharashtra","Pune, Maharashtra","Bangalore, Karnataka","Gurgaon, Haryana","Chennai, Tamil Nadu","Hyderabad, Andhra Pradesh","Delhi, Delhi","New Delhi, Delhi","Gurgaon, Delhi","Noida, Uttar Pradesh"],"Mumbai, Maharashtra":"1%","Pune, Maharashtra":"33%","Bangalore, Karnataka":"27%","Gurgaon, Haryana":"5%","Chennai, Tamil Nadu":"-5%","Hyderabad, Andhra Pradesh":"-36%","Delhi, Delhi":"-36%","New Delhi, Delhi":"18%","Gurgaon, Delhi":"14%","Noida, Uttar Pradesh":"-25%","employers_component":["Godrej and Boyce","Standard Chartered Bank"],"Godrej and Boyce":"Avg. Salary: \u20b91,350,000","Standard Chartered Bank":"Avg. Salary: \u20b91,980,000","related_job_component":["Accountant","Civil Engineer","Mechanical Engineer","Project Manager, (Unspecified Type \/ General)","Financial Analyst","Finance Manager","Operations Manager","Electrical Engineer","Project Engineer"],"Accountant":"Avg. Salary \u20b9123k \u2014 \u20b9507k","Civil Engineer":"Avg. Salary \u20b9154k \u2014 \u20b9771k","Mechanical Engineer":"Avg. Salary \u20b9152k \u2014 \u20b9983k","Project Manager, (Unspecified Type \/ General)":"Avg. Salary \u20b9456k \u2014 \u20b92m","Financial Analyst":"Avg. Salary \u20b9220k \u2014 \u20b9994k","Finance Manager":"Avg. Salary \u20b9354k \u2014 \u20b92m","Operations Manager":"Avg. Salary \u20b9297k \u2014 \u20b92m","Electrical Engineer":"Avg. Salary \u20b9174k \u2014 \u20b9995k","Project Engineer":"Avg. Salary \u20b9198k \u2014 \u20b9849k"}}