{"0":{"job_title":"Senior_Audit_Associate","avg_salary":"\u20b9647,088","salary_component":["Base Salary","Bonus","Total Pay"],"Base Salary":"\u20b9383k - \u20b91m","Bonus":"\u20b915k - \u20b9170k","Total Pay":"\u20b9386k - \u20b91m","pay_by_experience_percent":["Early Career","Mid Career"],"Early Career":"0%","Mid Career":"-11%","pay_by_experience_years":["1-4","5-9"],"1-4":"\u20b9647,088","5-9":"\u20b9573,913","gender_component":["Male","Female"],"Male":"68.2","Female":"31.8","health_benefits_componentt":["Medical","Dental","None"],"Medical":"63","Dental":"3","None":"33","popular_skills_component":["Auditing","Generally Accepted Accounting Principles (US GAAP)","Accounting","Microsoft Excel","Financial Reporting"],"Auditing":"\u20b9624,000","Generally Accepted Accounting Principles (US GAAP)":"\u20b9550,000","Accounting":"16%","Microsoft Excel":"\u20b9549,601","Financial Reporting":"\u20b9600,000","affect_skills_component":["Accounting"],"career_path_component":[],"location_component":["Bangalore, Karnataka","Kolkata, West Bengal"],"Bangalore, Karnataka":"-23%","Kolkata, West Bengal":"-17%","employers_component":["KPMG, LLP","Grant Thornton Llp"],"KPMG, LLP":"Avg. Salary: \u20b9717,500","Grant Thornton Llp":"Avg. Salary: \u20b9619,998","related_job_component":["Accountant","Financial Analyst","Finance Manager","Chartered Accountant","Civil Engineer","Operations Team Leader","Operations Manager","Account Executive","Mechanical Engineer"],"Accountant":"Avg. Salary \u20b9123k \u2014 \u20b9507k","Financial Analyst":"Avg. Salary \u20b9220k \u2014 \u20b9995k","Finance Manager":"Avg. Salary \u20b9354k \u2014 \u20b92m","Chartered Accountant":"Avg. Salary \u20b9411k \u2014 \u20b92m","Civil Engineer":"Avg. Salary \u20b9154k \u2014 \u20b9773k","Operations Team Leader":"Avg. Salary \u20b9243k \u2014 \u20b9936k","Operations Manager":"Avg. Salary \u20b9297k \u2014 \u20b92m","Account Executive":"Avg. Salary \u20b9155k \u2014 \u20b9498k","Mechanical Engineer":"Avg. Salary \u20b9151k \u2014 \u20b9982k"}}