{"0":{"job_title":"Senior_Accountant","avg_salary":"\u20b9407,149","salary_component":["Base Salary","Bonus","Profit Sharing","Commission","Total Pay"],"Base Salary":"\u20b9242k - \u20b9770k","Bonus":"\u20b910k - \u20b998k","Profit Sharing":"\u20b913 - \u20b9249k","Commission":"\u20b917k - \u20b932k","Total Pay":"\u20b9249k - \u20b9812k","pay_by_experience_percent":["Entry Level","Early Career","Mid Career","Late Career","Experienced"],"Entry Level":"-14%","Early Career":"-12%","Mid Career":"2%","Late Career":"11%","Experienced":"18%","pay_by_experience_years":["1","1-4"],"1":"\u20b9350,000","1-4":"\u20b9357,313","gender_component":["Male","Female"],"Male":"83.2","Female":"16.8","health_benefits_componentt":["Medical","Dental","Vision","None"],"Medical":"50","Dental":"4","Vision":"4","None":"50","popular_skills_component":["General Ledger Accounting","Financial Reporting","Microsoft Excel","Month-End Close","Accounts Payable"],"General Ledger Accounting":"3%","Financial Reporting":"6%","Microsoft Excel":"\u20b9405,009","Month-End Close":"7%","Accounts Payable":"\u20b9400,729","affect_skills_component":["Reconciliation","Auditing","Tax Consulting","Month-End Close","SAP Financial Accounting and Controlling (SAP FICO)","Financial Reporting","Financial Analysis","General Ledger Accounting"],"Reconciliation":"42%","Auditing":"21%","Tax Consulting":"12%","SAP Financial Accounting and Controlling (SAP FICO)":"7%","Financial Analysis":"6%","career_path_component":["Accountant","Finance Manager","Accounting Manager"],"location_component":["Mumbai, Maharashtra","Bangalore, Karnataka","Pune, Maharashtra","Chennai, Tamil Nadu","Hyderabad, Andhra Pradesh","New Delhi, Delhi","Ahmedabad, Gujarat","Kolkata, West Bengal","Delhi, Delhi","Gurgaon, Haryana"],"Mumbai, Maharashtra":"8%","Bangalore, Karnataka":"17%","Pune, Maharashtra":"4%","Chennai, Tamil Nadu":"8%","Hyderabad, Andhra Pradesh":"7%","New Delhi, Delhi":"2%","Ahmedabad, Gujarat":"-14%","Kolkata, West Bengal":"-12%","Delhi, Delhi":"%","Gurgaon, Haryana":"22%","employers_component":["Capgemini","Genpact","IBM India Private Limited","Cargill","EY (Ernst & Young)","QX Pvt Ltd","Accenture","Maersk Line, Ltd."],"Capgemini":"Avg. Salary: \u20b9450,000","Genpact":"Avg. Salary: \u20b9412,000","IBM India Private Limited":"Avg. Salary: \u20b9360,000","Cargill":"Avg. Salary: \u20b9645,170","EY (Ernst & Young)":"Avg. Salary: \u20b9740,000","QX Pvt Ltd":"Avg. Salary: \u20b9390,000","Accenture":"Avg. Salary: \u20b9432,500","Maersk Line, Ltd.":"Avg. Salary: \u20b9900,000","related_job_component":["Accountant","Finance Manager","Financial Analyst","Chartered Accountant","Account Executive","Civil Engineer","Mechanical Engineer","Assistant Finance Manager","Senior Financial Analyst"],"Accountant":"Avg. Salary \u20b9123k \u2014 \u20b9507k","Finance Manager":"Avg. Salary \u20b9354k \u2014 \u20b92m","Financial Analyst":"Avg. Salary \u20b9220k \u2014 \u20b9992k","Chartered Accountant":"Avg. Salary \u20b9413k \u2014 \u20b92m","Account Executive":"Avg. Salary \u20b9155k \u2014 \u20b9499k","Civil Engineer":"Avg. Salary \u20b9154k \u2014 \u20b9771k","Mechanical Engineer":"Avg. Salary \u20b9152k \u2014 \u20b9983k","Assistant Finance Manager":"Avg. Salary \u20b9351k \u2014 \u20b91m","Senior Financial Analyst":"Avg. Salary \u20b9304k \u2014 \u20b91m"}}