{"0":{"job_title":"Senior_Manager_Accountant_%2F_Auditor","avg_salary":"\u20b91,553,876","salary_component":["Base Salary","Bonus","Total Pay"],"Base Salary":"\u20b9604k - \u20b93m","Bonus":"\u20b910k - \u20b9511k","Total Pay":"\u20b9604k - \u20b93m","pay_by_experience_percent":["Early Career","Mid Career","Late Career","Experienced"],"Early Career":"-36%","Mid Career":"-5%","Late Career":"33%","Experienced":"-27%","pay_by_experience_years":["1-4"],"1-4":"\u20b9987,342","gender_component":["Male","Female"],"Male":"87.5","Female":"12.5","health_benefits_componentt":["Medical","Dental","Vision","None"],"Medical":"61","Dental":"2","Vision":"2","None":"39","popular_skills_component":["Accounting","Financial Reporting","Auditing","Microsoft Excel","Risk Management \/ Risk Control"],"Accounting":"15%","Financial Reporting":"45%","Auditing":"19%","Microsoft Excel":"1%","Risk Management \/ Risk Control":"13%","affect_skills_component":["Consulting Management","Financial Reporting","Auditing","Microsoft Office","Internal Audit","Accounting","Risk Management \/ Risk Control","Microsoft Excel"],"Consulting Management":"86%","Microsoft Office":"16%","Internal Audit":"16%","career_path_component":["Financial Controller","Chief Financial Officer (CFO)"],"location_component":["Mumbai, Maharashtra","Chennai, Tamil Nadu","Gurgaon, Haryana","New Delhi, Delhi","Bangalore, Karnataka"],"Mumbai, Maharashtra":"-14%","Chennai, Tamil Nadu":"%","Gurgaon, Haryana":"16%","New Delhi, Delhi":"35%","Bangalore, Karnataka":"15%","employers_component":["EY (Ernst & Young)"],"EY (Ernst & Young)":"Avg. Salary: \u20b93,844,156","related_job_component":["Civil Engineer","Accountant","Mechanical Engineer","Financial Analyst","Finance Manager","Operations Manager","Chartered Accountant","Data Analyst","Electrical Engineer"],"Civil Engineer":"Avg. Salary \u20b9154k \u2014 \u20b9771k","Accountant":"Avg. Salary \u20b9123k \u2014 \u20b9507k","Mechanical Engineer":"Avg. Salary \u20b9152k \u2014 \u20b9983k","Financial Analyst":"Avg. Salary \u20b9220k \u2014 \u20b9994k","Finance Manager":"Avg. Salary \u20b9354k \u2014 \u20b92m","Operations Manager":"Avg. Salary \u20b9297k \u2014 \u20b92m","Chartered Accountant":"Avg. Salary \u20b9412k \u2014 \u20b92m","Data Analyst":"Avg. Salary \u20b9200k \u2014 \u20b9960k","Electrical Engineer":"Avg. Salary \u20b9174k \u2014 \u20b9995k"}}