{"0":{"job_title":"Senior_Risk_Manager","avg_salary":"\u20b91,556,223","salary_component":["Base Salary","Bonus","Profit Sharing","Total Pay"],"Base Salary":"\u20b9731k - \u20b93m","Bonus":"\u20b973k - \u20b9512k","Profit Sharing":"\u20b998k - \u20b9254k","Total Pay":"\u20b9750k - \u20b93m","pay_by_experience_percent":["Early Career","Mid Career","Late Career","Experienced"],"Early Career":"-33%","Mid Career":"-10%","Late Career":"9%","Experienced":"93%","pay_by_experience_years":["1-4","5-9"],"1-4":"\u20b91,049,377","5-9":"\u20b91,404,948","gender_component":["Male","Female","Prefer to self-define"],"Male":"81.1","Female":"17.0","Prefer to self-define":"1.9","health_benefits_componentt":["Medical","Dental","Vision","None"],"Medical":"82","Dental":"10","Vision":"9","None":"18","popular_skills_component":["Risk Management \/ Risk Control","Regulatory Compliance","Risk Consulting","Data Analysis","Internal Audit"],"Risk Management \/ Risk Control":"3%","Regulatory Compliance":"10%","Risk Consulting":"53%","Data Analysis":"5%","Internal Audit":"45%","affect_skills_component":["Risk Consulting","Financial Modeling","Internal Audit","Regulatory Compliance","Data Analysis","Risk Management \/ Risk Control"],"Financial Modeling":"48%","career_path_component":["Director, Risk Management \/ Risk Control","Assistant Vice President (AVP), Regional..."],"location_component":["Mumbai, Maharashtra","Bangalore, Karnataka","Chennai, Tamil Nadu","Gurgaon, Haryana","Pune, Maharashtra","Hyderabad, Andhra Pradesh","New Delhi, Delhi","Kolkata, West Bengal"],"Mumbai, Maharashtra":"-6%","Bangalore, Karnataka":"11%","Chennai, Tamil Nadu":"-3%","Gurgaon, Haryana":"62%","Pune, Maharashtra":"-10%","Hyderabad, Andhra Pradesh":"-3%","New Delhi, Delhi":"-5%","Kolkata, West Bengal":"-3%","employers_component":[],"related_job_component":["Data Analyst","Financial Analyst","Internal Auditor","Research Analyst","Senior Business Analyst","Data Scientist","Operations Manager","Corporate Secretary","Internal Auditing Manager"],"Data Analyst":"Avg. Salary \u20b9201k \u2014 \u20b9960k","Financial Analyst":"Avg. Salary \u20b9220k \u2014 \u20b9994k","Internal Auditor":"Avg. Salary \u20b9202k \u2014 \u20b91m","Research Analyst":"Avg. Salary \u20b9192k \u2014 \u20b9861k","Senior Business Analyst":"Avg. Salary \u20b9447k \u2014 \u20b92m","Data Scientist":"Avg. Salary \u20b9344k \u2014 \u20b92m","Operations Manager":"Avg. Salary \u20b9296k \u2014 \u20b92m","Corporate Secretary":"Avg. Salary \u20b9297k \u2014 \u20b91m","Internal Auditing Manager":"Avg. Salary \u20b9410k \u2014 \u20b92m"}}