{"0":{"job_title":"Senior_Financial_Analyst","avg_salary":"\u20b9595,698","salary_component":["Base Salary","Bonus","Profit Sharing","Commission","Total Pay"],"Base Salary":"\u20b9304k - \u20b91m","Bonus":"\u20b918k - \u20b9173k","Profit Sharing":"\u20b95k - \u20b9255k","Commission":"\u20b90 - \u20b9168k","Total Pay":"\u20b9327k - \u20b91m","pay_by_experience_percent":["Entry Level","Early Career","Mid Career","Late Career","Experienced"],"Entry Level":"-20%","Early Career":"-16%","Mid Career":"9%","Late Career":"80%","Experienced":"152%","pay_by_experience_years":["1","1-4"],"1":"\u20b9475,000","1-4":"\u20b9500,270","gender_component":["Male","Female","Prefer to self-define"],"Male":"69.3","Female":"30.2","Prefer to self-define":"0.5","health_benefits_componentt":["Medical","Dental","Vision","None"],"Medical":"81","Dental":"8","Vision":"9","None":"18","popular_skills_component":["Financial Analysis","Microsoft Excel","Financial Reporting","Data Analysis","Forecasting"],"Financial Analysis":"\u20b9648,900","Microsoft Excel":"\u20b9561,773","Financial Reporting":"12%","Data Analysis":"22%","Forecasting":"50%","affect_skills_component":["Research Analysis","Python","Risk Management \/ Risk Control","Financial Modeling","Budgeting","Forecasting","Microsoft Power BI","SQL","Data Analysis","Financial Reporting"],"Research Analysis":"152%","Python":"145%","Risk Management \/ Risk Control":"68%","Financial Modeling":"63%","Budgeting":"60%","Microsoft Power BI":"36%","SQL":"34%","career_path_component":["Finance Manager","Team Lead, Operations","Operations Manager"],"location_component":["Bangalore, Karnataka","Mumbai, Maharashtra","Chennai, Tamil Nadu","Pune, Maharashtra","Hyderabad, Andhra Pradesh","Gurgaon, Haryana","New Delhi, Delhi","Delhi, Delhi","Kolkata, West Bengal","Noida, Uttar Pradesh"],"Bangalore, Karnataka":"4%","Mumbai, Maharashtra":"34%","Chennai, Tamil Nadu":"-15%","Pune, Maharashtra":"-15%","Hyderabad, Andhra Pradesh":"4%","Gurgaon, Haryana":"48%","New Delhi, Delhi":"-1%","Delhi, Delhi":"26%","Kolkata, West Bengal":"-14%","Noida, Uttar Pradesh":"-16%","employers_component":["J.P. Morgan Chase & Co. (JPMCC)","Accenture","The Northern Trust Company","eClerx","EY (Ernst & Young)","Deutsche Bank","Genpact","The Goldman Sachs Group, Inc.","IBM India Private Limited","Novartis"],"J.P. Morgan Chase & Co. (JPMCC)":"Avg. Salary: \u20b9685,500","Accenture":"Avg. Salary: \u20b9757,601","The Northern Trust Company":"Avg. Salary: \u20b9495,642","eClerx":"Avg. Salary: \u20b9336,000","EY (Ernst & Young)":"Avg. Salary: \u20b9709,859","Deutsche Bank":"Avg. Salary: \u20b9600,000","Genpact":"Avg. Salary: \u20b9252,380","The Goldman Sachs Group, Inc.":"Avg. Salary: \u20b9606,849","IBM India Private Limited":"Avg. Salary: \u20b9374,400","Novartis":"Avg. Salary: \u20b91,045,000","related_job_component":["Financial Analyst","Accountant","Finance Manager","Data Analyst","Mechanical Engineer","Software Engineer","Civil Engineer","Senior Software Engineer","Operations Manager"],"Financial Analyst":"Avg. Salary \u20b9220k \u2014 \u20b9992k","Accountant":"Avg. Salary \u20b9123k \u2014 \u20b9507k","Finance Manager":"Avg. Salary \u20b9354k \u2014 \u20b92m","Data Analyst":"Avg. Salary \u20b9201k \u2014 \u20b9959k","Mechanical Engineer":"Avg. Salary \u20b9152k \u2014 \u20b9983k","Software Engineer":"Avg. Salary \u20b9262k \u2014 \u20b91m","Civil Engineer":"Avg. Salary \u20b9154k \u2014 \u20b9771k","Senior Software Engineer":"Avg. Salary \u20b9493k \u2014 \u20b92m","Operations Manager":"Avg. Salary \u20b9297k \u2014 \u20b92m"}}