{"0":{"job_title":"Senior_Internal_Auditor","avg_salary":"\u20b9974,976","salary_component":["Base Salary","Bonus","Profit Sharing","Total Pay"],"Base Salary":"\u20b9343k - \u20b92m","Bonus":"\u20b919k - \u20b9254k","Profit Sharing":"\u20b95k - \u20b9120k","Total Pay":"\u20b9357k - \u20b92m","pay_by_experience_percent":["Early Career","Mid Career","Late Career"],"Early Career":"-18%","Mid Career":"13%","Late Career":"23%","pay_by_experience_years":["1-4","5-9"],"1-4":"\u20b9795,162","5-9":"\u20b91,099,268","gender_component":["Male","Female"],"Male":"75.8","Female":"24.2","health_benefits_componentt":["Medical","Dental","Vision","None"],"Medical":"77","Dental":"8","Vision":"6","None":"23","popular_skills_component":["Internal Audit","Risk Management \/ Risk Control","Auditing","Microsoft Excel","Sarbanes-Oxley (SOX) Compliance Audit"],"Internal Audit":"4%","Risk Management \/ Risk Control":"16%","Auditing":"\u20b9940,462","Microsoft Excel":"1%","Sarbanes-Oxley (SOX) Compliance Audit":"23%","affect_skills_component":["Sarbanes-Oxley (SOX) Compliance Audit","Risk Management \/ Risk Control","Internal Audit","Microsoft Excel"],"career_path_component":["Internal Auditing Manager"],"location_component":["Bangalore, Karnataka","Mumbai, Maharashtra","Gurgaon, Haryana","Hyderabad, Andhra Pradesh","Pune, Maharashtra","Chennai, Tamil Nadu","Kolkata, West Bengal"],"Bangalore, Karnataka":"-14%","Mumbai, Maharashtra":"18%","Gurgaon, Haryana":"18%","Hyderabad, Andhra Pradesh":"23%","Pune, Maharashtra":"23%","Chennai, Tamil Nadu":"23%","Kolkata, West Bengal":"1%","employers_component":["Deloitte & Touche LLP"],"Deloitte & Touche LLP":"Avg. Salary: \u20b9895,317","related_job_component":["Civil Engineer","Mechanical Engineer","Accountant","Data Analyst","Electrical Engineer","Operations Manager","Business Analyst, IT","Internal Auditor","Project Manager, (Unspecified Type \/ General)"],"Civil Engineer":"Avg. Salary \u20b9154k \u2014 \u20b9771k","Mechanical Engineer":"Avg. Salary \u20b9152k \u2014 \u20b9983k","Accountant":"Avg. Salary \u20b9123k \u2014 \u20b9507k","Data Analyst":"Avg. Salary \u20b9200k \u2014 \u20b9960k","Electrical Engineer":"Avg. Salary \u20b9174k \u2014 \u20b9995k","Operations Manager":"Avg. Salary \u20b9297k \u2014 \u20b92m","Business Analyst, IT":"Avg. Salary \u20b9275k \u2014 \u20b91m","Internal Auditor":"Avg. Salary \u20b9202k \u2014 \u20b91m","Project Manager, (Unspecified Type \/ General)":"Avg. Salary \u20b9456k \u2014 \u20b92m"}}