{"0":{"job_title":"Senior_Credit_Analyst","avg_salary":"\u20b91,015,593","salary_component":["Base Salary","Bonus","Profit Sharing","Total Pay"],"Base Salary":"\u20b9370k - \u20b92m","Bonus":"\u20b950k - \u20b9200k","Profit Sharing":"\u20b90 - \u20b920k","Total Pay":"\u20b9370k - \u20b92m","pay_by_experience_percent":["Early Career","Mid Career","Late Career"],"Early Career":"-5%","Mid Career":"12%","Late Career":"19%","pay_by_experience_years":["1-4","5-9"],"1-4":"\u20b9969,580","5-9":"\u20b91,136,037","gender_component":["Male","Female"],"Male":"67.6","Female":"32.4","health_benefits_componentt":["Medical","Dental","Vision","None"],"Medical":"78","Dental":"5","Vision":"7","None":"22","popular_skills_component":["Financial Analysis","Risk Management \/ Risk Control","Loan Underwriting","Credit Control","Microsoft Excel"],"Financial Analysis":"8%","Risk Management \/ Risk Control":"\u20b9832,176","Loan Underwriting":"18%","Credit Control":"\u20b91,008,413","Microsoft Excel":"\u20b9915,000","affect_skills_component":["Financial Modeling","Loan Underwriting","Financial Analysis"],"Financial Modeling":"26%","career_path_component":[],"location_component":["Mumbai, Maharashtra","Bangalore, Karnataka","Pune, Maharashtra","Chennai, Tamil Nadu","Gurgaon, Haryana","Hyderabad, Andhra Pradesh"],"Mumbai, Maharashtra":"20%","Bangalore, Karnataka":"6%","Pune, Maharashtra":"-2%","Chennai, Tamil Nadu":"-44%","Gurgaon, Haryana":"-1%","Hyderabad, Andhra Pradesh":"-66%","employers_component":["Crisil","HSBC"],"Crisil":"Avg. Salary: \u20b91,043,000","HSBC":"Avg. Salary: \u20b9855,000","related_job_component":["Financial Analyst","Credit Manager","Senior Business Analyst","Business Analyst, IT","Business Analyst, Finance\/Banking","Credit Analyst","Accountant","Finance Manager","Research Analyst"],"Financial Analyst":"Avg. Salary \u20b9220k \u2014 \u20b9992k","Credit Manager":"Avg. Salary \u20b9261k \u2014 \u20b91m","Senior Business Analyst":"Avg. Salary \u20b9448k \u2014 \u20b92m","Business Analyst, IT":"Avg. Salary \u20b9275k \u2014 \u20b91m","Business Analyst, Finance\/Banking":"Avg. Salary \u20b9283k \u2014 \u20b92m","Credit Analyst":"Avg. Salary \u20b9210k \u2014 \u20b91m","Accountant":"Avg. Salary \u20b9123k \u2014 \u20b9507k","Finance Manager":"Avg. Salary \u20b9354k \u2014 \u20b92m","Research Analyst":"Avg. Salary \u20b9192k \u2014 \u20b9861k"}}