{"0":{"job_title":"Senior_Manager_Auditor","avg_salary":"\u20b91,861,781","salary_component":["Base Salary","Bonus","Profit Sharing","Total Pay"],"Base Salary":"\u20b9827k - \u20b93m","Bonus":"\u20b950k - \u20b9586k","Profit Sharing":"\u20b950k - \u20b9250k","Total Pay":"\u20b9837k - \u20b94m","pay_by_experience_percent":["Early Career","Mid Career","Late Career","Experienced"],"Early Career":"-52%","Mid Career":"-17%","Late Career":"11%","Experienced":"-4%","pay_by_experience_years":["1-4","5-9"],"1-4":"\u20b9900,000","5-9":"\u20b91,538,463","gender_component":["Male","Female"],"Male":"88.4","Female":"11.6","health_benefits_componentt":["Medical","Dental","Vision","None"],"Medical":"76","Dental":"9","Vision":"8","None":"24","popular_skills_component":["Internal Audit","Auditing","Risk Management \/ Risk Control","Sarbanes-Oxley (SOX) Compliance Audit","Accounting"],"Internal Audit":"\u20b91,805,340","Auditing":"5%","Risk Management \/ Risk Control":"3%","Sarbanes-Oxley (SOX) Compliance Audit":"26%","Accounting":"18%","affect_skills_component":["IT Risk","Regulatory Compliance","People Management","Sarbanes-Oxley (SOX) Audit, Information Technology (IT)","Sarbanes-Oxley (SOX) Compliance Audit","Data Analysis","Accounting","Project Management","Auditing","Risk Management \/ Risk Control"],"IT Risk":"40%","Regulatory Compliance":"37%","People Management":"34%","Sarbanes-Oxley (SOX) Audit, Information Technology (IT)":"28%","Data Analysis":"21%","Project Management":"7%","career_path_component":["Internal Audit Director","Assistant General Manager (AGM)","Chief Financial Officer (CFO)"],"location_component":["Mumbai, Maharashtra","Bangalore, Karnataka","Gurgaon, Haryana","New Delhi, Delhi","Delhi, Delhi","Chennai, Tamil Nadu","Pune, Maharashtra","Gurgaon, Delhi","Hyderabad, Andhra Pradesh","Noida, Uttar Pradesh"],"Mumbai, Maharashtra":"-5%","Bangalore, Karnataka":"32%","Gurgaon, Haryana":"22%","New Delhi, Delhi":"-19%","Delhi, Delhi":"17%","Chennai, Tamil Nadu":"-3%","Pune, Maharashtra":"-2%","Gurgaon, Delhi":"45%","Hyderabad, Andhra Pradesh":"6%","Noida, Uttar Pradesh":"201%","employers_component":["EY (Ernst & Young)","KPMG, LLP"],"EY (Ernst & Young)":"Avg. Salary: \u20b92,579,342","KPMG, LLP":"Avg. Salary: \u20b92,825,000","related_job_component":["Operations Manager","Project Manager, (Unspecified Type \/ General)","Chartered Accountant","Financial Analyst","Finance Manager","Accountant","Data Analyst","Civil Engineer","Project Manager, Information Technology (IT)"],"Operations Manager":"Avg. Salary \u20b9297k \u2014 \u20b92m","Project Manager, (Unspecified Type \/ General)":"Avg. Salary \u20b9458k \u2014 \u20b92m","Chartered Accountant":"Avg. Salary \u20b9413k \u2014 \u20b92m","Financial Analyst":"Avg. Salary \u20b9220k \u2014 \u20b9992k","Finance Manager":"Avg. Salary \u20b9354k \u2014 \u20b92m","Accountant":"Avg. Salary \u20b9123k \u2014 \u20b9507k","Data Analyst":"Avg. Salary \u20b9201k \u2014 \u20b9959k","Civil Engineer":"Avg. Salary \u20b9154k \u2014 \u20b9771k","Project Manager, Information Technology (IT)":"Avg. Salary \u20b9534k \u2014 \u20b92m"}}