{"0":{"job_title":"Senior_Analyst%2C_Investment_Banking","avg_salary":"\u20b9527,504","salary_component":["Base Salary","Bonus","Profit Sharing","Total Pay"],"Base Salary":"\u20b9316k - \u20b91m","Bonus":"\u20b910k - \u20b9103k","Profit Sharing":"\u20b90 - \u20b9350k","Total Pay":"\u20b9342k - \u20b91m","pay_by_experience_percent":["Early Career","Mid Career","Late Career"],"Early Career":"-17%","Mid Career":"10%","Late Career":"32%","pay_by_experience_years":["1-4","5-9"],"1-4":"\u20b9440,445","5-9":"\u20b9578,629","gender_component":["Male","Female"],"Male":"64.6","Female":"35.4","health_benefits_componentt":["Medical","Dental","Vision","None"],"Medical":"78","Dental":"10","Vision":"10","None":"22","popular_skills_component":["Reconciliation","Microsoft Excel","Banking","Financial Analysis","Anti-Money Laundering (AML)"],"Reconciliation":"\u20b9422,951","Microsoft Excel":"\u20b9456,428","Banking":"16%","Financial Analysis":"17%","Anti-Money Laundering (AML)":"4%","affect_skills_component":["Risk Management \/ Risk Control","Production Support","VBA","UNIX","Financial Analysis","Banking","SQL","Anti-Money Laundering (AML)"],"Risk Management \/ Risk Control":"90%","Production Support":"86%","VBA":"86%","UNIX":"52%","SQL":"14%","career_path_component":["Marketing Analyst"],"location_component":["Bangalore, Karnataka","Chennai, Tamil Nadu","Mumbai, Maharashtra","Pune, Maharashtra","Hyderabad, Andhra Pradesh","Vijayawada, Andhra Pradesh","Jaipur, Rajasthan"],"Bangalore, Karnataka":"-14%","Chennai, Tamil Nadu":"-17%","Mumbai, Maharashtra":"50%","Pune, Maharashtra":"-3%","Hyderabad, Andhra Pradesh":"-22%","Vijayawada, Andhra Pradesh":"-50%","Jaipur, Rajasthan":"-32%","employers_component":["Deutsche Bank","J.P. Morgan Chase & Co. (JPMCC)"],"Deutsche Bank":"Avg. Salary: \u20b9625,000","J.P. Morgan Chase & Co. (JPMCC)":"Avg. Salary: \u20b9700,000","related_job_component":["Software Engineer","Senior Software Engineer","Financial Analyst","Data Analyst","Accountant","Business Analyst, Finance\/Banking","Civil Engineer","Software Developer","Senior Business Analyst"],"Software Engineer":"Avg. Salary \u20b9261k \u2014 \u20b91m","Senior Software Engineer":"Avg. Salary \u20b9488k \u2014 \u20b92m","Financial Analyst":"Avg. Salary \u20b9220k \u2014 \u20b9998k","Data Analyst":"Avg. Salary \u20b9200k \u2014 \u20b9947k","Accountant":"Avg. Salary \u20b9123k \u2014 \u20b9507k","Business Analyst, Finance\/Banking":"Avg. Salary \u20b9279k \u2014 \u20b91m","Civil Engineer":"Avg. Salary \u20b9156k \u2014 \u20b9781k","Software Developer":"Avg. Salary \u20b9211k \u2014 \u20b91m","Senior Business Analyst":"Avg. Salary \u20b9442k \u2014 \u20b92m"}}