{"0":{"job_title":"Senior_Analyst%2C_Finance","avg_salary":"\u20b9572,517","salary_component":["Base Salary","Bonus","Profit Sharing","Total Pay"],"Base Salary":"\u20b9305k - \u20b91m","Bonus":"\u20b919k - \u20b9191k","Profit Sharing":"\u20b997 - \u20b9302k","Total Pay":"\u20b9319k - \u20b91m","pay_by_experience_percent":["Entry Level","Early Career","Mid Career","Late Career"],"Entry Level":"-28%","Early Career":"-15%","Mid Career":"5%","Late Career":"34%","pay_by_experience_years":["1","1-4"],"1":"\u20b9411,427","1-4":"\u20b9488,228","gender_component":["Male","Female"],"Male":"75.3","Female":"24.7","health_benefits_componentt":["Medical","Dental","Vision","None"],"Medical":"80","Dental":"11","Vision":"12","None":"19","popular_skills_component":["Financial Analysis","Microsoft Excel","Financial Reporting","Data Analysis","Accounting"],"Financial Analysis":"3%","Microsoft Excel":"\u20b9577,708","Financial Reporting":"18%","Data Analysis":"5%","Accounting":"\u20b9576,673","affect_skills_component":["Risk Management \/ Risk Control","Financial Modeling","SQL","Financial Reporting","Microsoft Office","Accounts Receivable","Project Management","General Ledger Accounting","Data Analysis","Financial Analysis"],"Risk Management \/ Risk Control":"58%","Financial Modeling":"53%","SQL":"47%","Microsoft Office":"14%","Accounts Receivable":"13%","Project Management":"6%","General Ledger Accounting":"6%","career_path_component":["Operations Manager","Analytics Consultant","Operations Team Leader"],"location_component":["Bangalore, Karnataka","Mumbai, Maharashtra","Pune, Maharashtra","Chennai, Tamil Nadu","Hyderabad, Andhra Pradesh","Gurgaon, Haryana","New Delhi, Delhi","Delhi, Delhi","Gurgaon, Delhi","Coimbatore, Tamil Nadu"],"Bangalore, Karnataka":"%","Mumbai, Maharashtra":"14%","Pune, Maharashtra":"7%","Chennai, Tamil Nadu":"-24%","Hyderabad, Andhra Pradesh":"25%","Gurgaon, Haryana":"-7%","New Delhi, Delhi":"2%","Delhi, Delhi":"-13%","Gurgaon, Delhi":"5%","Coimbatore, Tamil Nadu":"-58%","employers_component":["J.P. Morgan Chase & Co. (JPMCC)","Accenture","The Northern Trust Company","Deutsche Bank","eClerx","Royal Bank of Scotland","Accenture Technology Solutions","The Bank of New York Mellon Corporation (BNY Mellon)","Scope International","HCL Technologies Ltd."],"J.P. Morgan Chase & Co. (JPMCC)":"Avg. Salary: \u20b9993,711","Accenture":"Avg. Salary: \u20b9639,844","The Northern Trust Company":"Avg. Salary: \u20b9470,630","Deutsche Bank":"Avg. Salary: \u20b9522,909","eClerx":"Avg. Salary: \u20b9392,500","Royal Bank of Scotland":"Avg. Salary: \u20b9562,000","Accenture Technology Solutions":"Avg. Salary: \u20b9540,000","The Bank of New York Mellon Corporation (BNY Mellon)":"Avg. Salary: \u20b9575,000","Scope International":"Avg. Salary: \u20b9581,333","HCL Technologies Ltd.":"Avg. Salary: \u20b9240,000","related_job_component":["Accountant","Operations Manager","Financial Analyst","Civil Engineer","Finance Manager","Data Analyst","Project Manager, (Unspecified Type \/ General)","Mechanical Engineer","Business Analyst, IT"],"Accountant":"Avg. Salary \u20b9123k \u2014 \u20b9507k","Operations Manager":"Avg. Salary \u20b9297k \u2014 \u20b92m","Financial Analyst":"Avg. Salary \u20b9220k \u2014 \u20b9992k","Civil Engineer":"Avg. Salary \u20b9154k \u2014 \u20b9771k","Finance Manager":"Avg. Salary \u20b9354k \u2014 \u20b92m","Data Analyst":"Avg. Salary \u20b9201k \u2014 \u20b9959k","Project Manager, (Unspecified Type \/ General)":"Avg. Salary \u20b9458k \u2014 \u20b92m","Mechanical Engineer":"Avg. Salary \u20b9152k \u2014 \u20b9983k","Business Analyst, IT":"Avg. Salary \u20b9275k \u2014 \u20b91m"}}