{"0":{"job_title":"Senior_Finance_Manager","avg_salary":"\u20b91,770,295","salary_component":["Base Salary","Bonus","Profit Sharing","Total Pay"],"Base Salary":"\u20b9814k - \u20b93m","Bonus":"\u20b951k - \u20b9494k","Profit Sharing":"\u20b95k - \u20b9426k","Total Pay":"\u20b9880k - \u20b93m","pay_by_experience_percent":["Early Career","Mid Career","Late Career","Experienced"],"Early Career":"-23%","Mid Career":"-2%","Late Career":"5%","Experienced":"1%","pay_by_experience_years":["1-4","5-9"],"1-4":"\u20b91,364,604","5-9":"\u20b91,731,494","gender_component":["Male","Female"],"Male":"86.0","Female":"14.0","health_benefits_componentt":["Medical","Dental","Vision","None"],"Medical":"82","Dental":"10","Vision":"12","None":"18","popular_skills_component":["Financial Reporting","Financial Analysis","Budgeting","Senior Financial Management","Forecasting"],"Financial Reporting":"3%","Financial Analysis":"\u20b91,807,964","Budgeting":"\u20b91,813,529","Senior Financial Management":"24%","Forecasting":"10%","affect_skills_component":["Performance Management","Budget Management","Senior Financial Management","Strategic Planning","Project Management","Financial Modeling","Forecasting","Payroll Administration","Financial Reporting","General Ledger Accounting"],"Performance Management":"68%","Budget Management":"28%","Strategic Planning":"24%","Project Management":"22%","Financial Modeling":"17%","Payroll Administration":"10%","General Ledger Accounting":"3%","career_path_component":["Financial Controller","Finance Director","Vice President (VP), Finance"],"location_component":["Mumbai, Maharashtra","Bangalore, Karnataka","Chennai, Tamil Nadu","New Delhi, Delhi","Gurgaon, Haryana","Hyderabad, Andhra Pradesh","Pune, Maharashtra","Delhi, Delhi","Noida, Uttar Pradesh","Kolkata, West Bengal"],"Mumbai, Maharashtra":"-9%","Bangalore, Karnataka":"21%","Chennai, Tamil Nadu":"-14%","New Delhi, Delhi":"2%","Gurgaon, Haryana":"%","Hyderabad, Andhra Pradesh":"-6%","Pune, Maharashtra":"-1%","Delhi, Delhi":"-15%","Noida, Uttar Pradesh":"-15%","Kolkata, West Bengal":"-9%","employers_component":["Vodafone","Wipro Technologies Ltd.","Scope International"],"Vodafone":"Avg. Salary: \u20b91,504,325","Wipro Technologies Ltd.":"Avg. Salary: \u20b92,200,000","Scope International":"Avg. Salary: \u20b91,500,000","related_job_component":["Accountant","Finance Manager","Financial Analyst","Account Executive","Operations Manager","Chartered Accountant","Assistant Finance Manager","Project Manager, (Unspecified Type \/ General)","Civil Engineer"],"Accountant":"Avg. Salary \u20b9123k \u2014 \u20b9507k","Finance Manager":"Avg. Salary \u20b9354k \u2014 \u20b92m","Financial Analyst":"Avg. Salary \u20b9220k \u2014 \u20b9992k","Account Executive":"Avg. Salary \u20b9155k \u2014 \u20b9499k","Operations Manager":"Avg. Salary \u20b9297k \u2014 \u20b92m","Chartered Accountant":"Avg. Salary \u20b9413k \u2014 \u20b92m","Assistant Finance Manager":"Avg. Salary \u20b9351k \u2014 \u20b91m","Project Manager, (Unspecified Type \/ General)":"Avg. Salary \u20b9458k \u2014 \u20b92m","Civil Engineer":"Avg. Salary \u20b9154k \u2014 \u20b9771k"}}