{"0":{"job_title":"Senior_Tax_Accountant","avg_salary":"\u20b9639,305","salary_component":["Base Salary","Bonus","Profit Sharing","Total Pay"],"Base Salary":"\u20b9423k - \u20b91m","Bonus":"\u20b910k - \u20b9152k","Profit Sharing":"\u20b915k - \u20b971k","Total Pay":"\u20b9442k - \u20b91m","pay_by_experience_percent":["Early Career","Mid Career","Late Career"],"Early Career":"2%","Mid Career":"22%","Late Career":"-6%","pay_by_experience_years":["1-4","5-9"],"1-4":"\u20b9654,907","5-9":"\u20b9781,192","gender_component":["Male","Female"],"Male":"88.2","Female":"11.8","health_benefits_componentt":["Medical","None"],"Medical":"68","None":"32","popular_skills_component":["Tax Compliance","Tax Preparation","Microsoft Excel","Tax Consulting","Microsoft Office"],"Tax Compliance":"7%","Tax Preparation":"2%","Microsoft Excel":"\u20b9606,782","Tax Consulting":"5%","Microsoft Office":"15%","affect_skills_component":["Microsoft Office","Tax Compliance","Tax Consulting","Tax Preparation"],"career_path_component":["Tax Manager","Senior Accountant","Accountant"],"location_component":["Bangalore, Karnataka","Hyderabad, Andhra Pradesh","Mumbai, Maharashtra","Gurgaon, Haryana"],"Bangalore, Karnataka":"13%","Hyderabad, Andhra Pradesh":"-31%","Mumbai, Maharashtra":"-34%","Gurgaon, Haryana":"27%","employers_component":["EY (Ernst & Young)","Deloitte"],"EY (Ernst & Young)":"Avg. Salary: \u20b9740,853","Deloitte":"Avg. Salary: \u20b9629,000","related_job_component":["Accountant","Civil Engineer","Mechanical Engineer","Data Analyst","Computer Operator","Executive Assistant","Electrical Engineer","Business Analyst, IT","Project Manager, (Unspecified Type \/ General)"],"Accountant":"Avg. Salary \u20b9123k \u2014 \u20b9507k","Civil Engineer":"Avg. Salary \u20b9156k \u2014 \u20b9781k","Mechanical Engineer":"Avg. Salary \u20b9152k \u2014 \u20b9981k","Data Analyst":"Avg. Salary \u20b9200k \u2014 \u20b9944k","Computer Operator":"Avg. Salary \u20b998k \u2014 \u20b9397k","Executive Assistant":"Avg. Salary \u20b9153k \u2014 \u20b9776k","Electrical Engineer":"Avg. Salary \u20b9174k \u2014 \u20b9989k","Business Analyst, IT":"Avg. Salary \u20b9276k \u2014 \u20b91m","Project Manager, (Unspecified Type \/ General)":"Avg. Salary \u20b9468k \u2014 \u20b92m"}}