{"0":{"job_title":"Senior_Associate_-_Investment_Banking","avg_salary":"\u20b9530,819","salary_component":["Base Salary","Bonus","Profit Sharing","Commission","Total Pay"],"Base Salary":"\u20b9265k - \u20b92m","Bonus":"\u20b920k - \u20b9326k","Profit Sharing":"\u20b9-22 - \u20b9444k","Commission":"\u20b90 - \u20b9100k","Total Pay":"\u20b9277k - \u20b92m","pay_by_experience_percent":["Entry Level","Early Career","Mid Career","Late Career"],"Entry Level":"-27%","Early Career":"-20%","Mid Career":"38%","Late Career":"200%","pay_by_experience_years":["1"],"1":"\u20b9390,000","gender_component":["Male","Female"],"Male":"84.2","Female":"15.8","health_benefits_componentt":["Medical","Dental","Vision","None"],"Medical":"82","Dental":"5","Vision":"7","None":"18","popular_skills_component":["Microsoft Excel","Financial Analysis","Operations Management","Data Analysis","Financial Modeling"],"Microsoft Excel":"\u20b9461,989","Financial Analysis":"\u20b9525,019","Operations Management":"\u20b9503,804","Data Analysis":"\u20b9470,630","Financial Modeling":"111%","affect_skills_component":["Software Development","Java\/J2EE","SQL","Java","UNIX","Spring","Financial Modeling","PL\/SQL","Valuation","Regulatory Compliance"],"Software Development":"305%","Java\/J2EE":"201%","SQL":"159%","Java":"153%","UNIX":"133%","Spring":"121%","PL\/SQL":"104%","Valuation":"91%","Regulatory Compliance":"51%","career_path_component":["Operations Team Leader","Operations Manager","Financial Consultant"],"location_component":["Mumbai, Maharashtra","Bangalore, Karnataka","Chennai, Tamil Nadu","Pune, Maharashtra","Gurgaon, Haryana","Hyderabad, Andhra Pradesh","New Delhi, Delhi","Noida, Uttar Pradesh","Gurgaon, Delhi","Coimbatore, Tamil Nadu"],"Mumbai, Maharashtra":"16%","Bangalore, Karnataka":"32%","Chennai, Tamil Nadu":"-11%","Pune, Maharashtra":"-13%","Gurgaon, Haryana":"2%","Hyderabad, Andhra Pradesh":"2%","New Delhi, Delhi":"-21%","Noida, Uttar Pradesh":"-29%","Gurgaon, Delhi":"-35%","Coimbatore, Tamil Nadu":"-42%","employers_component":["State Street Corporation","Morgan Stanley","Sapient Corporation","BNP Paribas Inc.","J.P. Morgan Chase & Co. (JPMCC)","Cognizant","Bnpparibas","Globeop Financial Services LLC","Tcs Eserve","Capgemini"],"State Street Corporation":"Avg. Salary: \u20b9500,505","Morgan Stanley":"Avg. Salary: \u20b9974,359","Sapient Corporation":"Avg. Salary: \u20b91,345,331","BNP Paribas Inc.":"Avg. Salary: \u20b9605,450","J.P. Morgan Chase & Co. (JPMCC)":"Avg. Salary: \u20b91,695,000","Cognizant":"Avg. Salary: \u20b9999,998","Bnpparibas":"Avg. Salary: \u20b9560,000","Globeop Financial Services LLC":"Avg. Salary: \u20b9469,109","Tcs Eserve":"Avg. Salary: \u20b9365,000","Capgemini":"Avg. Salary: \u20b9433,333","related_job_component":["Software Engineer","Senior Software Engineer","Financial Analyst","Software Developer","Operations Manager","Data Analyst","Sr. Software Engineer \/ Developer \/ Programmer","Java Developer","Accountant"],"Software Engineer":"Avg. Salary \u20b9262k \u2014 \u20b91m","Senior Software Engineer":"Avg. Salary \u20b9493k \u2014 \u20b92m","Financial Analyst":"Avg. Salary \u20b9220k \u2014 \u20b9992k","Software Developer":"Avg. Salary \u20b9214k \u2014 \u20b91m","Operations Manager":"Avg. Salary \u20b9297k \u2014 \u20b92m","Data Analyst":"Avg. Salary \u20b9201k \u2014 \u20b9959k","Sr. Software Engineer \/ Developer \/ Programmer":"Avg. Salary \u20b9432k \u2014 \u20b92m","Java Developer":"Avg. Salary \u20b9197k \u2014 \u20b91m","Accountant":"Avg. Salary \u20b9123k \u2014 \u20b9507k"}}