{"0":{"job_title":"Senior_Auditor","avg_salary":"\u20b9816,906","salary_component":["Base Salary","Bonus","Profit Sharing","Total Pay"],"Base Salary":"\u20b9299k - \u20b91m","Bonus":"\u20b925k - \u20b9201k","Profit Sharing":"\u20b929k - \u20b9203k","Total Pay":"\u20b9375k - \u20b92m","pay_by_experience_percent":["Entry Level","Early Career","Mid Career","Late Career"],"Entry Level":"-15%","Early Career":"-2%","Mid Career":"19%","Late Career":"20%","pay_by_experience_years":["1","1-4"],"1":"\u20b9696,220","1-4":"\u20b9797,573","gender_component":["Male","Female","Prefer to self-define"],"Male":"63.3","Female":"35.0","Prefer to self-define":"1.7","health_benefits_componentt":["Medical","Dental","Vision","None"],"Medical":"76","Dental":"10","Vision":"9","None":"24","popular_skills_component":["Auditing","Microsoft Excel","Financial Reporting","Internal Audit","Data Analysis"],"Auditing":"1%","Microsoft Excel":"7%","Financial Reporting":"14%","Internal Audit":"17%","Data Analysis":"12%","affect_skills_component":["Risk Management \/ Risk Control","Internal Audit","Financial Reporting","Data Analysis","Microsoft Excel","Financial Analysis","Auditing"],"Risk Management \/ Risk Control":"25%","Financial Analysis":"4%","career_path_component":["Auditing Manager","Internal Auditor"],"location_component":["Bangalore, Karnataka","Mumbai, Maharashtra","Hyderabad, Andhra Pradesh","Gurgaon, Haryana","Chennai, Tamil Nadu","Pune, Maharashtra","New Delhi, Delhi","Gurgaon, Delhi","Delhi, Delhi","Ahmedabad, Gujarat"],"Bangalore, Karnataka":"6%","Mumbai, Maharashtra":"19%","Hyderabad, Andhra Pradesh":"%","Gurgaon, Haryana":"17%","Chennai, Tamil Nadu":"3%","Pune, Maharashtra":"15%","New Delhi, Delhi":"19%","Gurgaon, Delhi":"-14%","Delhi, Delhi":"-29%","Ahmedabad, Gujarat":"4%","employers_component":["EY (Ernst & Young)","Deloitte","Deloitte & Touche LLP","KPMG, LLP"],"EY (Ernst & Young)":"Avg. Salary: \u20b9800,000","Deloitte":"Avg. Salary: \u20b91,074,419","Deloitte & Touche LLP":"Avg. Salary: \u20b91,047,619","KPMG, LLP":"Avg. Salary: \u20b9717,500","related_job_component":["Financial Analyst","Accountant","Finance Manager","Chartered Accountant","Data Analyst","Senior Financial Analyst","Operations Manager","Civil Engineer","Internal Auditor"],"Financial Analyst":"Avg. Salary \u20b9220k \u2014 \u20b9994k","Accountant":"Avg. Salary \u20b9123k \u2014 \u20b9507k","Finance Manager":"Avg. Salary \u20b9354k \u2014 \u20b92m","Chartered Accountant":"Avg. Salary \u20b9412k \u2014 \u20b92m","Data Analyst":"Avg. Salary \u20b9200k \u2014 \u20b9960k","Senior Financial Analyst":"Avg. Salary \u20b9303k \u2014 \u20b91m","Operations Manager":"Avg. Salary \u20b9297k \u2014 \u20b92m","Civil Engineer":"Avg. Salary \u20b9154k \u2014 \u20b9771k","Internal Auditor":"Avg. Salary \u20b9202k \u2014 \u20b91m"}}