{"0":{"job_title":"Senior_Tax_Analyst","avg_salary":"\u20b9659,233","salary_component":["Base Salary","Bonus","Total Pay"],"Base Salary":"\u20b9394k - \u20b91m","Bonus":"\u20b920k - \u20b9133k","Total Pay":"\u20b9408k - \u20b91m","pay_by_experience_percent":["Early Career","Mid Career"],"Early Career":"-19%","Mid Career":"21%","pay_by_experience_years":["1-4","5-9"],"1-4":"\u20b9535,126","5-9":"\u20b9800,000","gender_component":["Male","Female"],"Male":"68.2","Female":"31.8","health_benefits_componentt":["Medical","Dental","Vision","None"],"Medical":"62","Dental":"8","Vision":"8","None":"38","popular_skills_component":["Tax Compliance","Tax Preparation","Microsoft Excel","Tax Consulting","International taxation"],"Tax Compliance":"6%","Tax Preparation":"6%","Microsoft Excel":"2%","Tax Consulting":"\u20b9520,294","International taxation":"\u20b9500,000","affect_skills_component":["Tax Compliance","Tax Preparation","Microsoft Excel"],"career_path_component":[],"location_component":["Bangalore, Karnataka","Hyderabad, Andhra Pradesh"],"Bangalore, Karnataka":"2%","Hyderabad, Andhra Pradesh":"-31%","employers_component":["EY (Ernst & Young)"],"EY (Ernst & Young)":"Avg. Salary: \u20b9659,282","related_job_component":["Accountant","Civil Engineer","Mechanical Engineer","Chartered Accountant","Data Analyst","Account Executive","Finance Manager","Financial Analyst","Senior Accountant"],"Accountant":"Avg. Salary \u20b9123k \u2014 \u20b9507k","Civil Engineer":"Avg. Salary \u20b9154k \u2014 \u20b9771k","Mechanical Engineer":"Avg. Salary \u20b9152k \u2014 \u20b9983k","Chartered Accountant":"Avg. Salary \u20b9413k \u2014 \u20b92m","Data Analyst":"Avg. Salary \u20b9201k \u2014 \u20b9959k","Account Executive":"Avg. Salary \u20b9155k \u2014 \u20b9499k","Finance Manager":"Avg. Salary \u20b9354k \u2014 \u20b92m","Financial Analyst":"Avg. Salary \u20b9220k \u2014 \u20b9994k","Senior Accountant":"Avg. Salary \u20b9242k \u2014 \u20b9770k"}}