{"0":{"job_title":"Staff_Accountant","avg_salary":"\u20b9251,658","salary_component":["Base Salary","Bonus","Profit Sharing","Total Pay"],"Base Salary":"\u20b9135k - \u20b9502k","Bonus":"\u20b95k - \u20b9118k","Profit Sharing":"\u20b920 - \u20b9179k","Total Pay":"\u20b9145k - \u20b9690k","pay_by_experience_percent":["Entry Level","Early Career","Mid Career","Late Career","Experienced"],"Entry Level":"-27%","Early Career":"-16%","Mid Career":"37%","Late Career":"6%","Experienced":"33%","pay_by_experience_years":["1","1-4"],"1":"\u20b9184,335","1-4":"\u20b9211,094","gender_component":["Male","Female"],"Male":"70.0","Female":"30.0","health_benefits_componentt":["Medical","Dental","Vision","None"],"Medical":"44","Dental":"5","Vision":"5","None":"56","popular_skills_component":["General Ledger Accounting","Microsoft Excel","Bookkeeping","Accounts Payable","Financial Reporting"],"General Ledger Accounting":"\u20b9216,000","Microsoft Excel":"11%","Bookkeeping":"\u20b9219,250","Accounts Payable":"\u20b9225,000","Financial Reporting":"19%","affect_skills_component":["Auditing","Accounting","Financial Reporting","Microsoft Excel"],"Auditing":"44%","Accounting":"32%","career_path_component":["Accountant","Senior Accountant","Assistant Finance Manager"],"location_component":["Delhi, Delhi","Jaipur, Rajasthan","Lucknow, Uttar Pradesh","Gurgaon, Haryana","Surat, Gujarat","Patna, Bihar","Guwahati, Assam","Noida, Uttar Pradesh","Chandigarh, Chandigarh","Nagpur, Maharashtra"],"Delhi, Delhi":"1%","Jaipur, Rajasthan":"-1%","Lucknow, Uttar Pradesh":"-6%","Gurgaon, Haryana":"18%","Surat, Gujarat":"-2%","Patna, Bihar":"-1%","Guwahati, Assam":"-3%","Noida, Uttar Pradesh":"9%","Chandigarh, Chandigarh":"4%","Nagpur, Maharashtra":"-1%","employers_component":[],"related_job_component":["Accountant","Civil Engineer","Finance Manager","Financial Analyst","Account Executive","Mechanical Engineer","Senior Accountant","Chartered Accountant","Operations Manager"],"Accountant":"Avg. Salary \u20b9123k \u2014 \u20b9507k","Civil Engineer":"Avg. Salary \u20b9154k \u2014 \u20b9771k","Finance Manager":"Avg. Salary \u20b9354k \u2014 \u20b92m","Financial Analyst":"Avg. Salary \u20b9220k \u2014 \u20b9992k","Account Executive":"Avg. Salary \u20b9155k \u2014 \u20b9499k","Mechanical Engineer":"Avg. Salary \u20b9152k \u2014 \u20b9983k","Senior Accountant":"Avg. Salary \u20b9242k \u2014 \u20b9770k","Chartered Accountant":"Avg. Salary \u20b9413k \u2014 \u20b92m","Operations Manager":"Avg. Salary \u20b9297k \u2014 \u20b92m"}}