{"0":{"job_title":"Tax_Associate","avg_salary":"\u20b9388,723","salary_component":["Base Salary","Bonus","Profit Sharing","Total Pay"],"Base Salary":"\u20b9217k - \u20b9880k","Bonus":"\u20b97k - \u20b9134k","Profit Sharing":"\u20b9-22 - \u20b9440k","Total Pay":"\u20b9221k - \u20b9998k","pay_by_experience_percent":["Entry Level","Early Career","Mid Career"],"Entry Level":"-11%","Early Career":"4%","Mid Career":"32%","pay_by_experience_years":["1","1-4"],"1":"\u20b9347,189","1-4":"\u20b9403,066","gender_component":["Male","Female"],"Male":"76.7","Female":"23.3","health_benefits_componentt":["Medical","Dental","Vision","None"],"Medical":"71","Dental":"5","Vision":"4","None":"29","popular_skills_component":["Tax Preparation","Tax Compliance","Tax Consulting","Microsoft Excel","Accounting"],"Tax Preparation":"1%","Tax Compliance":"13%","Tax Consulting":"48%","Microsoft Excel":"6%","Accounting":"6%","affect_skills_component":["Tax Consulting","Financial Analysis","Tax Compliance","Auditing","Microsoft Excel","Accounting","Tax Preparation"],"Financial Analysis":"35%","Auditing":"8%","career_path_component":["Senior Tax Associate","Finance Manager","Tax Manager"],"location_component":["Bangalore, Karnataka","Kolkata, West Bengal","Mumbai, Maharashtra","Hyderabad, Andhra Pradesh","Pune, Maharashtra","Chennai, Tamil Nadu","New Delhi, Delhi","Kochi, Kerala","Gurgaon, Haryana","Delhi, Delhi"],"Bangalore, Karnataka":"8%","Kolkata, West Bengal":"-18%","Mumbai, Maharashtra":"41%","Hyderabad, Andhra Pradesh":"-18%","Pune, Maharashtra":"93%","Chennai, Tamil Nadu":"56%","New Delhi, Delhi":"23%","Kochi, Kerala":"-10%","Gurgaon, Haryana":"132%","Delhi, Delhi":"3%","employers_component":["PricewaterhouseCoopers","EY (Ernst & Young)","Price Waterhouse Cooper Ltd","KPMG International","PWC Logistics","KPMG, LLP"],"PricewaterhouseCoopers":"Avg. Salary: \u20b9450,000","EY (Ernst & Young)":"Avg. Salary: \u20b9434,483","Price Waterhouse Cooper Ltd":"Avg. Salary: \u20b9450,000","KPMG International":"Avg. Salary: \u20b9610,419","PWC Logistics":"Avg. Salary: \u20b9321,000","KPMG, LLP":"Avg. Salary: \u20b9380,000","related_job_component":["Accountant","Financial Analyst","Chartered Accountant","Finance Manager","Account Executive","Senior Financial Analyst","Civil Engineer","Mechanical Engineer","Senior Accountant"],"Accountant":"Avg. Salary \u20b9123k \u2014 \u20b9507k","Financial Analyst":"Avg. Salary \u20b9220k \u2014 \u20b9992k","Chartered Accountant":"Avg. Salary \u20b9413k \u2014 \u20b92m","Finance Manager":"Avg. Salary \u20b9354k \u2014 \u20b92m","Account Executive":"Avg. Salary \u20b9155k \u2014 \u20b9499k","Senior Financial Analyst":"Avg. Salary \u20b9304k \u2014 \u20b91m","Civil Engineer":"Avg. Salary \u20b9154k \u2014 \u20b9771k","Mechanical Engineer":"Avg. Salary \u20b9152k \u2014 \u20b9983k","Senior Accountant":"Avg. Salary \u20b9242k \u2014 \u20b9770k"}}