{"0":{"job_title":"Tax_Manager","avg_salary":"\u20b91,317,546","salary_component":["Base Salary","Bonus","Profit Sharing","Total Pay"],"Base Salary":"\u20b9490k - \u20b93m","Bonus":"\u20b922k - \u20b9352k","Profit Sharing":"\u20b90 - \u20b938k","Total Pay":"\u20b9497k - \u20b93m","pay_by_experience_percent":["Entry Level","Early Career","Mid Career","Late Career","Experienced"],"Entry Level":"-52%","Early Career":"-42%","Mid Career":"6%","Late Career":"32%","Experienced":"6%","pay_by_experience_years":["1","1-4"],"1":"\u20b9635,169","1-4":"\u20b9760,000","gender_component":["Male","Female"],"Male":"65.2","Female":"34.8","health_benefits_componentt":["Medical","Dental","Vision","None"],"Medical":"70","Dental":"7","Vision":"7","None":"30","popular_skills_component":["Tax Compliance","Tax Consulting","Tax Preparation","Microsoft Excel","Accounting"],"Tax Compliance":"2%","Tax Consulting":"\u20b91,278,973","Tax Preparation":"\u20b91,233,874","Microsoft Excel":"\u20b91,296,000","Accounting":"\u20b91,050,000","affect_skills_component":["Project Management","Sales Tax Reports","Tax Compliance"],"Project Management":"48%","Sales Tax Reports":"14%","career_path_component":["Senior Tax Manager","Tax Director","Finance Manager"],"location_component":["Bangalore, Karnataka","Mumbai, Maharashtra","Hyderabad, Andhra Pradesh","Pune, Maharashtra","New Delhi, Delhi","Gurgaon, Haryana","Delhi, Delhi","Chennai, Tamil Nadu","Kolkata, West Bengal"],"Bangalore, Karnataka":"19%","Mumbai, Maharashtra":"-22%","Hyderabad, Andhra Pradesh":"6%","Pune, Maharashtra":"-15%","New Delhi, Delhi":"-28%","Gurgaon, Haryana":"-4%","Delhi, Delhi":"-9%","Chennai, Tamil Nadu":"-9%","Kolkata, West Bengal":"-43%","employers_component":["EY (Ernst & Young)","PricewaterhouseCoopers","Deloitte"],"EY (Ernst & Young)":"Avg. Salary: \u20b91,591,852","PricewaterhouseCoopers":"Avg. Salary: \u20b91,700,000","Deloitte":"Avg. Salary: \u20b91,000,000","related_job_component":["Accountant","Civil Engineer","Project Manager, (Unspecified Type \/ General)","Finance Manager","Financial Analyst","Mechanical Engineer","Chartered Accountant","Operations Manager","Account Executive"],"Accountant":"Avg. Salary \u20b9123k \u2014 \u20b9507k","Civil Engineer":"Avg. Salary \u20b9154k \u2014 \u20b9771k","Project Manager, (Unspecified Type \/ General)":"Avg. Salary \u20b9456k \u2014 \u20b92m","Finance Manager":"Avg. Salary \u20b9354k \u2014 \u20b92m","Financial Analyst":"Avg. Salary \u20b9220k \u2014 \u20b9994k","Mechanical Engineer":"Avg. Salary \u20b9152k \u2014 \u20b9983k","Chartered Accountant":"Avg. Salary \u20b9413k \u2014 \u20b92m","Operations Manager":"Avg. Salary \u20b9297k \u2014 \u20b92m","Account Executive":"Avg. Salary \u20b9155k \u2014 \u20b9499k"}}