{"0":{"job_title":"Tax_Analyst","avg_salary":"\u20b9350,738","salary_component":["Base Salary","Bonus","Profit Sharing","Total Pay"],"Base Salary":"\u20b9240k - \u20b9541k","Bonus":"\u20b910k - \u20b969k","Profit Sharing":"\u20b9993 - \u20b9509k","Total Pay":"\u20b9242k - \u20b9596k","pay_by_experience_percent":["Entry Level","Early Career","Mid Career"],"Entry Level":"-4%","Early Career":"2%","Mid Career":"48%","pay_by_experience_years":["1","1-4"],"1":"\u20b9336,799","1-4":"\u20b9357,861","gender_component":["Male","Female"],"Male":"67.1","Female":"32.9","health_benefits_componentt":["Medical","Dental","Vision","None"],"Medical":"71","Dental":"6","Vision":"7","None":"28","popular_skills_component":["Tax Preparation","Tax Compliance","Microsoft Excel","Tax Consulting","Data Analysis"],"Tax Preparation":"2%","Tax Compliance":"1%","Microsoft Excel":"3%","Tax Consulting":"2%","Data Analysis":"3%","affect_skills_component":["Payroll Tax Compliance","Microsoft Excel","Data Analysis","Tax Preparation","Tax Consulting","Tax Compliance"],"Payroll Tax Compliance":"5%","career_path_component":["Tax Manager","Senior Tax Associate","Assistant Finance Manager"],"location_component":["Bangalore, Karnataka","Chennai, Tamil Nadu","Hyderabad, Andhra Pradesh","Mumbai, Maharashtra","Kolkata, West Bengal","New Delhi, Delhi","Delhi, Delhi","Pune, Maharashtra","Gurgaon, Delhi","Gurgaon, Haryana"],"Bangalore, Karnataka":"1%","Chennai, Tamil Nadu":"-6%","Hyderabad, Andhra Pradesh":"-8%","Mumbai, Maharashtra":"-12%","Kolkata, West Bengal":"11%","New Delhi, Delhi":"-5%","Delhi, Delhi":"-4%","Pune, Maharashtra":"59%","Gurgaon, Delhi":"-1%","Gurgaon, Haryana":"95%","employers_component":["EY (Ernst & Young)","PricewaterhouseCoopers","Deloitte"],"EY (Ernst & Young)":"Avg. Salary: \u20b9351,612","PricewaterhouseCoopers":"Avg. Salary: \u20b9290,000","Deloitte":"Avg. Salary: \u20b9393,054","related_job_component":["Data Analyst","Accountant","Financial Analyst","Research Analyst","Civil Engineer","Senior Business Analyst","Mechanical Engineer","Chartered Accountant","Business Analyst (Unspecified Type)"],"Data Analyst":"Avg. Salary \u20b9201k \u2014 \u20b9960k","Accountant":"Avg. Salary \u20b9123k \u2014 \u20b9507k","Financial Analyst":"Avg. Salary \u20b9220k \u2014 \u20b9994k","Research Analyst":"Avg. Salary \u20b9192k \u2014 \u20b9861k","Civil Engineer":"Avg. Salary \u20b9154k \u2014 \u20b9771k","Senior Business Analyst":"Avg. Salary \u20b9447k \u2014 \u20b92m","Mechanical Engineer":"Avg. Salary \u20b9152k \u2014 \u20b9983k","Chartered Accountant":"Avg. Salary \u20b9412k \u2014 \u20b92m","Business Analyst (Unspecified Type)":"Avg. Salary \u20b9252k \u2014 \u20b91m"}}