{"0":{"job_title":"Tax_Accountant","avg_salary":"\u20b9330,000","salary_component":["Base Salary","Bonus","Profit Sharing","Total Pay"],"Base Salary":"\u20b9148k - \u20b91m","Bonus":"\u20b93k - \u20b9194k","Profit Sharing":"\u20b90 - \u20b9197k","Total Pay":"\u20b9154k - \u20b92m","pay_by_experience_percent":["Early Career","Mid Career","Late Career"],"Early Career":"-13%","Mid Career":"97%","Late Career":"64%","pay_by_experience_years":["1-4","5-9"],"1-4":"\u20b9286,668","5-9":"\u20b9650,000","gender_component":["Male","Female"],"Male":"72.2","Female":"27.8","health_benefits_componentt":["Medical","None"],"Medical":"44","None":"56","popular_skills_component":["Tax Preparation","Tax Compliance","Tax Consulting","Microsoft Excel","Financial Reporting"],"Tax Preparation":"9%","Tax Compliance":"139%","Tax Consulting":"135%","Microsoft Excel":"\u20b9225,000","Financial Reporting":"\u20b9256,809","affect_skills_component":["Tax Compliance","Tax Consulting","Tax Preparation"],"career_path_component":["Accountant"],"location_component":["Mumbai, Maharashtra","Hyderabad, Andhra Pradesh","Bangalore, Karnataka"],"Mumbai, Maharashtra":"-16%","Hyderabad, Andhra Pradesh":"-13%","Bangalore, Karnataka":"52%","employers_component":[],"related_job_component":["Accountant","Civil Engineer","Mechanical Engineer","Chartered Accountant","Financial Analyst","Finance Manager","Data Analyst","Computer Operator","Senior Accountant"],"Accountant":"Avg. Salary \u20b9123k \u2014 \u20b9507k","Civil Engineer":"Avg. Salary \u20b9154k \u2014 \u20b9771k","Mechanical Engineer":"Avg. Salary \u20b9152k \u2014 \u20b9982k","Chartered Accountant":"Avg. Salary \u20b9410k \u2014 \u20b92m","Financial Analyst":"Avg. Salary \u20b9220k \u2014 \u20b9994k","Finance Manager":"Avg. Salary \u20b9354k \u2014 \u20b92m","Data Analyst":"Avg. Salary \u20b9200k \u2014 \u20b9951k","Computer Operator":"Avg. Salary \u20b999k \u2014 \u20b9402k","Senior Accountant":"Avg. Salary \u20b9243k \u2014 \u20b9765k"}}