{"0":{"job_title":"Tax_Consultant","avg_salary":"\u20b9512,287","salary_component":["Base Salary","Bonus","Profit Sharing","Total Pay"],"Base Salary":"\u20b9242k - \u20b9913k","Bonus":"\u20b915k - \u20b9194k","Profit Sharing":"\u20b9986 - \u20b9308k","Total Pay":"\u20b9255k - \u20b91m","pay_by_experience_percent":["Entry Level","Early Career","Mid Career","Late Career","Experienced"],"Entry Level":"-7%","Early Career":"1%","Mid Career":"16%","Late Career":"-2%","Experienced":"17%","pay_by_experience_years":["1","1-4"],"1":"\u20b9474,633","1-4":"\u20b9515,260","gender_component":["Male","Female"],"Male":"76.5","Female":"23.5","health_benefits_componentt":["Medical","Dental","Vision","None"],"Medical":"65","Dental":"3","Vision":"2","None":"35","popular_skills_component":["Tax Consulting","Tax Compliance","Tax Preparation","Microsoft Excel","Accounting"],"Tax Consulting":"\u20b9510,812","Tax Compliance":"2%","Tax Preparation":"3%","Microsoft Excel":"1%","Accounting":"\u20b9450,000","affect_skills_component":["Tax Preparation","Tax Compliance","Microsoft Office","Microsoft Excel"],"Microsoft Office":"2%","career_path_component":["Senior Tax Accountant","Chartered Accountant","Senior Tax Consultant"],"location_component":["Hyderabad, Andhra Pradesh","Mumbai, Maharashtra","Bangalore, Karnataka","Kolkata, West Bengal","Gurgaon, Haryana","New Delhi, Delhi","Pune, Maharashtra","Delhi, Delhi","Chennai, Tamil Nadu"],"Hyderabad, Andhra Pradesh":"-2%","Mumbai, Maharashtra":"5%","Bangalore, Karnataka":"21%","Kolkata, West Bengal":"-12%","Gurgaon, Haryana":"31%","New Delhi, Delhi":"%","Pune, Maharashtra":"22%","Delhi, Delhi":"11%","Chennai, Tamil Nadu":"66%","employers_component":["EY (Ernst & Young)","Deloitte","Deloitte Tax LLP","Deloitte & Touche LLP","Deloitte Tax Services India Private Ltd"],"EY (Ernst & Young)":"Avg. Salary: \u20b9824,242","Deloitte":"Avg. Salary: \u20b9505,824","Deloitte Tax LLP":"Avg. Salary: \u20b9523,275","Deloitte & Touche LLP":"Avg. Salary: \u20b9532,105","Deloitte Tax Services India Private Ltd":"Avg. Salary: \u20b9425,000","related_job_component":["Accountant","Civil Engineer","Mechanical Engineer","Project Manager, (Unspecified Type \/ General)","Operations Manager","Finance Manager","Financial Analyst","Account Executive","Data Analyst"],"Accountant":"Avg. Salary \u20b9123k \u2014 \u20b9507k","Civil Engineer":"Avg. Salary \u20b9154k \u2014 \u20b9771k","Mechanical Engineer":"Avg. Salary \u20b9152k \u2014 \u20b9983k","Project Manager, (Unspecified Type \/ General)":"Avg. Salary \u20b9458k \u2014 \u20b92m","Operations Manager":"Avg. Salary \u20b9297k \u2014 \u20b92m","Finance Manager":"Avg. Salary \u20b9354k \u2014 \u20b92m","Financial Analyst":"Avg. Salary \u20b9220k \u2014 \u20b9992k","Account Executive":"Avg. Salary \u20b9155k \u2014 \u20b9499k","Data Analyst":"Avg. Salary \u20b9201k \u2014 \u20b9959k"}}