{"0":{"job_title":"Treasury_Manager","avg_salary":"\u20b9963,971","salary_component":["Base Salary","Bonus","Profit Sharing","Total Pay"],"Base Salary":"\u20b9473k - \u20b92m","Bonus":"\u20b930k - \u20b9487k","Profit Sharing":"\u20b90 - \u20b9500k","Total Pay":"\u20b9490k - \u20b92m","pay_by_experience_percent":["Entry Level","Early Career","Mid Career","Late Career"],"Entry Level":"-40%","Early Career":"-37%","Mid Career":"1%","Late Career":"54%","pay_by_experience_years":["1","1-4"],"1":"\u20b9574,565","1-4":"\u20b9606,206","gender_component":["Male","Female"],"Male":"73.3","Female":"26.7","health_benefits_componentt":["Medical","Dental","Vision","None"],"Medical":"72","Dental":"12","Vision":"16","None":"28","popular_skills_component":["Cash Flow Management","Banking","Investment Management","Risk Management \/ Risk Control","Foreign Currency Transactions"],"Cash Flow Management":"10%","Banking":"19%","Investment Management":"28%","Risk Management \/ Risk Control":"\u20b9709,859","Foreign Currency Transactions":"75%","affect_skills_component":["Foreign Currency Transactions","Investment Management","Banking","Cash Flow Management"],"career_path_component":[],"location_component":["Mumbai, Maharashtra","Bangalore, Karnataka","Pune, Maharashtra","Chennai, Tamil Nadu","Gurgaon, Haryana","New Delhi, Delhi","Delhi, Delhi"],"Mumbai, Maharashtra":"-4%","Bangalore, Karnataka":"16%","Pune, Maharashtra":"4%","Chennai, Tamil Nadu":"56%","Gurgaon, Haryana":"4%","New Delhi, Delhi":"13%","Delhi, Delhi":"4%","employers_component":[],"related_job_component":["Financial Analyst","Credit Manager","Finance Manager","Branch Manager, Banking","Senior Financial Analyst","Business Analyst, Finance\/Banking","Relationship Manager","Assistant Branch Manager, Banking","Credit Analyst"],"Financial Analyst":"Avg. Salary \u20b9220k \u2014 \u20b9997k","Credit Manager":"Avg. Salary \u20b9266k \u2014 \u20b91m","Finance Manager":"Avg. Salary \u20b9352k \u2014 \u20b92m","Branch Manager, Banking":"Avg. Salary \u20b9356k \u2014 \u20b91m","Senior Financial Analyst":"Avg. Salary \u20b9302k \u2014 \u20b91m","Business Analyst, Finance\/Banking":"Avg. Salary \u20b9288k \u2014 \u20b91m","Relationship Manager":"Avg. Salary \u20b9203k \u2014 \u20b9803k","Assistant Branch Manager, Banking":"Avg. Salary \u20b9241k \u2014 \u20b9841k","Credit Analyst":"Avg. Salary \u20b9214k \u2014 \u20b91m"}}