{"0":{"job_title":"Underwriter","avg_salary":"\u20b9485,237","salary_component":["Base Salary","Bonus","Profit Sharing","Total Pay"],"Base Salary":"\u20b9196k - \u20b91m","Bonus":"\u20b915k - \u20b9201k","Profit Sharing":"\u20b9500 - \u20b9585k","Total Pay":"\u20b9203k - \u20b91m","pay_by_experience_percent":["Entry Level","Early Career","Mid Career","Late Career"],"Entry Level":"-44%","Early Career":"-28%","Mid Career":"29%","Late Career":"116%","pay_by_experience_years":["1","1-4"],"1":"\u20b9273,161","1-4":"\u20b9350,000","gender_component":["Male","Female"],"Male":"62.9","Female":"37.1","health_benefits_componentt":["Medical","Dental","Vision","None"],"Medical":"73","Dental":"3","Vision":"5","None":"27","popular_skills_component":["Insurance","Loan Underwriting","Risk Management \/ Risk Control","Financial Analysis","Customer Service"],"Insurance":"20%","Loan Underwriting":"4%","Risk Management \/ Risk Control":"27%","Financial Analysis":"34%","Customer Service":"65%","affect_skills_component":["Customer Service","Data Analysis","Financial Analysis","Risk Management \/ Risk Control","Insurance","Mortgage Loans","Loan Underwriting"],"Data Analysis":"51%","Mortgage Loans":"12%","career_path_component":[],"location_component":["Mumbai, Maharashtra","Chennai, Tamil Nadu","Bangalore, Karnataka","Gurgaon, Haryana","Pune, Maharashtra","New Delhi, Delhi"],"Mumbai, Maharashtra":"24%","Chennai, Tamil Nadu":"-35%","Bangalore, Karnataka":"4%","Gurgaon, Haryana":"-42%","Pune, Maharashtra":"5%","New Delhi, Delhi":"-1%","employers_component":[],"related_job_component":["Financial Analyst","Data Analyst","Operations Manager","Credit Manager","Accountant","Civil Engineer","Senior Financial Analyst","Finance Manager","Senior Business Analyst"],"Financial Analyst":"Avg. Salary \u20b9220k \u2014 \u20b9994k","Data Analyst":"Avg. Salary \u20b9201k \u2014 \u20b9960k","Operations Manager":"Avg. Salary \u20b9297k \u2014 \u20b92m","Credit Manager":"Avg. Salary \u20b9259k \u2014 \u20b91m","Accountant":"Avg. Salary \u20b9123k \u2014 \u20b9507k","Civil Engineer":"Avg. Salary \u20b9154k \u2014 \u20b9771k","Senior Financial Analyst":"Avg. Salary \u20b9303k \u2014 \u20b91m","Finance Manager":"Avg. Salary \u20b9354k \u2014 \u20b92m","Senior Business Analyst":"Avg. Salary \u20b9447k \u2014 \u20b92m"}}