{"0":{"job_title":".NET_Software_Developer_%2F_Programmer","avg_salary":"\u20b9406,833","salary_component":["Base Salary","Bonus","Profit Sharing","Total Pay"],"Base Salary":"\u20b9176k - \u20b9992k","Bonus":"\u20b92k - \u20b9125k","Profit Sharing":"\u20b92k - \u20b9378k","Total Pay":"\u20b9179k - \u20b91m","pay_by_experience_percent":["Entry Level","Early Career","Mid Career","Late Career"],"Entry Level":"-43%","Early Career":"-13%","Mid Career":"85%","Late Career":"188%","pay_by_experience_years":["1"],"1":"\u20b9230,981","gender_component":["Male","Female","Prefer to self-define"],"Male":"80.0","Female":"19.8","Prefer to self-define":"0.2","health_benefits_componentt":["Medical","Dental","Vision","None"],"Medical":"52","Dental":"3","Vision":"3","None":"48","popular_skills_component":["C# Programming Language",".NET","Microsoft SQL Server","ASP.NET Framework","Model-view-controller (MVC)"],"C# Programming Language":"\u20b9439,098",".NET":"\u20b9431,890","Microsoft SQL Server":"\u20b9436,363","ASP.NET Framework":"\u20b9417,107","Model-view-controller (MVC)":"\u20b9399,824","affect_skills_component":["Microsoft .NET","Microsoft Azure","Angular","Windows Communication Foundation (WCF)",".NET Core","SQL Server Reporting Services (SSRS)","Angular.js","RESTful Web Services","Bootstrap","SQL Server Integration Services (SSIS)"],"Microsoft .NET":"91%","Microsoft Azure":"75%","Angular":"50%","Windows Communication Foundation (WCF)":"48%",".NET Core":"40%","SQL Server Reporting Services (SSRS)":"30%","Angular.js":"24%","RESTful Web Services":"24%","Bootstrap":"23%","SQL Server Integration Services (SSIS)":"23%","career_path_component":["Senior Software Engineer","Senior .NET Developer \/ Programmer","Software Engineer"],"location_component":["Pune, Maharashtra","Bangalore, Karnataka","Mumbai, Maharashtra","Chennai, Tamil Nadu","Hyderabad, Andhra Pradesh","Ahmedabad, Gujarat","Noida, Uttar Pradesh","Gurgaon, Haryana","Coimbatore, Tamil Nadu","Kolkata, West Bengal"],"Pune, Maharashtra":"33%","Bangalore, Karnataka":"35%","Mumbai, Maharashtra":"2%","Chennai, Tamil Nadu":"-15%","Hyderabad, Andhra Pradesh":"5%","Ahmedabad, Gujarat":"-28%","Noida, Uttar Pradesh":"-12%","Gurgaon, Haryana":"20%","Coimbatore, Tamil Nadu":"-18%","Kolkata, West Bengal":"-17%","employers_component":["Tata Consultancy Services Limited","Cognizant","Cognizant Technology Solutions Corp","Capgemini","Accenture","XYZ Corp.","Accenture Technology Solutions","Fiserv India Pvt Ltd","InfoSys Limited","Techmahindra Ltd"],"Tata Consultancy Services Limited":"Avg. Salary: \u20b9554,955","Cognizant":"Avg. Salary: \u20b9578,596","Cognizant Technology Solutions Corp":"Avg. Salary: \u20b9654,046","Capgemini":"Avg. Salary: \u20b9594,128","Accenture":"Avg. Salary: \u20b9950,000","XYZ Corp.":"Avg. Salary: \u20b91,522,119","Accenture Technology Solutions":"Avg. Salary: \u20b9565,500","Fiserv India Pvt Ltd":"Avg. Salary: \u20b9945,000","InfoSys Limited":"Avg. Salary: \u20b9499,999","Techmahindra Ltd":"Avg. Salary: \u20b9357,343","related_job_component":["Software Engineer","Senior Software Engineer","Software Developer","Sr. Software Engineer \/ Developer \/ Programmer","Web Developer","Team Leader, IT","PHP Developer","Software Engineer \/ Developer \/ Programmer","Associate Software Engineer"],"Software Engineer":"Avg. Salary \u20b9262k \u2014 \u20b91m","Senior Software Engineer":"Avg. Salary \u20b9493k \u2014 \u20b92m","Software Developer":"Avg. Salary \u20b9214k \u2014 \u20b91m","Sr. Software Engineer \/ Developer \/ Programmer":"Avg. Salary \u20b9432k \u2014 \u20b92m","Web Developer":"Avg. Salary \u20b9124k \u2014 \u20b9779k","Team Leader, IT":"Avg. Salary \u20b9584k \u2014 \u20b92m","PHP Developer":"Avg. Salary \u20b9119k \u2014 \u20b9609k","Software Engineer \/ Developer \/ Programmer":"Avg. Salary \u20b9225k \u2014 \u20b91m","Associate Software Engineer":"Avg. Salary \u20b9240k \u2014 \u20b91m"}}