{"0":{"job_title":"Android_Software_Developer","avg_salary":"\u20b9367,676","salary_component":["Base Salary","Bonus","Profit Sharing","Total Pay"],"Base Salary":"\u20b9150k - \u20b9975k","Bonus":"\u20b92k - \u20b9195k","Profit Sharing":"\u20b916 - \u20b9196k","Total Pay":"\u20b9153k - \u20b91m","pay_by_experience_percent":["Entry Level","Early Career","Mid Career","Late Career"],"Entry Level":"-44%","Early Career":"-3%","Mid Career":"120%","Late Career":"258%","pay_by_experience_years":["1"],"1":"\u20b9205,530","gender_component":["Male","Female"],"Male":"90.9","Female":"9.1","health_benefits_componentt":["Medical","Dental","Vision","None"],"Medical":"33","Dental":"2","Vision":"2","None":"66","popular_skills_component":["Android Software Development Kit (SDK)","Java","Mobile applications development","SQLite","Android Operating System Development"],"Android Software Development Kit (SDK)":"\u20b9391,976","Java":"\u20b9369,380","Mobile applications development":"\u20b9391,236","SQLite":"\u20b9354,892","Android Operating System Development":"\u20b9384,633","affect_skills_component":["Software Development","C Programming Language","Git","iOS","Object Oriented Programming (OOP)","Eclipse Java IDE","Xamarin","Kotlin Programming Language","JavaScript","C++ Programming Language"],"Software Development":"124%","C Programming Language":"112%","Git":"104%","iOS":"82%","Object Oriented Programming (OOP)":"63%","Eclipse Java IDE":"41%","Xamarin":"39%","Kotlin Programming Language":"34%","JavaScript":"31%","C++ Programming Language":"11%","career_path_component":["Sr. Software Engineer \/ Developer \/ Prog...","Mobile Applications Developer","Senior Software Engineer"],"location_component":["Bangalore, Karnataka","Pune, Maharashtra","Mumbai, Maharashtra","Ahmedabad, Gujarat","Chennai, Tamil Nadu","Hyderabad, Andhra Pradesh","New Delhi, Delhi","Gurgaon, Haryana","Noida, Uttar Pradesh","Delhi, Delhi"],"Bangalore, Karnataka":"38%","Pune, Maharashtra":"%","Mumbai, Maharashtra":"8%","Ahmedabad, Gujarat":"-18%","Chennai, Tamil Nadu":"-6%","Hyderabad, Andhra Pradesh":"11%","New Delhi, Delhi":"-6%","Gurgaon, Haryana":"42%","Noida, Uttar Pradesh":"-10%","Delhi, Delhi":"11%","employers_component":["Jio","Solution IT","Tata Consultancy Services Limited","Cognizant"],"Jio":"Avg. Salary: \u20b9593,218","Solution IT":"Avg. Salary: \u20b9282,000","Tata Consultancy Services Limited":"Avg. Salary: \u20b9421,000","Cognizant":"Avg. Salary: \u20b9341,000","related_job_component":["Software Engineer","Senior Software Engineer","Software Developer","Sr. Software Engineer \/ Developer \/ Programmer","Software Engineer \/ Developer \/ Programmer","Team Leader, IT","Associate Software Engineer","Web Developer","Lead Software Engineer"],"Software Engineer":"Avg. Salary \u20b9262k \u2014 \u20b91m","Senior Software Engineer":"Avg. Salary \u20b9493k \u2014 \u20b92m","Software Developer":"Avg. Salary \u20b9214k \u2014 \u20b91m","Sr. Software Engineer \/ Developer \/ Programmer":"Avg. Salary \u20b9432k \u2014 \u20b92m","Software Engineer \/ Developer \/ Programmer":"Avg. Salary \u20b9225k \u2014 \u20b91m","Team Leader, IT":"Avg. Salary \u20b9584k \u2014 \u20b92m","Associate Software Engineer":"Avg. Salary \u20b9240k \u2014 \u20b91m","Web Developer":"Avg. Salary \u20b9124k \u2014 \u20b9779k","Lead Software Engineer":"Avg. Salary \u20b9788k \u2014 \u20b93m"}}