{"0":{"job_title":"Application_Developer","avg_salary":"\u20b9503,922","salary_component":["Base Salary","Bonus","Profit Sharing","Commission","Total Pay"],"Base Salary":"\u20b9255k - \u20b91m","Bonus":"\u20b910k - \u20b9199k","Profit Sharing":"\u20b9997 - \u20b9223k","Commission":"\u20b90 - \u20b9100k","Total Pay":"\u20b9266k - \u20b91m","pay_by_experience_percent":["Entry Level","Early Career","Mid Career","Late Career","Experienced"],"Entry Level":"-31%","Early Career":"-12%","Mid Career":"73%","Late Career":"178%","Experienced":"98%","pay_by_experience_years":["1","1-4"],"1":"\u20b9346,455","1-4":"\u20b9443,114","gender_component":["Male","Female"],"Male":"72.4","Female":"27.6","health_benefits_componentt":["Medical","Dental","Vision","None"],"Medical":"69","Dental":"8","Vision":"7","None":"31","popular_skills_component":["Java","SQL","JavaScript","C# Programming Language",".NET"],"Java":"\u20b9587,994","SQL":"\u20b9551,195","JavaScript":"\u20b9540,777","C# Programming Language":"\u20b9461,451",".NET":"\u20b9483,175","affect_skills_component":["Oracle SQL Developer","SAP Sales and Distribution (SAP SD)","Scala","TypeScript Programming Language","Apache Spark","Go (Golang) Programming Language","PostgreSQL","Cognos","Informatica","Java\/J2EE"],"Oracle SQL Developer":"218%","SAP Sales and Distribution (SAP SD)":"173%","Scala":"168%","TypeScript Programming Language":"158%","Apache Spark":"98%","Go (Golang) Programming Language":"78%","PostgreSQL":"77%","Cognos":"72%","Informatica":"61%","Java\/J2EE":"60%","career_path_component":["Senior Application Developer","Senior Software Engineer","Sr. Software Engineer \/ Developer \/ Prog..."],"location_component":["Bangalore, Karnataka","Pune, Maharashtra","Hyderabad, Andhra Pradesh","Mumbai, Maharashtra","Chennai, Tamil Nadu","Gurgaon, Haryana","Ahmedabad, Gujarat","Kolkata, West Bengal","Delhi, Delhi","Noida, Uttar Pradesh"],"Bangalore, Karnataka":"23%","Pune, Maharashtra":"-1%","Hyderabad, Andhra Pradesh":"13%","Mumbai, Maharashtra":"6%","Chennai, Tamil Nadu":"-12%","Gurgaon, Haryana":"18%","Ahmedabad, Gujarat":"-39%","Kolkata, West Bengal":"-11%","Delhi, Delhi":"-29%","Noida, Uttar Pradesh":"-22%","employers_component":["IBM India Private Limited","Accenture Technology Solutions","Thoughtworks, Inc.","J.P. Morgan Chase & Co. (JPMCC)","Accenture","Oracle","International Business Machines (IBM) Corp.","Cognizant","iNautix","Tata Consultancy Services Limited"],"IBM India Private Limited":"Avg. Salary: \u20b9590,951","Accenture Technology Solutions":"Avg. Salary: \u20b9438,839","Thoughtworks, Inc.":"Avg. Salary: \u20b9998,945","J.P. Morgan Chase & Co. (JPMCC)":"Avg. Salary: \u20b91,348,339","Accenture":"Avg. Salary: \u20b9467,270","Oracle":"Avg. Salary: \u20b9776,605","International Business Machines (IBM) Corp.":"Avg. Salary: \u20b9481,964","Cognizant":"Avg. Salary: \u20b9689,604","iNautix":"Avg. Salary: \u20b9420,472","Tata Consultancy Services Limited":"Avg. Salary: \u20b9402,590","related_job_component":["Software Engineer","Senior Software Engineer","Software Developer","Sr. Software Engineer \/ Developer \/ Programmer","Team Leader, IT","Software Engineer \/ Developer \/ Programmer","Web Developer","Associate Software Engineer","Lead Software Engineer"],"Software Engineer":"Avg. Salary \u20b9262k \u2014 \u20b91m","Senior Software Engineer":"Avg. Salary \u20b9493k \u2014 \u20b92m","Software Developer":"Avg. Salary \u20b9214k \u2014 \u20b91m","Sr. Software Engineer \/ Developer \/ Programmer":"Avg. Salary \u20b9432k \u2014 \u20b92m","Team Leader, IT":"Avg. Salary \u20b9584k \u2014 \u20b92m","Software Engineer \/ Developer \/ Programmer":"Avg. Salary \u20b9225k \u2014 \u20b91m","Web Developer":"Avg. Salary \u20b9124k \u2014 \u20b9779k","Associate Software Engineer":"Avg. Salary \u20b9240k \u2014 \u20b91m","Lead Software Engineer":"Avg. Salary \u20b9788k \u2014 \u20b93m"}}