{"0":{"job_title":"Application_Support_Analyst","avg_salary":"\u20b9480,316","salary_component":["Base Salary","Bonus","Profit Sharing","Total Pay"],"Base Salary":"\u20b9248k - \u20b91m","Bonus":"\u20b915k - \u20b9119k","Profit Sharing":"\u20b910 - \u20b9201k","Total Pay":"\u20b9262k - \u20b91m","pay_by_experience_percent":["Entry Level","Early Career","Mid Career","Late Career"],"Entry Level":"-43%","Early Career":"-10%","Mid Career":"50%","Late Career":"114%","pay_by_experience_years":["1"],"1":"\u20b9273,698","gender_component":["Male","Female"],"Male":"79.5","Female":"20.5","health_benefits_componentt":["Medical","Dental","Vision","None"],"Medical":"78","Dental":"7","Vision":"5","None":"22","popular_skills_component":["SQL","Information Technology (IT) Support","UNIX","Troubleshooting","Production Support"],"SQL":"\u20b9456,988","Information Technology (IT) Support":"\u20b9485,252","UNIX":"7%","Troubleshooting":"\u20b9465,028","Production Support":"23%","affect_skills_component":["Windows Server 2012 R2","Information Technology Infrastructure Library (ITIL)","Linux","Oracle","BEA WebLogic","Production Support","Oracle 11g","Java","UNIX","C# Programming Language"],"Windows Server 2012 R2":"79%","Information Technology Infrastructure Library (ITIL)":"51%","Linux":"41%","Oracle":"35%","BEA WebLogic":"30%","Oracle 11g":"15%","Java":"9%","C# Programming Language":"7%","career_path_component":["Applications Support Lead","Application Support Specialist","Applications and Support Engineer"],"location_component":["Bangalore, Karnataka","Pune, Maharashtra","Mumbai, Maharashtra","Chennai, Tamil Nadu","Hyderabad, Andhra Pradesh","Gurgaon, Haryana","Kolkata, West Bengal","New Delhi, Delhi","Noida, Uttar Pradesh","Delhi, Delhi"],"Bangalore, Karnataka":"-2%","Pune, Maharashtra":"8%","Mumbai, Maharashtra":"-4%","Chennai, Tamil Nadu":"%","Hyderabad, Andhra Pradesh":"-8%","Gurgaon, Haryana":"21%","Kolkata, West Bengal":"2%","New Delhi, Delhi":"-17%","Noida, Uttar Pradesh":"-18%","Delhi, Delhi":"15%","employers_component":["Accenture","Accenture Technology Solutions","J.P. Morgan Chase & Co. (JPMCC)","Tata Consultancy Services Limited","Citibank","Cognizant","FIS"],"Accenture":"Avg. Salary: \u20b9408,666","Accenture Technology Solutions":"Avg. Salary: \u20b9442,089","J.P. Morgan Chase & Co. (JPMCC)":"Avg. Salary: \u20b9999,897","Tata Consultancy Services Limited":"Avg. Salary: \u20b9384,000","Citibank":"Avg. Salary: \u20b91,075,000","Cognizant":"Avg. Salary: \u20b9459,500","FIS":"Avg. Salary: \u20b91,112,500","related_job_component":["Software Engineer","Senior Software Engineer","Software Developer","Sr. Software Engineer \/ Developer \/ Programmer","Team Leader, IT","Information Technology (IT) Consultant","Associate Software Engineer","Software Engineer \/ Developer \/ Programmer",".NET Software Developer \/ Programmer"],"Software Engineer":"Avg. Salary \u20b9262k \u2014 \u20b91m","Senior Software Engineer":"Avg. Salary \u20b9493k \u2014 \u20b92m","Software Developer":"Avg. Salary \u20b9214k \u2014 \u20b91m","Sr. Software Engineer \/ Developer \/ Programmer":"Avg. Salary \u20b9432k \u2014 \u20b92m","Team Leader, IT":"Avg. Salary \u20b9584k \u2014 \u20b92m","Information Technology (IT) Consultant":"Avg. Salary \u20b9391k \u2014 \u20b92m","Associate Software Engineer":"Avg. Salary \u20b9240k \u2014 \u20b91m","Software Engineer \/ Developer \/ Programmer":"Avg. Salary \u20b9225k \u2014 \u20b91m",".NET Software Developer \/ Programmer":"Avg. Salary \u20b9176k \u2014 \u20b9992k"}}