{"0":{"job_title":"Associate_Software_Engineer","avg_salary":"\u20b9412,829","salary_component":["Base Salary","Bonus","Profit Sharing","Commission","Total Pay"],"Base Salary":"\u20b9240k - \u20b91m","Bonus":"\u20b910k - \u20b9200k","Profit Sharing":"\u20b9977 - \u20b9193k","Commission":"\u20b90 - \u20b917k","Total Pay":"\u20b9245k - \u20b91m","pay_by_experience_percent":["Entry Level","Early Career","Mid Career","Late Career"],"Entry Level":"-15%","Early Career":"-4%","Mid Career":"131%","Late Career":"275%","pay_by_experience_years":["1"],"1":"\u20b9350,064","gender_component":["Male","Female","Prefer to self-define"],"Male":"77.9","Female":"22.0","Prefer to self-define":"0.1","health_benefits_componentt":["Medical","Dental","Vision","None"],"Medical":"76","Dental":"7","Vision":"7","None":"24","popular_skills_component":["Java","SQL","JavaScript","C# Programming Language",".NET"],"Java":"\u20b9406,414","SQL":"\u20b9403,328","JavaScript":"\u20b9410,063","C# Programming Language":"\u20b9453,992",".NET":"\u20b9453,899","affect_skills_component":["Apache Cordova","Information Technology (IT) Support","Shell Scripting","Scala","Java Database Connectivity (JDBC)","TIBCO","Apache Spark","iOS","Swift Programming Language","Pega Business Process Management (Pega BPM)"],"Apache Cordova":"257%","Information Technology (IT) Support":"222%","Shell Scripting":"130%","Scala":"118%","Java Database Connectivity (JDBC)":"106%","TIBCO":"100%","Apache Spark":"94%","iOS":"94%","Swift Programming Language":"94%","Pega Business Process Management (Pega BPM)":"93%","career_path_component":["Senior Software Engineer","Software Engineer","Sr. Software Engineer \/ Developer \/ Prog..."],"location_component":["Bangalore, Karnataka","Pune, Maharashtra","Chennai, Tamil Nadu","Hyderabad, Andhra Pradesh","Mumbai, Maharashtra","Kolkata, West Bengal","Gurgaon, Haryana","Noida, Uttar Pradesh","Coimbatore, Tamil Nadu","New Delhi, Delhi"],"Bangalore, Karnataka":"%","Pune, Maharashtra":"8%","Chennai, Tamil Nadu":"23%","Hyderabad, Andhra Pradesh":"-8%","Mumbai, Maharashtra":"7%","Kolkata, West Bengal":"38%","Gurgaon, Haryana":"18%","Noida, Uttar Pradesh":"-14%","Coimbatore, Tamil Nadu":"16%","New Delhi, Delhi":"-5%","employers_component":["Cognizant","Accenture Technology Solutions","J.P. Morgan Chase & Co. (JPMCC)","Cognizant Technology Solutions Corp","Accenture","Techmahindra Ltd","Tata Consultancy Services Limited","Sapient Corporation","CGI Group Inc.","Robert Bosch Engineering and Business Solutions Limited"],"Cognizant":"Avg. Salary: \u20b9698,561","Accenture Technology Solutions":"Avg. Salary: \u20b9343,051","J.P. Morgan Chase & Co. (JPMCC)":"Avg. Salary: \u20b91,529,103","Cognizant Technology Solutions Corp":"Avg. Salary: \u20b9675,601","Accenture":"Avg. Salary: \u20b9353,114","Techmahindra Ltd":"Avg. Salary: \u20b9321,058","Tata Consultancy Services Limited":"Avg. Salary: \u20b9373,943","Sapient Corporation":"Avg. Salary: \u20b9803,000","CGI Group Inc.":"Avg. Salary: \u20b9354,812","Robert Bosch Engineering and Business Solutions Limited":"Avg. Salary: \u20b9476,882","related_job_component":["Senior Software Engineer","Software Engineer","Software Developer","Sr. Software Engineer \/ Developer \/ Programmer","Team Leader, IT","Software Engineer \/ Developer \/ Programmer","Web Developer","Information Technology (IT) Consultant","Java Developer"],"Senior Software Engineer":"Avg. Salary \u20b9493k \u2014 \u20b92m","Software Engineer":"Avg. Salary \u20b9262k \u2014 \u20b91m","Software Developer":"Avg. Salary \u20b9214k \u2014 \u20b91m","Sr. Software Engineer \/ Developer \/ Programmer":"Avg. Salary \u20b9432k \u2014 \u20b92m","Team Leader, IT":"Avg. Salary \u20b9584k \u2014 \u20b92m","Software Engineer \/ Developer \/ Programmer":"Avg. Salary \u20b9225k \u2014 \u20b91m","Web Developer":"Avg. Salary \u20b9124k \u2014 \u20b9779k","Information Technology (IT) Consultant":"Avg. Salary \u20b9391k \u2014 \u20b92m","Java Developer":"Avg. Salary \u20b9197k \u2014 \u20b91m"}}