[{"job_title":"Software Engineer","avg_salary":"₹544,475","pay_by_experience":"An entry-level Software Engineer with less than 1 year experience can expect to earn an average total compensation (includes tips, bonus, and overtime pay) of ₹407,061 based on 2,456 salaries. An early career Software Engineer with 1-4 years of experience earns an average total compensation of ₹507,109 based on 14,678 salaries. A mid-career Software Engineer with 5-9 years of experience earns an average total compensation of ₹896,967 based on 3,601 salaries. An experienced Software Engineer with 10-19 years of experience earns an average total compensation of ₹1,512,973 based on 705 salaries. In their late career (20 years and higher), employees earn an average total compensation of ₹813,892.  Read less"},{"job_title":"Senior Software Engineer","avg_salary":"₹931,326","pay_by_experience":"An entry-level Senior Software Engineer with less than 1 year experience can expect to earn an average total compensation (includes tips, bonus, and overtime pay) of ₹684,093 based on 39 salaries. An early career Senior Software Engineer with 1-4 years of experience earns an average total compensation of ₹762,040 based on 5,829 salaries. A mid-career Senior Software Engineer with 5-9 years of experience earns an average total compensation of ₹1,010,112 based on 11,214 salaries. An experienced Senior Software Engineer with 10-19 years of experience earns an average total compensation of ₹1,535,181 based on 1,558 salaries. In their late career (20 years and higher), employees earn an average total compensation of ₹2,073,250.  Read less"},{"job_title":"Software Developer","avg_salary":"₹499,437","pay_by_experience":"An entry-level Software Developer with less than 1 year experience can expect to earn an average total compensation (includes tips, bonus, and overtime pay) of ₹355,838 based on 1,291 salaries. An early career Software Developer with 1-4 years of experience earns an average total compensation of ₹478,786 based on 7,354 salaries. A mid-career Software Developer with 5-9 years of experience earns an average total compensation of ₹812,901 based on 1,700 salaries. An experienced Software Developer with 10-19 years of experience earns an average total compensation of ₹1,244,625 based on 269 salaries. In their late career (20 years and higher), employees earn an average total compensation of ₹650,000.  Read less"},{"job_title":"Sr. Software Engineer / Developer / Programmer","avg_salary":"₹890,366","pay_by_experience":"An entry-level Sr. Software Engineer / Developer / Programmer with less than 1 year experience can expect to earn an average total compensation (includes tips, bonus, and overtime pay) of ₹501,540 based on 79 salaries. An early career Sr. Software Engineer / Developer / Programmer with 1-4 years of experience earns an average total compensation of ₹696,774 based on 2,500 salaries. A mid-career Sr. Software Engineer / Developer / Programmer with 5-9 years of experience earns an average total compensation of ₹979,372 based on 4,556 salaries. An experienced Sr. Software Engineer / Developer / Programmer with 10-19 years of experience earns an average total compensation of ₹1,471,643 based on 910 salaries. In their late career (20 years and higher), employees earn an average total compensation of ₹1,700,000.  Read less"},{"job_title":"Team Leader, IT","avg_salary":"₹1,163,279","pay_by_experience":"An early career Team Leader, IT with 1-4 years of experience earns an average total compensation (includes tips, bonus, and overtime pay) of ₹687,007 based on 275 salaries. A mid-career Team Leader, IT with 5-9 years of experience earns an average total compensation of ₹1,106,295 based on 2,892 salaries. An experienced Team Leader, IT with 10-19 years of experience earns an average total compensation of ₹1,314,553 based on 2,018 salaries. In their late career (20 years and higher), employees earn an average total compensation of ₹1,837,167.  Read less"},{"job_title":"Test / Quality Assurance (QA) Engineer (Computer Software)","avg_salary":"₹395,795","pay_by_experience":"An entry-level Test / Quality Assurance (QA) Engineer (Computer Software) with less than 1 year experience can expect to earn an average total compensation (includes tips, bonus, and overtime pay) of ₹244,415 based on 332 salaries. An early career Test / Quality Assurance (QA) Engineer (Computer Software) with 1-4 years of experience earns an average total compensation of ₹368,332 based on 3,175 salaries. A mid-career Test / Quality Assurance (QA) Engineer (Computer Software) with 5-9 years of experience earns an average total compensation of ₹663,446 based on 887 salaries. An experienced Test / Quality Assurance (QA) Engineer (Computer Software) with 10-19 years of experience earns an average total compensation of ₹1,211,631 based on 161 salaries. In their late career (20 years and higher), employees earn an average total compensation of ₹1,200,000.  Read less"},{"job_title":"SAP Consultant","avg_salary":"₹650,815","pay_by_experience":"An entry-level SAP Consultant with less than 1 year experience can expect to earn an average total compensation (includes tips, bonus, and overtime pay) of ₹339,731 based on 223 salaries. An early career SAP Consultant with 1-4 years of experience earns an average total compensation of ₹507,558 based on 2,234 salaries. A mid-career SAP Consultant with 5-9 years of experience earns an average total compensation of ₹906,018 based on 1,520 salaries. An experienced SAP Consultant with 10-19 years of experience earns an average total compensation of ₹1,445,532 based on 526 salaries. In their late career (20 years and higher), employees earn an average total compensation of ₹2,003,677.  Read less"},{"job_title":"Data Scientist","avg_salary":"₹817,207","pay_by_experience":"An entry-level Data Scientist with less than 1 year experience can expect to earn an average total compensation (includes tips, bonus, and overtime pay) of ₹521,113 based on 520 salaries. An early career Data Scientist with 1-4 years of experience earns an average total compensation of ₹779,923 based on 2,239 salaries. A mid-career Data Scientist with 5-9 years of experience earns an average total compensation of ₹1,381,360 based on 760 salaries. An experienced Data Scientist with 10-19 years of experience earns an average total compensation of ₹1,736,526 based on 208 salaries. In their late career (20 years and higher), employees earn an average total compensation of ₹1,100,000.  Read less"},{"job_title":"Web Developer","avg_salary":"₹308,768","pay_by_experience":"An entry-level Web Developer with less than 1 year experience can expect to earn an average total compensation (includes tips, bonus, and overtime pay) of ₹239,675 based on 637 salaries. An early career Web Developer with 1-4 years of experience earns an average total compensation of ₹304,739 based on 2,590 salaries. A mid-career Web Developer with 5-9 years of experience earns an average total compensation of ₹581,479 based on 384 salaries. An experienced Web Developer with 10-19 years of experience earns an average total compensation of ₹999,973 based on 74 salaries.   Read less"},{"job_title":"Information Technology (IT) Consultant","avg_salary":"₹913,977","pay_by_experience":"An entry-level Information Technology (IT) Consultant with less than 1 year experience can expect to earn an average total compensation (includes tips, bonus, and overtime pay) of ₹377,587 based on 88 salaries. An early career Information Technology (IT) Consultant with 1-4 years of experience earns an average total compensation of ₹619,250 based on 1,090 salaries. A mid-career Information Technology (IT) Consultant with 5-9 years of experience earns an average total compensation of ₹997,064 based on 1,539 salaries. An experienced Information Technology (IT) Consultant with 10-19 years of experience earns an average total compensation of ₹1,463,215 based on 902 salaries. In their late career (20 years and higher), employees earn an average total compensation of ₹2,708,922.  Read less"},{"job_title":"Software Engineer / Developer / Programmer","avg_salary":"₹488,657","pay_by_experience":"An entry-level Software Engineer / Developer / Programmer with less than 1 year experience can expect to earn an average total compensation (includes tips, bonus, and overtime pay) of ₹354,498 based on 400 salaries. An early career Software Engineer / Developer / Programmer with 1-4 years of experience earns an average total compensation of ₹462,793 based on 2,607 salaries. A mid-career Software Engineer / Developer / Programmer with 5-9 years of experience earns an average total compensation of ₹815,352 based on 549 salaries. An experienced Software Engineer / Developer / Programmer with 10-19 years of experience earns an average total compensation of ₹1,178,857 based on 67 salaries.   Read less"},{"job_title":"Network Engineer","avg_salary":"₹324,199","pay_by_experience":"An entry-level Network Engineer with less than 1 year experience can expect to earn an average total compensation (includes tips, bonus, and overtime pay) of ₹250,201 based on 429 salaries. An early career Network Engineer with 1-4 years of experience earns an average total compensation of ₹303,209 based on 2,019 salaries. A mid-career Network Engineer with 5-9 years of experience earns an average total compensation of ₹542,067 based on 586 salaries. An experienced Network Engineer with 10-19 years of experience earns an average total compensation of ₹829,454 based on 166 salaries. In their late career (20 years and higher), employees earn an average total compensation of ₹600,000.  Read less"},{"job_title":"Technical Consultant","avg_salary":"₹824,051","pay_by_experience":"An entry-level Technical Consultant with less than 1 year experience can expect to earn an average total compensation (includes tips, bonus, and overtime pay) of ₹354,079 based on 115 salaries. An early career Technical Consultant with 1-4 years of experience earns an average total compensation of ₹585,909 based on 1,200 salaries. A mid-career Technical Consultant with 5-9 years of experience earns an average total compensation of ₹1,021,749 based on 1,200 salaries. An experienced Technical Consultant with 10-19 years of experience earns an average total compensation of ₹1,445,084 based on 626 salaries. In their late career (20 years and higher), employees earn an average total compensation of ₹1,348,148.  Read less"},{"job_title":"Lead Software Engineer","avg_salary":"₹1,497,884","pay_by_experience":"An entry-level Lead Software Engineer with less than 1 year experience can expect to earn an average total compensation (includes tips, bonus, and overtime pay) of ₹600,000 based on 3 salaries. An early career Lead Software Engineer with 1-4 years of experience earns an average total compensation of ₹1,040,029 based on 173 salaries. A mid-career Lead Software Engineer with 5-9 years of experience earns an average total compensation of ₹1,447,530 based on 1,797 salaries. An experienced Lead Software Engineer with 10-19 years of experience earns an average total compensation of ₹1,722,386 based on 1,087 salaries. In their late career (20 years and higher), employees earn an average total compensation of ₹2,434,497.  Read less"},{"job_title":"Business Analyst, IT","avg_salary":"₹604,828","pay_by_experience":"An entry-level Business Analyst, IT with less than 1 year experience can expect to earn an average total compensation (includes tips, bonus, and overtime pay) of ₹353,589 based on 238 salaries. An early career Business Analyst, IT with 1-4 years of experience earns an average total compensation of ₹512,640 based on 1,612 salaries. A mid-career Business Analyst, IT with 5-9 years of experience earns an average total compensation of ₹831,355 based on 946 salaries. An experienced Business Analyst, IT with 10-19 years of experience earns an average total compensation of ₹1,223,890 based on 238 salaries. In their late career (20 years and higher), employees earn an average total compensation of ₹1,709,173.  Read less"},{"job_title":"Java Developer","avg_salary":"₹449,003","pay_by_experience":"An entry-level Java Developer with less than 1 year experience can expect to earn an average total compensation (includes tips, bonus, and overtime pay) of ₹290,274 based on 318 salaries. An early career Java Developer with 1-4 years of experience earns an average total compensation of ₹414,704 based on 2,080 salaries. A mid-career Java Developer with 5-9 years of experience earns an average total compensation of ₹855,936 based on 518 salaries. An experienced Java Developer with 10-19 years of experience earns an average total compensation of ₹1,381,282 based on 106 salaries.   Read less"},{"job_title":"Associate Software Engineer","avg_salary":"₹416,421","pay_by_experience":"An entry-level Associate Software Engineer with less than 1 year experience can expect to earn an average total compensation (includes tips, bonus, and overtime pay) of ₹351,601 based on 710 salaries. An early career Associate Software Engineer with 1-4 years of experience earns an average total compensation of ₹399,947 based on 1,699 salaries. A mid-career Associate Software Engineer with 5-9 years of experience earns an average total compensation of ₹946,617 based on 452 salaries. An experienced Associate Software Engineer with 10-19 years of experience earns an average total compensation of ₹1,540,744 based on 86 salaries.   Read less"},{"job_title":"Information Technology (IT) Manager","avg_salary":"₹1,292,008","pay_by_experience":"An entry-level Information Technology (IT) Manager with less than 1 year experience can expect to earn an average total compensation (includes tips, bonus, and overtime pay) of ₹514,635 based on 74 salaries. An early career Information Technology (IT) Manager with 1-4 years of experience earns an average total compensation of ₹594,191 based on 292 salaries. A mid-career Information Technology (IT) Manager with 5-9 years of experience earns an average total compensation of ₹1,020,209 based on 619 salaries. An experienced Information Technology (IT) Manager with 10-19 years of experience earns an average total compensation of ₹1,558,845 based on 1,694 salaries. In their late career (20 years and higher), employees earn an average total compensation of ₹1,868,942.  Read less"},{"job_title":"Technical Architect","avg_salary":"₹1,902,436","pay_by_experience":"An entry-level Technical Architect with less than 1 year experience can expect to earn an average total compensation (includes tips, bonus, and overtime pay) of ₹479,323 based on 6 salaries. An early career Technical Architect with 1-4 years of experience earns an average total compensation of ₹1,034,138 based on 50 salaries. A mid-career Technical Architect with 5-9 years of experience earns an average total compensation of ₹1,598,135 based on 461 salaries. An experienced Technical Architect with 10-19 years of experience earns an average total compensation of ₹1,977,872 based on 2,033 salaries. In their late career (20 years and higher), employees earn an average total compensation of ₹2,555,592.  Read less"},{"job_title":"Systems Engineer, IT","avg_salary":"₹383,551","pay_by_experience":"An entry-level Systems Engineer, IT with less than 1 year experience can expect to earn an average total compensation (includes tips, bonus, and overtime pay) of ₹332,265 based on 317 salaries. An early career Systems Engineer, IT with 1-4 years of experience earns an average total compensation of ₹389,360 based on 1,813 salaries. A mid-career Systems Engineer, IT with 5-9 years of experience earns an average total compensation of ₹584,945 based on 313 salaries. An experienced Systems Engineer, IT with 10-19 years of experience earns an average total compensation of ₹832,362 based on 83 salaries.   Read less"},{"job_title":"Android Software Developer","avg_salary":"₹372,563","pay_by_experience":"An entry-level Android Software Developer with less than 1 year experience can expect to earn an average total compensation (includes tips, bonus, and overtime pay) of ₹206,160 based on 224 salaries. An early career Android Software Developer with 1-4 years of experience earns an average total compensation of ₹360,244 based on 1,769 salaries. A mid-career Android Software Developer with 5-9 years of experience earns an average total compensation of ₹807,883 based on 357 salaries. An experienced Android Software Developer with 10-19 years of experience earns an average total compensation of ₹1,316,973 based on 28 salaries.   Read less"},{"job_title":"Front End Developer / Engineer","avg_salary":"₹485,593","pay_by_experience":"An entry-level Front End Developer / Engineer with less than 1 year experience can expect to earn an average total compensation (includes tips, bonus, and overtime pay) of ₹304,001 based on 198 salaries. An early career Front End Developer / Engineer with 1-4 years of experience earns an average total compensation of ₹452,560 based on 1,639 salaries. A mid-career Front End Developer / Engineer with 5-9 years of experience earns an average total compensation of ₹881,330 based on 433 salaries. An experienced Front End Developer / Engineer with 10-19 years of experience earns an average total compensation of ₹1,415,433 based on 61 salaries.   Read less"},{"job_title":"Development Operations (DevOps) Engineer","avg_salary":"₹692,010","pay_by_experience":"An entry-level Development Operations (DevOps) Engineer with less than 1 year experience can expect to earn an average total compensation (includes tips, bonus, and overtime pay) of ₹374,058 based on 101 salaries. An early career Development Operations (DevOps) Engineer with 1-4 years of experience earns an average total compensation of ₹590,837 based on 1,301 salaries. A mid-career Development Operations (DevOps) Engineer with 5-9 years of experience earns an average total compensation of ₹1,165,049 based on 631 salaries. An experienced Development Operations (DevOps) Engineer with 10-19 years of experience earns an average total compensation of ₹1,744,618 based on 188 salaries.   Read less"},{"job_title":"Project Manager, Information Technology (IT)","avg_salary":"₹1,517,795","pay_by_experience":"An entry-level Project Manager, Information Technology (IT) with less than 1 year experience can expect to earn an average total compensation (includes tips, bonus, and overtime pay) of ₹396,635 based on 57 salaries. An early career Project Manager, Information Technology (IT) with 1-4 years of experience earns an average total compensation of ₹653,276 based on 196 salaries. A mid-career Project Manager, Information Technology (IT) with 5-9 years of experience earns an average total compensation of ₹1,205,219 based on 412 salaries. An experienced Project Manager, Information Technology (IT) with 10-19 years of experience earns an average total compensation of ₹1,705,119 based on 1,378 salaries. In their late career (20 years and higher), employees earn an average total compensation of ₹2,279,022.  Read less"},{"job_title":"Technical Support Engineer","avg_salary":"₹332,984","pay_by_experience":"An entry-level Technical Support Engineer with less than 1 year experience can expect to earn an average total compensation (includes tips, bonus, and overtime pay) of ₹225,444 based on 245 salaries. An early career Technical Support Engineer with 1-4 years of experience earns an average total compensation of ₹306,447 based on 1,316 salaries. A mid-career Technical Support Engineer with 5-9 years of experience earns an average total compensation of ₹594,266 based on 409 salaries. An experienced Technical Support Engineer with 10-19 years of experience earns an average total compensation of ₹900,000 based on 104 salaries. In their late career (20 years and higher), employees earn an average total compensation of ₹600,000.  Read less"},{"job_title":"PHP Developer","avg_salary":"₹274,728","pay_by_experience":"An entry-level PHP Developer with less than 1 year experience can expect to earn an average total compensation (includes tips, bonus, and overtime pay) of ₹166,146 based on 212 salaries. An early career PHP Developer with 1-4 years of experience earns an average total compensation of ₹261,271 based on 1,461 salaries. A mid-career PHP Developer with 5-9 years of experience earns an average total compensation of ₹542,716 based on 325 salaries. An experienced PHP Developer with 10-19 years of experience earns an average total compensation of ₹822,315 based on 34 salaries.   Read less"},{"job_title":"Senior Technical Consultant","avg_salary":"₹1,257,381","pay_by_experience":"An entry-level Senior Technical Consultant with less than 1 year experience can expect to earn an average total compensation (includes tips, bonus, and overtime pay) of ₹551,075 based on 9 salaries. An early career Senior Technical Consultant with 1-4 years of experience earns an average total compensation of ₹792,726 based on 144 salaries. A mid-career Senior Technical Consultant with 5-9 years of experience earns an average total compensation of ₹1,195,522 based on 1,062 salaries. An experienced Senior Technical Consultant with 10-19 years of experience earns an average total compensation of ₹1,529,527 based on 778 salaries. In their late career (20 years and higher), employees earn an average total compensation of ₹2,729,670.  Read less"},{"job_title":"Quality Assurance (QA) Engineer","avg_salary":"₹387,282","pay_by_experience":"An entry-level Quality Assurance (QA) Engineer with less than 1 year experience can expect to earn an average total compensation (includes tips, bonus, and overtime pay) of ₹236,062 based on 101 salaries. An early career Quality Assurance (QA) Engineer with 1-4 years of experience earns an average total compensation of ₹351,550 based on 1,236 salaries. A mid-career Quality Assurance (QA) Engineer with 5-9 years of experience earns an average total compensation of ₹573,617 based on 432 salaries. An experienced Quality Assurance (QA) Engineer with 10-19 years of experience earns an average total compensation of ₹721,122 based on 77 salaries. In their late career (20 years and higher), employees earn an average total compensation of ₹1,047,619.  Read less"},{"job_title":"Solutions Architect","avg_salary":"₹1,858,749","pay_by_experience":"An entry-level Solutions Architect with less than 1 year experience can expect to earn an average total compensation (includes tips, bonus, and overtime pay) of ₹499,480 based on 50 salaries. An early career Solutions Architect with 1-4 years of experience earns an average total compensation of ₹714,124 based on 169 salaries. A mid-career Solutions Architect with 5-9 years of experience earns an average total compensation of ₹1,475,555 based on 349 salaries. An experienced Solutions Architect with 10-19 years of experience earns an average total compensation of ₹2,052,521 based on 1,182 salaries. In their late career (20 years and higher), employees earn an average total compensation of ₹2,535,973.  Read less"},{"job_title":"Senior Systems Engineer","avg_salary":"₹531,268","pay_by_experience":"An entry-level Senior Systems Engineer with less than 1 year experience can expect to earn an average total compensation (includes tips, bonus, and overtime pay) of ₹402,363 based on 5 salaries. An early career Senior Systems Engineer with 1-4 years of experience earns an average total compensation of ₹462,175 based on 987 salaries. A mid-career Senior Systems Engineer with 5-9 years of experience earns an average total compensation of ₹814,984 based on 546 salaries. An experienced Senior Systems Engineer with 10-19 years of experience earns an average total compensation of ₹1,264,586 based on 192 salaries. In their late career (20 years and higher), employees earn an average total compensation of ₹2,375,000.  Read less"},{"job_title":"iOS Developer","avg_salary":"₹479,642","pay_by_experience":"An entry-level iOS Developer with less than 1 year experience can expect to earn an average total compensation (includes tips, bonus, and overtime pay) of ₹241,835 based on 99 salaries. An early career iOS Developer with 1-4 years of experience earns an average total compensation of ₹419,275 based on 1,195 salaries. A mid-career iOS Developer with 5-9 years of experience earns an average total compensation of ₹886,766 based on 369 salaries. An experienced iOS Developer with 10-19 years of experience earns an average total compensation of ₹1,500,000 based on 19 salaries.   Read less"},{"job_title":"Software Test Lead","avg_salary":"₹1,066,327","pay_by_experience":"An early career Software Test Lead with 1-4 years of experience earns an average total compensation (includes tips, bonus, and overtime pay) of ₹639,244 based on 43 salaries. A mid-career Software Test Lead with 5-9 years of experience earns an average total compensation of ₹1,006,351 based on 880 salaries. An experienced Software Test Lead with 10-19 years of experience earns an average total compensation of ₹1,189,901 based on 750 salaries. In their late career (20 years and higher), employees earn an average total compensation of ₹1,498,950.  Read less"},{"job_title":".NET Software Developer / Programmer","avg_salary":"₹409,070","pay_by_experience":"An entry-level .NET Software Developer / Programmer with less than 1 year experience can expect to earn an average total compensation (includes tips, bonus, and overtime pay) of ₹235,332 based on 122 salaries. An early career .NET Software Developer / Programmer with 1-4 years of experience earns an average total compensation of ₹353,171 based on 1,030 salaries. A mid-career .NET Software Developer / Programmer with 5-9 years of experience earns an average total compensation of ₹759,313 based on 394 salaries. An experienced .NET Software Developer / Programmer with 10-19 years of experience earns an average total compensation of ₹1,099,569 based on 70 salaries.   Read less"},{"job_title":"Senior Project Manager, IT","avg_salary":"₹2,041,552","pay_by_experience":"An early career Senior Project Manager, IT with 1-4 years of experience earns an average total compensation (includes tips, bonus, and overtime pay) of ₹922,500 based on 18 salaries. A mid-career Senior Project Manager, IT with 5-9 years of experience earns an average total compensation of ₹1,621,141 based on 92 salaries. An experienced Senior Project Manager, IT with 10-19 years of experience earns an average total compensation of ₹2,049,951 based on 1,255 salaries. In their late career (20 years and higher), employees earn an average total compensation of ₹2,392,454.  Read less"},{"job_title":"Application Developer","avg_salary":"₹503,133","pay_by_experience":"An entry-level Application Developer with less than 1 year experience can expect to earn an average total compensation (includes tips, bonus, and overtime pay) of ₹346,009 based on 130 salaries. An early career Application Developer with 1-4 years of experience earns an average total compensation of ₹443,635 based on 1,007 salaries. A mid-career Application Developer with 5-9 years of experience earns an average total compensation of ₹872,925 based on 320 salaries. An experienced Application Developer with 10-19 years of experience earns an average total compensation of ₹1,268,922 based on 81 salaries. In their late career (20 years and higher), employees earn an average total compensation of ₹1,000,000.  Read less"},{"job_title":"Full Stack Software Developer","avg_salary":"₹603,717","pay_by_experience":"An entry-level Full Stack Software Developer with less than 1 year experience can expect to earn an average total compensation (includes tips, bonus, and overtime pay) of ₹370,431 based on 106 salaries. An early career Full Stack Software Developer with 1-4 years of experience earns an average total compensation of ₹549,566 based on 1,009 salaries. A mid-career Full Stack Software Developer with 5-9 years of experience earns an average total compensation of ₹1,006,619 based on 328 salaries. An experienced Full Stack Software Developer with 10-19 years of experience earns an average total compensation of ₹1,365,763 based on 60 salaries.   Read less"},{"job_title":"Programmer Analyst","avg_salary":"₹418,202","pay_by_experience":"An entry-level Programmer Analyst with less than 1 year experience can expect to earn an average total compensation (includes tips, bonus, and overtime pay) of ₹341,950 based on 182 salaries. An early career Programmer Analyst with 1-4 years of experience earns an average total compensation of ₹404,565 based on 938 salaries. A mid-career Programmer Analyst with 5-9 years of experience earns an average total compensation of ₹767,733 based on 291 salaries. An experienced Programmer Analyst with 10-19 years of experience earns an average total compensation of ₹1,100,000 based on 44 salaries.   Read less"},{"job_title":"Project Leader, IT","avg_salary":"₹1,245,624","pay_by_experience":"An early career Project Leader, IT with 1-4 years of experience earns an average total compensation (includes tips, bonus, and overtime pay) of ₹584,691 based on 73 salaries. A mid-career Project Leader, IT with 5-9 years of experience earns an average total compensation of ₹1,124,874 based on 462 salaries. An experienced Project Leader, IT with 10-19 years of experience earns an average total compensation of ₹1,409,606 based on 905 salaries. In their late career (20 years and higher), employees earn an average total compensation of ₹1,550,725.  Read less"},{"job_title":"UI Developer","avg_salary":"₹493,475","pay_by_experience":"An entry-level UI Developer with less than 1 year experience can expect to earn an average total compensation (includes tips, bonus, and overtime pay) of ₹242,419 based on 61 salaries. An early career UI Developer with 1-4 years of experience earns an average total compensation of ₹414,939 based on 901 salaries. A mid-career UI Developer with 5-9 years of experience earns an average total compensation of ₹772,220 based on 422 salaries. An experienced UI Developer with 10-19 years of experience earns an average total compensation of ₹1,040,778 based on 53 salaries.   Read less"},{"job_title":"Principal Software Engineer","avg_salary":"₹2,353,973","pay_by_experience":"An early career Principal Software Engineer with 1-4 years of experience earns an average total compensation (includes tips, bonus, and overtime pay) of ₹1,574,604 based on 21 salaries. A mid-career Principal Software Engineer with 5-9 years of experience earns an average total compensation of ₹1,933,086 based on 346 salaries. An experienced Principal Software Engineer with 10-19 years of experience earns an average total compensation of ₹2,493,890 based on 938 salaries. In their late career (20 years and higher), employees earn an average total compensation of ₹3,523,725.  Read less"},{"job_title":"Systems Administrator","avg_salary":"₹403,066","pay_by_experience":"An entry-level Systems Administrator with less than 1 year experience can expect to earn an average total compensation (includes tips, bonus, and overtime pay) of ₹205,951 based on 59 salaries. An early career Systems Administrator with 1-4 years of experience earns an average total compensation of ₹356,120 based on 645 salaries. A mid-career Systems Administrator with 5-9 years of experience earns an average total compensation of ₹581,082 based on 432 salaries. An experienced Systems Administrator with 10-19 years of experience earns an average total compensation of ₹775,192 based on 144 salaries. In their late career (20 years and higher), employees earn an average total compensation of ₹575,000.  Read less"},{"job_title":"Software Architect","avg_salary":"₹2,135,398","pay_by_experience":"An entry-level Software Architect with less than 1 year experience can expect to earn an average total compensation (includes tips, bonus, and overtime pay) of ₹977,473 based on 17 salaries. An early career Software Architect with 1-4 years of experience earns an average total compensation of ₹1,168,548 based on 55 salaries. A mid-career Software Architect with 5-9 years of experience earns an average total compensation of ₹1,770,945 based on 167 salaries. An experienced Software Architect with 10-19 years of experience earns an average total compensation of ₹2,285,561 based on 985 salaries. In their late career (20 years and higher), employees earn an average total compensation of ₹3,275,000.  Read less"},{"job_title":"Data Engineer","avg_salary":"₹831,692","pay_by_experience":"An entry-level Data Engineer with less than 1 year experience can expect to earn an average total compensation (includes tips, bonus, and overtime pay) of ₹466,265 based on 81 salaries. An early career Data Engineer with 1-4 years of experience earns an average total compensation of ₹722,721 based on 641 salaries. A mid-career Data Engineer with 5-9 years of experience earns an average total compensation of ₹1,281,003 based on 355 salaries. An experienced Data Engineer with 10-19 years of experience earns an average total compensation of ₹1,681,640 based on 84 salaries.   Read less"},{"job_title":"Database Administrator (DBA)","avg_salary":"₹496,261","pay_by_experience":"An entry-level Database Administrator (DBA) with less than 1 year experience can expect to earn an average total compensation (includes tips, bonus, and overtime pay) of ₹291,470 based on 67 salaries. An early career Database Administrator (DBA) with 1-4 years of experience earns an average total compensation of ₹415,307 based on 652 salaries. A mid-career Database Administrator (DBA) with 5-9 years of experience earns an average total compensation of ₹828,242 based on 320 salaries. An experienced Database Administrator (DBA) with 10-19 years of experience earns an average total compensation of ₹1,328,785 based on 95 salaries. In their late career (20 years and higher), employees earn an average total compensation of ₹1,084,793.  Read less"},{"job_title":"System Administrator, Computer / Network","avg_salary":"₹307,470","pay_by_experience":"An entry-level System Administrator, Computer / Network with less than 1 year experience can expect to earn an average total compensation (includes tips, bonus, and overtime pay) of ₹194,909 based on 70 salaries. An early career System Administrator, Computer / Network with 1-4 years of experience earns an average total compensation of ₹275,653 based on 547 salaries. A mid-career System Administrator, Computer / Network with 5-9 years of experience earns an average total compensation of ₹400,982 based on 343 salaries. An experienced System Administrator, Computer / Network with 10-19 years of experience earns an average total compensation of ₹435,825 based on 157 salaries. In their late career (20 years and higher), employees earn an average total compensation of ₹393,054.  Read less"},{"job_title":"Software Development Engineer (SDE)","avg_salary":"₹1,185,318","pay_by_experience":"An entry-level Software Development Engineer (SDE) with less than 1 year experience can expect to earn an average total compensation (includes tips, bonus, and overtime pay) of ₹989,075 based on 177 salaries. An early career Software Development Engineer (SDE) with 1-4 years of experience earns an average total compensation of ₹1,049,685 based on 726 salaries. A mid-career Software Development Engineer (SDE) with 5-9 years of experience earns an average total compensation of ₹1,793,804 based on 186 salaries. An experienced Software Development Engineer (SDE) with 10-19 years of experience earns an average total compensation of ₹2,391,836 based on 41 salaries.   Read less"},{"job_title":"Technical Project Manager","avg_salary":"₹1,583,237","pay_by_experience":"An entry-level Technical Project Manager with less than 1 year experience can expect to earn an average total compensation (includes tips, bonus, and overtime pay) of ₹271,765 based on 5 salaries. An early career Technical Project Manager with 1-4 years of experience earns an average total compensation of ₹651,297 based on 49 salaries. A mid-career Technical Project Manager with 5-9 years of experience earns an average total compensation of ₹1,361,401 based on 239 salaries. An experienced Technical Project Manager with 10-19 years of experience earns an average total compensation of ₹1,733,893 based on 775 salaries. In their late career (20 years and higher), employees earn an average total compensation of ₹1,848,649.  Read less"},{"job_title":"Systems Engineer (Computer Networking / IT)","avg_salary":"₹320,500","pay_by_experience":"An entry-level Systems Engineer (Computer Networking / IT) with less than 1 year experience can expect to earn an average total compensation (includes tips, bonus, and overtime pay) of ₹298,722 based on 160 salaries. An early career Systems Engineer (Computer Networking / IT) with 1-4 years of experience earns an average total compensation of ₹306,141 based on 684 salaries. A mid-career Systems Engineer (Computer Networking / IT) with 5-9 years of experience earns an average total compensation of ₹383,630 based on 190 salaries. An experienced Systems Engineer (Computer Networking / IT) with 10-19 years of experience earns an average total compensation of ₹583,884 based on 78 salaries. In their late career (20 years and higher), employees earn an average total compensation of ₹958,647.  Read less"},{"job_title":"Business Intelligence (BI) Developer","avg_salary":"₹518,969","pay_by_experience":"An entry-level Business Intelligence (BI) Developer with less than 1 year experience can expect to earn an average total compensation (includes tips, bonus, and overtime pay) of ₹302,182 based on 39 salaries. An early career Business Intelligence (BI) Developer with 1-4 years of experience earns an average total compensation of ₹469,067 based on 686 salaries. A mid-career Business Intelligence (BI) Developer with 5-9 years of experience earns an average total compensation of ₹880,642 based on 288 salaries. An experienced Business Intelligence (BI) Developer with 10-19 years of experience earns an average total compensation of ₹1,206,167 based on 70 salaries.   Read less"},{"job_title":"Technology Analyst","avg_salary":"₹635,934","pay_by_experience":"An entry-level Technology Analyst with less than 1 year experience can expect to earn an average total compensation (includes tips, bonus, and overtime pay) of ₹700,000 based on 27 salaries. An early career Technology Analyst with 1-4 years of experience earns an average total compensation of ₹599,762 based on 381 salaries. A mid-career Technology Analyst with 5-9 years of experience earns an average total compensation of ₹667,808 based on 540 salaries. An experienced Technology Analyst with 10-19 years of experience earns an average total compensation of ₹817,707 based on 33 salaries.   Read less"},{"job_title":"Operations Analyst","avg_salary":"₹388,730","pay_by_experience":"An entry-level Operations Analyst with less than 1 year experience can expect to earn an average total compensation (includes tips, bonus, and overtime pay) of ₹290,446 based on 87 salaries. An early career Operations Analyst with 1-4 years of experience earns an average total compensation of ₹364,212 based on 629 salaries. A mid-career Operations Analyst with 5-9 years of experience earns an average total compensation of ₹501,295 based on 207 salaries. An experienced Operations Analyst with 10-19 years of experience earns an average total compensation of ₹690,232 based on 42 salaries.   Read less"},{"job_title":"Linux System Administrator","avg_salary":"₹408,889","pay_by_experience":"An entry-level Linux System Administrator with less than 1 year experience can expect to earn an average total compensation (includes tips, bonus, and overtime pay) of ₹246,815 based on 84 salaries. An early career Linux System Administrator with 1-4 years of experience earns an average total compensation of ₹368,505 based on 579 salaries. A mid-career Linux System Administrator with 5-9 years of experience earns an average total compensation of ₹625,522 based on 230 salaries. An experienced Linux System Administrator with 10-19 years of experience earns an average total compensation of ₹921,343 based on 65 salaries.   Read less"},{"job_title":"Module Lead","avg_salary":"₹1,033,620","pay_by_experience":"An early career Module Lead with 1-4 years of experience earns an average total compensation (includes tips, bonus, and overtime pay) of ₹814,803 based on 115 salaries. A mid-career Module Lead with 5-9 years of experience earns an average total compensation of ₹1,054,412 based on 631 salaries. An experienced Module Lead with 10-19 years of experience earns an average total compensation of ₹1,267,080 based on 190 salaries.   Read less"},{"job_title":"Product Manager, Software","avg_salary":"₹1,707,493","pay_by_experience":"An entry-level Product Manager, Software with less than 1 year experience can expect to earn an average total compensation (includes tips, bonus, and overtime pay) of ₹988,696 based on 8 salaries. An early career Product Manager, Software with 1-4 years of experience earns an average total compensation of ₹1,281,708 based on 262 salaries. A mid-career Product Manager, Software with 5-9 years of experience earns an average total compensation of ₹1,740,143 based on 354 salaries. An experienced Product Manager, Software with 10-19 years of experience earns an average total compensation of ₹2,083,957 based on 277 salaries. In their late career (20 years and higher), employees earn an average total compensation of ₹2,949,153.  Read less"},{"job_title":"Systems Analyst","avg_salary":"₹653,017","pay_by_experience":"An entry-level Systems Analyst with less than 1 year experience can expect to earn an average total compensation (includes tips, bonus, and overtime pay) of ₹297,479 based on 48 salaries. An early career Systems Analyst with 1-4 years of experience earns an average total compensation of ₹479,574 based on 359 salaries. A mid-career Systems Analyst with 5-9 years of experience earns an average total compensation of ₹868,732 based on 391 salaries. An experienced Systems Analyst with 10-19 years of experience earns an average total compensation of ₹1,088,215 based on 115 salaries. In their late career (20 years and higher), employees earn an average total compensation of ₹600,000.  Read less"},{"job_title":"Information Technology (IT) Director","avg_salary":"₹3,453,984","pay_by_experience":"An entry-level Information Technology (IT) Director with less than 1 year experience can expect to earn an average total compensation (includes tips, bonus, and overtime pay) of ₹252,000 based on 5 salaries. An early career Information Technology (IT) Director with 1-4 years of experience earns an average total compensation of ₹800,000 based on 16 salaries. A mid-career Information Technology (IT) Director with 5-9 years of experience earns an average total compensation of ₹2,272,527 based on 23 salaries. An experienced Information Technology (IT) Director with 10-19 years of experience earns an average total compensation of ₹3,461,759 based on 500 salaries. In their late career (20 years and higher), employees earn an average total compensation of ₹3,763,193.  Read less"},{"job_title":"Senior Java Developer","avg_salary":"₹990,687","pay_by_experience":"An entry-level Senior Java Developer with less than 1 year experience can expect to earn an average total compensation (includes tips, bonus, and overtime pay) of ₹300,000 based on 5 salaries. An early career Senior Java Developer with 1-4 years of experience earns an average total compensation of ₹720,325 based on 184 salaries. A mid-career Senior Java Developer with 5-9 years of experience earns an average total compensation of ₹1,029,050 based on 550 salaries. An experienced Senior Java Developer with 10-19 years of experience earns an average total compensation of ₹1,341,973 based on 149 salaries.   Read less"},{"job_title":"Oracle Database Administrator (DBA)","avg_salary":"₹579,239","pay_by_experience":"An entry-level Oracle Database Administrator (DBA) with less than 1 year experience can expect to earn an average total compensation (includes tips, bonus, and overtime pay) of ₹292,035 based on 36 salaries. An early career Oracle Database Administrator (DBA) with 1-4 years of experience earns an average total compensation of ₹426,433 based on 441 salaries. A mid-career Oracle Database Administrator (DBA) with 5-9 years of experience earns an average total compensation of ₹865,180 based on 311 salaries. An experienced Oracle Database Administrator (DBA) with 10-19 years of experience earns an average total compensation of ₹1,423,644 based on 100 salaries. In their late career (20 years and higher), employees earn an average total compensation of ₹2,000,000.  Read less"},{"job_title":"System Administrator, Windows Server","avg_salary":"₹415,554","pay_by_experience":"An entry-level System Administrator, Windows Server with less than 1 year experience can expect to earn an average total compensation (includes tips, bonus, and overtime pay) of ₹237,053 based on 26 salaries. An early career System Administrator, Windows Server with 1-4 years of experience earns an average total compensation of ₹347,025 based on 385 salaries. A mid-career System Administrator, Windows Server with 5-9 years of experience earns an average total compensation of ₹518,761 based on 347 salaries. An experienced System Administrator, Windows Server with 10-19 years of experience earns an average total compensation of ₹693,262 based on 115 salaries.   Read less"},{"job_title":"Test Analyst","avg_salary":"₹573,440","pay_by_experience":"An entry-level Test Analyst with less than 1 year experience can expect to earn an average total compensation (includes tips, bonus, and overtime pay) of ₹331,371 based on 19 salaries. An early career Test Analyst with 1-4 years of experience earns an average total compensation of ₹483,194 based on 407 salaries. A mid-career Test Analyst with 5-9 years of experience earns an average total compensation of ₹699,089 based on 376 salaries. An experienced Test Analyst with 10-19 years of experience earns an average total compensation of ₹900,275 based on 58 salaries.   Read less"},{"job_title":"Embedded Software Engineer","avg_salary":"₹406,743","pay_by_experience":"An entry-level Embedded Software Engineer with less than 1 year experience can expect to earn an average total compensation (includes tips, bonus, and overtime pay) of ₹305,542 based on 83 salaries. An early career Embedded Software Engineer with 1-4 years of experience earns an average total compensation of ₹395,065 based on 567 salaries. A mid-career Embedded Software Engineer with 5-9 years of experience earns an average total compensation of ₹727,490 based on 121 salaries. An experienced Embedded Software Engineer with 10-19 years of experience earns an average total compensation of ₹1,375,689 based on 25 salaries.   Read less"},{"job_title":"SAP Basis Administrator","avg_salary":"₹546,911","pay_by_experience":"An entry-level SAP Basis Administrator with less than 1 year experience can expect to earn an average total compensation (includes tips, bonus, and overtime pay) of ₹307,076 based on 25 salaries. An early career SAP Basis Administrator with 1-4 years of experience earns an average total compensation of ₹443,160 based on 431 salaries. A mid-career SAP Basis Administrator with 5-9 years of experience earns an average total compensation of ₹891,708 based on 227 salaries. An experienced SAP Basis Administrator with 10-19 years of experience earns an average total compensation of ₹1,340,571 based on 100 salaries.   Read less"},{"job_title":"Senior Database Administrator (DBA)","avg_salary":"₹1,080,879","pay_by_experience":"An entry-level Senior Database Administrator (DBA) with less than 1 year experience can expect to earn an average total compensation (includes tips, bonus, and overtime pay) of ₹389,744 based on 6 salaries. An early career Senior Database Administrator (DBA) with 1-4 years of experience earns an average total compensation of ₹699,549 based on 77 salaries. A mid-career Senior Database Administrator (DBA) with 5-9 years of experience earns an average total compensation of ₹1,009,596 based on 400 salaries. An experienced Senior Database Administrator (DBA) with 10-19 years of experience earns an average total compensation of ₹1,479,751 based on 276 salaries. In their late career (20 years and higher), employees earn an average total compensation of ₹1,100,000.  Read less"},{"job_title":"Vice President (VP), Information Technology (IT)","avg_salary":"₹3,460,242","pay_by_experience":"An early career Vice President (VP), Information Technology (IT) with 1-4 years of experience earns an average total compensation (includes tips, bonus, and overtime pay) of ₹1,179,162 based on 5 salaries. A mid-career Vice President (VP), Information Technology (IT) with 5-9 years of experience earns an average total compensation of ₹2,258,056 based on 51 salaries. An experienced Vice President (VP), Information Technology (IT) with 10-19 years of experience earns an average total compensation of ₹3,416,674 based on 496 salaries. In their late career (20 years and higher), employees earn an average total compensation of ₹4,114,172.  Read less"},{"job_title":"Information Technology Specialist","avg_salary":"₹1,082,697","pay_by_experience":"An entry-level Information Technology Specialist with less than 1 year experience can expect to earn an average total compensation (includes tips, bonus, and overtime pay) of ₹303,594 based on 9 salaries. An early career Information Technology Specialist with 1-4 years of experience earns an average total compensation of ₹601,913 based on 92 salaries. A mid-career Information Technology Specialist with 5-9 years of experience earns an average total compensation of ₹1,023,067 based on 379 salaries. An experienced Information Technology Specialist with 10-19 years of experience earns an average total compensation of ₹1,504,500 based on 278 salaries. In their late career (20 years and higher), employees earn an average total compensation of ₹2,400,000.  Read less"},{"job_title":"Technical Support Specialist","avg_salary":"₹494,896","pay_by_experience":"An entry-level Technical Support Specialist with less than 1 year experience can expect to earn an average total compensation (includes tips, bonus, and overtime pay) of ₹267,152 based on 30 salaries. An early career Technical Support Specialist with 1-4 years of experience earns an average total compensation of ₹343,693 based on 300 salaries. A mid-career Technical Support Specialist with 5-9 years of experience earns an average total compensation of ₹706,253 based on 244 salaries. An experienced Technical Support Specialist with 10-19 years of experience earns an average total compensation of ₹1,104,584 based on 119 salaries. In their late career (20 years and higher), employees earn an average total compensation of ₹2,000,000.  Read less"},{"job_title":"Senior Systems Analyst","avg_salary":"₹865,010","pay_by_experience":"An entry-level Senior Systems Analyst with less than 1 year experience can expect to earn an average total compensation (includes tips, bonus, and overtime pay) of ₹464,516 based on 6 salaries. An early career Senior Systems Analyst with 1-4 years of experience earns an average total compensation of ₹589,963 based on 130 salaries. A mid-career Senior Systems Analyst with 5-9 years of experience earns an average total compensation of ₹892,346 based on 381 salaries. An experienced Senior Systems Analyst with 10-19 years of experience earns an average total compensation of ₹1,219,981 based on 164 salaries. In their late career (20 years and higher), employees earn an average total compensation of ₹1,600,000.  Read less"},{"job_title":"Program Manager, IT","avg_salary":"₹2,023,745","pay_by_experience":"An early career Program Manager, IT with 1-4 years of experience earns an average total compensation (includes tips, bonus, and overtime pay) of ₹943,843 based on 44 salaries. A mid-career Program Manager, IT with 5-9 years of experience earns an average total compensation of ₹1,475,186 based on 85 salaries. An experienced Program Manager, IT with 10-19 years of experience earns an average total compensation of ₹2,130,048 based on 432 salaries. In their late career (20 years and higher), employees earn an average total compensation of ₹2,561,549.  Read less"},{"job_title":"SQL Developer","avg_salary":"₹446,695","pay_by_experience":"An entry-level SQL Developer with less than 1 year experience can expect to earn an average total compensation (includes tips, bonus, and overtime pay) of ₹298,053 based on 48 salaries. An early career SQL Developer with 1-4 years of experience earns an average total compensation of ₹405,443 based on 432 salaries. A mid-career SQL Developer with 5-9 years of experience earns an average total compensation of ₹658,206 based on 151 salaries. An experienced SQL Developer with 10-19 years of experience earns an average total compensation of ₹1,130,180 based on 25 salaries.   Read less"},{"job_title":"SAP ABAP Programmer","avg_salary":"₹538,228","pay_by_experience":"An entry-level SAP ABAP Programmer with less than 1 year experience can expect to earn an average total compensation (includes tips, bonus, and overtime pay) of ₹302,416 based on 45 salaries. An early career SAP ABAP Programmer with 1-4 years of experience earns an average total compensation of ₹431,335 based on 369 salaries. A mid-career SAP ABAP Programmer with 5-9 years of experience earns an average total compensation of ₹849,355 based on 186 salaries. An experienced SAP ABAP Programmer with 10-19 years of experience earns an average total compensation of ₹1,328,689 based on 62 salaries.   Read less"},{"job_title":"Business Intelligence (BI) Analyst","avg_salary":"₹583,284","pay_by_experience":"An entry-level Business Intelligence (BI) Analyst with less than 1 year experience can expect to earn an average total compensation (includes tips, bonus, and overtime pay) of ₹391,561 based on 49 salaries. An early career Business Intelligence (BI) Analyst with 1-4 years of experience earns an average total compensation of ₹516,007 based on 382 salaries. A mid-career Business Intelligence (BI) Analyst with 5-9 years of experience earns an average total compensation of ₹818,030 based on 136 salaries. An experienced Business Intelligence (BI) Analyst with 10-19 years of experience earns an average total compensation of ₹1,268,689 based on 59 salaries.   Read less"},{"job_title":"Software Engineering Manager","avg_salary":"₹2,983,153","pay_by_experience":"An early career Software Engineering Manager with 1-4 years of experience earns an average total compensation (includes tips, bonus, and overtime pay) of ₹2,891,717 based on 12 salaries. A mid-career Software Engineering Manager with 5-9 years of experience earns an average total compensation of ₹2,677,368 based on 112 salaries. An experienced Software Engineering Manager with 10-19 years of experience earns an average total compensation of ₹3,053,946 based on 470 salaries. In their late career (20 years and higher), employees earn an average total compensation of ₹3,677,647.  Read less"},{"job_title":"Information Technology (IT) Lead","avg_salary":"₹1,106,092","pay_by_experience":"An early career Information Technology (IT) Lead with 1-4 years of experience earns an average total compensation (includes tips, bonus, and overtime pay) of ₹815,635 based on 27 salaries. A mid-career Information Technology (IT) Lead with 5-9 years of experience earns an average total compensation of ₹1,079,859 based on 306 salaries. An experienced Information Technology (IT) Lead with 10-19 years of experience earns an average total compensation of ₹1,181,208 based on 260 salaries.   Read less"},{"job_title":"Sr. Network Engineer","avg_salary":"₹728,634","pay_by_experience":"An entry-level Sr. Network Engineer with less than 1 year experience can expect to earn an average total compensation (includes tips, bonus, and overtime pay) of ₹240,000 based on 5 salaries. An early career Sr. Network Engineer with 1-4 years of experience earns an average total compensation of ₹507,450 based on 119 salaries. A mid-career Sr. Network Engineer with 5-9 years of experience earns an average total compensation of ₹782,201 based on 335 salaries. An experienced Sr. Network Engineer with 10-19 years of experience earns an average total compensation of ₹1,092,140 based on 130 salaries.   Read less"},{"job_title":"Quality Assurance (QA) / Test Automation Engineer","avg_salary":"₹491,116","pay_by_experience":"An entry-level Quality Assurance (QA) / Test Automation Engineer with less than 1 year experience can expect to earn an average total compensation (includes tips, bonus, and overtime pay) of ₹308,059 based on 18 salaries. An early career Quality Assurance (QA) / Test Automation Engineer with 1-4 years of experience earns an average total compensation of ₹453,987 based on 448 salaries. A mid-career Quality Assurance (QA) / Test Automation Engineer with 5-9 years of experience earns an average total compensation of ₹772,565 based on 107 salaries. An experienced Quality Assurance (QA) / Test Automation Engineer with 10-19 years of experience earns an average total compensation of ₹1,888,570 based on 17 salaries.   Read less"},{"job_title":"Junior Software Engineer","avg_salary":"₹293,758","pay_by_experience":"An entry-level Junior Software Engineer with less than 1 year experience can expect to earn an average total compensation (includes tips, bonus, and overtime pay) of ₹273,942 based on 210 salaries. An early career Junior Software Engineer with 1-4 years of experience earns an average total compensation of ₹272,312 based on 364 salaries. A mid-career Junior Software Engineer with 5-9 years of experience earns an average total compensation of ₹125,000 based on 8 salaries.   Read less"},{"job_title":"Search Engine Optimization (SEO) Analyst","avg_salary":"₹230,607","pay_by_experience":"An entry-level Search Engine Optimization (SEO) Analyst with less than 1 year experience can expect to earn an average total compensation (includes tips, bonus, and overtime pay) of ₹180,570 based on 109 salaries. An early career Search Engine Optimization (SEO) Analyst with 1-4 years of experience earns an average total compensation of ₹231,157 based on 436 salaries. A mid-career Search Engine Optimization (SEO) Analyst with 5-9 years of experience earns an average total compensation of ₹356,078 based on 50 salaries.   Read less"},{"job_title":"Senior Web Developer","avg_salary":"₹660,849","pay_by_experience":"An early career Senior Web Developer with 1-4 years of experience earns an average total compensation (includes tips, bonus, and overtime pay) of ₹485,753 based on 231 salaries. A mid-career Senior Web Developer with 5-9 years of experience earns an average total compensation of ₹789,709 based on 280 salaries. An experienced Senior Web Developer with 10-19 years of experience earns an average total compensation of ₹1,213,564 based on 55 salaries.   Read less"},{"job_title":"SAS Programmer","avg_salary":"₹547,097","pay_by_experience":"An entry-level SAS Programmer with less than 1 year experience can expect to earn an average total compensation (includes tips, bonus, and overtime pay) of ₹303,567 based on 60 salaries. An early career SAS Programmer with 1-4 years of experience earns an average total compensation of ₹495,052 based on 334 salaries. A mid-career SAS Programmer with 5-9 years of experience earns an average total compensation of ₹919,218 based on 141 salaries. An experienced SAS Programmer with 10-19 years of experience earns an average total compensation of ₹1,516,956 based on 28 salaries.   Read less"},{"job_title":"Lead Software Development Engineer (SDE)","avg_salary":"₹1,518,241","pay_by_experience":"An early career Lead Software Development Engineer (SDE) with 1-4 years of experience earns an average total compensation (includes tips, bonus, and overtime pay) of ₹1,089,282 based on 40 salaries. A mid-career Lead Software Development Engineer (SDE) with 5-9 years of experience earns an average total compensation of ₹1,476,823 based on 327 salaries. An experienced Lead Software Development Engineer (SDE) with 10-19 years of experience earns an average total compensation of ₹1,765,029 based on 179 salaries.   Read less"},{"job_title":"Web Designer & Developer","avg_salary":"₹349,698","pay_by_experience":"An entry-level Web Designer & Developer with less than 1 year experience can expect to earn an average total compensation (includes tips, bonus, and overtime pay) of ₹245,528 based on 100 salaries. An early career Web Designer & Developer with 1-4 years of experience earns an average total compensation of ₹306,761 based on 321 salaries. A mid-career Web Designer & Developer with 5-9 years of experience earns an average total compensation of ₹558,153 based on 111 salaries. An experienced Web Designer & Developer with 10-19 years of experience earns an average total compensation of ₹728,031 based on 27 salaries.   Read less"},{"job_title":"Software Development Manager","avg_salary":"₹2,456,802","pay_by_experience":"An early career Software Development Manager with 1-4 years of experience earns an average total compensation (includes tips, bonus, and overtime pay) of ₹1,500,000 based on 16 salaries. A mid-career Software Development Manager with 5-9 years of experience earns an average total compensation of ₹1,747,229 based on 68 salaries. An experienced Software Development Manager with 10-19 years of experience earns an average total compensation of ₹2,529,478 based on 428 salaries. In their late career (20 years and higher), employees earn an average total compensation of ₹3,039,183.  Read less"},{"job_title":"Test Manager","avg_salary":"₹1,515,377","pay_by_experience":"An early career Test Manager with 1-4 years of experience earns an average total compensation (includes tips, bonus, and overtime pay) of ₹584,615 based on 11 salaries. A mid-career Test Manager with 5-9 years of experience earns an average total compensation of ₹1,218,436 based on 54 salaries. An experienced Test Manager with 10-19 years of experience earns an average total compensation of ₹1,548,340 based on 480 salaries. In their late career (20 years and higher), employees earn an average total compensation of ₹1,500,000.  Read less"},{"job_title":"Network Administrator","avg_salary":"₹352,294","pay_by_experience":"An entry-level Network Administrator with less than 1 year experience can expect to earn an average total compensation (includes tips, bonus, and overtime pay) of ₹247,191 based on 65 salaries. An early career Network Administrator with 1-4 years of experience earns an average total compensation of ₹312,994 based on 289 salaries. A mid-career Network Administrator with 5-9 years of experience earns an average total compensation of ₹484,229 based on 106 salaries. An experienced Network Administrator with 10-19 years of experience earns an average total compensation of ₹524,823 based on 35 salaries. In their late career (20 years and higher), employees earn an average total compensation of ₹700,000.  Read less"},{"job_title":"Test / Quality Assurance (QA) Analyst, (Computer Software)","avg_salary":"₹512,719","pay_by_experience":"An entry-level Test / Quality Assurance (QA) Analyst, (Computer Software) with less than 1 year experience can expect to earn an average total compensation (includes tips, bonus, and overtime pay) of ₹259,615 based on 32 salaries. An early career Test / Quality Assurance (QA) Analyst, (Computer Software) with 1-4 years of experience earns an average total compensation of ₹426,998 based on 251 salaries. A mid-career Test / Quality Assurance (QA) Analyst, (Computer Software) with 5-9 years of experience earns an average total compensation of ₹783,035 based on 177 salaries. An experienced Test / Quality Assurance (QA) Analyst, (Computer Software) with 10-19 years of experience earns an average total compensation of ₹1,222,336 based on 31 salaries.   Read less"},{"job_title":"Senior Software Development Engineer (SDE)","avg_salary":"₹1,718,182","pay_by_experience":"An early career Senior Software Development Engineer (SDE) with 1-4 years of experience earns an average total compensation (includes tips, bonus, and overtime pay) of ₹1,488,943 based on 138 salaries. A mid-career Senior Software Development Engineer (SDE) with 5-9 years of experience earns an average total compensation of ₹1,719,489 based on 272 salaries. An experienced Senior Software Development Engineer (SDE) with 10-19 years of experience earns an average total compensation of ₹2,394,115 based on 66 salaries.   Read less"},{"job_title":"Senior Software Architect","avg_salary":"₹2,474,469","pay_by_experience":"An early career Senior Software Architect with 1-4 years of experience earns an average total compensation (includes tips, bonus, and overtime pay) of ₹900,000 based on 6 salaries. A mid-career Senior Software Architect with 5-9 years of experience earns an average total compensation of ₹1,904,603 based on 24 salaries. An experienced Senior Software Architect with 10-19 years of experience earns an average total compensation of ₹2,500,797 based on 402 salaries. In their late career (20 years and higher), employees earn an average total compensation of ₹3,412,149.  Read less"},{"job_title":"ScrumMaster","avg_salary":"₹1,283,067","pay_by_experience":"An entry-level ScrumMaster with less than 1 year experience can expect to earn an average total compensation (includes tips, bonus, and overtime pay) of ₹579,557 based on 6 salaries. An early career ScrumMaster with 1-4 years of experience earns an average total compensation of ₹892,429 based on 76 salaries. A mid-career ScrumMaster with 5-9 years of experience earns an average total compensation of ₹1,221,603 based on 169 salaries. An experienced ScrumMaster with 10-19 years of experience earns an average total compensation of ₹1,548,633 based on 221 salaries.   Read less"},{"job_title":"Product Owner","avg_salary":"₹1,561,616","pay_by_experience":"An early career Product Owner with 1-4 years of experience earns an average total compensation (includes tips, bonus, and overtime pay) of ₹883,010 based on 56 salaries. A mid-career Product Owner with 5-9 years of experience earns an average total compensation of ₹1,368,132 based on 177 salaries. An experienced Product Owner with 10-19 years of experience earns an average total compensation of ₹1,962,334 based on 224 salaries. In their late career (20 years and higher), employees earn an average total compensation of ₹1,600,000.  Read less"},{"job_title":"Senior Programmer Analyst","avg_salary":"₹899,410","pay_by_experience":"An entry-level Senior Programmer Analyst with less than 1 year experience can expect to earn an average total compensation (includes tips, bonus, and overtime pay) of ₹450,000 based on 12 salaries. An early career Senior Programmer Analyst with 1-4 years of experience earns an average total compensation of ₹704,196 based on 126 salaries. A mid-career Senior Programmer Analyst with 5-9 years of experience earns an average total compensation of ₹949,677 based on 226 salaries. An experienced Senior Programmer Analyst with 10-19 years of experience earns an average total compensation of ₹1,613,460 based on 106 salaries.   Read less"},{"job_title":"Software Development Engineer, Test (SDET)","avg_salary":"₹820,941","pay_by_experience":"An entry-level Software Development Engineer, Test (SDET) with less than 1 year experience can expect to earn an average total compensation (includes tips, bonus, and overtime pay) of ₹399,991 based on 23 salaries. An early career Software Development Engineer, Test (SDET) with 1-4 years of experience earns an average total compensation of ₹722,603 based on 239 salaries. A mid-career Software Development Engineer, Test (SDET) with 5-9 years of experience earns an average total compensation of ₹1,084,024 based on 159 salaries. An experienced Software Development Engineer, Test (SDET) with 10-19 years of experience earns an average total compensation of ₹1,748,571 based on 22 salaries.   Read less"},{"job_title":"Project Manager, Software Development","avg_salary":"₹1,561,310","pay_by_experience":"An entry-level Project Manager, Software Development with less than 1 year experience can expect to earn an average total compensation (includes tips, bonus, and overtime pay) of ₹600,000 based on 10 salaries. An early career Project Manager, Software Development with 1-4 years of experience earns an average total compensation of ₹599,897 based on 41 salaries. A mid-career Project Manager, Software Development with 5-9 years of experience earns an average total compensation of ₹1,092,365 based on 99 salaries. An experienced Project Manager, Software Development with 10-19 years of experience earns an average total compensation of ₹1,804,822 based on 291 salaries. In their late career (20 years and higher), employees earn an average total compensation of ₹2,034,730.  Read less"},{"job_title":"Senior Systems Administrator","avg_salary":"₹683,695","pay_by_experience":"An early career Senior Systems Administrator with 1-4 years of experience earns an average total compensation (includes tips, bonus, and overtime pay) of ₹544,377 based on 71 salaries. A mid-career Senior Systems Administrator with 5-9 years of experience earns an average total compensation of ₹681,799 based on 254 salaries. An experienced Senior Systems Administrator with 10-19 years of experience earns an average total compensation of ₹874,615 based on 119 salaries.   Read less"},{"job_title":"PHP Web Developer","avg_salary":"₹261,741","pay_by_experience":"An entry-level PHP Web Developer with less than 1 year experience can expect to earn an average total compensation (includes tips, bonus, and overtime pay) of ₹165,000 based on 50 salaries. An early career PHP Web Developer with 1-4 years of experience earns an average total compensation of ₹247,801 based on 308 salaries. A mid-career PHP Web Developer with 5-9 years of experience earns an average total compensation of ₹572,157 based on 75 salaries. An experienced PHP Web Developer with 10-19 years of experience earns an average total compensation of ₹789,200 based on 13 salaries.   Read less"},{"job_title":"Process Analyst","avg_salary":"₹284,169","pay_by_experience":"An entry-level Process Analyst with less than 1 year experience can expect to earn an average total compensation (includes tips, bonus, and overtime pay) of ₹201,839 based on 37 salaries. An early career Process Analyst with 1-4 years of experience earns an average total compensation of ₹269,646 based on 267 salaries. A mid-career Process Analyst with 5-9 years of experience earns an average total compensation of ₹426,353 based on 116 salaries. An experienced Process Analyst with 10-19 years of experience earns an average total compensation of ₹524,821 based on 19 salaries.   Read less"},{"job_title":"Application Support Analyst","avg_salary":"₹484,147","pay_by_experience":"An entry-level Application Support Analyst with less than 1 year experience can expect to earn an average total compensation (includes tips, bonus, and overtime pay) of ₹273,698 based on 10 salaries. An early career Application Support Analyst with 1-4 years of experience earns an average total compensation of ₹434,559 based on 261 salaries. A mid-career Application Support Analyst with 5-9 years of experience earns an average total compensation of ₹727,265 based on 141 salaries. An experienced Application Support Analyst with 10-19 years of experience earns an average total compensation of ₹1,021,030 based on 28 salaries.   Read less"},{"job_title":"Security Consultant, (Computing / Networking / Information Technology)","avg_salary":"₹811,018","pay_by_experience":"An entry-level Security Consultant, (Computing / Networking / Information Technology) with less than 1 year experience can expect to earn an average total compensation (includes tips, bonus, and overtime pay) of ₹415,487 based on 17 salaries. An early career Security Consultant, (Computing / Networking / Information Technology) with 1-4 years of experience earns an average total compensation of ₹627,523 based on 191 salaries. A mid-career Security Consultant, (Computing / Networking / Information Technology) with 5-9 years of experience earns an average total compensation of ₹1,010,241 based on 137 salaries. An experienced Security Consultant, (Computing / Networking / Information Technology) with 10-19 years of experience earns an average total compensation of ₹1,526,128 based on 81 salaries. In their late career (20 years and higher), employees earn an average total compensation of ₹720,000.  Read less"},{"job_title":"Java Software Developer / Programmer","avg_salary":"₹583,617","pay_by_experience":"An entry-level Java Software Developer / Programmer with less than 1 year experience can expect to earn an average total compensation (includes tips, bonus, and overtime pay) of ₹303,399 based on 71 salaries. An early career Java Software Developer / Programmer with 1-4 years of experience earns an average total compensation of ₹496,333 based on 220 salaries. A mid-career Java Software Developer / Programmer with 5-9 years of experience earns an average total compensation of ₹936,110 based on 111 salaries. An experienced Java Software Developer / Programmer with 10-19 years of experience earns an average total compensation of ₹1,458,813 based on 21 salaries.   Read less"},{"job_title":"Senior Technical Support Engineer","avg_salary":"₹660,185","pay_by_experience":"An early career Senior Technical Support Engineer with 1-4 years of experience earns an average total compensation (includes tips, bonus, and overtime pay) of ₹405,670 based on 124 salaries. A mid-career Senior Technical Support Engineer with 5-9 years of experience earns an average total compensation of ₹803,891 based on 216 salaries. An experienced Senior Technical Support Engineer with 10-19 years of experience earns an average total compensation of ₹1,100,059 based on 83 salaries.   Read less"},{"job_title":"Senior Systems Engineer (Computer Networking / IT)","avg_salary":"₹573,028","pay_by_experience":"An entry-level Senior Systems Engineer (Computer Networking / IT) with less than 1 year experience can expect to earn an average total compensation (includes tips, bonus, and overtime pay) of ₹334,021 based on 12 salaries. An early career Senior Systems Engineer (Computer Networking / IT) with 1-4 years of experience earns an average total compensation of ₹422,486 based on 159 salaries. A mid-career Senior Systems Engineer (Computer Networking / IT) with 5-9 years of experience earns an average total compensation of ₹653,525 based on 181 salaries. An experienced Senior Systems Engineer (Computer Networking / IT) with 10-19 years of experience earns an average total compensation of ₹982,635 based on 93 salaries.   Read less"}]