{"0":{"job_title":"Business_Analyst%2C_IT","avg_salary":"\u20b9604,826","salary_component":["Base Salary","Bonus","Profit Sharing","Commission","Total Pay"],"Base Salary":"\u20b9275k - \u20b91m","Bonus":"\u20b910k - \u20b9167k","Profit Sharing":"\u20b9964 - \u20b9309k","Commission":"\u20b90 - \u20b945k","Total Pay":"\u20b9290k - \u20b91m","pay_by_experience_percent":["Entry Level","Early Career","Mid Career","Late Career","Experienced"],"Entry Level":"-41%","Early Career":"-15%","Mid Career":"38%","Late Career":"104%","Experienced":"183%","pay_by_experience_years":["1","1-4"],"1":"\u20b9354,627","1-4":"\u20b9512,833","gender_component":["Male","Female","Prefer to self-define"],"Male":"71.7","Female":"28.2","Prefer to self-define":"0.1","health_benefits_componentt":["Medical","Dental","Vision","None"],"Medical":"70","Dental":"7","Vision":"6","None":"30","popular_skills_component":["Business Analysis","Requirements Analysis","Project Management","Microsoft Excel","SQL"],"Business Analysis":"\u20b9623,756","Requirements Analysis":"\u20b9636,523","Project Management":"\u20b9593,142","Microsoft Excel":"\u20b9544,863","SQL":"\u20b9617,584","affect_skills_component":["Functional\/Application Design","Telecommunications","IT Consulting","Data Modeling","SAP Materials Management (SAP MM)","Salesforce","Machine Learning","Enterprise Resource Planning (ERP)","Training","Product Management"],"Functional\/Application Design":"119%","Telecommunications":"115%","IT Consulting":"98%","Data Modeling":"74%","SAP Materials Management (SAP MM)":"74%","Salesforce":"73%","Machine Learning":"65%","Enterprise Resource Planning (ERP)":"62%","Training":"61%","Product Management":"56%","career_path_component":["Senior Business Analyst","Lead Business Analyst","Project Manager, (Unspecified Type \/ Gen..."],"location_component":["Bangalore, Karnataka","Mumbai, Maharashtra","Pune, Maharashtra","Chennai, Tamil Nadu","Hyderabad, Andhra Pradesh","Gurgaon, Haryana","Noida, Uttar Pradesh","Ahmedabad, Gujarat","New Delhi, Delhi","Kolkata, West Bengal"],"Bangalore, Karnataka":"16%","Mumbai, Maharashtra":"3%","Pune, Maharashtra":"21%","Chennai, Tamil Nadu":"-6%","Hyderabad, Andhra Pradesh":"-3%","Gurgaon, Haryana":"2%","Noida, Uttar Pradesh":"-10%","Ahmedabad, Gujarat":"-35%","New Delhi, Delhi":"-14%","Kolkata, West Bengal":"3%","employers_component":["Tata Consultancy Services Limited","Computer Sciences Corporation (CSC)","Capgemini","Accenture","Accenture Technology Solutions","Cognizant Technology Solutions Corp","HCL Technologies Ltd.","Wipro Technologies Ltd.","Cognizant","Deloitte"],"Tata Consultancy Services Limited":"Avg. Salary: \u20b9696,352","Computer Sciences Corporation (CSC)":"Avg. Salary: \u20b9603,269","Capgemini":"Avg. Salary: \u20b9689,855","Accenture":"Avg. Salary: \u20b9535,000","Accenture Technology Solutions":"Avg. Salary: \u20b9720,638","Cognizant Technology Solutions Corp":"Avg. Salary: \u20b9723,177","HCL Technologies Ltd.":"Avg. Salary: \u20b9564,000","Wipro Technologies Ltd.":"Avg. Salary: \u20b9592,387","Cognizant":"Avg. Salary: \u20b9639,000","Deloitte":"Avg. Salary: \u20b9521,163","related_job_component":["Software Engineer","Senior Software Engineer","Software Developer","Sr. Software Engineer \/ Developer \/ Programmer","Project Manager, (Unspecified Type \/ General)","Information Technology (IT) Consultant","Data Analyst","Senior Business Analyst","Team Leader, IT"],"Software Engineer":"Avg. Salary \u20b9263k \u2014 \u20b91m","Senior Software Engineer":"Avg. Salary \u20b9493k \u2014 \u20b92m","Software Developer":"Avg. Salary \u20b9214k \u2014 \u20b91m","Sr. Software Engineer \/ Developer \/ Programmer":"Avg. Salary \u20b9432k \u2014 \u20b92m","Project Manager, (Unspecified Type \/ General)":"Avg. Salary \u20b9456k \u2014 \u20b92m","Information Technology (IT) Consultant":"Avg. Salary \u20b9391k \u2014 \u20b92m","Data Analyst":"Avg. Salary \u20b9201k \u2014 \u20b9959k","Senior Business Analyst":"Avg. Salary \u20b9447k \u2014 \u20b92m","Team Leader, IT":"Avg. Salary \u20b9584k \u2014 \u20b92m"}}