{"0":{"job_title":"Business_Intelligence_(BI)_Developer","avg_salary":"\u20b9515,021","salary_component":["Base Salary","Bonus","Profit Sharing","Total Pay"],"Base Salary":"\u20b9288k - \u20b91m","Bonus":"\u20b910k - \u20b9150k","Profit Sharing":"\u20b91k - \u20b9630k","Total Pay":"\u20b9294k - \u20b91m","pay_by_experience_percent":["Entry Level","Early Career","Mid Career","Late Career"],"Entry Level":"-41%","Early Career":"-9%","Mid Career":"71%","Late Career":"134%","pay_by_experience_years":["1"],"1":"\u20b9302,182","gender_component":["Male","Female","Prefer to self-define"],"Male":"78.0","Female":"21.7","Prefer to self-define":"0.3","health_benefits_componentt":["Medical","Dental","Vision","None"],"Medical":"72","Dental":"7","Vision":"7","None":"28","popular_skills_component":["Business Intelligence","SQL","ETL (Extract, transform, load)","Microsoft SQL Server","Data Warehouse"],"Business Intelligence":"\u20b9525,270","SQL":"\u20b9542,978","ETL (Extract, transform, load)":"\u20b9545,157","Microsoft SQL Server":"\u20b9582,758","Data Warehouse":"19%","affect_skills_component":["Transact-SQL","Data Modeling","Cognos","MicroStrategy","Database Management & Reporting","Apache Spark","BusinessObjects","TIBCO Spotfire","Business Objects","Data Warehouse"],"Transact-SQL":"70%","Data Modeling":"47%","Cognos":"46%","MicroStrategy":"36%","Database Management & Reporting":"36%","Apache Spark":"36%","BusinessObjects":"34%","TIBCO Spotfire":"24%","Business Objects":"21%","career_path_component":["Information Technology (IT) Consultant","Business Intelligence Consultant","Data Engineer"],"location_component":["Bangalore, Karnataka","Pune, Maharashtra","Mumbai, Maharashtra","Hyderabad, Andhra Pradesh","Chennai, Tamil Nadu","Gurgaon, Haryana","New Delhi, Delhi","Kolkata, West Bengal","Delhi, Delhi","Ahmedabad, Gujarat"],"Bangalore, Karnataka":"8%","Pune, Maharashtra":"%","Mumbai, Maharashtra":"-2%","Hyderabad, Andhra Pradesh":"-6%","Chennai, Tamil Nadu":"%","Gurgaon, Haryana":"26%","New Delhi, Delhi":"-7%","Kolkata, West Bengal":"-1%","Delhi, Delhi":"50%","Ahmedabad, Gujarat":"-18%","employers_component":["Tata Consultancy Services Limited","Cognizant","Cognizant Technology Solutions Corp","Accenture","InfoSys Limited","Accenture Technology Solutions","Capgemini","Fractal Analytics","Techmahindra Ltd","J.P. Morgan Chase & Co. (JPMCC)"],"Tata Consultancy Services Limited":"Avg. Salary: \u20b9444,259","Cognizant":"Avg. Salary: \u20b9606,782","Cognizant Technology Solutions Corp":"Avg. Salary: \u20b9550,000","Accenture":"Avg. Salary: \u20b9600,000","InfoSys Limited":"Avg. Salary: \u20b9483,471","Accenture Technology Solutions":"Avg. Salary: \u20b9381,843","Capgemini":"Avg. Salary: \u20b9489,214","Fractal Analytics":"Avg. Salary: \u20b9620,000","Techmahindra Ltd":"Avg. Salary: \u20b9837,000","J.P. Morgan Chase & Co. (JPMCC)":"Avg. Salary: \u20b91,500,000","related_job_component":["Software Engineer","Senior Software Engineer","Software Developer","Data Analyst","Sr. Software Engineer \/ Developer \/ Programmer","Team Leader, IT","Information Technology (IT) Consultant","Software Engineer \/ Developer \/ Programmer","Associate Software Engineer"],"Software Engineer":"Avg. Salary \u20b9263k \u2014 \u20b91m","Senior Software Engineer":"Avg. Salary \u20b9493k \u2014 \u20b92m","Software Developer":"Avg. Salary \u20b9214k \u2014 \u20b91m","Data Analyst":"Avg. Salary \u20b9201k \u2014 \u20b9959k","Sr. Software Engineer \/ Developer \/ Programmer":"Avg. Salary \u20b9432k \u2014 \u20b92m","Team Leader, IT":"Avg. Salary \u20b9584k \u2014 \u20b92m","Information Technology (IT) Consultant":"Avg. Salary \u20b9391k \u2014 \u20b92m","Software Engineer \/ Developer \/ Programmer":"Avg. Salary \u20b9225k \u2014 \u20b91m","Associate Software Engineer":"Avg. Salary \u20b9240k \u2014 \u20b91m"}}