{"0":{"job_title":"Business_Intelligence_(BI)_Analyst","avg_salary":"\u20b9580,017","salary_component":["Base Salary","Bonus","Profit Sharing","Total Pay"],"Base Salary":"\u20b9288k - \u20b91m","Bonus":"\u20b918k - \u20b9148k","Profit Sharing":"\u20b9502 - \u20b9400k","Total Pay":"\u20b9292k - \u20b91m","pay_by_experience_percent":["Entry Level","Early Career","Mid Career","Late Career"],"Entry Level":"-32%","Early Career":"-11%","Mid Career":"42%","Late Career":"122%","pay_by_experience_years":["1"],"1":"\u20b9393,035","gender_component":["Male","Female"],"Male":"78.1","Female":"21.9","health_benefits_componentt":["Medical","Dental","Vision","None"],"Medical":"79","Dental":"8","Vision":"8","None":"21","popular_skills_component":["Business Intelligence","SQL","Microsoft Excel","Data Analysis","Tableau Software"],"Business Intelligence":"3%","SQL":"4%","Microsoft Excel":"\u20b9509,462","Data Analysis":"\u20b9588,245","Tableau Software":"\u20b9594,815","affect_skills_component":["Project Management","Data Modeling","SAP Business Intelligence (SAP BI)","Informatica","SQL Server Integration Services (SSIS)","SQL Server Reporting Services (SSRS)","Business Analysis","Database Management & Reporting","SQL","Business Intelligence"],"Project Management":"69%","Data Modeling":"66%","SAP Business Intelligence (SAP BI)":"50%","Informatica":"33%","SQL Server Integration Services (SSIS)":"22%","SQL Server Reporting Services (SSRS)":"21%","Business Analysis":"18%","Database Management & Reporting":"10%","career_path_component":["Analytics Manager","Data Scientist","Business Intelligence (BI) Architect"],"location_component":["Bangalore, Karnataka","Mumbai, Maharashtra","Hyderabad, Andhra Pradesh","Pune, Maharashtra","Gurgaon, Haryana","Chennai, Tamil Nadu","New Delhi, Delhi","Delhi, Delhi","Noida, Uttar Pradesh","Ahmedabad, Gujarat"],"Bangalore, Karnataka":"10%","Mumbai, Maharashtra":"-7%","Hyderabad, Andhra Pradesh":"-1%","Pune, Maharashtra":"-13%","Gurgaon, Haryana":"5%","Chennai, Tamil Nadu":"16%","New Delhi, Delhi":"7%","Delhi, Delhi":"-24%","Noida, Uttar Pradesh":"-1%","Ahmedabad, Gujarat":"3%","employers_component":["Tata Consultancy Services Limited","Genpact","Eclinicalworks, LLC","EY (Ernst & Young)","Accenture","Amazon.com Inc","Applied Materials Inc","IBM India Private Limited","Novo Nordisk Inc."],"Tata Consultancy Services Limited":"Avg. Salary: \u20b9475,000","Genpact":"Avg. Salary: \u20b9485,000","Eclinicalworks, LLC":"Avg. Salary: \u20b9471,750","EY (Ernst & Young)":"Avg. Salary: \u20b9500,000","Accenture":"Avg. Salary: \u20b9337,037","Amazon.com Inc":"Avg. Salary: \u20b9875,000","Applied Materials Inc":"Avg. Salary: \u20b91,742,400","IBM India Private Limited":"Avg. Salary: \u20b91,300,000","Novo Nordisk Inc.":"Avg. Salary: \u20b9658,641","related_job_component":["Data Analyst","Software Engineer","Senior Software Engineer","Senior Business Analyst","Business Analyst, IT","Civil Engineer","Data Scientist","Project Manager, (Unspecified Type \/ General)","Mechanical Engineer"],"Data Analyst":"Avg. Salary \u20b9201k \u2014 \u20b9959k","Software Engineer":"Avg. Salary \u20b9262k \u2014 \u20b91m","Senior Software Engineer":"Avg. Salary \u20b9493k \u2014 \u20b92m","Senior Business Analyst":"Avg. Salary \u20b9447k \u2014 \u20b92m","Business Analyst, IT":"Avg. Salary \u20b9275k \u2014 \u20b91m","Civil Engineer":"Avg. Salary \u20b9154k \u2014 \u20b9771k","Data Scientist":"Avg. Salary \u20b9343k \u2014 \u20b92m","Project Manager, (Unspecified Type \/ General)":"Avg. Salary \u20b9456k \u2014 \u20b92m","Mechanical Engineer":"Avg. Salary \u20b9152k \u2014 \u20b9983k"}}