{"0":{"job_title":"Data_Engineer","avg_salary":"\u20b9826,689","salary_component":["Base Salary","Bonus","Profit Sharing","Commission","Total Pay"],"Base Salary":"\u20b9362k - \u20b92m","Bonus":"\u20b920k - \u20b9294k","Profit Sharing":"\u20b94k - \u20b9520k","Commission":"\u20b90 - \u20b9275k","Total Pay":"\u20b9372k - \u20b92m","pay_by_experience_percent":["Entry Level","Early Career","Mid Career","Late Career"],"Entry Level":"-44%","Early Career":"-14%","Mid Career":"53%","Late Career":"98%","pay_by_experience_years":["1","1-4"],"1":"\u20b9460,873","1-4":"\u20b9713,301","gender_component":["Male","Female","Prefer to self-define"],"Male":"85.4","Female":"14.2","Prefer to self-define":"0.4","health_benefits_componentt":["Medical","Dental","Vision","None"],"Medical":"79","Dental":"10","Vision":"9","None":"21","popular_skills_component":["Python","SQL","ETL (Extract, transform, load)","Apache Spark","Big Data Analytics"],"Python":"\u20b9796,901","SQL":"\u20b9841,684","ETL (Extract, transform, load)":"\u20b9841,486","Apache Spark":"13%","Big Data Analytics":"5%","affect_skills_component":["Business Intelligence","Software Development","Amazon Web Services (AWS)","Apache Kafka","Teradata","Apache Hive","Apache Spark","Java","Apache Hadoop","Big Data Analytics"],"Business Intelligence":"106%","Software Development":"26%","Amazon Web Services (AWS)":"23%","Apache Kafka":"17%","Teradata":"16%","Apache Hive":"15%","Java":"8%","Apache Hadoop":"7%","career_path_component":["Data Scientist","Lead Software Engineer","Data Architect"],"location_component":["Bangalore, Karnataka","Chennai, Tamil Nadu","Pune, Maharashtra","Mumbai, Maharashtra","Hyderabad, Andhra Pradesh","Gurgaon, Haryana","New Delhi, Delhi","Noida, Uttar Pradesh","Kolkata, West Bengal","Aurangabad, Maharashtra"],"Bangalore, Karnataka":"9%","Chennai, Tamil Nadu":"%","Pune, Maharashtra":"1%","Mumbai, Maharashtra":"-10%","Hyderabad, Andhra Pradesh":"15%","Gurgaon, Haryana":"21%","New Delhi, Delhi":"12%","Noida, Uttar Pradesh":"-15%","Kolkata, West Bengal":"-32%","Aurangabad, Maharashtra":"-79%","employers_component":["Amazon.com Inc","Tata Consultancy Services Limited","IBM India Private Limited","InfoSys Limited","Jio","Accenture","Accenture Technology Solutions","Capgemini","General Electric Co (GE)","HCL Technologies Ltd."],"Amazon.com Inc":"Avg. Salary: \u20b91,937,775","Tata Consultancy Services Limited":"Avg. Salary: \u20b9700,000","IBM India Private Limited":"Avg. Salary: \u20b9709,859","InfoSys Limited":"Avg. Salary: \u20b9467,500","Jio":"Avg. Salary: \u20b91,100,000","Accenture":"Avg. Salary: \u20b9685,000","Accenture Technology Solutions":"Avg. Salary: \u20b9684,700","Capgemini":"Avg. Salary: \u20b9700,000","General Electric Co (GE)":"Avg. Salary: \u20b91,017,500","HCL Technologies Ltd.":"Avg. Salary: \u20b9975,000","related_job_component":["Software Engineer","Senior Software Engineer","Software Developer","Data Analyst","Sr. Software Engineer \/ Developer \/ Programmer","Data Scientist","Team Leader, IT","Information Technology (IT) Consultant","Technical Consultant"],"Software Engineer":"Avg. Salary \u20b9262k \u2014 \u20b91m","Senior Software Engineer":"Avg. Salary \u20b9493k \u2014 \u20b92m","Software Developer":"Avg. Salary \u20b9214k \u2014 \u20b91m","Data Analyst":"Avg. Salary \u20b9201k \u2014 \u20b9959k","Sr. Software Engineer \/ Developer \/ Programmer":"Avg. Salary \u20b9432k \u2014 \u20b92m","Data Scientist":"Avg. Salary \u20b9343k \u2014 \u20b92m","Team Leader, IT":"Avg. Salary \u20b9584k \u2014 \u20b92m","Information Technology (IT) Consultant":"Avg. Salary \u20b9391k \u2014 \u20b92m","Technical Consultant":"Avg. Salary \u20b9312k \u2014 \u20b92m"}}