{"0":{"job_title":"Database_Administrator_(DBA)","avg_salary":"\u20b9494,979","salary_component":["Base Salary","Bonus","Profit Sharing","Total Pay"],"Base Salary":"\u20b9238k - \u20b91m","Bonus":"\u20b95k - \u20b9125k","Profit Sharing":"\u20b991 - \u20b9331k","Total Pay":"\u20b9243k - \u20b91m","pay_by_experience_percent":["Entry Level","Early Career","Mid Career","Late Career","Experienced"],"Entry Level":"-41%","Early Career":"-16%","Mid Career":"68%","Late Career":"165%","Experienced":"119%","pay_by_experience_years":["1"],"1":"\u20b9291,470","gender_component":["Male","Female"],"Male":"86.3","Female":"13.7","health_benefits_componentt":["Medical","Dental","Vision","None"],"Medical":"69","Dental":"7","Vision":"6","None":"30","popular_skills_component":["Database Administration","Microsoft SQL Server","SQL","Oracle","Oracle 11g"],"Database Administration":"\u20b9500,719","Microsoft SQL Server":"\u20b9460,750","SQL":"\u20b9459,635","Oracle":"\u20b9587,782","Oracle 11g":"\u20b9499,923","affect_skills_component":["Sybase","Transact-SQL","Amazon Redshift","PostgreSQL","Oracle DB 8i\/9i\/10g\/ 11i","Sybase Adaptive Server","Oracle eBusiness Suite","Oracle RAC","Amazon Web Services (AWS)","Linux"],"Sybase":"168%","Transact-SQL":"110%","Amazon Redshift":"102%","PostgreSQL":"58%","Oracle DB 8i\/9i\/10g\/ 11i":"52%","Sybase Adaptive Server":"49%","Oracle eBusiness Suite":"43%","Oracle RAC":"41%","Amazon Web Services (AWS)":"40%","Linux":"37%","career_path_component":["Senior Database Administrator (DBA)","Oracle Database Administrator (DBA)","Software Engineer"],"location_component":["Bangalore, Karnataka","Mumbai, Maharashtra","Pune, Maharashtra","Chennai, Tamil Nadu","Hyderabad, Andhra Pradesh","New Delhi, Delhi","Kolkata, West Bengal","Noida, Uttar Pradesh","Ahmedabad, Gujarat","Gurgaon, Haryana"],"Bangalore, Karnataka":"19%","Mumbai, Maharashtra":"-17%","Pune, Maharashtra":"2%","Chennai, Tamil Nadu":"2%","Hyderabad, Andhra Pradesh":"3%","New Delhi, Delhi":"-8%","Kolkata, West Bengal":"-11%","Noida, Uttar Pradesh":"14%","Ahmedabad, Gujarat":"-34%","Gurgaon, Haryana":"-5%","employers_component":["Tata Consultancy Services Limited","HCL Technologies Ltd.","IBM India Private Limited","Accenture Technology Solutions","Cognizant Technology Solutions Corp","Capgemini","International Business Machines (IBM) Corp.","InfoSys Limited","Clover Infotech","Cognizant"],"Tata Consultancy Services Limited":"Avg. Salary: \u20b9498,886","HCL Technologies Ltd.":"Avg. Salary: \u20b9800,000","IBM India Private Limited":"Avg. Salary: \u20b9540,000","Accenture Technology Solutions":"Avg. Salary: \u20b9523,356","Cognizant Technology Solutions Corp":"Avg. Salary: \u20b9750,000","Capgemini":"Avg. Salary: \u20b9442,500","International Business Machines (IBM) Corp.":"Avg. Salary: \u20b9975,915","InfoSys Limited":"Avg. Salary: \u20b9485,925","Clover Infotech":"Avg. Salary: \u20b9320,000","Cognizant":"Avg. Salary: \u20b9869,989","related_job_component":["Software Engineer","Senior Software Engineer","Software Developer","Sr. Software Engineer \/ Developer \/ Programmer","Data Analyst","Team Leader, IT","Oracle Database Administrator (DBA)","Information Technology (IT) Consultant","Software Engineer \/ Developer \/ Programmer"],"Software Engineer":"Avg. Salary \u20b9262k \u2014 \u20b91m","Senior Software Engineer":"Avg. Salary \u20b9493k \u2014 \u20b92m","Software Developer":"Avg. Salary \u20b9214k \u2014 \u20b91m","Sr. Software Engineer \/ Developer \/ Programmer":"Avg. Salary \u20b9432k \u2014 \u20b92m","Data Analyst":"Avg. Salary \u20b9201k \u2014 \u20b9959k","Team Leader, IT":"Avg. Salary \u20b9584k \u2014 \u20b92m","Oracle Database Administrator (DBA)":"Avg. Salary \u20b9241k \u2014 \u20b91m","Information Technology (IT) Consultant":"Avg. Salary \u20b9391k \u2014 \u20b92m","Software Engineer \/ Developer \/ Programmer":"Avg. Salary \u20b9225k \u2014 \u20b91m"}}