{"0":{"job_title":"Data_Scientist","avg_salary":"\u20b9817,657","salary_component":["Base Salary","Bonus","Profit Sharing","Commission","Total Pay"],"Base Salary":"\u20b9343k - \u20b92m","Bonus":"\u20b920k - \u20b9304k","Profit Sharing":"\u20b92k - \u20b9307k","Commission":"\u20b925k - \u20b9200k","Total Pay":"\u20b9354k - \u20b92m","pay_by_experience_percent":["Entry Level","Early Career","Mid Career","Late Career","Experienced"],"Entry Level":"-37%","Early Career":"-5%","Mid Career":"70%","Late Career":"115%","Experienced":"22%","pay_by_experience_years":["1","1-4"],"1":"\u20b9517,605","1-4":"\u20b9776,850","gender_component":["Male","Female","Prefer to self-define"],"Male":"84.6","Female":"15.2","Prefer to self-define":"0.2","health_benefits_componentt":["Medical","Dental","Vision","None"],"Medical":"70","Dental":"8","Vision":"8","None":"30","popular_skills_component":["Machine Learning","Python","Data Analysis","R","Statistical Analysis"],"Machine Learning":"\u20b9890,660","Python":"\u20b9826,023","Data Analysis":"\u20b9794,299","R":"\u20b9864,784","Statistical Analysis":"12%","affect_skills_component":["Artificial Intelligence (AI)","SPSS","Software Development","Business Analysis","Microsoft PowerPoint","Natural Language Processing (NLP)","Apache Spark","Microsoft Azure","Statistical Analysis","Java"],"Artificial Intelligence (AI)":"71%","SPSS":"69%","Software Development":"53%","Business Analysis":"47%","Microsoft PowerPoint":"28%","Natural Language Processing (NLP)":"22%","Apache Spark":"21%","Microsoft Azure":"17%","Java":"12%","career_path_component":["Senior Data Scientist","Lead Data Scientist","Data Analyst"],"location_component":["Bangalore, Karnataka","Mumbai, Maharashtra","Hyderabad, Andhra Pradesh","Pune, Maharashtra","Chennai, Tamil Nadu","Gurgaon, Haryana","New Delhi, Delhi","Delhi, Delhi","Noida, Uttar Pradesh","Ahmedabad, Gujarat"],"Bangalore, Karnataka":"21%","Mumbai, Maharashtra":"%","Hyderabad, Andhra Pradesh":"-3%","Pune, Maharashtra":"-10%","Chennai, Tamil Nadu":"-9%","Gurgaon, Haryana":"21%","New Delhi, Delhi":"-4%","Delhi, Delhi":"%","Noida, Uttar Pradesh":"-5%","Ahmedabad, Gujarat":"-32%","employers_component":["Mu Sigma","Tata Consultancy Services Limited","Accenture","Amazon.com Inc","IBM India Private Limited","HCL Technologies Ltd.","EY (Ernst & Young)","Ericsson Inc.","Deloitte","Capgemini"],"Mu Sigma":"Avg. Salary: \u20b9650,000","Tata Consultancy Services Limited":"Avg. Salary: \u20b9890,567","Accenture":"Avg. Salary: \u20b91,200,000","Amazon.com Inc":"Avg. Salary: \u20b91,474,576","IBM India Private Limited":"Avg. Salary: \u20b9900,000","HCL Technologies Ltd.":"Avg. Salary: \u20b91,200,000","EY (Ernst & Young)":"Avg. Salary: \u20b9863,584","Ericsson Inc.":"Avg. Salary: \u20b91,300,000","Deloitte":"Avg. Salary: \u20b9700,000","Capgemini":"Avg. Salary: \u20b9850,000","related_job_component":["Software Engineer","Senior Software Engineer","Data Analyst","Software Developer","Senior Business Analyst","Sr. Software Engineer \/ Developer \/ Programmer","Business Analyst, IT","Information Technology (IT) Consultant","Team Leader, IT"],"Software Engineer":"Avg. Salary \u20b9263k \u2014 \u20b91m","Senior Software Engineer":"Avg. Salary \u20b9493k \u2014 \u20b92m","Data Analyst":"Avg. Salary \u20b9201k \u2014 \u20b9959k","Software Developer":"Avg. Salary \u20b9214k \u2014 \u20b91m","Senior Business Analyst":"Avg. Salary \u20b9447k \u2014 \u20b92m","Sr. Software Engineer \/ Developer \/ Programmer":"Avg. Salary \u20b9432k \u2014 \u20b92m","Business Analyst, IT":"Avg. Salary \u20b9275k \u2014 \u20b91m","Information Technology (IT) Consultant":"Avg. Salary \u20b9391k \u2014 \u20b92m","Team Leader, IT":"Avg. Salary \u20b9584k \u2014 \u20b92m"}}