{"0":{"job_title":"Development_Operations_(DevOps)_Engineer","avg_salary":"\u20b9689,698","salary_component":["Base Salary","Bonus","Profit Sharing","Total Pay"],"Base Salary":"\u20b9333k - \u20b92m","Bonus":"\u20b910k - \u20b9225k","Profit Sharing":"\u20b95k - \u20b9511k","Total Pay":"\u20b9343k - \u20b92m","pay_by_experience_percent":["Entry Level","Early Career","Mid Career","Late Career"],"Entry Level":"-46%","Early Career":"-15%","Mid Career":"69%","Late Career":"152%","pay_by_experience_years":["1"],"1":"\u20b9374,058","gender_component":["Male","Female","Prefer to self-define"],"Male":"89.8","Female":"9.9","Prefer to self-define":"0.2","health_benefits_componentt":["Medical","Dental","Vision","None"],"Medical":"74","Dental":"8","Vision":"8","None":"26","popular_skills_component":["Development Operations (DevOps)","Amazon Web Services (AWS)","Linux","Jenkins","Automation Scripting"],"Development Operations (DevOps)":"\u20b9705,275","Amazon Web Services (AWS)":"\u20b9696,356","Linux":"\u20b9678,194","Jenkins":"\u20b9695,684","Automation Scripting":"\u20b9756,923","affect_skills_component":["Terraform","Bash","Windows PowerShell","Red Hat Enterprise Linux (RHEL)","Apache HTTP Server","Continuous Deployment","MySQL","Kubernetes","Python","Red Hat Ansible"],"Terraform":"65%","Bash":"45%","Windows PowerShell":"43%","Red Hat Enterprise Linux (RHEL)":"30%","Apache HTTP Server":"20%","Continuous Deployment":"16%","MySQL":"16%","Kubernetes":"15%","Python":"13%","Red Hat Ansible":"13%","career_path_component":["Senior Development Operations (DevOps) E...","Software Development Engineer (SDE)","Build and Release Engineer"],"location_component":["Bangalore, Karnataka","Pune, Maharashtra","Hyderabad, Andhra Pradesh","Chennai, Tamil Nadu","Mumbai, Maharashtra","Gurgaon, Haryana","Noida, Uttar Pradesh","Ahmedabad, Gujarat","New Delhi, Delhi","Kolkata, West Bengal"],"Bangalore, Karnataka":"7%","Pune, Maharashtra":"5%","Hyderabad, Andhra Pradesh":"-8%","Chennai, Tamil Nadu":"-7%","Mumbai, Maharashtra":"-2%","Gurgaon, Haryana":"23%","Noida, Uttar Pradesh":"22%","Ahmedabad, Gujarat":"-30%","New Delhi, Delhi":"-10%","Kolkata, West Bengal":"-13%","employers_component":["Tata Consultancy Services Limited","Accenture Technology Solutions","Amazon.com Inc","IBM India Private Limited","Accenture","Cognizant","Amdocs, Inc,.","InfoSys Limited","Wipro Technologies Ltd.","Oracle"],"Tata Consultancy Services Limited":"Avg. Salary: \u20b9550,000","Accenture Technology Solutions":"Avg. Salary: \u20b9610,254","Amazon.com Inc":"Avg. Salary: \u20b91,448,276","IBM India Private Limited":"Avg. Salary: \u20b9817,178","Accenture":"Avg. Salary: \u20b9666,658","Cognizant":"Avg. Salary: \u20b9820,000","Amdocs, Inc,.":"Avg. Salary: \u20b9789,873","InfoSys Limited":"Avg. Salary: \u20b9578,082","Wipro Technologies Ltd.":"Avg. Salary: \u20b9600,000","Oracle":"Avg. Salary: \u20b91,100,000","related_job_component":["Software Engineer","Senior Software Engineer","Software Developer","Sr. Software Engineer \/ Developer \/ Programmer","Linux System Administrator","Systems Engineer, IT","Team Leader, IT","Software Engineer \/ Developer \/ Programmer","Lead Software Engineer"],"Software Engineer":"Avg. Salary \u20b9262k \u2014 \u20b91m","Senior Software Engineer":"Avg. Salary \u20b9493k \u2014 \u20b92m","Software Developer":"Avg. Salary \u20b9214k \u2014 \u20b91m","Sr. Software Engineer \/ Developer \/ Programmer":"Avg. Salary \u20b9432k \u2014 \u20b92m","Linux System Administrator":"Avg. Salary \u20b9200k \u2014 \u20b9824k","Systems Engineer, IT":"Avg. Salary \u20b9197k \u2014 \u20b9627k","Team Leader, IT":"Avg. Salary \u20b9583k \u2014 \u20b92m","Software Engineer \/ Developer \/ Programmer":"Avg. Salary \u20b9225k \u2014 \u20b91m","Lead Software Engineer":"Avg. Salary \u20b9788k \u2014 \u20b93m"}}