{"0":{"job_title":"Embedded_Software_Engineer","avg_salary":"\u20b9407,834","salary_component":["Base Salary","Bonus","Profit Sharing","Total Pay"],"Base Salary":"\u20b9179k - \u20b9970k","Bonus":"\u20b95k - \u20b9201k","Profit Sharing":"\u20b919 - \u20b9197k","Total Pay":"\u20b9192k - \u20b91m","pay_by_experience_percent":["Entry Level","Early Career","Mid Career","Late Career"],"Entry Level":"-26%","Early Career":"-3%","Mid Career":"76%","Late Career":"249%","pay_by_experience_years":["1"],"1":"\u20b9303,399","gender_component":["Male","Female"],"Male":"85.3","Female":"14.7","health_benefits_componentt":["Medical","Dental","Vision","None"],"Medical":"64","Dental":"5","Vision":"4","None":"36","popular_skills_component":["C Programming Language","Embedded \/ Real-Time \/ RTOS","Linux","Software Development","C++ Programming Language"],"C Programming Language":"\u20b9408,678","Embedded \/ Real-Time \/ RTOS":"2%","Linux":"3%","Software Development":"1%","C++ Programming Language":"3%","affect_skills_component":["ARM architecture","Driver\/Core Development","Digital Signal Processing (DSP)","Python","Linux","C++ Programming Language","Matlab","PIC Microcontroller","Embedded \/ Real-Time \/ RTOS","Software Development"],"ARM architecture":"51%","Driver\/Core Development":"23%","Digital Signal Processing (DSP)":"6%","Python":"4%","Matlab":"3%","PIC Microcontroller":"3%","career_path_component":["Senior Embedded Software Engineer","Senior Software Engineer","Senior Firmware Engineer"],"location_component":["Bangalore, Karnataka","Pune, Maharashtra","Chennai, Tamil Nadu","Hyderabad, Andhra Pradesh","Ahmedabad, Gujarat","Mumbai, Maharashtra","Coimbatore, Tamil Nadu","Gurgaon, Haryana","Delhi, Delhi","Kochi, Kerala"],"Bangalore, Karnataka":"7%","Pune, Maharashtra":"11%","Chennai, Tamil Nadu":"23%","Hyderabad, Andhra Pradesh":"-13%","Ahmedabad, Gujarat":"-26%","Mumbai, Maharashtra":"-17%","Coimbatore, Tamil Nadu":"-19%","Gurgaon, Haryana":"19%","Delhi, Delhi":"-11%","Kochi, Kerala":"-2%","employers_component":["KPIT Cummins Infosystems Limited","Tata Elxsi","Robert Bosch","Robert Bosch Engineering and Business Solutions Limited","Moschip Semiconductor","Cisco Systems Inc","HCL Technologies Ltd.","Intel Corporation","Knorr Brake Corporation","Visteon Corporation"],"KPIT Cummins Infosystems Limited":"Avg. Salary: \u20b9349,666","Tata Elxsi":"Avg. Salary: \u20b9350,000","Robert Bosch":"Avg. Salary: \u20b9514,147","Robert Bosch Engineering and Business Solutions Limited":"Avg. Salary: \u20b9556,500","Moschip Semiconductor":"Avg. Salary: \u20b9521,560","Cisco Systems Inc":"Avg. Salary: \u20b91,000,000","HCL Technologies Ltd.":"Avg. Salary: \u20b9568,000","Intel Corporation":"Avg. Salary: \u20b91,550,000","Knorr Brake Corporation":"Avg. Salary: \u20b9395,000","Visteon Corporation":"Avg. Salary: \u20b9650,000","related_job_component":["Software Engineer","Senior Software Engineer","Software Developer","Mechanical Engineer","Business Analyst, IT","Sr. Software Engineer \/ Developer \/ Programmer","Lead Software Engineer","Civil Engineer","Software Engineer \/ Developer \/ Programmer"],"Software Engineer":"Avg. Salary \u20b9262k \u2014 \u20b91m","Senior Software Engineer":"Avg. Salary \u20b9493k \u2014 \u20b92m","Software Developer":"Avg. Salary \u20b9214k \u2014 \u20b91m","Mechanical Engineer":"Avg. Salary \u20b9152k \u2014 \u20b9983k","Business Analyst, IT":"Avg. Salary \u20b9275k \u2014 \u20b91m","Sr. Software Engineer \/ Developer \/ Programmer":"Avg. Salary \u20b9432k \u2014 \u20b92m","Lead Software Engineer":"Avg. Salary \u20b9788k \u2014 \u20b93m","Civil Engineer":"Avg. Salary \u20b9154k \u2014 \u20b9771k","Software Engineer \/ Developer \/ Programmer":"Avg. Salary \u20b9225k \u2014 \u20b91m"}}