{"0":{"job_title":"Front_End_Developer_%2F_Engineer","avg_salary":"\u20b9485,893","salary_component":["Base Salary","Bonus","Profit Sharing","Total Pay"],"Base Salary":"\u20b9193k - \u20b91m","Bonus":"\u20b910k - \u20b9201k","Profit Sharing":"\u20b913 - \u20b9524k","Total Pay":"\u20b9197k - \u20b91m","pay_by_experience_percent":["Entry Level","Early Career","Mid Career","Late Career"],"Entry Level":"-38%","Early Career":"-7%","Mid Career":"79%","Late Career":"189%","pay_by_experience_years":["1"],"1":"\u20b9302,654","gender_component":["Male","Female","Prefer to self-define"],"Male":"85.6","Female":"14.3","Prefer to self-define":"0.1","health_benefits_componentt":["Medical","Dental","Vision","None"],"Medical":"51","Dental":"4","Vision":"4","None":"49","popular_skills_component":["JavaScript","HTML5","Cascading Style Sheets (CSS)","React.js","Angular.js"],"JavaScript":"4%","HTML5":"\u20b9453,002","Cascading Style Sheets (CSS)":"\u20b9449,503","React.js":"22%","Angular.js":"\u20b9497,874","affect_skills_component":["Backbone.js","jQuery Mobile","User Interface Design","Asynchronous Javascript and XML (Ajax) Web Development","Git","Express (Node.js)","React.js","Node.js","MongoDB","JavaScript"],"Backbone.js":"96%","jQuery Mobile":"44%","User Interface Design":"32%","Asynchronous Javascript and XML (Ajax) Web Development":"28%","Git":"23%","Express (Node.js)":"23%","Node.js":"22%","MongoDB":"11%","career_path_component":["UI Developer","Sr. Software Engineer \/ Developer \/ Prog...","Full Stack Software Developer"],"location_component":["Bangalore, Karnataka","Pune, Maharashtra","Chennai, Tamil Nadu","Mumbai, Maharashtra","Hyderabad, Andhra Pradesh","Gurgaon, Haryana","New Delhi, Delhi","Ahmedabad, Gujarat","Noida, Uttar Pradesh","Delhi, Delhi"],"Bangalore, Karnataka":"18%","Pune, Maharashtra":"%","Chennai, Tamil Nadu":"-2%","Mumbai, Maharashtra":"-4%","Hyderabad, Andhra Pradesh":"-1%","Gurgaon, Haryana":"26%","New Delhi, Delhi":"2%","Ahmedabad, Gujarat":"-19%","Noida, Uttar Pradesh":"%","Delhi, Delhi":"3%","employers_component":["Tata Consultancy Services Limited","Accenture","Capgemini","HCL Technologies Ltd.","Sapient Corporation","Accenture Technology Solutions","Cognizant","Freshdesk","InfoSys Limited","Deloitte"],"Tata Consultancy Services Limited":"Avg. Salary: \u20b9540,500","Accenture":"Avg. Salary: \u20b9360,000","Capgemini":"Avg. Salary: \u20b9600,000","HCL Technologies Ltd.":"Avg. Salary: \u20b9675,000","Sapient Corporation":"Avg. Salary: \u20b9983,000","Accenture Technology Solutions":"Avg. Salary: \u20b9613,000","Cognizant":"Avg. Salary: \u20b9500,000","Freshdesk":"Avg. Salary: \u20b9695,000","InfoSys Limited":"Avg. Salary: \u20b9400,000","Deloitte":"Avg. Salary: \u20b91,400,000","related_job_component":["Software Engineer","Senior Software Engineer","Web Developer","Software Developer","PHP Developer","Sr. Software Engineer \/ Developer \/ Programmer","Web Designer","Software Engineer \/ Developer \/ Programmer","UI Developer"],"Software Engineer":"Avg. Salary \u20b9262k \u2014 \u20b91m","Senior Software Engineer":"Avg. Salary \u20b9493k \u2014 \u20b92m","Web Developer":"Avg. Salary \u20b9124k \u2014 \u20b9779k","Software Developer":"Avg. Salary \u20b9214k \u2014 \u20b91m","PHP Developer":"Avg. Salary \u20b9119k \u2014 \u20b9610k","Sr. Software Engineer \/ Developer \/ Programmer":"Avg. Salary \u20b9432k \u2014 \u20b92m","Web Designer":"Avg. Salary \u20b9118k \u2014 \u20b9635k","Software Engineer \/ Developer \/ Programmer":"Avg. Salary \u20b9225k \u2014 \u20b91m","UI Developer":"Avg. Salary \u20b9201k \u2014 \u20b91m"}}