{"0":{"job_title":"Full_Stack_Software_Developer","avg_salary":"\u20b9605,347","salary_component":["Base Salary","Bonus","Profit Sharing","Commission","Total Pay"],"Base Salary":"\u20b9267k - \u20b91m","Bonus":"\u20b914k - \u20b9243k","Profit Sharing":"\u20b98k - \u20b9440k","Commission":"\u20b90 - \u20b919k","Total Pay":"\u20b9279k - \u20b91m","pay_by_experience_percent":["Entry Level","Early Career","Mid Career","Late Career"],"Entry Level":"-38%","Early Career":"-8%","Mid Career":"66%","Late Career":"126%","pay_by_experience_years":["1"],"1":"\u20b9376,585","gender_component":["Male","Female"],"Male":"91.5","Female":"8.5","health_benefits_componentt":["Medical","Dental","Vision","None"],"Medical":"52","Dental":"4","Vision":"4","None":"48","popular_skills_component":["JavaScript","Node.js","React.js","Angular.js","Java"],"JavaScript":"\u20b9596,043","Node.js":"\u20b9541,309","React.js":"\u20b9602,369","Angular.js":"\u20b9611,653","Java":"\u20b9660,702","affect_skills_component":["Microservices","Microsoft Azure","ASP.NET Framework","Vue.js","WebAPI","Microsoft SQL Server","Scala","jQuery","C# Programming Language","ElasticSearch"],"Microservices":"156%","Microsoft Azure":"65%","ASP.NET Framework":"57%","Vue.js":"53%","WebAPI":"49%","Microsoft SQL Server":"40%","Scala":"40%","jQuery":"37%","C# Programming Language":"36%","ElasticSearch":"32%","career_path_component":["Sr. Software Engineer \/ Developer \/ Prog...","Senior Software Engineer"],"location_component":["Bangalore, Karnataka","Pune, Maharashtra","Chennai, Tamil Nadu","Mumbai, Maharashtra","Hyderabad, Andhra Pradesh","Ahmedabad, Gujarat","New Delhi, Delhi","Gurgaon, Haryana","Noida, Uttar Pradesh","Kolkata, West Bengal"],"Bangalore, Karnataka":"14%","Pune, Maharashtra":"-1%","Chennai, Tamil Nadu":"-11%","Mumbai, Maharashtra":"-5%","Hyderabad, Andhra Pradesh":"27%","Ahmedabad, Gujarat":"-21%","New Delhi, Delhi":"11%","Gurgaon, Haryana":"57%","Noida, Uttar Pradesh":"18%","Kolkata, West Bengal":"-32%","employers_component":["Cognizant","Tata Consultancy Services Limited","InfoSys Limited","J.P. Morgan Chase & Co. (JPMCC)","Accenture","IBM India Private Limited","Wipro","Wipro Technologies Ltd.","Amazon.com Inc"],"Cognizant":"Avg. Salary: \u20b9699,500","Tata Consultancy Services Limited":"Avg. Salary: \u20b9456,114","InfoSys Limited":"Avg. Salary: \u20b9475,000","J.P. Morgan Chase & Co. (JPMCC)":"Avg. Salary: \u20b91,656,457","Accenture":"Avg. Salary: \u20b9615,000","IBM India Private Limited":"Avg. Salary: \u20b9700,000","Wipro":"Avg. Salary: \u20b9400,000","Wipro Technologies Ltd.":"Avg. Salary: \u20b9420,000","Amazon.com Inc":"Avg. Salary: \u20b9750,000","related_job_component":["Software Engineer","Senior Software Engineer","Software Developer","Sr. Software Engineer \/ Developer \/ Programmer","Web Developer","Team Leader, IT","Software Engineer \/ Developer \/ Programmer","PHP Developer",".NET Software Developer \/ Programmer"],"Software Engineer":"Avg. Salary \u20b9262k \u2014 \u20b91m","Senior Software Engineer":"Avg. Salary \u20b9493k \u2014 \u20b92m","Software Developer":"Avg. Salary \u20b9214k \u2014 \u20b91m","Sr. Software Engineer \/ Developer \/ Programmer":"Avg. Salary \u20b9432k \u2014 \u20b92m","Web Developer":"Avg. Salary \u20b9124k \u2014 \u20b9779k","Team Leader, IT":"Avg. Salary \u20b9583k \u2014 \u20b92m","Software Engineer \/ Developer \/ Programmer":"Avg. Salary \u20b9225k \u2014 \u20b91m","PHP Developer":"Avg. Salary \u20b9119k \u2014 \u20b9609k",".NET Software Developer \/ Programmer":"Avg. Salary \u20b9176k \u2014 \u20b9992k"}}