{"0":{"job_title":"Information_Technology_Specialist","avg_salary":"\u20b91,087,103","salary_component":["Base Salary","Bonus","Profit Sharing","Total Pay"],"Base Salary":"\u20b9445k - \u20b92m","Bonus":"\u20b921k - \u20b9207k","Profit Sharing":"\u20b997 - \u20b9148k","Total Pay":"\u20b9483k - \u20b92m","pay_by_experience_percent":["Entry Level","Early Career","Mid Career","Late Career","Experienced"],"Entry Level":"-72%","Early Career":"-45%","Mid Career":"-6%","Late Career":"39%","Experienced":"121%","pay_by_experience_years":["1"],"1":"\u20b9303,594","gender_component":["Male","Female","Prefer to self-define"],"Male":"85.9","Female":"13.8","Prefer to self-define":"0.3","health_benefits_componentt":["Medical","Dental","Vision","None"],"Medical":"83","Dental":"10","Vision":"9","None":"17","popular_skills_component":["Information Technology (IT) Support","Java","System Administration","Information Technology Infrastructure Library (ITIL)","Java\/J2EE"],"Information Technology (IT) Support":"\u20b91,093,099","Java":"\u20b91,069,037","System Administration":"\u20b9883,599","Information Technology Infrastructure Library (ITIL)":"\u20b91,000,000","Java\/J2EE":"\u20b91,150,145","affect_skills_component":["Strategic Project Management","Data Modeling","Microservices","IBM Mainframe","Big Data Analytics","RESTful Web Services","Software Architecture","Data Warehouse","Python","Agile Software Development"],"Strategic Project Management":"123%","Data Modeling":"97%","Microservices":"84%","IBM Mainframe":"80%","Big Data Analytics":"70%","RESTful Web Services":"66%","Software Architecture":"64%","Data Warehouse":"51%","Python":"47%","Agile Software Development":"41%","career_path_component":["Project Manager, (Unspecified Type \/ Gen...","Software Architect","Senior Software Architect"],"location_component":["Bangalore, Karnataka","Pune, Maharashtra","Chennai, Tamil Nadu","Hyderabad, Andhra Pradesh","Noida, Uttar Pradesh","Mumbai, Maharashtra","Gurgaon, Haryana","New Delhi, Delhi","Kolkata, West Bengal","Delhi, Delhi"],"Bangalore, Karnataka":"11%","Pune, Maharashtra":"16%","Chennai, Tamil Nadu":"-7%","Hyderabad, Andhra Pradesh":"%","Noida, Uttar Pradesh":"-36%","Mumbai, Maharashtra":"-16%","Gurgaon, Haryana":"1%","New Delhi, Delhi":"-8%","Kolkata, West Bengal":"2%","Delhi, Delhi":"10%","employers_component":["HCL Technologies Ltd.","IBM India Private Limited","Cognizant Technology Solutions Corp","Wells Fargo & Co.","Cognizant","Synechron Technologies","Techmahindra Ltd","Verizon Wireless","Sapient Corporation","Tata Elxsi"],"HCL Technologies Ltd.":"Avg. Salary: \u20b9644,699","IBM India Private Limited":"Avg. Salary: \u20b9926,672","Cognizant Technology Solutions Corp":"Avg. Salary: \u20b9971,899","Wells Fargo & Co.":"Avg. Salary: \u20b91,104,977","Cognizant":"Avg. Salary: \u20b91,316,859","Synechron Technologies":"Avg. Salary: \u20b91,757,688","Techmahindra Ltd":"Avg. Salary: \u20b91,147,826","Verizon Wireless":"Avg. Salary: \u20b9996,000","Sapient Corporation":"Avg. Salary: \u20b92,002,018","Tata Elxsi":"Avg. Salary: \u20b91,300,000","related_job_component":["Software Engineer","Senior Software Engineer","Software Developer","Sr. Software Engineer \/ Developer \/ Programmer","Team Leader, IT","Information Technology (IT) Consultant","Software Engineer \/ Developer \/ Programmer","Lead Software Engineer","Associate Software Engineer"],"Software Engineer":"Avg. Salary \u20b9262k \u2014 \u20b91m","Senior Software Engineer":"Avg. Salary \u20b9493k \u2014 \u20b92m","Software Developer":"Avg. Salary \u20b9214k \u2014 \u20b91m","Sr. Software Engineer \/ Developer \/ Programmer":"Avg. Salary \u20b9432k \u2014 \u20b92m","Team Leader, IT":"Avg. Salary \u20b9584k \u2014 \u20b92m","Information Technology (IT) Consultant":"Avg. Salary \u20b9391k \u2014 \u20b92m","Software Engineer \/ Developer \/ Programmer":"Avg. Salary \u20b9225k \u2014 \u20b91m","Lead Software Engineer":"Avg. Salary \u20b9788k \u2014 \u20b93m","Associate Software Engineer":"Avg. Salary \u20b9240k \u2014 \u20b91m"}}