{"0":{"job_title":"Information_Technology_(IT)_Consultant","avg_salary":"\u20b9908,959","salary_component":["Base Salary","Bonus","Profit Sharing","Commission","Total Pay"],"Base Salary":"\u20b9391k - \u20b92m","Bonus":"\u20b921k - \u20b9227k","Profit Sharing":"\u20b95k - \u20b9517k","Commission":"\u20b90 - \u20b9165k","Total Pay":"\u20b9405k - \u20b92m","pay_by_experience_percent":["Entry Level","Early Career","Mid Career","Late Career","Experienced"],"Entry Level":"-59%","Early Career":"-32%","Mid Career":"9%","Late Career":"60%","Experienced":"221%","pay_by_experience_years":["1"],"1":"\u20b9371,179","gender_component":["Male","Female","Prefer to self-define"],"Male":"83.8","Female":"16.1","Prefer to self-define":"0.1","health_benefits_componentt":["Medical","Dental","Vision","None"],"Medical":"80","Dental":"10","Vision":"10","None":"20","popular_skills_component":["IT Consulting","SQL","Business Analysis","Project Management","Java"],"IT Consulting":"\u20b9971,329","SQL":"\u20b9807,089","Business Analysis":"\u20b91,025,211","Project Management":"\u20b91,195,472","Java":"\u20b9813,065","affect_skills_component":["Pre-Sales","Program Management","Docker","Business Process Engineering","Product Development","Strategic Project Management","Banking","Requirements Analysis","J2EE","Oracle DB 8i\/9i\/10g\/ 11i"],"Pre-Sales":"137%","Program Management":"133%","Docker":"112%","Business Process Engineering":"80%","Product Development":"73%","Strategic Project Management":"68%","Banking":"65%","Requirements Analysis":"60%","J2EE":"59%","Oracle DB 8i\/9i\/10g\/ 11i":"54%","career_path_component":["Senior Technical Consultant","Project Manager, (Unspecified Type \/ Gen...","Technical Consultant"],"location_component":["Bangalore, Karnataka","Pune, Maharashtra","Mumbai, Maharashtra","Hyderabad, Andhra Pradesh","Chennai, Tamil Nadu","Gurgaon, Haryana","Kolkata, West Bengal","New Delhi, Delhi","Noida, Uttar Pradesh","Delhi, Delhi"],"Bangalore, Karnataka":"4%","Pune, Maharashtra":"4%","Mumbai, Maharashtra":"-11%","Hyderabad, Andhra Pradesh":"7%","Chennai, Tamil Nadu":"-1%","Gurgaon, Haryana":"7%","Kolkata, West Bengal":"-13%","New Delhi, Delhi":"6%","Noida, Uttar Pradesh":"7%","Delhi, Delhi":"-10%","employers_component":["Capgemini","InfoSys Limited","Tata Consultancy Services Limited","Deloitte Consulting LLP","Capgemini Consulting","Deloitte","HCL Technologies Ltd.","ITC Infotech","Wipro Technologies Ltd.","EY (Ernst & Young)"],"Capgemini":"Avg. Salary: \u20b9721,805","InfoSys Limited":"Avg. Salary: \u20b9951,204","Tata Consultancy Services Limited":"Avg. Salary: \u20b91,198,243","Deloitte Consulting LLP":"Avg. Salary: \u20b9978,404","Capgemini Consulting":"Avg. Salary: \u20b9723,089","Deloitte":"Avg. Salary: \u20b9969,450","HCL Technologies Ltd.":"Avg. Salary: \u20b91,118,959","ITC Infotech":"Avg. Salary: \u20b9603,022","Wipro Technologies Ltd.":"Avg. Salary: \u20b91,085,303","EY (Ernst & Young)":"Avg. Salary: \u20b9889,181","related_job_component":["Senior Software Engineer","Software Engineer","Software Developer","Sr. Software Engineer \/ Developer \/ Programmer","Team Leader, IT","Associate Software Engineer","Software Engineer \/ Developer \/ Programmer","Web Developer","Lead Software Engineer"],"Senior Software Engineer":"Avg. Salary \u20b9493k \u2014 \u20b92m","Software Engineer":"Avg. Salary \u20b9262k \u2014 \u20b91m","Software Developer":"Avg. Salary \u20b9214k \u2014 \u20b91m","Sr. Software Engineer \/ Developer \/ Programmer":"Avg. Salary \u20b9432k \u2014 \u20b92m","Team Leader, IT":"Avg. Salary \u20b9584k \u2014 \u20b92m","Associate Software Engineer":"Avg. Salary \u20b9240k \u2014 \u20b91m","Software Engineer \/ Developer \/ Programmer":"Avg. Salary \u20b9225k \u2014 \u20b91m","Web Developer":"Avg. Salary \u20b9124k \u2014 \u20b9779k","Lead Software Engineer":"Avg. Salary \u20b9780k \u2014 \u20b93m"}}