{"0":{"job_title":"Information_Technology_(IT)_Director","avg_salary":"\u20b93,456,037","salary_component":["Base Salary","Bonus","Profit Sharing","Total Pay"],"Base Salary":"\u20b92m - \u20b95m","Bonus":"\u20b9176k - \u20b91m","Profit Sharing":"\u20b929k - \u20b91m","Total Pay":"\u20b92m - \u20b96m","pay_by_experience_percent":["Entry Level","Early Career","Mid Career","Late Career","Experienced"],"Entry Level":"-93%","Early Career":"-77%","Mid Career":"-34%","Late Career":"0%","Experienced":"10%","pay_by_experience_years":["1"],"1":"\u20b9252,000","gender_component":["Male","Female","Prefer to self-define"],"Male":"91.3","Female":"8.4","Prefer to self-define":"0.3","health_benefits_componentt":["Medical","Dental","Vision","None"],"Medical":"85","Dental":"19","Vision":"18","None":"15","popular_skills_component":["IT Management","Strategic Project Management","Project Management","People Management","Leadership"],"IT Management":"\u20b93,510,153","Strategic Project Management":"\u20b93,443,674","Project Management":"\u20b93,226,063","People Management":"\u20b93,543,677","Leadership":"\u20b93,694,477","affect_skills_component":["Artificial Intelligence (AI)","Data Analysis","Enterprise Solutions","Big Data Analytics","Cisco Networking","Product Development","Network Security Management","Oracle","Strategy","Machine Learning"],"Artificial Intelligence (AI)":"78%","Data Analysis":"40%","Enterprise Solutions":"37%","Big Data Analytics":"27%","Cisco Networking":"27%","Product Development":"24%","Network Security Management":"21%","Oracle":"17%","Strategy":"16%","Machine Learning":"16%","career_path_component":["Chief Technology Officer (CTO)","Chief Information Officer (CIO)","Vice President (VP), Information Technol..."],"location_component":["Bangalore, Karnataka","Pune, Maharashtra","Chennai, Tamil Nadu","Mumbai, Maharashtra","Gurgaon, Haryana","Hyderabad, Andhra Pradesh","New Delhi, Delhi","Gurgaon, Delhi","Kolkata, West Bengal","Delhi, Delhi"],"Bangalore, Karnataka":"13%","Pune, Maharashtra":"-4%","Chennai, Tamil Nadu":"-10%","Mumbai, Maharashtra":"-1%","Gurgaon, Haryana":"8%","Hyderabad, Andhra Pradesh":"-4%","New Delhi, Delhi":"-15%","Gurgaon, Delhi":"14%","Kolkata, West Bengal":"-14%","Delhi, Delhi":"1%","employers_component":["Capgemini","PepsiCo India Holdings Pvt Ltd","Oracle Corp.","Cognizant Technology Solutions Corp","Cognizant","PricewaterhouseCoopers","UBS","HCL Technologies Ltd.","Mindtree Consulting","Virtusa Corp."],"Capgemini":"Avg. Salary: \u20b92,498,277","PepsiCo India Holdings Pvt Ltd":"Avg. Salary: \u20b95,802,000","Oracle Corp.":"Avg. Salary: \u20b94,127,068","Cognizant Technology Solutions Corp":"Avg. Salary: \u20b93,186,169","Cognizant":"Avg. Salary: \u20b93,142,857","PricewaterhouseCoopers":"Avg. Salary: \u20b93,800,000","UBS":"Avg. Salary: \u20b95,153,418","HCL Technologies Ltd.":"Avg. Salary: \u20b92,543,412","Mindtree Consulting":"Avg. Salary: \u20b92,751,379","Virtusa Corp.":"Avg. Salary: \u20b93,100,000","related_job_component":["Software Engineer","Senior Software Engineer","Operations Manager","Software Developer","Project Manager, (Unspecified Type \/ General)","Information Technology (IT) Consultant","Team Leader, IT","Sr. Software Engineer \/ Developer \/ Programmer","Information Technology (IT) Manager"],"Software Engineer":"Avg. Salary \u20b9262k \u2014 \u20b91m","Senior Software Engineer":"Avg. Salary \u20b9493k \u2014 \u20b92m","Operations Manager":"Avg. Salary \u20b9297k \u2014 \u20b92m","Software Developer":"Avg. Salary \u20b9214k \u2014 \u20b91m","Project Manager, (Unspecified Type \/ General)":"Avg. Salary \u20b9456k \u2014 \u20b92m","Information Technology (IT) Consultant":"Avg. Salary \u20b9391k \u2014 \u20b92m","Team Leader, IT":"Avg. Salary \u20b9584k \u2014 \u20b92m","Sr. Software Engineer \/ Developer \/ Programmer":"Avg. Salary \u20b9432k \u2014 \u20b92m","Information Technology (IT) Manager":"Avg. Salary \u20b9411k \u2014 \u20b93m"}}