{"0":{"job_title":"Information_Technology_(IT)_Lead","avg_salary":"\u20b91,105,211","salary_component":["Base Salary","Bonus","Profit Sharing","Total Pay"],"Base Salary":"\u20b9728k - \u20b92m","Bonus":"\u20b944k - \u20b9228k","Profit Sharing":"\u20b9-22 - \u20b9879k","Total Pay":"\u20b9763k - \u20b92m","pay_by_experience_percent":["Early Career","Mid Career","Late Career"],"Early Career":"-26%","Mid Career":"-2%","Late Career":"7%","pay_by_experience_years":["1-4","5-9"],"1-4":"\u20b9815,635","5-9":"\u20b91,080,733","gender_component":["Male","Female"],"Male":"87.9","Female":"12.1","health_benefits_componentt":["Medical","Dental","Vision","None"],"Medical":"72","Dental":"7","Vision":"7","None":"28","popular_skills_component":[".NET","Java\/J2EE","SQL","C# Programming Language","Microsoft SQL Server"],".NET":"\u20b91,142,270","Java\/J2EE":"\u20b91,107,522","SQL":"\u20b91,068,115","C# Programming Language":"\u20b91,187,026","Microsoft SQL Server":"\u20b91,138,671","affect_skills_component":["iOS","Security Policies and Procedures","Cloud Computing","Internal Audit","Internet Information Server (IIS)","Apache Tomcat Application Server","Informatica","MicroStrategy","Android Software Development Kit (SDK)","MongoDB"],"iOS":"108%","Security Policies and Procedures":"69%","Cloud Computing":"54%","Internal Audit":"46%","Internet Information Server (IIS)":"46%","Apache Tomcat Application Server":"46%","Informatica":"45%","MicroStrategy":"44%","Android Software Development Kit (SDK)":"36%","MongoDB":"36%","career_path_component":["Project Manager, (Unspecified Type \/ Gen...","Project Manager, Information Technology ...","Technical Architect"],"location_component":["Bangalore, Karnataka","Pune, Maharashtra","Chennai, Tamil Nadu","Hyderabad, Andhra Pradesh","Mumbai, Maharashtra","Gurgaon, Haryana","Bhubaneswar, Orissa","Thiruvananthapuram, Kerala","Chandigarh, Chandigarh","Trivandrum, Kerala"],"Bangalore, Karnataka":"7%","Pune, Maharashtra":"8%","Chennai, Tamil Nadu":"-10%","Hyderabad, Andhra Pradesh":"-4%","Mumbai, Maharashtra":"10%","Gurgaon, Haryana":"41%","Bhubaneswar, Orissa":"-22%","Thiruvananthapuram, Kerala":"-7%","Chandigarh, Chandigarh":"-12%","Trivandrum, Kerala":"-10%","employers_component":["InfoSys Limited","Techmahindra Ltd","Cognizant Technology Solutions Corp","Synechron Technologies","Nagarro","Societe Generale","Wipro Technologies Ltd.","Cognizant","HCL Technologies Ltd.","Honeywell Technology Solutions, Inc."],"InfoSys Limited":"Avg. Salary: \u20b9995,450","Techmahindra Ltd":"Avg. Salary: \u20b91,000,000","Cognizant Technology Solutions Corp":"Avg. Salary: \u20b9809,500","Synechron Technologies":"Avg. Salary: \u20b91,619,514","Nagarro":"Avg. Salary: \u20b91,425,000","Societe Generale":"Avg. Salary: \u20b91,513,647","Wipro Technologies Ltd.":"Avg. Salary: \u20b91,250,000","Cognizant":"Avg. Salary: \u20b9900,000","HCL Technologies Ltd.":"Avg. Salary: \u20b9800,000","Honeywell Technology Solutions, Inc.":"Avg. Salary: \u20b91,338,951","related_job_component":["Software Engineer","Senior Software Engineer","Software Developer","Sr. Software Engineer \/ Developer \/ Programmer","Team Leader, IT","Information Technology (IT) Consultant","Software Engineer \/ Developer \/ Programmer","Associate Software Engineer","Lead Software Engineer"],"Software Engineer":"Avg. Salary \u20b9262k \u2014 \u20b91m","Senior Software Engineer":"Avg. Salary \u20b9493k \u2014 \u20b92m","Software Developer":"Avg. Salary \u20b9214k \u2014 \u20b91m","Sr. Software Engineer \/ Developer \/ Programmer":"Avg. Salary \u20b9432k \u2014 \u20b92m","Team Leader, IT":"Avg. Salary \u20b9583k \u2014 \u20b92m","Information Technology (IT) Consultant":"Avg. Salary \u20b9391k \u2014 \u20b92m","Software Engineer \/ Developer \/ Programmer":"Avg. Salary \u20b9225k \u2014 \u20b91m","Associate Software Engineer":"Avg. Salary \u20b9240k \u2014 \u20b91m","Lead Software Engineer":"Avg. Salary \u20b9788k \u2014 \u20b93m"}}