{"0":{"job_title":"Information_Technology_(IT)_Manager","avg_salary":"\u20b91,297,361","salary_component":["Base Salary","Bonus","Profit Sharing","Commission","Total Pay"],"Base Salary":"\u20b9411k - \u20b93m","Bonus":"\u20b920k - \u20b9410k","Profit Sharing":"\u20b91k - \u20b9619k","Commission":"\u20b90 - \u20b9201k","Total Pay":"\u20b9444k - \u20b93m","pay_by_experience_percent":["Entry Level","Early Career","Mid Career","Late Career","Experienced"],"Entry Level":"-61%","Early Career":"-54%","Mid Career":"-21%","Late Career":"21%","Experienced":"40%","pay_by_experience_years":["1"],"1":"\u20b9509,754","gender_component":["Male","Female"],"Male":"92.9","Female":"7.1","health_benefits_componentt":["Medical","Dental","Vision","None"],"Medical":"79","Dental":"11","Vision":"11","None":"20","popular_skills_component":["Project Management","Network Management \/ Administration","IT Security & Infrastructure","Information Technology Infrastructure Library (ITIL)","Information Technology (IT) Support"],"Project Management":"\u20b91,491,610","Network Management \/ Administration":"\u20b9961,415","IT Security & Infrastructure":"\u20b91,091,159","Information Technology Infrastructure Library (ITIL)":"\u20b91,224,376","Information Technology (IT) Support":"\u20b91,102,163","affect_skills_component":["IT Risk","Apache Hadoop","C++ Programming Language","Enterprise Solutions","IT Consulting","Cloud Computing","Angular.js","SAP Financial Accounting and Controlling (SAP FICO)","Microsoft Azure","Software Architecture"],"IT Risk":"93%","Apache Hadoop":"89%","C++ Programming Language":"85%","Enterprise Solutions":"82%","IT Consulting":"81%","Cloud Computing":"75%","Angular.js":"73%","SAP Financial Accounting and Controlling (SAP FICO)":"70%","Microsoft Azure":"68%","Software Architecture":"63%","career_path_component":["Senior Project Manager, IT","Project Manager, Information Technology ...","Information Technology (IT) Director"],"location_component":["Mumbai, Maharashtra","Bangalore, Karnataka","Pune, Maharashtra","Chennai, Tamil Nadu","Hyderabad, Andhra Pradesh","New Delhi, Delhi","Gurgaon, Haryana","Noida, Uttar Pradesh","Delhi, Delhi","Kolkata, West Bengal"],"Mumbai, Maharashtra":"-9%","Bangalore, Karnataka":"31%","Pune, Maharashtra":"19%","Chennai, Tamil Nadu":"-2%","Hyderabad, Andhra Pradesh":"28%","New Delhi, Delhi":"-3%","Gurgaon, Haryana":"8%","Noida, Uttar Pradesh":"4%","Delhi, Delhi":"-38%","Kolkata, West Bengal":"-29%","employers_component":["Capgemini","Accenture","HCL Technologies Ltd.","Accenture Technology Solutions","EY (Ernst & Young)","Vodafone","InfoSys Limited","Cognizant Technology Solutions Corp","Capgemini Consulting","Cognizant"],"Capgemini":"Avg. Salary: \u20b91,579,747","Accenture":"Avg. Salary: \u20b92,273,171","HCL Technologies Ltd.":"Avg. Salary: \u20b91,109,890","Accenture Technology Solutions":"Avg. Salary: \u20b92,000,195","EY (Ernst & Young)":"Avg. Salary: \u20b91,684,051","Vodafone":"Avg. Salary: \u20b91,119,793","InfoSys Limited":"Avg. Salary: \u20b91,449,199","Cognizant Technology Solutions Corp":"Avg. Salary: \u20b91,400,000","Capgemini Consulting":"Avg. Salary: \u20b91,210,000","Cognizant":"Avg. Salary: \u20b91,435,768","related_job_component":["Software Engineer","Senior Software Engineer","Software Developer","Sr. Software Engineer \/ Developer \/ Programmer","Team Leader, IT","Information Technology (IT) Consultant","Project Manager, (Unspecified Type \/ General)","Operations Manager","Project Manager, Information Technology (IT)"],"Software Engineer":"Avg. Salary \u20b9262k \u2014 \u20b91m","Senior Software Engineer":"Avg. Salary \u20b9493k \u2014 \u20b92m","Software Developer":"Avg. Salary \u20b9214k \u2014 \u20b91m","Sr. Software Engineer \/ Developer \/ Programmer":"Avg. Salary \u20b9432k \u2014 \u20b92m","Team Leader, IT":"Avg. Salary \u20b9584k \u2014 \u20b92m","Information Technology (IT) Consultant":"Avg. Salary \u20b9391k \u2014 \u20b92m","Project Manager, (Unspecified Type \/ General)":"Avg. Salary \u20b9456k \u2014 \u20b92m","Operations Manager":"Avg. Salary \u20b9297k \u2014 \u20b92m","Project Manager, Information Technology (IT)":"Avg. Salary \u20b9531k \u2014 \u20b92m"}}