{"0":{"job_title":"iOS_Developer","avg_salary":"\u20b9471,156","salary_component":["Base Salary","Bonus","Profit Sharing","Total Pay"],"Base Salary":"\u20b9196k - \u20b91m","Bonus":"\u20b96k - \u20b9202k","Profit Sharing":"\u20b980 - \u20b9315k","Total Pay":"\u20b9199k - \u20b91m","pay_by_experience_percent":["Entry Level","Early Career","Mid Career","Late Career"],"Entry Level":"-49%","Early Career":"-11%","Mid Career":"86%","Late Career":"218%","pay_by_experience_years":["1","1-4"],"1":"\u20b9241,835","1-4":"\u20b9419,296","gender_component":["Male","Female","Prefer to self-define"],"Male":"84.1","Female":"15.7","Prefer to self-define":"0.2","health_benefits_componentt":["Medical","Dental","Vision","None"],"Medical":"41","Dental":"3","Vision":"3","None":"59","popular_skills_component":["iOS","Swift Programming Language","Objective-C","Apple Xcode IDE","iOS SDK"],"iOS":"\u20b9492,086","Swift Programming Language":"\u20b9503,332","Objective-C":"14%","Apple Xcode IDE":"\u20b9415,426","iOS SDK":"\u20b9438,554","affect_skills_component":["Agile Software Development","SQLite","Android Software Development Kit (SDK)","Angular.js","jQuery","jQuery Mobile","Simple Object Access Protocol (SOAP)","ASP.NET Framework","JavaScript","Objective-C"],"Agile Software Development":"91%","SQLite":"91%","Android Software Development Kit (SDK)":"41%","Angular.js":"27%","jQuery":"27%","jQuery Mobile":"27%","Simple Object Access Protocol (SOAP)":"25%","ASP.NET Framework":"22%","JavaScript":"16%","career_path_component":["Senior Mobile Developer","Sr. Software Engineer \/ Developer \/ Prog...","Senior Software Engineer"],"location_component":["Bangalore, Karnataka","Pune, Maharashtra","Mumbai, Maharashtra","Chennai, Tamil Nadu","Ahmedabad, Gujarat","Hyderabad, Andhra Pradesh","Gurgaon, Haryana","Noida, Uttar Pradesh","New Delhi, Delhi","Surat, Gujarat"],"Bangalore, Karnataka":"33%","Pune, Maharashtra":"3%","Mumbai, Maharashtra":"12%","Chennai, Tamil Nadu":"5%","Ahmedabad, Gujarat":"-34%","Hyderabad, Andhra Pradesh":"-11%","Gurgaon, Haryana":"26%","Noida, Uttar Pradesh":"23%","New Delhi, Delhi":"11%","Surat, Gujarat":"-38%","employers_component":["Tata Consultancy Services Limited","Flatworld Solutions","HCL Technologies Ltd.","IBM India Private Limited","InfoSys Limited","Globant","Tata Elxsi","ZOHO Corporation","Synerzip"],"Tata Consultancy Services Limited":"Avg. Salary: \u20b9426,000","Flatworld Solutions":"Avg. Salary: \u20b9500,000","HCL Technologies Ltd.":"Avg. Salary: \u20b9893,200","IBM India Private Limited":"Avg. Salary: \u20b9358,752","InfoSys Limited":"Avg. Salary: \u20b9400,000","Globant":"Avg. Salary: \u20b9827,951","Tata Elxsi":"Avg. Salary: \u20b9650,000","ZOHO Corporation":"Avg. Salary: \u20b9723,482","Synerzip":"Avg. Salary: \u20b9815,000","related_job_component":["Software Engineer","Senior Software Engineer","Software Developer","Sr. Software Engineer \/ Developer \/ Programmer","Team Leader, IT","Software Engineer \/ Developer \/ Programmer","Web Developer","Associate Software Engineer",".NET Software Developer \/ Programmer"],"Software Engineer":"Avg. Salary \u20b9262k \u2014 \u20b91m","Senior Software Engineer":"Avg. Salary \u20b9493k \u2014 \u20b92m","Software Developer":"Avg. Salary \u20b9214k \u2014 \u20b91m","Sr. Software Engineer \/ Developer \/ Programmer":"Avg. Salary \u20b9432k \u2014 \u20b92m","Team Leader, IT":"Avg. Salary \u20b9584k \u2014 \u20b92m","Software Engineer \/ Developer \/ Programmer":"Avg. Salary \u20b9225k \u2014 \u20b91m","Web Developer":"Avg. Salary \u20b9124k \u2014 \u20b9779k","Associate Software Engineer":"Avg. Salary \u20b9240k \u2014 \u20b91m",".NET Software Developer \/ Programmer":"Avg. Salary \u20b9176k \u2014 \u20b9992k"}}