{"0":{"job_title":"Java_Software_Developer_%2F_Programmer","avg_salary":"\u20b9559,476","salary_component":["Base Salary","Bonus","Profit Sharing","Commission","Total Pay"],"Base Salary":"\u20b9213k - \u20b91m","Bonus":"\u20b910k - \u20b9193k","Profit Sharing":"\u20b92k - \u20b9485k","Commission":"\u20b90 - \u20b9110k","Total Pay":"\u20b9217k - \u20b92m","pay_by_experience_percent":["Entry Level","Early Career","Mid Career","Late Career"],"Entry Level":"-46%","Early Career":"-13%","Mid Career":"67%","Late Career":"157%","pay_by_experience_years":["1"],"1":"\u20b9303,399","gender_component":["Male","Female"],"Male":"88.4","Female":"11.6","health_benefits_componentt":["Medical","Dental","Vision","None"],"Medical":"72","Dental":"7","Vision":"7","None":"28","popular_skills_component":["Java","Java\/J2EE","Spring","SQL","JavaScript"],"Java":"8%","Java\/J2EE":"6%","Spring":"24%","SQL":"\u20b9502,844","JavaScript":"8%","affect_skills_component":["Android Software Development Kit (SDK)","C# Programming Language","RESTful Web Services","Microservices","Spring","PL\/SQL","Eclipse Java IDE","Java","JavaScript","Java\/J2EE"],"Android Software Development Kit (SDK)":"79%","C# Programming Language":"62%","RESTful Web Services":"40%","Microservices":"32%","PL\/SQL":"18%","Eclipse Java IDE":"12%","career_path_component":["Java Developer","Software Engineer","Sr. Software Engineer \/ Developer \/ Prog..."],"location_component":["Bangalore, Karnataka","Pune, Maharashtra","Mumbai, Maharashtra","Chennai, Tamil Nadu","Hyderabad, Andhra Pradesh","Ahmedabad, Gujarat","New Delhi, Delhi","Noida, Uttar Pradesh","Kolkata, West Bengal","Gurgaon, Haryana"],"Bangalore, Karnataka":"51%","Pune, Maharashtra":"31%","Mumbai, Maharashtra":"18%","Chennai, Tamil Nadu":"-20%","Hyderabad, Andhra Pradesh":"-27%","Ahmedabad, Gujarat":"-12%","New Delhi, Delhi":"41%","Noida, Uttar Pradesh":"3%","Kolkata, West Bengal":"25%","Gurgaon, Haryana":"25%","employers_component":["Tata Consultancy Services Limited","J.P. Morgan Chase & Co. (JPMCC)","Cognizant Technology Solutions Corp","IBM India Private Limited","Wipro Technologies Ltd."],"Tata Consultancy Services Limited":"Avg. Salary: \u20b9452,244","J.P. Morgan Chase & Co. (JPMCC)":"Avg. Salary: \u20b91,498,971","Cognizant Technology Solutions Corp":"Avg. Salary: \u20b9690,000","IBM India Private Limited":"Avg. Salary: \u20b9709,859","Wipro Technologies Ltd.":"Avg. Salary: \u20b9400,000","related_job_component":["Software Engineer","Senior Software Engineer","Software Developer","Sr. Software Engineer \/ Developer \/ Programmer","Java Developer","Associate Software Engineer","Team Leader, IT","Software Engineer \/ Developer \/ Programmer",".NET Software Developer \/ Programmer"],"Software Engineer":"Avg. Salary \u20b9262k \u2014 \u20b91m","Senior Software Engineer":"Avg. Salary \u20b9493k \u2014 \u20b92m","Software Developer":"Avg. Salary \u20b9214k \u2014 \u20b91m","Sr. Software Engineer \/ Developer \/ Programmer":"Avg. Salary \u20b9432k \u2014 \u20b92m","Java Developer":"Avg. Salary \u20b9197k \u2014 \u20b91m","Associate Software Engineer":"Avg. Salary \u20b9240k \u2014 \u20b91m","Team Leader, IT":"Avg. Salary \u20b9584k \u2014 \u20b92m","Software Engineer \/ Developer \/ Programmer":"Avg. Salary \u20b9225k \u2014 \u20b91m",".NET Software Developer \/ Programmer":"Avg. Salary \u20b9176k \u2014 \u20b9992k"}}