{"0":{"job_title":"Java_Developer","avg_salary":"\u20b9447,867","salary_component":["Base Salary","Bonus","Profit Sharing","Commission","Total Pay"],"Base Salary":"\u20b9197k - \u20b91m","Bonus":"\u20b96k - \u20b9198k","Profit Sharing":"\u20b9967 - \u20b9482k","Commission":"\u20b90 - \u20b915k","Total Pay":"\u20b9200k - \u20b91m","pay_by_experience_percent":["Entry Level","Early Career","Mid Career","Late Career"],"Entry Level":"-35%","Early Career":"-8%","Mid Career":"92%","Late Career":"208%","pay_by_experience_years":["1","1-4"],"1":"\u20b9290,772","1-4":"\u20b9414,037","gender_component":["Male","Female","Prefer to self-define"],"Male":"82.4","Female":"17.5","Prefer to self-define":"0.1","health_benefits_componentt":["Medical","Dental","Vision","None"],"Medical":"64","Dental":"7","Vision":"6","None":"36","popular_skills_component":["Java","Spring","Java\/J2EE","Hibernate","SQL"],"Java":"\u20b9460,632","Spring":"\u20b9487,154","Java\/J2EE":"\u20b9475,736","Hibernate":"\u20b9477,133","SQL":"\u20b9398,185","affect_skills_component":["Simple Object Access Protocol (SOAP)","Microservices","React.js","Eclipse","Angular","Jenkins","Algorithm Development","Cloud Computing","JavaBeans","Apache HTTP Server"],"Simple Object Access Protocol (SOAP)":"124%","Microservices":"105%","React.js":"76%","Eclipse":"72%","Angular":"70%","Jenkins":"45%","Algorithm Development":"42%","Cloud Computing":"42%","JavaBeans":"34%","Apache HTTP Server":"34%","career_path_component":["Senior Java Developer","Senior Software Engineer","Software Developer"],"location_component":["Pune, Maharashtra","Bangalore, Karnataka","Mumbai, Maharashtra","Chennai, Tamil Nadu","Hyderabad, Andhra Pradesh","Ahmedabad, Gujarat","Noida, Uttar Pradesh","Gurgaon, Haryana","New Delhi, Delhi","Kolkata, West Bengal"],"Pune, Maharashtra":"8%","Bangalore, Karnataka":"12%","Mumbai, Maharashtra":"%","Chennai, Tamil Nadu":"2%","Hyderabad, Andhra Pradesh":"-7%","Ahmedabad, Gujarat":"-32%","Noida, Uttar Pradesh":"12%","Gurgaon, Haryana":"42%","New Delhi, Delhi":"-9%","Kolkata, West Bengal":"-7%","employers_component":["Tata Consultancy Services Limited","InfoSys Limited","Capgemini","Cognizant","HCL Technologies Ltd.","Accenture","IBM India Private Limited","Wipro","Cognizant Technology Solutions Corp","J.P. Morgan Chase & Co. (JPMCC)"],"Tata Consultancy Services Limited":"Avg. Salary: \u20b9452,375","InfoSys Limited":"Avg. Salary: \u20b9472,492","Capgemini":"Avg. Salary: \u20b9569,257","Cognizant":"Avg. Salary: \u20b9499,666","HCL Technologies Ltd.":"Avg. Salary: \u20b9560,000","Accenture":"Avg. Salary: \u20b9479,709","IBM India Private Limited":"Avg. Salary: \u20b9570,000","Wipro":"Avg. Salary: \u20b9435,000","Cognizant Technology Solutions Corp":"Avg. Salary: \u20b9585,962","J.P. Morgan Chase & Co. (JPMCC)":"Avg. Salary: \u20b91,200,000","related_job_component":["Software Engineer","Senior Software Engineer","Software Developer","Sr. Software Engineer \/ Developer \/ Programmer","Web Developer","Software Engineer \/ Developer \/ Programmer","Team Leader, IT","Associate Software Engineer","PHP Developer"],"Software Engineer":"Avg. Salary \u20b9262k \u2014 \u20b91m","Senior Software Engineer":"Avg. Salary \u20b9493k \u2014 \u20b92m","Software Developer":"Avg. Salary \u20b9214k \u2014 \u20b91m","Sr. Software Engineer \/ Developer \/ Programmer":"Avg. Salary \u20b9432k \u2014 \u20b92m","Web Developer":"Avg. Salary \u20b9124k \u2014 \u20b9779k","Software Engineer \/ Developer \/ Programmer":"Avg. Salary \u20b9225k \u2014 \u20b91m","Team Leader, IT":"Avg. Salary \u20b9584k \u2014 \u20b92m","Associate Software Engineer":"Avg. Salary \u20b9240k \u2014 \u20b91m","PHP Developer":"Avg. Salary \u20b9119k \u2014 \u20b9609k"}}