{"0":{"job_title":"Junior_Software_Engineer","avg_salary":"\u20b9291,323","salary_component":["Base Salary","Bonus","Profit Sharing","Commission","Total Pay"],"Base Salary":"\u20b9138k - \u20b9494k","Bonus":"\u20b91k - \u20b961k","Profit Sharing":"\u20b914 - \u20b9147k","Commission":"\u20b90 - \u20b920k","Total Pay":"\u20b9140k - \u20b9512k","pay_by_experience_percent":["Entry Level","Early Career","Mid Career"],"Entry Level":"-7%","Early Career":"-8%","Mid Career":"-57%","pay_by_experience_years":["1","1-4"],"1":"\u20b9270,739","1-4":"\u20b9268,152","gender_component":["Male","Female"],"Male":"83.3","Female":"16.7","health_benefits_componentt":["Medical","Dental","Vision","None"],"Medical":"58","Dental":"2","Vision":"2","None":"41","popular_skills_component":["Java","SQL","JavaScript","C# Programming Language",".NET"],"Java":"9%","SQL":"\u20b9297,806","JavaScript":"\u20b9280,511","C# Programming Language":"\u20b9280,228",".NET":"\u20b9257,998","affect_skills_component":["iOS","Test Automation","Linux","Software Test","Amazon Web Services (AWS)","C++ Programming Language","Salesforce","Java","C Programming Language","Web Development"],"iOS":"46%","Test Automation":"44%","Linux":"24%","Software Test":"20%","Amazon Web Services (AWS)":"12%","C++ Programming Language":"11%","Salesforce":"10%","C Programming Language":"9%","Web Development":"4%","career_path_component":["Senior Software Engineer","Software Engineer","Sr. Software Engineer \/ Developer \/ Prog..."],"location_component":["Bangalore, Karnataka","Pune, Maharashtra","Chennai, Tamil Nadu","Mumbai, Maharashtra","Hyderabad, Andhra Pradesh","Ahmedabad, Gujarat","Kochi, Kerala","Coimbatore, Tamil Nadu","New Delhi, Delhi","Delhi, Delhi"],"Bangalore, Karnataka":"%","Pune, Maharashtra":"3%","Chennai, Tamil Nadu":"16%","Mumbai, Maharashtra":"-8%","Hyderabad, Andhra Pradesh":"4%","Ahmedabad, Gujarat":"-19%","Kochi, Kerala":"-46%","Coimbatore, Tamil Nadu":"-18%","New Delhi, Delhi":"6%","Delhi, Delhi":"7%","employers_component":["Techmahindra Ltd","Zensar","Tata Consultancy Services Limited"],"Techmahindra Ltd":"Avg. Salary: \u20b9203,460","Zensar":"Avg. Salary: \u20b9294,791","Tata Consultancy Services Limited":"Avg. Salary: \u20b9347,586","related_job_component":["Software Engineer","Senior Software Engineer","Software Developer","Sr. Software Engineer \/ Developer \/ Programmer","Web Developer","Team Leader, IT","Software Engineer \/ Developer \/ Programmer","Associate Software Engineer","Java Developer"],"Software Engineer":"Avg. Salary \u20b9262k \u2014 \u20b91m","Senior Software Engineer":"Avg. Salary \u20b9493k \u2014 \u20b92m","Software Developer":"Avg. Salary \u20b9214k \u2014 \u20b91m","Sr. Software Engineer \/ Developer \/ Programmer":"Avg. Salary \u20b9432k \u2014 \u20b92m","Web Developer":"Avg. Salary \u20b9124k \u2014 \u20b9779k","Team Leader, IT":"Avg. Salary \u20b9584k \u2014 \u20b92m","Software Engineer \/ Developer \/ Programmer":"Avg. Salary \u20b9225k \u2014 \u20b91m","Associate Software Engineer":"Avg. Salary \u20b9240k \u2014 \u20b91m","Java Developer":"Avg. Salary \u20b9197k \u2014 \u20b91m"}}