{"0":{"job_title":"Lead_Software_Engineer","avg_salary":"\u20b91,486,978","salary_component":["Base Salary","Bonus","Profit Sharing","Total Pay"],"Base Salary":"\u20b9788k - \u20b93m","Bonus":"\u20b948k - \u20b9361k","Profit Sharing":"\u20b919k - \u20b9798k","Total Pay":"\u20b9818k - \u20b93m","pay_by_experience_percent":["Entry Level","Early Career","Mid Career","Late Career","Experienced"],"Entry Level":"-60%","Early Career":"-31%","Mid Career":"-3%","Late Career":"15%","Experienced":"64%","pay_by_experience_years":["1","1-4"],"1":"\u20b9600,000","1-4":"\u20b91,030,967","gender_component":["Male","Female","Prefer to self-define"],"Male":"89.4","Female":"10.4","Prefer to self-define":"0.1","health_benefits_componentt":["Medical","Dental","Vision","None"],"Medical":"80","Dental":"9","Vision":"8","None":"20","popular_skills_component":["Software Development","Java","Software Architecture","JavaScript","C# Programming Language"],"Software Development":"\u20b91,593,550","Java":"\u20b91,607,697","Software Architecture":"\u20b91,874,027","JavaScript":"\u20b91,486,705","C# Programming Language":"\u20b91,487,485","affect_skills_component":["Design Pattern (Computer Science)","Apache HBase","Go (Golang) Programming Language","Kubernetes","SDN (Software Defined Network)","Big Data Analytics","Django","MongoDB","ElasticSearch","Microservices"],"Design Pattern (Computer Science)":"88%","Apache HBase":"68%","Go (Golang) Programming Language":"61%","Kubernetes":"61%","SDN (Software Defined Network)":"59%","Big Data Analytics":"56%","Django":"41%","MongoDB":"38%","ElasticSearch":"34%","Microservices":"33%","career_path_component":["Principal Software Engineer","Technical Architect","Software Architect"],"location_component":["Bangalore, Karnataka","Pune, Maharashtra","Chennai, Tamil Nadu","Hyderabad, Andhra Pradesh","Mumbai, Maharashtra","Gurgaon, Haryana","Noida, Uttar Pradesh","New Delhi, Delhi","Delhi, Delhi","Ahmedabad, Gujarat"],"Bangalore, Karnataka":"12%","Pune, Maharashtra":"-2%","Chennai, Tamil Nadu":"-16%","Hyderabad, Andhra Pradesh":"5%","Mumbai, Maharashtra":"-4%","Gurgaon, Haryana":"9%","Noida, Uttar Pradesh":"-7%","New Delhi, Delhi":"9%","Delhi, Delhi":"-6%","Ahmedabad, Gujarat":"-22%","employers_component":["HCL Technologies Ltd.","Fidelity Investments","Accenture Technology Solutions","Tietoenator","Tavant Technologies Inc","ITC Infotech","InfoSys Limited","Cisco Systems Inc","IBM India Private Limited","Cognizant"],"HCL Technologies Ltd.":"Avg. Salary: \u20b9732,366","Fidelity Investments":"Avg. Salary: \u20b91,574,254","Accenture Technology Solutions":"Avg. Salary: \u20b91,017,089","Tietoenator":"Avg. Salary: \u20b91,284,715","Tavant Technologies Inc":"Avg. Salary: \u20b91,107,506","ITC Infotech":"Avg. Salary: \u20b91,100,000","InfoSys Limited":"Avg. Salary: \u20b91,017,365","Cisco Systems Inc":"Avg. Salary: \u20b92,398,091","IBM India Private Limited":"Avg. Salary: \u20b91,900,000","Cognizant":"Avg. Salary: \u20b91,223,267","related_job_component":["Senior Software Engineer","Software Engineer","Software Developer","Sr. Software Engineer \/ Developer \/ Programmer","Team Leader, IT","Software Engineer \/ Developer \/ Programmer","Web Developer","Java Developer","Associate Software Engineer"],"Senior Software Engineer":"Avg. Salary \u20b9493k \u2014 \u20b92m","Software Engineer":"Avg. Salary \u20b9262k \u2014 \u20b91m","Software Developer":"Avg. Salary \u20b9214k \u2014 \u20b91m","Sr. Software Engineer \/ Developer \/ Programmer":"Avg. Salary \u20b9432k \u2014 \u20b92m","Team Leader, IT":"Avg. Salary \u20b9584k \u2014 \u20b92m","Software Engineer \/ Developer \/ Programmer":"Avg. Salary \u20b9225k \u2014 \u20b91m","Web Developer":"Avg. Salary \u20b9124k \u2014 \u20b9779k","Java Developer":"Avg. Salary \u20b9197k \u2014 \u20b91m","Associate Software Engineer":"Avg. Salary \u20b9240k \u2014 \u20b91m"}}