{"0":{"job_title":"Lead_Software_Development_Engineer_(SDE)","avg_salary":"\u20b91,513,633","salary_component":["Base Salary","Bonus","Profit Sharing","Total Pay"],"Base Salary":"\u20b9760k - \u20b93m","Bonus":"\u20b941k - \u20b9506k","Profit Sharing":"\u20b920k - \u20b9613k","Total Pay":"\u20b9798k - \u20b93m","pay_by_experience_percent":["Early Career","Mid Career","Late Career"],"Early Career":"-28%","Mid Career":"-2%","Late Career":"14%","pay_by_experience_years":["1-4"],"1-4":"\u20b91,089,282","gender_component":["Male","Female"],"Male":"92.5","Female":"7.5","health_benefits_componentt":["Medical","Dental","Vision","None"],"Medical":"79","Dental":"9","Vision":"7","None":"21","popular_skills_component":["Java","JavaScript","Java\/J2EE","SQL","C# Programming Language"],"Java":"\u20b91,585,858","JavaScript":"\u20b91,341,734","Java\/J2EE":"\u20b91,532,147","SQL":"\u20b91,298,508","C# Programming Language":"\u20b91,391,611","affect_skills_component":["Microservices","PostgreSQL","Software Architecture","Algorithm Development","Go (Golang) Programming Language","UNIX","Development Operations (DevOps)","React.js","Machine Learning","Docker"],"Microservices":"110%","PostgreSQL":"95%","Software Architecture":"67%","Algorithm Development":"59%","Go (Golang) Programming Language":"39%","UNIX":"36%","Development Operations (DevOps)":"33%","React.js":"32%","Machine Learning":"31%","Docker":"26%","career_path_component":["Technical Project Manager","Technical Architect","Software Engineering Manager"],"location_component":["Bangalore, Karnataka","Pune, Maharashtra","Chennai, Tamil Nadu","Hyderabad, Andhra Pradesh","Gurgaon, Haryana","Mumbai, Maharashtra","Noida, Uttar Pradesh","Ahmedabad, Gujarat","Kolkata, West Bengal","Delhi, Delhi"],"Bangalore, Karnataka":"17%","Pune, Maharashtra":"-4%","Chennai, Tamil Nadu":"-18%","Hyderabad, Andhra Pradesh":"13%","Gurgaon, Haryana":"18%","Mumbai, Maharashtra":"1%","Noida, Uttar Pradesh":"3%","Ahmedabad, Gujarat":"-41%","Kolkata, West Bengal":"-34%","Delhi, Delhi":"1%","employers_component":["Accenture Technology Solutions","Amdocs, Inc,.","Flipkart","Harman International","HCL Technologies Ltd.","Amazon.com Inc","Cognizant Technology Solutions Corp","Nokia Siemens Networks","UST Global Inc","Tata Consultancy Services Limited"],"Accenture Technology Solutions":"Avg. Salary: \u20b91,136,264","Amdocs, Inc,.":"Avg. Salary: \u20b91,499,286","Flipkart":"Avg. Salary: \u20b92,500,000","Harman International":"Avg. Salary: \u20b91,060,000","HCL Technologies Ltd.":"Avg. Salary: \u20b9590,000","Amazon.com Inc":"Avg. Salary: \u20b93,096,774","Cognizant Technology Solutions Corp":"Avg. Salary: \u20b91,100,000","Nokia Siemens Networks":"Avg. Salary: \u20b91,346,549","UST Global Inc":"Avg. Salary: \u20b9912,000","Tata Consultancy Services Limited":"Avg. Salary: \u20b91,024,390","related_job_component":["Software Engineer","Senior Software Engineer","Software Developer","Sr. Software Engineer \/ Developer \/ Programmer","Team Leader, IT","Software Engineer \/ Developer \/ Programmer","Lead Software Engineer","Web Developer","Java Developer"],"Software Engineer":"Avg. Salary \u20b9262k \u2014 \u20b91m","Senior Software Engineer":"Avg. Salary \u20b9493k \u2014 \u20b92m","Software Developer":"Avg. Salary \u20b9214k \u2014 \u20b91m","Sr. Software Engineer \/ Developer \/ Programmer":"Avg. Salary \u20b9432k \u2014 \u20b92m","Team Leader, IT":"Avg. Salary \u20b9583k \u2014 \u20b92m","Software Engineer \/ Developer \/ Programmer":"Avg. Salary \u20b9225k \u2014 \u20b91m","Lead Software Engineer":"Avg. Salary \u20b9788k \u2014 \u20b93m","Web Developer":"Avg. Salary \u20b9124k \u2014 \u20b9779k","Java Developer":"Avg. Salary \u20b9197k \u2014 \u20b91m"}}