{"0":{"job_title":"Linux_System_Administrator","avg_salary":"\u20b9409,474","salary_component":["Base Salary","Bonus","Profit Sharing","Total Pay"],"Base Salary":"\u20b9200k - \u20b9824k","Bonus":"\u20b92k - \u20b9103k","Profit Sharing":"\u20b985 - \u20b9388k","Total Pay":"\u20b9207k - \u20b9886k","pay_by_experience_percent":["Entry Level","Early Career","Mid Career","Late Career"],"Entry Level":"-40%","Early Career":"-10%","Mid Career":"51%","Late Career":"122%","pay_by_experience_years":["1"],"1":"\u20b9246,815","gender_component":["Male","Female"],"Male":"93.3","Female":"6.7","health_benefits_componentt":["Medical","Dental","Vision","None"],"Medical":"60","Dental":"4","Vision":"4","None":"39","popular_skills_component":["Linux","Shell Scripting","Apache HTTP Server","Amazon Web Services (AWS)","System Administration"],"Linux":"\u20b9409,892","Shell Scripting":"\u20b9443,670","Apache HTTP Server":"\u20b9375,329","Amazon Web Services (AWS)":"18%","System Administration":"\u20b9390,509","affect_skills_component":["Apache Tomcat Application Server","Apache Hadoop","Puppet","Red Hat Ansible","Virtualization","VMware ESX","Python","Amazon Web Services (AWS)","Docker","Red Hat Enterprise Linux (RHEL)"],"Apache Tomcat Application Server":"140%","Apache Hadoop":"120%","Puppet":"103%","Red Hat Ansible":"76%","Virtualization":"74%","VMware ESX":"21%","Python":"21%","Docker":"15%","Red Hat Enterprise Linux (RHEL)":"14%","career_path_component":["Development Operations (DevOps) Engineer","Linux Systems Administrator","Senior Software Engineer"],"location_component":["Bangalore, Karnataka","Mumbai, Maharashtra","Pune, Maharashtra","Chennai, Tamil Nadu","Hyderabad, Andhra Pradesh","Noida, Uttar Pradesh","New Delhi, Delhi","Gurgaon, Haryana","Kolkata, West Bengal","Delhi, Delhi"],"Bangalore, Karnataka":"11%","Mumbai, Maharashtra":"-1%","Pune, Maharashtra":"-4%","Chennai, Tamil Nadu":"13%","Hyderabad, Andhra Pradesh":"8%","Noida, Uttar Pradesh":"12%","New Delhi, Delhi":"-2%","Gurgaon, Haryana":"25%","Kolkata, West Bengal":"-25%","Delhi, Delhi":"-13%","employers_component":["Tata Consultancy Services Limited","IBM India Private Limited","HCL Technologies Ltd.","Wipro","International Business Machines (IBM) Corp.","Wipro Technologies Ltd.","Capgemini","HCL Infosystem Ltd.","IBM Global Services","Oracle"],"Tata Consultancy Services Limited":"Avg. Salary: \u20b9480,249","IBM India Private Limited":"Avg. Salary: \u20b9605,000","HCL Technologies Ltd.":"Avg. Salary: \u20b9500,000","Wipro":"Avg. Salary: \u20b9439,000","International Business Machines (IBM) Corp.":"Avg. Salary: \u20b9450,000","Wipro Technologies Ltd.":"Avg. Salary: \u20b9413,000","Capgemini":"Avg. Salary: \u20b9368,000","HCL Infosystem Ltd.":"Avg. Salary: \u20b9155,502","IBM Global Services":"Avg. Salary: \u20b9409,756","Oracle":"Avg. Salary: \u20b9950,000","related_job_component":["Software Engineer","Senior Software Engineer","Software Developer","Sr. Software Engineer \/ Developer \/ Programmer","Development Operations (DevOps) Engineer","Systems Administrator","Systems Engineer, IT","Senior Systems Engineer","Software Engineer \/ Developer \/ Programmer"],"Software Engineer":"Avg. Salary \u20b9262k \u2014 \u20b91m","Senior Software Engineer":"Avg. Salary \u20b9493k \u2014 \u20b92m","Software Developer":"Avg. Salary \u20b9214k \u2014 \u20b91m","Sr. Software Engineer \/ Developer \/ Programmer":"Avg. Salary \u20b9432k \u2014 \u20b92m","Development Operations (DevOps) Engineer":"Avg. Salary \u20b9334k \u2014 \u20b92m","Systems Administrator":"Avg. Salary \u20b9179k \u2014 \u20b9915k","Systems Engineer, IT":"Avg. Salary \u20b9197k \u2014 \u20b9627k","Senior Systems Engineer":"Avg. Salary \u20b9371k \u2014 \u20b91m","Software Engineer \/ Developer \/ Programmer":"Avg. Salary \u20b9225k \u2014 \u20b91m"}}