{"0":{"job_title":"Module_Lead","avg_salary":"\u20b91,028,276","salary_component":["Base Salary","Bonus","Profit Sharing","Total Pay"],"Base Salary":"\u20b9663k - \u20b92m","Bonus":"\u20b920k - \u20b9199k","Profit Sharing":"\u20b915k - \u20b91m","Total Pay":"\u20b9694k - \u20b92m","pay_by_experience_percent":["Early Career","Mid Career","Late Career"],"Early Career":"-21%","Mid Career":"2%","Late Career":"21%","pay_by_experience_years":["1-4","5-9"],"1-4":"\u20b9814,803","5-9":"\u20b91,047,263","gender_component":["Male","Female","Prefer to self-define"],"Male":"81.1","Female":"18.7","Prefer to self-define":"0.3","health_benefits_componentt":["Medical","Dental","Vision","None"],"Medical":"78","Dental":"6","Vision":"5","None":"22","popular_skills_component":["SQL","Java\/J2EE",".NET","Java","JavaScript"],"SQL":"\u20b91,008,931","Java\/J2EE":"\u20b91,057,824",".NET":"\u20b91,046,685","Java":"\u20b91,083,078","JavaScript":"\u20b9983,662","affect_skills_component":["Big Data Analytics",".NET Core","Microservices","Apache Spark","Scala","Amazon Web Services (AWS)","Model-view-controller (MVC)","SAP Business Intelligence (SAP BI)","Embedded \/ Real-Time \/ RTOS","Android Software Development Kit (SDK)"],"Big Data Analytics":"56%",".NET Core":"56%","Microservices":"56%","Apache Spark":"43%","Scala":"39%","Amazon Web Services (AWS)":"34%","Model-view-controller (MVC)":"33%","SAP Business Intelligence (SAP BI)":"29%","Embedded \/ Real-Time \/ RTOS":"26%","Android Software Development Kit (SDK)":"26%","career_path_component":["Team Leader, IT","Project Leader, IT","Technical Architect"],"location_component":["Bangalore, Karnataka","Pune, Maharashtra","Chennai, Tamil Nadu","Hyderabad, Andhra Pradesh","Noida, Uttar Pradesh","Mumbai, Maharashtra","Gurgaon, Haryana","Nagpur, Maharashtra","Indore, Madhya Pradesh","Delhi, Delhi"],"Bangalore, Karnataka":"%","Pune, Maharashtra":"-3%","Chennai, Tamil Nadu":"-9%","Hyderabad, Andhra Pradesh":"%","Noida, Uttar Pradesh":"-3%","Mumbai, Maharashtra":"19%","Gurgaon, Haryana":"36%","Nagpur, Maharashtra":"-14%","Indore, Madhya Pradesh":"15%","Delhi, Delhi":"7%","employers_component":["Mindtree Consulting","Persistent Systems","Sopra Steria","Mphasis Corp.","Mphasis Corporation","Impetus","Techmahindra Ltd","Yash Technologies Inc.","Aspire Systems","InfoSys Limited"],"Mindtree Consulting":"Avg. Salary: \u20b9911,679","Persistent Systems":"Avg. Salary: \u20b9847,610","Sopra Steria":"Avg. Salary: \u20b9874,286","Mphasis Corp.":"Avg. Salary: \u20b91,204,388","Mphasis Corporation":"Avg. Salary: \u20b91,080,899","Impetus":"Avg. Salary: \u20b91,464,069","Techmahindra Ltd":"Avg. Salary: \u20b91,303,887","Yash Technologies Inc.":"Avg. Salary: \u20b91,275,000","Aspire Systems":"Avg. Salary: \u20b9950,000","InfoSys Limited":"Avg. Salary: \u20b91,017,239","related_job_component":["Software Engineer","Senior Software Engineer","Software Developer","Sr. Software Engineer \/ Developer \/ Programmer","Team Leader, IT","Software Engineer \/ Developer \/ Programmer","Associate Software Engineer","Web Developer","Lead Software Engineer"],"Software Engineer":"Avg. Salary \u20b9262k \u2014 \u20b91m","Senior Software Engineer":"Avg. Salary \u20b9493k \u2014 \u20b92m","Software Developer":"Avg. Salary \u20b9214k \u2014 \u20b91m","Sr. Software Engineer \/ Developer \/ Programmer":"Avg. Salary \u20b9432k \u2014 \u20b92m","Team Leader, IT":"Avg. Salary \u20b9584k \u2014 \u20b92m","Software Engineer \/ Developer \/ Programmer":"Avg. Salary \u20b9225k \u2014 \u20b91m","Associate Software Engineer":"Avg. Salary \u20b9240k \u2014 \u20b91m","Web Developer":"Avg. Salary \u20b9124k \u2014 \u20b9779k","Lead Software Engineer":"Avg. Salary \u20b9788k \u2014 \u20b93m"}}