{"0":{"job_title":"Network_Engineer","avg_salary":"\u20b9324,361","salary_component":["Base Salary","Bonus","Profit Sharing","Commission","Total Pay"],"Base Salary":"\u20b9165k - \u20b9806k","Bonus":"\u20b94k - \u20b9115k","Profit Sharing":"\u20b9194 - \u20b9153k","Commission":"\u20b923k - \u20b9145k","Total Pay":"\u20b9173k - \u20b9876k","pay_by_experience_percent":["Entry Level","Early Career","Mid Career","Late Career","Experienced"],"Entry Level":"-23%","Early Career":"-7%","Mid Career":"69%","Late Career":"168%","Experienced":"85%","pay_by_experience_years":["1","1-4"],"1":"\u20b9250,201","1-4":"\u20b9302,278","gender_component":["Male","Female","Prefer to self-define"],"Male":"92.9","Female":"7.0","Prefer to self-define":"0.1","health_benefits_componentt":["Medical","Dental","Vision","None"],"Medical":"66","Dental":"7","Vision":"8","None":"34","popular_skills_component":["Cisco Networking","Switching and Routing","Network Support","Network Management \/ Administration","Switches & Firewall Installation and Administration"],"Cisco Networking":"\u20b9364,318","Switching and Routing":"\u20b9341,172","Network Support":"\u20b9309,919","Network Management \/ Administration":"\u20b9361,858","Switches & Firewall Installation and Administration":"\u20b9362,776","affect_skills_component":["Load Balancers","f5-Labs","Avaya","Network Design","Troubleshooting","Wan Networking","Cisco UCCE\/IPCC","Checkpoint","Operations Management","VoIP"],"Load Balancers":"193%","f5-Labs":"177%","Avaya":"144%","Network Design":"98%","Troubleshooting":"85%","Wan Networking":"82%","Cisco UCCE\/IPCC":"79%","Checkpoint":"77%","Operations Management":"74%","VoIP":"71%","career_path_component":["Sr. Network Engineer","Network Security Engineer","Network Administrator"],"location_component":["Bangalore, Karnataka","Mumbai, Maharashtra","Chennai, Tamil Nadu","Pune, Maharashtra","Hyderabad, Andhra Pradesh","New Delhi, Delhi","Gurgaon, Haryana","Delhi, Delhi","Kolkata, West Bengal","Noida, Uttar Pradesh"],"Bangalore, Karnataka":"26%","Mumbai, Maharashtra":"-5%","Chennai, Tamil Nadu":"10%","Pune, Maharashtra":"2%","Hyderabad, Andhra Pradesh":"-8%","New Delhi, Delhi":"-10%","Gurgaon, Haryana":"23%","Delhi, Delhi":"-8%","Kolkata, West Bengal":"-13%","Noida, Uttar Pradesh":"17%","employers_component":["HCL Technologies Ltd.","Ericsson Inc.","Cisco Systems Inc","Jio","Sify","Wipro Technologies Ltd.","Tata Communications Ltd","Css Corp","Accenture","Accenture Technology Solutions"],"HCL Technologies Ltd.":"Avg. Salary: \u20b9374,036","Ericsson Inc.":"Avg. Salary: \u20b9397,527","Cisco Systems Inc":"Avg. Salary: \u20b9900,000","Jio":"Avg. Salary: \u20b9399,972","Sify":"Avg. Salary: \u20b9181,897","Wipro Technologies Ltd.":"Avg. Salary: \u20b9258,383","Tata Communications Ltd":"Avg. Salary: \u20b9239,662","Css Corp":"Avg. Salary: \u20b9355,358","Accenture":"Avg. Salary: \u20b9500,505","Accenture Technology Solutions":"Avg. Salary: \u20b9460,000","related_job_component":["Software Engineer","Senior Software Engineer","Software Developer","Information Technology (IT) Manager","Sr. Software Engineer \/ Developer \/ Programmer","Technical Support Engineer","Systems Engineer, IT","Team Leader, IT","Operations Manager"],"Software Engineer":"Avg. Salary \u20b9262k \u2014 \u20b91m","Senior Software Engineer":"Avg. Salary \u20b9493k \u2014 \u20b92m","Software Developer":"Avg. Salary \u20b9214k \u2014 \u20b91m","Information Technology (IT) Manager":"Avg. Salary \u20b9411k \u2014 \u20b93m","Sr. Software Engineer \/ Developer \/ Programmer":"Avg. Salary \u20b9432k \u2014 \u20b92m","Technical Support Engineer":"Avg. Salary \u20b9174k \u2014 \u20b9883k","Systems Engineer, IT":"Avg. Salary \u20b9197k \u2014 \u20b9627k","Team Leader, IT":"Avg. Salary \u20b9584k \u2014 \u20b92m","Operations Manager":"Avg. Salary \u20b9297k \u2014 \u20b92m"}}