{"0":{"job_title":"Network_Administrator","avg_salary":"\u20b9350,540","salary_component":["Base Salary","Bonus","Profit Sharing","Commission","Total Pay"],"Base Salary":"\u20b9159k - \u20b9729k","Bonus":"\u20b93k - \u20b9158k","Profit Sharing":"\u20b91k - \u20b9470k","Commission":"\u20b90 - \u20b943k","Total Pay":"\u20b9166k - \u20b9852k","pay_by_experience_percent":["Entry Level","Early Career","Mid Career","Late Career"],"Entry Level":"-29%","Early Career":"-11%","Mid Career":"34%","Late Career":"60%","pay_by_experience_years":["1","1-4"],"1":"\u20b9247,191","1-4":"\u20b9310,989","gender_component":["Male","Female"],"Male":"98.4","Female":"1.6","health_benefits_componentt":["Medical","Dental","Vision","None"],"Medical":"62","Dental":"12","Vision":"12","None":"37","popular_skills_component":["Network Management \/ Administration","Cisco Networking","Network Support","Switches & Firewall Installation and Administration","Windows Operating System General Use"],"Network Management \/ Administration":"\u20b9349,349","Cisco Networking":"6%","Network Support":"\u20b9322,526","Switches & Firewall Installation and Administration":"5%","Windows Operating System General Use":"1%","affect_skills_component":["Switching and Routing","Network Security Management","Microsoft Active Directory","Cisco Networking","Switches & Firewall Installation and Administration","Windows Operating System General Use","Linux"],"Switching and Routing":"84%","Network Security Management":"35%","Microsoft Active Directory":"14%","Linux":"1%","career_path_component":["Network Engineer","Sr. Network Engineer","Network Security Engineer"],"location_component":["Bangalore, Karnataka","Chennai, Tamil Nadu","Hyderabad, Andhra Pradesh","Pune, Maharashtra","Mumbai, Maharashtra","New Delhi, Delhi","Kolkata, West Bengal","Gurgaon, Haryana","Delhi, Delhi","Ahmedabad, Gujarat"],"Bangalore, Karnataka":"-4%","Chennai, Tamil Nadu":"10%","Hyderabad, Andhra Pradesh":"-10%","Pune, Maharashtra":"14%","Mumbai, Maharashtra":"-1%","New Delhi, Delhi":"2%","Kolkata, West Bengal":"-5%","Gurgaon, Haryana":"13%","Delhi, Delhi":"14%","Ahmedabad, Gujarat":"14%","employers_component":["Tata Consultancy Services Limited","Wipro Technologies Ltd.","Wipro"],"Tata Consultancy Services Limited":"Avg. Salary: \u20b9450,781","Wipro Technologies Ltd.":"Avg. Salary: \u20b9299,969","Wipro":"Avg. Salary: \u20b9289,093","related_job_component":["Network Engineer","Information Technology (IT) Manager","System Administrator, Computer \/ Network","Systems Engineer (Computer Networking \/ IT)","Technical Support Engineer","System Administrator, Windows Server","Sr. Network Engineer","Systems Administrator","Systems Engineer, IT"],"Network Engineer":"Avg. Salary \u20b9162k \u2014 \u20b9809k","Information Technology (IT) Manager":"Avg. Salary \u20b9412k \u2014 \u20b93m","System Administrator, Computer \/ Network":"Avg. Salary \u20b9152k \u2014 \u20b9727k","Systems Engineer (Computer Networking \/ IT)":"Avg. Salary \u20b9151k \u2014 \u20b9649k","Technical Support Engineer":"Avg. Salary \u20b9174k \u2014 \u20b9879k","System Administrator, Windows Server":"Avg. Salary \u20b9206k \u2014 \u20b9861k","Sr. Network Engineer":"Avg. Salary \u20b9293k \u2014 \u20b92m","Systems Administrator":"Avg. Salary \u20b9178k \u2014 \u20b9916k","Systems Engineer, IT":"Avg. Salary \u20b9197k \u2014 \u20b9625k"}}