{"0":{"job_title":"Operations_Analyst","avg_salary":"\u20b9386,983","salary_component":["Base Salary","Bonus","Profit Sharing","Total Pay"],"Base Salary":"\u20b9202k - \u20b9694k","Bonus":"\u20b910k - \u20b9103k","Profit Sharing":"\u20b91k - \u20b9543k","Total Pay":"\u20b9209k - \u20b9785k","pay_by_experience_percent":["Entry Level","Early Career","Mid Career","Late Career"],"Entry Level":"-25%","Early Career":"-6%","Mid Career":"29%","Late Career":"80%","pay_by_experience_years":["1","1-4"],"1":"\u20b9290,446","1-4":"\u20b9362,782","gender_component":["Male","Female","Prefer to self-define"],"Male":"73.9","Female":"25.8","Prefer to self-define":"0.3","health_benefits_componentt":["Medical","Dental","Vision","None"],"Medical":"78","Dental":"6","Vision":"6","None":"22","popular_skills_component":["Microsoft Excel","Operations Management","Data Analysis","Problem Solving","Process Improvement"],"Microsoft Excel":"\u20b9368,312","Operations Management":"\u20b9373,422","Data Analysis":"\u20b9390,702","Problem Solving":"4%","Process Improvement":"\u20b9401,129","affect_skills_component":["Python","Regulatory Compliance","SQL","Anti-Money Laundering (AML)","Business Analysis","Reconciliation","Human Resources (HR)","Database Management & Reporting","Financial Analysis","Problem Solving"],"Python":"55%","Regulatory Compliance":"50%","SQL":"34%","Anti-Money Laundering (AML)":"32%","Business Analysis":"15%","Reconciliation":"14%","Human Resources (HR)":"12%","Database Management & Reporting":"7%","Financial Analysis":"5%","career_path_component":["Operations Team Leader","Senior Operations Analyst","Operations Manager"],"location_component":["Bangalore, Karnataka","Mumbai, Maharashtra","Hyderabad, Andhra Pradesh","Chennai, Tamil Nadu","Pune, Maharashtra","Gurgaon, Haryana","New Delhi, Delhi","Delhi, Delhi","Noida, Uttar Pradesh","Kolkata, West Bengal"],"Bangalore, Karnataka":"14%","Mumbai, Maharashtra":"9%","Hyderabad, Andhra Pradesh":"-4%","Chennai, Tamil Nadu":"-19%","Pune, Maharashtra":"-1%","Gurgaon, Haryana":"-2%","New Delhi, Delhi":"-18%","Delhi, Delhi":"9%","Noida, Uttar Pradesh":"-22%","Kolkata, West Bengal":"8%","employers_component":["J.P. Morgan Chase & Co. (JPMCC)","Accenture","Accenture Technology Solutions","Royal Bank of Scotland","First Advantage Corporation","The Goldman Sachs Group, Inc.","J.P. Morgan Asset Management","Wells Fargo & Co.","Morgan Stanley","Accentcare, Inc."],"J.P. Morgan Chase & Co. (JPMCC)":"Avg. Salary: \u20b9491,837","Accenture":"Avg. Salary: \u20b9446,516","Accenture Technology Solutions":"Avg. Salary: \u20b9397,135","Royal Bank of Scotland":"Avg. Salary: \u20b9277,763","First Advantage Corporation":"Avg. Salary: \u20b9425,000","The Goldman Sachs Group, Inc.":"Avg. Salary: \u20b9521,619","J.P. Morgan Asset Management":"Avg. Salary: \u20b9387,500","Wells Fargo & Co.":"Avg. Salary: \u20b9480,000","Morgan Stanley":"Avg. Salary: \u20b9420,000","Accentcare, Inc.":"Avg. Salary: \u20b9549,000","related_job_component":["Operations Manager","Data Analyst","Financial Analyst","Business Analyst, IT","Senior Business Analyst","Project Manager, (Unspecified Type \/ General)","Civil Engineer","Accountant","Software Engineer"],"Operations Manager":"Avg. Salary \u20b9297k \u2014 \u20b92m","Data Analyst":"Avg. Salary \u20b9201k \u2014 \u20b9959k","Financial Analyst":"Avg. Salary \u20b9220k \u2014 \u20b9994k","Business Analyst, IT":"Avg. Salary \u20b9275k \u2014 \u20b91m","Senior Business Analyst":"Avg. Salary \u20b9447k \u2014 \u20b92m","Project Manager, (Unspecified Type \/ General)":"Avg. Salary \u20b9456k \u2014 \u20b92m","Civil Engineer":"Avg. Salary \u20b9154k \u2014 \u20b9771k","Accountant":"Avg. Salary \u20b9123k \u2014 \u20b9507k","Software Engineer":"Avg. Salary \u20b9262k \u2014 \u20b91m"}}