{"0":{"job_title":"Oracle_Database_Administrator_(DBA)","avg_salary":"\u20b9575,218","salary_component":["Base Salary","Bonus","Profit Sharing","Total Pay"],"Base Salary":"\u20b9241k - \u20b91m","Bonus":"\u20b910k - \u20b9118k","Profit Sharing":"\u20b91k - \u20b9208k","Total Pay":"\u20b9249k - \u20b91m","pay_by_experience_percent":["Entry Level","Early Career","Mid Career","Late Career","Experienced"],"Entry Level":"-49%","Early Career":"-26%","Mid Career":"49%","Late Career":"147%","Experienced":"248%","pay_by_experience_years":["1"],"1":"\u20b9292,035","gender_component":["Male","Female","Prefer to self-define"],"Male":"86.4","Female":"13.2","Prefer to self-define":"0.4","health_benefits_componentt":["Medical","Dental","Vision","None"],"Medical":"71","Dental":"7","Vision":"9","None":"29","popular_skills_component":["Database Administration","Oracle RAC","Oracle 11g","Linux","Oracle 10g"],"Database Administration":"5%","Oracle RAC":"25%","Oracle 11g":"\u20b9519,240","Linux":"\u20b9446,659","Oracle 10g":"\u20b9496,424","affect_skills_component":["Oracle Exadata","Oracle Applications 11i","BEA WebLogic","Shell Scripting","Oracle RAC","Oracle DB 8i\/9i\/10g\/ 11i","Performance Analysis","Database Administration"],"Oracle Exadata":"82%","Oracle Applications 11i":"49%","BEA WebLogic":"46%","Shell Scripting":"36%","Oracle DB 8i\/9i\/10g\/ 11i":"12%","Performance Analysis":"12%","career_path_component":["Senior Database Administrator (DBA)","Database Administrator (DBA)","Application Development Consultant"],"location_component":["Bangalore, Karnataka","Pune, Maharashtra","Chennai, Tamil Nadu","Hyderabad, Andhra Pradesh","Mumbai, Maharashtra","Kolkata, West Bengal","Noida, Uttar Pradesh","New Delhi, Delhi","Gurgaon, Haryana","Delhi, Delhi"],"Bangalore, Karnataka":"19%","Pune, Maharashtra":"1%","Chennai, Tamil Nadu":"-12%","Hyderabad, Andhra Pradesh":"%","Mumbai, Maharashtra":"-13%","Kolkata, West Bengal":"-1%","Noida, Uttar Pradesh":"%","New Delhi, Delhi":"-12%","Gurgaon, Haryana":"1%","Delhi, Delhi":"%","employers_component":["Tata Consultancy Services Limited","IBM India Private Limited","HCL Technologies Ltd.","Wipro Technologies Ltd.","Oracle","InfoSys Limited","Cognizant","Techmahindra Ltd","International Business Machines (IBM) Corp.","Cognizant Technology Solutions Corp"],"Tata Consultancy Services Limited":"Avg. Salary: \u20b9600,000","IBM India Private Limited":"Avg. Salary: \u20b9910,857","HCL Technologies Ltd.":"Avg. Salary: \u20b9376,236","Wipro Technologies Ltd.":"Avg. Salary: \u20b9439,773","Oracle":"Avg. Salary: \u20b9956,912","InfoSys Limited":"Avg. Salary: \u20b9685,000","Cognizant":"Avg. Salary: \u20b9850,000","Techmahindra Ltd":"Avg. Salary: \u20b9337,733","International Business Machines (IBM) Corp.":"Avg. Salary: \u20b9900,000","Cognizant Technology Solutions Corp":"Avg. Salary: \u20b91,000,000","related_job_component":["Software Engineer","Senior Software Engineer","Software Developer","Sr. Software Engineer \/ Developer \/ Programmer","Senior Database Administrator (DBA)","Database Administrator (DBA)","Information Technology (IT) Consultant","Technical Consultant","Team Leader, IT"],"Software Engineer":"Avg. Salary \u20b9263k \u2014 \u20b91m","Senior Software Engineer":"Avg. Salary \u20b9493k \u2014 \u20b92m","Software Developer":"Avg. Salary \u20b9214k \u2014 \u20b91m","Sr. Software Engineer \/ Developer \/ Programmer":"Avg. Salary \u20b9432k \u2014 \u20b92m","Senior Database Administrator (DBA)":"Avg. Salary \u20b9570k \u2014 \u20b92m","Database Administrator (DBA)":"Avg. Salary \u20b9237k \u2014 \u20b91m","Information Technology (IT) Consultant":"Avg. Salary \u20b9391k \u2014 \u20b92m","Technical Consultant":"Avg. Salary \u20b9312k \u2014 \u20b92m","Team Leader, IT":"Avg. Salary \u20b9584k \u2014 \u20b92m"}}