{"0":{"job_title":"PHP_Web_Developer","avg_salary":"\u20b9262,861","salary_component":["Base Salary","Bonus","Profit Sharing","Total Pay"],"Base Salary":"\u20b9118k - \u20b9725k","Bonus":"\u20b9294 - \u20b9101k","Profit Sharing":"\u20b987 - \u20b9309k","Total Pay":"\u20b9118k - \u20b9806k","pay_by_experience_percent":["Entry Level","Early Career","Mid Career","Late Career"],"Entry Level":"-37%","Early Career":"-5%","Mid Career":"126%","Late Career":"203%","pay_by_experience_years":["1","1-4"],"1":"\u20b9165,000","1-4":"\u20b9248,796","gender_component":["Male","Female"],"Male":"83.5","Female":"16.5","health_benefits_componentt":["Medical","Dental","Vision","None"],"Medical":"27","Dental":"2","Vision":"3","None":"71","popular_skills_component":["PHP","MySQL","JavaScript","jQuery","HTML"],"PHP":"8%","MySQL":"6%","JavaScript":"14%","jQuery":"12%","HTML":"\u20b9246,953","affect_skills_component":["Angular.js","Drupal","Object Oriented Programming (OOP)","Model-view-controller (MVC)","JavaScript","jQuery","Wordpress","PHP","MySQL"],"Angular.js":"280%","Drupal":"139%","Object Oriented Programming (OOP)":"83%","Model-view-controller (MVC)":"17%","Wordpress":"10%","career_path_component":["PHP Developer","Software Engineer","Team Leader, IT"],"location_component":["Bangalore, Karnataka","Ahmedabad, Gujarat","Mumbai, Maharashtra","Pune, Maharashtra","Chennai, Tamil Nadu","New Delhi, Delhi","Surat, Gujarat","Hyderabad, Andhra Pradesh","Kolkata, West Bengal","Jaipur, Rajasthan"],"Bangalore, Karnataka":"35%","Ahmedabad, Gujarat":"17%","Mumbai, Maharashtra":"24%","Pune, Maharashtra":"32%","Chennai, Tamil Nadu":"-11%","New Delhi, Delhi":"14%","Surat, Gujarat":"-24%","Hyderabad, Andhra Pradesh":"5%","Kolkata, West Bengal":"-9%","Jaipur, Rajasthan":"-8%","employers_component":[],"related_job_component":["Software Engineer","PHP Developer","Web Developer","Senior Software Engineer","Software Developer","Front End Developer \/ Engineer","Web Designer","Sr. Software Engineer \/ Developer \/ Programmer","UI Developer"],"Software Engineer":"Avg. Salary \u20b9262k \u2014 \u20b91m","PHP Developer":"Avg. Salary \u20b9119k \u2014 \u20b9609k","Web Developer":"Avg. Salary \u20b9124k \u2014 \u20b9779k","Senior Software Engineer":"Avg. Salary \u20b9493k \u2014 \u20b92m","Software Developer":"Avg. Salary \u20b9214k \u2014 \u20b91m","Front End Developer \/ Engineer":"Avg. Salary \u20b9193k \u2014 \u20b91m","Web Designer":"Avg. Salary \u20b9118k \u2014 \u20b9647k","Sr. Software Engineer \/ Developer \/ Programmer":"Avg. Salary \u20b9432k \u2014 \u20b92m","UI Developer":"Avg. Salary \u20b9200k \u2014 \u20b91m"}}