{"0":{"job_title":"PHP_Developer","avg_salary":"\u20b9279,799","salary_component":["Base Salary","Bonus","Profit Sharing","Total Pay"],"Base Salary":"\u20b9119k - \u20b9609k","Bonus":"\u20b92k - \u20b9194k","Profit Sharing":"\u20b918 - \u20b9276k","Total Pay":"\u20b9121k - \u20b9665k","pay_by_experience_percent":["Entry Level","Early Career","Mid Career","Late Career"],"Entry Level":"-40%","Early Career":"-5%","Mid Career":"95%","Late Career":"194%","pay_by_experience_years":["1","1-4"],"1":"\u20b9169,186","1-4":"\u20b9266,245","gender_component":["Male","Female"],"Male":"79.4","Female":"20.6","health_benefits_componentt":["Medical","Dental","Vision","None"],"Medical":"21","Dental":"1","Vision":"1","None":"78","popular_skills_component":["PHP","MySQL","JavaScript","jQuery","Cascading Style Sheets (CSS)"],"PHP":"\u20b9278,011","MySQL":"\u20b9285,620","JavaScript":"\u20b9281,633","jQuery":"\u20b9276,917","Cascading Style Sheets (CSS)":"\u20b9255,251","affect_skills_component":["WebAPI","Linux","PHPUnit","Amazon Web Services (AWS)","RESTful Web Services","Git","Magento","Node.js","Express (Node.js)","JSON"],"WebAPI":"133%","Linux":"132%","PHPUnit":"114%","Amazon Web Services (AWS)":"110%","RESTful Web Services":"80%","Git":"72%","Magento":"69%","Node.js":"50%","Express (Node.js)":"39%","JSON":"29%","career_path_component":["Sr. Software Engineer \/ Developer \/ Prog...","Software Engineer","Senior Software Engineer"],"location_component":["Ahmedabad, Gujarat","Mumbai, Maharashtra","Pune, Maharashtra","Bangalore, Karnataka","Chennai, Tamil Nadu","Hyderabad, Andhra Pradesh","Kolkata, West Bengal","New Delhi, Delhi","Delhi, Delhi","Noida, Uttar Pradesh"],"Ahmedabad, Gujarat":"3%","Mumbai, Maharashtra":"6%","Pune, Maharashtra":"4%","Bangalore, Karnataka":"18%","Chennai, Tamil Nadu":"3%","Hyderabad, Andhra Pradesh":"-6%","Kolkata, West Bengal":"-29%","New Delhi, Delhi":"18%","Delhi, Delhi":"7%","Noida, Uttar Pradesh":"-12%","employers_component":["Abc Corp.","IndiaNIC Infotech Ltd","Neosoft","Xento Systems"],"Abc Corp.":"Avg. Salary: \u20b9378,284","IndiaNIC Infotech Ltd":"Avg. Salary: \u20b9386,152","Neosoft":"Avg. Salary: \u20b9300,000","Xento Systems":"Avg. Salary: \u20b9350,000","related_job_component":["Software Engineer","Senior Software Engineer","Software Developer","Sr. Software Engineer \/ Developer \/ Programmer","Web Developer","Software Engineer \/ Developer \/ Programmer","Team Leader, IT","Associate Software Engineer","Front End Developer \/ Engineer"],"Software Engineer":"Avg. Salary \u20b9262k \u2014 \u20b91m","Senior Software Engineer":"Avg. Salary \u20b9493k \u2014 \u20b92m","Software Developer":"Avg. Salary \u20b9214k \u2014 \u20b91m","Sr. Software Engineer \/ Developer \/ Programmer":"Avg. Salary \u20b9432k \u2014 \u20b92m","Web Developer":"Avg. Salary \u20b9124k \u2014 \u20b9779k","Software Engineer \/ Developer \/ Programmer":"Avg. Salary \u20b9225k \u2014 \u20b91m","Team Leader, IT":"Avg. Salary \u20b9584k \u2014 \u20b92m","Associate Software Engineer":"Avg. Salary \u20b9240k \u2014 \u20b91m","Front End Developer \/ Engineer":"Avg. Salary \u20b9193k \u2014 \u20b91m"}}