{"0":{"job_title":"Principal_Software_Engineer","avg_salary":"\u20b92,344,958","salary_component":["Base Salary","Bonus","Profit Sharing","Total Pay"],"Base Salary":"\u20b91m - \u20b94m","Bonus":"\u20b998k - \u20b9514k","Profit Sharing":"\u20b952k - \u20b9813k","Total Pay":"\u20b91m - \u20b94m","pay_by_experience_percent":["Early Career","Mid Career","Late Career","Experienced"],"Early Career":"-33%","Mid Career":"-18%","Late Career":"6%","Experienced":"50%","pay_by_experience_years":["1-4","5-9"],"1-4":"\u20b91,574,604","5-9":"\u20b91,927,380","gender_component":["Male","Female","Prefer to self-define"],"Male":"91.7","Female":"8.1","Prefer to self-define":"0.2","health_benefits_componentt":["Medical","Dental","Vision","None"],"Medical":"85","Dental":"12","Vision":"9","None":"15","popular_skills_component":["Software Development","Java","Software Architecture","C++ Programming Language","Linux"],"Software Development":"\u20b92,471,199","Java":"\u20b92,533,946","Software Architecture":"\u20b92,591,120","C++ Programming Language":"\u20b92,532,622","Linux":"\u20b92,560,416","affect_skills_component":["Distributed Systems","Algorithm Development","Apache Kafka","Apache Hadoop","Design Pattern (Computer Science)","Apache Spark","Storage Area Networking (SAN)","MongoDB","Embedded \/ Real-Time \/ RTOS","Big Data Analytics"],"Distributed Systems":"92%","Algorithm Development":"42%","Apache Kafka":"41%","Apache Hadoop":"36%","Design Pattern (Computer Science)":"32%","Apache Spark":"32%","Storage Area Networking (SAN)":"32%","MongoDB":"22%","Embedded \/ Real-Time \/ RTOS":"18%","Big Data Analytics":"17%","career_path_component":["Software Architect","Technical Architect","Senior Principal Engineer"],"location_component":["Bangalore, Karnataka","Hyderabad, Andhra Pradesh","Pune, Maharashtra","Mumbai, Maharashtra","Chennai, Tamil Nadu","Noida, Uttar Pradesh","Gurgaon, Haryana","New Delhi, Delhi","Ahmedabad, Gujarat","Delhi, Delhi"],"Bangalore, Karnataka":"4%","Hyderabad, Andhra Pradesh":"-13%","Pune, Maharashtra":"4%","Mumbai, Maharashtra":"-15%","Chennai, Tamil Nadu":"5%","Noida, Uttar Pradesh":"-15%","Gurgaon, Haryana":"-10%","New Delhi, Delhi":"32%","Ahmedabad, Gujarat":"-45%","Delhi, Delhi":"-15%","employers_component":["Oracle Corp.","Dell, Inc.","Oracle","Harman International","EMC Corporation","Symantec Corporation","OpenText Corp.","Pramati Technologies","Western Digital Corporation","Fidelity Investments"],"Oracle Corp.":"Avg. Salary: \u20b92,335,481","Dell, Inc.":"Avg. Salary: \u20b92,036,214","Oracle":"Avg. Salary: \u20b92,219,550","Harman International":"Avg. Salary: \u20b92,408,125","EMC Corporation":"Avg. Salary: \u20b92,430,562","Symantec Corporation":"Avg. Salary: \u20b92,211,702","OpenText Corp.":"Avg. Salary: \u20b92,576,479","Pramati Technologies":"Avg. Salary: \u20b91,689,979","Western Digital Corporation":"Avg. Salary: \u20b92,395,051","Fidelity Investments":"Avg. Salary: \u20b92,800,000","related_job_component":["Software Engineer","Senior Software Engineer","Software Developer","Sr. Software Engineer \/ Developer \/ Programmer","Team Leader, IT","Software Engineer \/ Developer \/ Programmer","Web Developer","Associate Software Engineer","Lead Software Engineer"],"Software Engineer":"Avg. Salary \u20b9262k \u2014 \u20b91m","Senior Software Engineer":"Avg. Salary \u20b9493k \u2014 \u20b92m","Software Developer":"Avg. Salary \u20b9214k \u2014 \u20b91m","Sr. Software Engineer \/ Developer \/ Programmer":"Avg. Salary \u20b9432k \u2014 \u20b92m","Team Leader, IT":"Avg. Salary \u20b9584k \u2014 \u20b92m","Software Engineer \/ Developer \/ Programmer":"Avg. Salary \u20b9225k \u2014 \u20b91m","Web Developer":"Avg. Salary \u20b9124k \u2014 \u20b9779k","Associate Software Engineer":"Avg. Salary \u20b9240k \u2014 \u20b91m","Lead Software Engineer":"Avg. Salary \u20b9780k \u2014 \u20b93m"}}