{"0":{"job_title":"Process_Analyst","avg_salary":"\u20b9289,086","salary_component":["Base Salary","Bonus","Profit Sharing","Commission","Total Pay"],"Base Salary":"\u20b9180k - \u20b9511k","Bonus":"\u20b95k - \u20b981k","Profit Sharing":"\u20b92k - \u20b9148k","Commission":"\u20b90 - \u20b935k","Total Pay":"\u20b9187k - \u20b9530k","pay_by_experience_percent":["Entry Level","Early Career","Mid Career","Late Career"],"Entry Level":"-30%","Early Career":"-6%","Mid Career":"47%","Late Career":"82%","pay_by_experience_years":["1","1-4"],"1":"\u20b9201,839","1-4":"\u20b9271,594","gender_component":["Male","Female"],"Male":"69.9","Female":"30.1","health_benefits_componentt":["Medical","Dental","Vision","None"],"Medical":"73","Dental":"6","Vision":"7","None":"27","popular_skills_component":["Microsoft Excel","Data Analysis","Data Processing","Process Improvement","Business Analysis"],"Microsoft Excel":"\u20b9279,331","Data Analysis":"6%","Data Processing":"\u20b9281,310","Process Improvement":"\u20b9289,280","Business Analysis":"\u20b9275,000","affect_skills_component":["Information Technology Infrastructure Library (ITIL)","Quality Assurance \/ Quality Control","SAPscript","Internal Audit","Oral \/ Verbal Communication","Customer Service","Data Analysis","Project Management","Microsoft Office"],"Information Technology Infrastructure Library (ITIL)":"104%","Quality Assurance \/ Quality Control":"61%","SAPscript":"49%","Internal Audit":"32%","Oral \/ Verbal Communication":"17%","Customer Service":"16%","Project Management":"2%","Microsoft Office":"2%","career_path_component":["Team Lead, Operations","Operations Team Leader","Senior Business Analyst"],"location_component":["Bangalore, Karnataka","Chennai, Tamil Nadu","Pune, Maharashtra","Hyderabad, Andhra Pradesh","Mumbai, Maharashtra","New Delhi, Delhi","Gurgaon, Haryana","Noida, Uttar Pradesh","Delhi, Delhi","Kolkata, West Bengal"],"Bangalore, Karnataka":"-5%","Chennai, Tamil Nadu":"8%","Pune, Maharashtra":"11%","Hyderabad, Andhra Pradesh":"-10%","Mumbai, Maharashtra":"41%","New Delhi, Delhi":"-10%","Gurgaon, Haryana":"28%","Noida, Uttar Pradesh":"-17%","Delhi, Delhi":"4%","Kolkata, West Bengal":"-37%","employers_component":["Accenture","Genpact","Arthur J. Gallagher & Company","Broadridge Financial Solutions, Inc.","Tata Consultancy Services Limited","Infosys BPO","Capgemini","Maersk Line, Ltd.","Royal Bank of Scotland","RBS Business Services"],"Accenture":"Avg. Salary: \u20b9352,482","Genpact":"Avg. Salary: \u20b9200,000","Arthur J. Gallagher & Company":"Avg. Salary: \u20b9274,000","Broadridge Financial Solutions, Inc.":"Avg. Salary: \u20b9228,000","Tata Consultancy Services Limited":"Avg. Salary: \u20b9350,539","Infosys BPO":"Avg. Salary: \u20b9289,655","Capgemini":"Avg. Salary: \u20b9389,989","Maersk Line, Ltd.":"Avg. Salary: \u20b9430,000","Royal Bank of Scotland":"Avg. Salary: \u20b9259,856","RBS Business Services":"Avg. Salary: \u20b9274,166","related_job_component":["Civil Engineer","Operations Manager","Project Manager, (Unspecified Type \/ General)","Mechanical Engineer","Data Analyst","Business Analyst, IT","Senior Business Analyst","Accountant","Project Manager, Information Technology (IT)"],"Civil Engineer":"Avg. Salary \u20b9154k \u2014 \u20b9771k","Operations Manager":"Avg. Salary \u20b9297k \u2014 \u20b92m","Project Manager, (Unspecified Type \/ General)":"Avg. Salary \u20b9456k \u2014 \u20b92m","Mechanical Engineer":"Avg. Salary \u20b9152k \u2014 \u20b9983k","Data Analyst":"Avg. Salary \u20b9201k \u2014 \u20b9959k","Business Analyst, IT":"Avg. Salary \u20b9275k \u2014 \u20b91m","Senior Business Analyst":"Avg. Salary \u20b9447k \u2014 \u20b92m","Accountant":"Avg. Salary \u20b9123k \u2014 \u20b9507k","Project Manager, Information Technology (IT)":"Avg. Salary \u20b9531k \u2014 \u20b92m"}}