{"0":{"job_title":"Product_Owner","avg_salary":"\u20b91,544,005","salary_component":["Base Salary","Bonus","Profit Sharing","Total Pay"],"Base Salary":"\u20b9649k - \u20b93m","Bonus":"\u20b950k - \u20b9310k","Profit Sharing":"\u20b915k - \u20b9560k","Total Pay":"\u20b9692k - \u20b93m","pay_by_experience_percent":["Early Career","Mid Career","Late Career","Experienced"],"Early Career":"-43%","Mid Career":"-12%","Late Career":"28%","Experienced":"4%","pay_by_experience_years":["1-4","5-9"],"1-4":"\u20b9883,010","5-9":"\u20b91,363,224","gender_component":["Male","Female"],"Male":"77.9","Female":"22.1","health_benefits_componentt":["Medical","Dental","Vision","None"],"Medical":"79","Dental":"9","Vision":"8","None":"20","popular_skills_component":["Product Management","Agile Software Development","Business Analysis","Requirements Analysis","Scrum"],"Product Management":"6%","Agile Software Development":"5%","Business Analysis":"\u20b91,496,970","Requirements Analysis":"\u20b91,462,349","Scrum":"\u20b91,500,058","affect_skills_component":["Product Management","Agile Software Development","Product Development","Project Management"],"Product Development":"3%","Project Management":"2%","career_path_component":["Product Manager, Software","Senior Product Manager","Agile Coach"],"location_component":["Bangalore, Karnataka","Pune, Maharashtra","Chennai, Tamil Nadu","Hyderabad, Andhra Pradesh","Mumbai, Maharashtra","Ahmedabad, Gujarat","Gurgaon, Haryana","Noida, Uttar Pradesh","New Delhi, Delhi","Noida, Delhi"],"Bangalore, Karnataka":"4%","Pune, Maharashtra":"3%","Chennai, Tamil Nadu":"-6%","Hyderabad, Andhra Pradesh":"5%","Mumbai, Maharashtra":"-26%","Ahmedabad, Gujarat":"-42%","Gurgaon, Haryana":"-8%","Noida, Uttar Pradesh":"-9%","New Delhi, Delhi":"-7%","Noida, Delhi":"30%","employers_component":["Amdocs, Inc,.","Evolent Health LLC","Mindtree Consulting","SAP Labs India"],"Amdocs, Inc,.":"Avg. Salary: \u20b91,500,000","Evolent Health LLC":"Avg. Salary: \u20b91,599,835","Mindtree Consulting":"Avg. Salary: \u20b91,013,326","SAP Labs India":"Avg. Salary: \u20b91,850,000","related_job_component":["Project Manager, (Unspecified Type \/ General)","Business Analyst, IT","Senior Business Analyst","Project Manager, Information Technology (IT)","Product Manager, Software","Senior Product Manager","Civil Engineer","Senior Project Manager, IT","Business Analyst, Finance\/Banking"],"Project Manager, (Unspecified Type \/ General)":"Avg. Salary \u20b9456k \u2014 \u20b92m","Business Analyst, IT":"Avg. Salary \u20b9275k \u2014 \u20b91m","Senior Business Analyst":"Avg. Salary \u20b9447k \u2014 \u20b92m","Project Manager, Information Technology (IT)":"Avg. Salary \u20b9531k \u2014 \u20b92m","Product Manager, Software":"Avg. Salary \u20b9706k \u2014 \u20b93m","Senior Product Manager":"Avg. Salary \u20b9986k \u2014 \u20b94m","Civil Engineer":"Avg. Salary \u20b9154k \u2014 \u20b9771k","Senior Project Manager, IT":"Avg. Salary \u20b91m \u2014 \u20b93m","Business Analyst, Finance\/Banking":"Avg. Salary \u20b9283k \u2014 \u20b92m"}}