{"0":{"job_title":"Product_Manager%2C_Software","avg_salary":"\u20b91,690,917","salary_component":["Base Salary","Bonus","Profit Sharing","Commission","Total Pay"],"Base Salary":"\u20b9706k - \u20b93m","Bonus":"\u20b960k - \u20b9394k","Profit Sharing":"\u20b92k - \u20b9964k","Commission":"\u20b90 - \u20b994k","Total Pay":"\u20b9747k - \u20b93m","pay_by_experience_percent":["Entry Level","Early Career","Mid Career","Late Career","Experienced"],"Entry Level":"-42%","Early Career":"-24%","Mid Career":"3%","Late Career":"22%","Experienced":"89%","pay_by_experience_years":["1"],"1":"\u20b9988,696","gender_component":["Male","Female","Prefer to self-define"],"Male":"82.3","Female":"17.4","Prefer to self-define":"0.3","health_benefits_componentt":["Medical","Dental","Vision","None"],"Medical":"75","Dental":"8","Vision":"8","None":"25","popular_skills_component":["Product Management","Agile Software Development","Product Development","Requirements Analysis","Business Analysis"],"Product Management":"3%","Agile Software Development":"9%","Product Development":"3%","Requirements Analysis":"\u20b91,675,378","Business Analysis":"\u20b91,687,218","affect_skills_component":["Machine Learning","Software Development","Agile Software Development","Competitive Analysis","Scrum","Product Management","Product Development","Market Research","SQL"],"Machine Learning":"18%","Software Development":"10%","Competitive Analysis":"7%","Scrum":"5%","Market Research":"2%","SQL":"1%","career_path_component":["Senior Product Manager","Sr. Product Manager, Software","Principal Product Manager"],"location_component":["Bangalore, Karnataka","Mumbai, Maharashtra","Pune, Maharashtra","Hyderabad, Andhra Pradesh","Chennai, Tamil Nadu","Gurgaon, Haryana","New Delhi, Delhi","Noida, Uttar Pradesh","Delhi, Delhi","Kolkata, West Bengal"],"Bangalore, Karnataka":"17%","Mumbai, Maharashtra":"-12%","Pune, Maharashtra":"9%","Hyderabad, Andhra Pradesh":"-3%","Chennai, Tamil Nadu":"1%","Gurgaon, Haryana":"-10%","New Delhi, Delhi":"-27%","Noida, Uttar Pradesh":"-13%","Delhi, Delhi":"-43%","Kolkata, West Bengal":"-33%","employers_component":["SAP Labs India","ZOHO Corporation","Amadeus India Pvt Ltd","Automatic Data Processing, Inc. (ADP)","Dell, Inc.","Oracle"],"SAP Labs India":"Avg. Salary: \u20b91,800,000","ZOHO Corporation":"Avg. Salary: \u20b91,575,000","Amadeus India Pvt Ltd":"Avg. Salary: \u20b92,324,731","Automatic Data Processing, Inc. (ADP)":"Avg. Salary: \u20b92,348,936","Dell, Inc.":"Avg. Salary: \u20b91,400,000","Oracle":"Avg. Salary: \u20b91,950,952","related_job_component":["Software Engineer","Senior Software Engineer","Business Analyst, IT","Software Developer","Senior Business Analyst","Project Manager, (Unspecified Type \/ General)","Project Manager, Information Technology (IT)","Data Analyst","Sr. Software Engineer \/ Developer \/ Programmer"],"Software Engineer":"Avg. Salary \u20b9262k \u2014 \u20b91m","Senior Software Engineer":"Avg. Salary \u20b9493k \u2014 \u20b92m","Business Analyst, IT":"Avg. Salary \u20b9275k \u2014 \u20b91m","Software Developer":"Avg. Salary \u20b9214k \u2014 \u20b91m","Senior Business Analyst":"Avg. Salary \u20b9447k \u2014 \u20b92m","Project Manager, (Unspecified Type \/ General)":"Avg. Salary \u20b9456k \u2014 \u20b92m","Project Manager, Information Technology (IT)":"Avg. Salary \u20b9531k \u2014 \u20b92m","Data Analyst":"Avg. Salary \u20b9201k \u2014 \u20b9959k","Sr. Software Engineer \/ Developer \/ Programmer":"Avg. Salary \u20b9432k \u2014 \u20b92m"}}