{"0":{"job_title":"Programmer_Analyst","avg_salary":"\u20b9417,384","salary_component":["Base Salary","Bonus","Profit Sharing","Total Pay"],"Base Salary":"\u20b9273k - \u20b91m","Bonus":"\u20b915k - \u20b9113k","Profit Sharing":"\u20b92k - \u20b9285k","Total Pay":"\u20b9289k - \u20b91m","pay_by_experience_percent":["Entry Level","Early Career","Mid Career","Late Career"],"Entry Level":"-18%","Early Career":"-4%","Mid Career":"84%","Late Career":"164%","pay_by_experience_years":["1","1-4"],"1":"\u20b9341,950","1-4":"\u20b9402,451","gender_component":["Male","Female","Prefer to self-define"],"Male":"75.6","Female":"24.2","Prefer to self-define":"0.2","health_benefits_componentt":["Medical","Dental","Vision","None"],"Medical":"81","Dental":"7","Vision":"7","None":"19","popular_skills_component":["SQL","Java","C# Programming Language","JavaScript",".NET"],"SQL":"\u20b9403,261","Java":"\u20b9460,202","C# Programming Language":"\u20b9411,568","JavaScript":"\u20b9496,817",".NET":"\u20b9448,145","affect_skills_component":["iOS","Swift Programming Language","Junit","Eclipse Java IDE","Development Operations (DevOps)","R","Model-view-controller (MVC)","C Programming Language","Siebel","SAS"],"iOS":"759%","Swift Programming Language":"722%","Junit":"199%","Eclipse Java IDE":"140%","Development Operations (DevOps)":"97%","R":"88%","Model-view-controller (MVC)":"87%","C Programming Language":"84%","Siebel":"79%","SAS":"58%","career_path_component":["Senior Software Engineer","Software Engineer","Information Technology (IT) Consultant"],"location_component":["Chennai, Tamil Nadu","Bangalore, Karnataka","Pune, Maharashtra","Hyderabad, Andhra Pradesh","Kolkata, West Bengal","Mumbai, Maharashtra","Gurgaon, Haryana","Coimbatore, Tamil Nadu","Noida, Uttar Pradesh","Kochi, Kerala"],"Chennai, Tamil Nadu":"-7%","Bangalore, Karnataka":"28%","Pune, Maharashtra":"16%","Hyderabad, Andhra Pradesh":"22%","Kolkata, West Bengal":"-11%","Mumbai, Maharashtra":"58%","Gurgaon, Haryana":"90%","Coimbatore, Tamil Nadu":"-10%","Noida, Uttar Pradesh":"24%","Kochi, Kerala":"-7%","employers_component":["Cognizant","Cognizant Technology Solutions Corp","Tata Consultancy Services Limited","Bank of America Corp. (BOFA)","Fidelity Investments","The Goldman Sachs Group, Inc.","Ramco Systems","Deloitte","TCSI","BitWise"],"Cognizant":"Avg. Salary: \u20b9380,978","Cognizant Technology Solutions Corp":"Avg. Salary: \u20b9372,036","Tata Consultancy Services Limited":"Avg. Salary: \u20b9744,024","Bank of America Corp. (BOFA)":"Avg. Salary: \u20b91,300,000","Fidelity Investments":"Avg. Salary: \u20b9813,457","The Goldman Sachs Group, Inc.":"Avg. Salary: \u20b91,572,216","Ramco Systems":"Avg. Salary: \u20b9373,996","Deloitte":"Avg. Salary: \u20b9557,500","TCSI":"Avg. Salary: \u20b9639,715","BitWise":"Avg. Salary: \u20b9695,706","related_job_component":["Software Engineer","Senior Software Engineer","Software Developer","Sr. Software Engineer \/ Developer \/ Programmer","Team Leader, IT","Software Engineer \/ Developer \/ Programmer","Web Developer","Associate Software Engineer","Java Developer"],"Software Engineer":"Avg. Salary \u20b9262k \u2014 \u20b91m","Senior Software Engineer":"Avg. Salary \u20b9493k \u2014 \u20b92m","Software Developer":"Avg. Salary \u20b9214k \u2014 \u20b91m","Sr. Software Engineer \/ Developer \/ Programmer":"Avg. Salary \u20b9432k \u2014 \u20b92m","Team Leader, IT":"Avg. Salary \u20b9583k \u2014 \u20b92m","Software Engineer \/ Developer \/ Programmer":"Avg. Salary \u20b9225k \u2014 \u20b91m","Web Developer":"Avg. Salary \u20b9124k \u2014 \u20b9779k","Associate Software Engineer":"Avg. Salary \u20b9240k \u2014 \u20b91m","Java Developer":"Avg. Salary \u20b9197k \u2014 \u20b91m"}}