{"0":{"job_title":"Program_Manager%2C_IT","avg_salary":"\u20b92,017,604","salary_component":["Base Salary","Bonus","Profit Sharing","Total Pay"],"Base Salary":"\u20b9912k - \u20b93m","Bonus":"\u20b963k - \u20b9577k","Profit Sharing":"\u20b910k - \u20b92m","Total Pay":"\u20b9972k - \u20b93m","pay_by_experience_percent":["Early Career","Mid Career","Late Career","Experienced"],"Early Career":"-53%","Mid Career":"-27%","Late Career":"5%","Experienced":"25%","pay_by_experience_years":["1-4","5-9"],"1-4":"\u20b9943,843","5-9":"\u20b91,475,186","gender_component":["Male","Female"],"Male":"83.4","Female":"16.6","health_benefits_componentt":["Medical","Dental","Vision","None"],"Medical":"85","Dental":"15","Vision":"14","None":"15","popular_skills_component":["Program Management","Project Management","Leadership","People Management","Strategic Project Management"],"Program Management":"2%","Project Management":"\u20b92,026,924","Leadership":"4%","People Management":"\u20b92,025,688","Strategic Project Management":"6%","affect_skills_component":["Business Intelligence","Data Warehouse","Business Analysis","Customer Relationship Management (CRM)","Data Analysis","Strategic Project Management","Leadership","Agile Software Development","Program Management","e-Commerce"],"Business Intelligence":"26%","Data Warehouse":"24%","Business Analysis":"20%","Customer Relationship Management (CRM)":"7%","Data Analysis":"7%","Agile Software Development":"3%","e-Commerce":"1%","career_path_component":["Service Delivery Manager","Senior Program Manager, IT","Information Technology (IT) Director"],"location_component":["Bangalore, Karnataka","Chennai, Tamil Nadu","Mumbai, Maharashtra","Pune, Maharashtra","Hyderabad, Andhra Pradesh","Noida, Uttar Pradesh","New Delhi, Delhi","Gurgaon, Haryana","Gurgaon, Delhi","Delhi, Delhi"],"Bangalore, Karnataka":"4%","Chennai, Tamil Nadu":"-10%","Mumbai, Maharashtra":"%","Pune, Maharashtra":"18%","Hyderabad, Andhra Pradesh":"2%","Noida, Uttar Pradesh":"-1%","New Delhi, Delhi":"-11%","Gurgaon, Haryana":"%","Gurgaon, Delhi":"-45%","Delhi, Delhi":"-11%","employers_component":["Capgemini","Amazon.com Inc","Wipro","Tata Consultancy Services Limited","Accenture Technology Solutions","International Business Machines (IBM) Corp.","IBM India Private Limited","Godrej Infotech","Hewlett Packard Enterprise","InfoSys Limited"],"Capgemini":"Avg. Salary: \u20b92,078,625","Amazon.com Inc":"Avg. Salary: \u20b91,079,000","Wipro":"Avg. Salary: \u20b91,933,000","Tata Consultancy Services Limited":"Avg. Salary: \u20b92,396,617","Accenture Technology Solutions":"Avg. Salary: \u20b92,100,000","International Business Machines (IBM) Corp.":"Avg. Salary: \u20b91,600,000","IBM India Private Limited":"Avg. Salary: \u20b92,048,780","Godrej Infotech":"Avg. Salary: \u20b91,780,000","Hewlett Packard Enterprise":"Avg. Salary: \u20b91,918,773","InfoSys Limited":"Avg. Salary: \u20b92,324,155","related_job_component":["Operations Manager","Project Manager, (Unspecified Type \/ General)","Senior Business Analyst","Business Analyst, IT","Project Manager, Information Technology (IT)","Data Analyst","Service Delivery Manager","Senior Project Manager, IT","Civil Engineer"],"Operations Manager":"Avg. Salary \u20b9297k \u2014 \u20b92m","Project Manager, (Unspecified Type \/ General)":"Avg. Salary \u20b9456k \u2014 \u20b92m","Senior Business Analyst":"Avg. Salary \u20b9447k \u2014 \u20b92m","Business Analyst, IT":"Avg. Salary \u20b9275k \u2014 \u20b91m","Project Manager, Information Technology (IT)":"Avg. Salary \u20b9531k \u2014 \u20b92m","Data Analyst":"Avg. Salary \u20b9201k \u2014 \u20b9959k","Service Delivery Manager":"Avg. Salary \u20b9399k \u2014 \u20b93m","Senior Project Manager, IT":"Avg. Salary \u20b91m \u2014 \u20b93m","Civil Engineer":"Avg. Salary \u20b9154k \u2014 \u20b9771k"}}