{"0":{"job_title":"Project_Manager%2C_Information_Technology_(IT)","avg_salary":"\u20b91,511,663","salary_component":["Base Salary","Bonus","Profit Sharing","Commission","Total Pay"],"Base Salary":"\u20b9533k - \u20b92m","Bonus":"\u20b935k - \u20b9403k","Profit Sharing":"\u20b9511 - \u20b9306k","Commission":"\u20b90 - \u20b9700k","Total Pay":"\u20b9584k - \u20b93m","pay_by_experience_percent":["Entry Level","Early Career","Mid Career","Late Career","Experienced"],"Entry Level":"-74%","Early Career":"-59%","Mid Career":"-21%","Late Career":"12%","Experienced":"47%","pay_by_experience_years":["1"],"1":"\u20b9396,635","gender_component":["Male","Female","Prefer to self-define"],"Male":"84.5","Female":"15.4","Prefer to self-define":"0.1","health_benefits_componentt":["Medical","Dental","Vision","None"],"Medical":"80","Dental":"9","Vision":"10","None":"20","popular_skills_component":["Project Management","Agile Software Development","Project Coordinating","Business Analysis","Microsoft Project"],"Project Management":"\u20b91,520,294","Agile Software Development":"\u20b91,648,189","Project Coordinating":"\u20b91,448,399","Business Analysis":"\u20b91,481,706","Microsoft Project":"\u20b91,546,665","affect_skills_component":["IT Consulting","Microsoft Access","Banking","Development Operations (DevOps)","SAP Financial Accounting and Controlling (SAP FICO)","Telecommunications","Microsoft Azure","PegaRules Process Commander (PRPC)","SAP Enterprise Resource Planning (ERP)","SAP Business Intelligence (SAP BI)"],"IT Consulting":"97%","Microsoft Access":"76%","Banking":"63%","Development Operations (DevOps)":"48%","SAP Financial Accounting and Controlling (SAP FICO)":"45%","Telecommunications":"45%","Microsoft Azure":"45%","PegaRules Process Commander (PRPC)":"45%","SAP Enterprise Resource Planning (ERP)":"39%","SAP Business Intelligence (SAP BI)":"39%","career_path_component":["Senior Project Manager, IT","Project Manager, (Unspecified Type \/ Gen...","Program Manager, IT"],"location_component":["Bangalore, Karnataka","Pune, Maharashtra","Mumbai, Maharashtra","Chennai, Tamil Nadu","Hyderabad, Andhra Pradesh","Gurgaon, Haryana","Noida, Uttar Pradesh","Kolkata, West Bengal","Ahmedabad, Gujarat","New Delhi, Delhi"],"Bangalore, Karnataka":"12%","Pune, Maharashtra":"11%","Mumbai, Maharashtra":"-2%","Chennai, Tamil Nadu":"-6%","Hyderabad, Andhra Pradesh":"1%","Gurgaon, Haryana":"4%","Noida, Uttar Pradesh":"-6%","Kolkata, West Bengal":"-17%","Ahmedabad, Gujarat":"-41%","New Delhi, Delhi":"1%","employers_component":["Capgemini","HCL Technologies Ltd.","Cognizant Technology Solutions Corp","Cognizant","Accenture Technology Solutions","InfoSys Limited","Capgemini Consulting","Accenture","Wipro Technologies Ltd.","IBM India Private Limited"],"Capgemini":"Avg. Salary: \u20b91,548,639","HCL Technologies Ltd.":"Avg. Salary: \u20b91,168,590","Cognizant Technology Solutions Corp":"Avg. Salary: \u20b91,541,423","Cognizant":"Avg. Salary: \u20b91,568,771","Accenture Technology Solutions":"Avg. Salary: \u20b91,771,819","InfoSys Limited":"Avg. Salary: \u20b91,404,439","Capgemini Consulting":"Avg. Salary: \u20b91,513,165","Accenture":"Avg. Salary: \u20b91,558,666","Wipro Technologies Ltd.":"Avg. Salary: \u20b91,297,365","IBM India Private Limited":"Avg. Salary: \u20b91,600,000","related_job_component":["Software Engineer","Senior Software Engineer","Software Developer","Sr. Software Engineer \/ Developer \/ Programmer","Team Leader, IT","Information Technology (IT) Consultant","Project Manager, (Unspecified Type \/ General)","Operations Manager","Associate Software Engineer"],"Software Engineer":"Avg. Salary \u20b9262k \u2014 \u20b91m","Senior Software Engineer":"Avg. Salary \u20b9493k \u2014 \u20b92m","Software Developer":"Avg. Salary \u20b9214k \u2014 \u20b91m","Sr. Software Engineer \/ Developer \/ Programmer":"Avg. Salary \u20b9432k \u2014 \u20b92m","Team Leader, IT":"Avg. Salary \u20b9584k \u2014 \u20b92m","Information Technology (IT) Consultant":"Avg. Salary \u20b9391k \u2014 \u20b92m","Project Manager, (Unspecified Type \/ General)":"Avg. Salary \u20b9456k \u2014 \u20b92m","Operations Manager":"Avg. Salary \u20b9297k \u2014 \u20b92m","Associate Software Engineer":"Avg. Salary \u20b9240k \u2014 \u20b91m"}}