{"0":{"job_title":"Project_Manager%2C_Software_Development","avg_salary":"\u20b91,570,386","salary_component":["Base Salary","Bonus","Profit Sharing","Total Pay"],"Base Salary":"\u20b9602k - \u20b93m","Bonus":"\u20b939k - \u20b9399k","Profit Sharing":"\u20b9979 - \u20b9153k","Total Pay":"\u20b9613k - \u20b93m","pay_by_experience_percent":["Entry Level","Early Career","Mid Career","Late Career","Experienced"],"Entry Level":"-62%","Early Career":"-62%","Mid Career":"-30%","Late Career":"16%","Experienced":"30%","pay_by_experience_years":["1"],"1":"\u20b9600,000","gender_component":["Male","Female"],"Male":"87.7","Female":"12.3","health_benefits_componentt":["Medical","Dental","Vision","None"],"Medical":"72","Dental":"9","Vision":"8","None":"28","popular_skills_component":["Project Management","Agile Software Development",".NET","ScrumMaster","SQL"],"Project Management":"\u20b91,628,325","Agile Software Development":"\u20b91,708,608",".NET":"\u20b91,471,859","ScrumMaster":"25%","SQL":"\u20b91,235,359","affect_skills_component":["Product Development","Program Management","Oracle eBusiness Suite","Strategic Project Management","ScrumMaster","Cloud Computing","Business Intelligence","Java","Test Planning","Linux"],"Product Development":"53%","Program Management":"40%","Oracle eBusiness Suite":"37%","Strategic Project Management":"29%","Cloud Computing":"25%","Business Intelligence":"18%","Java":"16%","Test Planning":"16%","Linux":"10%","career_path_component":["Project Manager, (Unspecified Type \/ Gen...","Software Development Manager","Agile Coach"],"location_component":["Bangalore, Karnataka","Pune, Maharashtra","Mumbai, Maharashtra","Chennai, Tamil Nadu","Hyderabad, Andhra Pradesh","Noida, Uttar Pradesh","Kolkata, West Bengal","Gurgaon, Haryana","New Delhi, Delhi","Noida, Delhi"],"Bangalore, Karnataka":"17%","Pune, Maharashtra":"4%","Mumbai, Maharashtra":"-8%","Chennai, Tamil Nadu":"2%","Hyderabad, Andhra Pradesh":"4%","Noida, Uttar Pradesh":"10%","Kolkata, West Bengal":"-23%","Gurgaon, Haryana":"8%","New Delhi, Delhi":"10%","Noida, Delhi":"13%","employers_component":["Accenture Technology Solutions","Wipro Technologies Ltd.","Robert Bosch Engineering and Business Solutions Limited","Honeywell Technology Solutions, Inc.","InfoSys Limited","HCL Technologies Ltd.","Cognizant Technology Solutions Corp","Cognizant","Oracle","Sopra Group India"],"Accenture Technology Solutions":"Avg. Salary: \u20b91,565,834","Wipro Technologies Ltd.":"Avg. Salary: \u20b91,375,000","Robert Bosch Engineering and Business Solutions Limited":"Avg. Salary: \u20b9820,153","Honeywell Technology Solutions, Inc.":"Avg. Salary: \u20b92,000,000","InfoSys Limited":"Avg. Salary: \u20b91,600,000","HCL Technologies Ltd.":"Avg. Salary: \u20b91,800,000","Cognizant Technology Solutions Corp":"Avg. Salary: \u20b91,508,946","Cognizant":"Avg. Salary: \u20b91,691,609","Oracle":"Avg. Salary: \u20b91,925,000","Sopra Group India":"Avg. Salary: \u20b91,500,000","related_job_component":["Software Engineer","Senior Software Engineer","Software Developer","Sr. Software Engineer \/ Developer \/ Programmer","Project Manager, (Unspecified Type \/ General)","Team Leader, IT","Project Manager, Information Technology (IT)","Software Engineer \/ Developer \/ Programmer","Information Technology (IT) Consultant"],"Software Engineer":"Avg. Salary \u20b9262k \u2014 \u20b91m","Senior Software Engineer":"Avg. Salary \u20b9493k \u2014 \u20b92m","Software Developer":"Avg. Salary \u20b9214k \u2014 \u20b91m","Sr. Software Engineer \/ Developer \/ Programmer":"Avg. Salary \u20b9432k \u2014 \u20b92m","Project Manager, (Unspecified Type \/ General)":"Avg. Salary \u20b9456k \u2014 \u20b92m","Team Leader, IT":"Avg. Salary \u20b9584k \u2014 \u20b92m","Project Manager, Information Technology (IT)":"Avg. Salary \u20b9533k \u2014 \u20b92m","Software Engineer \/ Developer \/ Programmer":"Avg. Salary \u20b9225k \u2014 \u20b91m","Information Technology (IT) Consultant":"Avg. Salary \u20b9391k \u2014 \u20b92m"}}