{"0":{"job_title":"Project_Leader%2C_IT","avg_salary":"\u20b91,239,290","salary_component":["Base Salary","Bonus","Profit Sharing","Total Pay"],"Base Salary":"\u20b9666k - \u20b92m","Bonus":"\u20b930k - \u20b9254k","Profit Sharing":"\u20b98 - \u20b9740k","Total Pay":"\u20b9701k - \u20b92m","pay_by_experience_percent":["Early Career","Mid Career","Late Career","Experienced"],"Early Career":"-53%","Mid Career":"-9%","Late Career":"13%","Experienced":"25%","pay_by_experience_years":["1-4","5-9"],"1-4":"\u20b9584,691","5-9":"\u20b91,124,874","gender_component":["Male","Female"],"Male":"85.4","Female":"14.6","health_benefits_componentt":["Medical","Dental","Vision","None"],"Medical":"76","Dental":"8","Vision":"8","None":"24","popular_skills_component":["Project Management","SQL",".NET","Java\/J2EE","C# Programming Language"],"Project Management":"\u20b91,232,523","SQL":"\u20b91,219,179",".NET":"\u20b91,216,772","Java\/J2EE":"\u20b91,359,734","C# Programming Language":"\u20b91,222,070","affect_skills_component":["Big Data Analytics","SAP ABAP","Microsoft Azure","Visual C \/ C++","Android Operating System Development","Software Architecture","People Management","J2EE","Angular","ScrumMaster"],"Big Data Analytics":"78%","SAP ABAP":"65%","Microsoft Azure":"63%","Visual C \/ C++":"53%","Android Operating System Development":"45%","Software Architecture":"45%","People Management":"44%","J2EE":"37%","Angular":"35%","ScrumMaster":"35%","career_path_component":["Project Manager, (Unspecified Type \/ Gen...","Project Manager, Information Technology ...","Senior Project Manager, IT"],"location_component":["Bangalore, Karnataka","Pune, Maharashtra","Chennai, Tamil Nadu","Hyderabad, Andhra Pradesh","Mumbai, Maharashtra","Noida, Uttar Pradesh","Gurgaon, Haryana","Ahmedabad, Gujarat","Kolkata, West Bengal","Delhi, Delhi"],"Bangalore, Karnataka":"9%","Pune, Maharashtra":"10%","Chennai, Tamil Nadu":"-5%","Hyderabad, Andhra Pradesh":"10%","Mumbai, Maharashtra":"-8%","Noida, Uttar Pradesh":"1%","Gurgaon, Haryana":"22%","Ahmedabad, Gujarat":"-34%","Kolkata, West Bengal":"-19%","Delhi, Delhi":"-19%","employers_component":["Wipro Technologies Ltd.","Capgemini","iNautix","Persistent Systems","L & T Infotech Ltd","Syntel, Inc.","HCL Technologies Ltd.","Larsen and Toubro Ltd.","Wipro","Techmahindra Ltd"],"Wipro Technologies Ltd.":"Avg. Salary: \u20b91,178,895","Capgemini":"Avg. Salary: \u20b91,031,304","iNautix":"Avg. Salary: \u20b91,292,454","Persistent Systems":"Avg. Salary: \u20b91,604,079","L & T Infotech Ltd":"Avg. Salary: \u20b91,152,114","Syntel, Inc.":"Avg. Salary: \u20b9936,000","HCL Technologies Ltd.":"Avg. Salary: \u20b9801,432","Larsen and Toubro Ltd.":"Avg. Salary: \u20b91,183,878","Wipro":"Avg. Salary: \u20b91,007,660","Techmahindra Ltd":"Avg. Salary: \u20b91,013,744","related_job_component":["Senior Software Engineer","Software Engineer","Software Developer","Sr. Software Engineer \/ Developer \/ Programmer","Team Leader, IT","Information Technology (IT) Consultant","Software Engineer \/ Developer \/ Programmer","Associate Software Engineer","Lead Software Engineer"],"Senior Software Engineer":"Avg. Salary \u20b9493k \u2014 \u20b92m","Software Engineer":"Avg. Salary \u20b9262k \u2014 \u20b91m","Software Developer":"Avg. Salary \u20b9214k \u2014 \u20b91m","Sr. Software Engineer \/ Developer \/ Programmer":"Avg. Salary \u20b9432k \u2014 \u20b92m","Team Leader, IT":"Avg. Salary \u20b9584k \u2014 \u20b92m","Information Technology (IT) Consultant":"Avg. Salary \u20b9391k \u2014 \u20b92m","Software Engineer \/ Developer \/ Programmer":"Avg. Salary \u20b9225k \u2014 \u20b91m","Associate Software Engineer":"Avg. Salary \u20b9240k \u2014 \u20b91m","Lead Software Engineer":"Avg. Salary \u20b9788k \u2014 \u20b93m"}}