{"0":{"job_title":"Quality_Assurance_(QA)_Engineer","avg_salary":"\u20b9383,280","salary_component":["Base Salary","Bonus","Profit Sharing","Commission","Total Pay"],"Base Salary":"\u20b9180k - \u20b9843k","Bonus":"\u20b97k - \u20b9102k","Profit Sharing":"\u20b91k - \u20b9248k","Commission":"\u20b90 - \u20b928k","Total Pay":"\u20b9185k - \u20b9894k","pay_by_experience_percent":["Entry Level","Early Career","Mid Career","Late Career","Experienced"],"Entry Level":"-38%","Early Career":"-8%","Mid Career":"48%","Late Career":"83%","Experienced":"173%","pay_by_experience_years":["1"],"1":"\u20b9238,335","gender_component":["Male","Female","Prefer to self-define"],"Male":"78.5","Female":"21.3","Prefer to self-define":"0.2","health_benefits_componentt":["Medical","Dental","Vision","None"],"Medical":"64","Dental":"5","Vision":"5","None":"35","popular_skills_component":["Quality Assurance \/ Quality Control","Quality Improvement \/ QA","Test Automation","Microsoft Excel","Internal Audit"],"Quality Assurance \/ Quality Control":"\u20b9360,605","Quality Improvement \/ QA":"\u20b9385,000","Test Automation":"41%","Microsoft Excel":"\u20b9301,433","Internal Audit":"\u20b9310,731","affect_skills_component":["C# Programming Language","Test Engineering","Python","Usability Testing","JavaScript","C Programming Language","Java","Linux","Test Automation","Project Management"],"C# Programming Language":"176%","Test Engineering":"109%","Python":"89%","Usability Testing":"88%","JavaScript":"62%","C Programming Language":"58%","Java":"47%","Linux":"45%","Project Management":"39%","career_path_component":["Senior Quality Assurance (QA) \/ Test Aut...","Sr. Test \/ Quality Assurance (QA) Engine...","Test \/ Quality Assurance (QA) Engineer (..."],"location_component":["Pune, Maharashtra","Bangalore, Karnataka","Chennai, Tamil Nadu","Hyderabad, Andhra Pradesh","Mumbai, Maharashtra","Ahmedabad, Gujarat","Gurgaon, Haryana","New Delhi, Delhi","Noida, Uttar Pradesh","Coimbatore, Tamil Nadu"],"Pune, Maharashtra":"-3%","Bangalore, Karnataka":"32%","Chennai, Tamil Nadu":"1%","Hyderabad, Andhra Pradesh":"7%","Mumbai, Maharashtra":"-15%","Ahmedabad, Gujarat":"-22%","Gurgaon, Haryana":"2%","New Delhi, Delhi":"-6%","Noida, Uttar Pradesh":"11%","Coimbatore, Tamil Nadu":"-37%","employers_component":["Amazon.com Inc","Cybage","Dassault Systemes Inc","HCL Technologies Ltd.","Talentica Software","Oracle Corp.","Flextronics International","Oracle","Capita india","Fidelity Investments"],"Amazon.com Inc":"Avg. Salary: \u20b9824,000","Cybage":"Avg. Salary: \u20b9525,112","Dassault Systemes Inc":"Avg. Salary: \u20b9571,402","HCL Technologies Ltd.":"Avg. Salary: \u20b9469,000","Talentica Software":"Avg. Salary: \u20b9539,100","Oracle Corp.":"Avg. Salary: \u20b9774,194","Flextronics International":"Avg. Salary: \u20b9255,500","Oracle":"Avg. Salary: \u20b9927,119","Capita india":"Avg. Salary: \u20b9573,913","Fidelity Investments":"Avg. Salary: \u20b9682,609","related_job_component":["Software Engineer","Senior Software Engineer","Test \/ Quality Assurance (QA) Engineer (Computer Software)","Software Developer","Sr. Software Engineer \/ Developer \/ Programmer","Software Tester","Software Test Lead","Test Engineer","Mechanical Engineer"],"Software Engineer":"Avg. Salary \u20b9263k \u2014 \u20b91m","Senior Software Engineer":"Avg. Salary \u20b9493k \u2014 \u20b92m","Test \/ Quality Assurance (QA) Engineer (Computer Software)":"Avg. Salary \u20b9190k \u2014 \u20b9867k","Software Developer":"Avg. Salary \u20b9214k \u2014 \u20b91m","Sr. Software Engineer \/ Developer \/ Programmer":"Avg. Salary \u20b9432k \u2014 \u20b92m","Software Tester":"Avg. Salary \u20b9180k \u2014 \u20b9781k","Software Test Lead":"Avg. Salary \u20b9656k \u2014 \u20b92m","Test Engineer":"Avg. Salary \u20b9223k \u2014 \u20b9765k","Mechanical Engineer":"Avg. Salary \u20b9152k \u2014 \u20b9983k"}}