{"0":{"job_title":"SAP_Basis_Administrator","avg_salary":"\u20b9566,687","salary_component":["Base Salary","Bonus","Profit Sharing","Total Pay"],"Base Salary":"\u20b9299k - \u20b91m","Bonus":"\u20b910k - \u20b9161k","Profit Sharing":"\u20b9121 - \u20b975k","Total Pay":"\u20b9301k - \u20b91m","pay_by_experience_percent":["Entry Level","Early Career","Mid Career","Late Career"],"Entry Level":"-43%","Early Career":"-22%","Mid Career":"58%","Late Career":"131%","pay_by_experience_years":["1","1-4"],"1":"\u20b9321,113","1-4":"\u20b9441,197","gender_component":["Male","Female"],"Male":"88.4","Female":"11.6","health_benefits_componentt":["Medical","Dental","Vision","None"],"Medical":"76","Dental":"9","Vision":"10","None":"24","popular_skills_component":["SAP Basis","SAP NetWeaver","SAP Enterprise Resource Planning (ERP)","Oracle","Linux"],"SAP Basis":"\u20b9571,690","SAP NetWeaver":"24%","SAP Enterprise Resource Planning (ERP)":"\u20b9581,748","Oracle":"13%","Linux":"\u20b9499,800","affect_skills_component":["SAP High Performance Analytic Appliance (SAP HANA)","SAP NetWeaver Applications Server","SAP NetWeaver","Oracle","Basis Admin","Oracle 11g","Microsoft Office","IBM DB2","UNIX","Microsoft SQL Server"],"SAP High Performance Analytic Appliance (SAP HANA)":"59%","SAP NetWeaver Applications Server":"51%","Basis Admin":"12%","Oracle 11g":"8%","Microsoft Office":"8%","IBM DB2":"7%","UNIX":"4%","Microsoft SQL Server":"4%","career_path_component":["Senior SAP Consultant","SAP Consultant"],"location_component":["Bangalore, Karnataka","Pune, Maharashtra","Hyderabad, Andhra Pradesh","Mumbai, Maharashtra","Chennai, Tamil Nadu","Kolkata, West Bengal","Noida, Uttar Pradesh","New Delhi, Delhi","Gurgaon, Haryana","Delhi, Delhi"],"Bangalore, Karnataka":"9%","Pune, Maharashtra":"-12%","Hyderabad, Andhra Pradesh":"-3%","Mumbai, Maharashtra":"10%","Chennai, Tamil Nadu":"10%","Kolkata, West Bengal":"9%","Noida, Uttar Pradesh":"-14%","New Delhi, Delhi":"-16%","Gurgaon, Haryana":"21%","Delhi, Delhi":"-25%","employers_component":["Accenture","IBM India Private Limited","Tata Consultancy Services Limited","Capgemini","HCL Technologies Ltd.","Accenture Technology Solutions","Cognizant","Colgate - Palmolive Company","Wipro Technologies Ltd.","Computer Sciences Corporation (CSC)"],"Accenture":"Avg. Salary: \u20b9685,750","IBM India Private Limited":"Avg. Salary: \u20b9630,000","Tata Consultancy Services Limited":"Avg. Salary: \u20b9493,817","Capgemini":"Avg. Salary: \u20b9796,000","HCL Technologies Ltd.":"Avg. Salary: \u20b9600,000","Accenture Technology Solutions":"Avg. Salary: \u20b9687,273","Cognizant":"Avg. Salary: \u20b9650,000","Colgate - Palmolive Company":"Avg. Salary: \u20b91,277,426","Wipro Technologies Ltd.":"Avg. Salary: \u20b9625,631","Computer Sciences Corporation (CSC)":"Avg. Salary: \u20b9884,372","related_job_component":["Software Engineer","Senior Software Engineer","Software Developer","Sr. Software Engineer \/ Developer \/ Programmer","Team Leader, IT","Systems Engineer, IT","Information Technology (IT) Consultant","Information Technology (IT) Manager","Software Engineer \/ Developer \/ Programmer"],"Software Engineer":"Avg. Salary \u20b9262k \u2014 \u20b91m","Senior Software Engineer":"Avg. Salary \u20b9493k \u2014 \u20b92m","Software Developer":"Avg. Salary \u20b9214k \u2014 \u20b91m","Sr. Software Engineer \/ Developer \/ Programmer":"Avg. Salary \u20b9432k \u2014 \u20b92m","Team Leader, IT":"Avg. Salary \u20b9584k \u2014 \u20b92m","Systems Engineer, IT":"Avg. Salary \u20b9197k \u2014 \u20b9627k","Information Technology (IT) Consultant":"Avg. Salary \u20b9391k \u2014 \u20b92m","Information Technology (IT) Manager":"Avg. Salary \u20b9412k \u2014 \u20b93m","Software Engineer \/ Developer \/ Programmer":"Avg. Salary \u20b9225k \u2014 \u20b91m"}}