{"0":{"job_title":"SAP_ABAP_Programmer","avg_salary":"\u20b9540,738","salary_component":["Base Salary","Bonus","Profit Sharing","Total Pay"],"Base Salary":"\u20b9266k - \u20b91m","Bonus":"\u20b910k - \u20b9149k","Profit Sharing":"\u20b997 - \u20b9103k","Total Pay":"\u20b9273k - \u20b91m","pay_by_experience_percent":["Entry Level","Early Career","Mid Career","Late Career"],"Entry Level":"-44%","Early Career":"-20%","Mid Career":"55%","Late Career":"146%","pay_by_experience_years":["1","1-4"],"1":"\u20b9302,416","1-4":"\u20b9434,775","gender_component":["Male","Female"],"Male":"78.8","Female":"21.2","health_benefits_componentt":["Medical","Dental","Vision","None"],"Medical":"72","Dental":"8","Vision":"8","None":"28","popular_skills_component":["SAP ABAP","Advanced Business Application Programming (ABAP) Language","ABAP\/4","Object Oriented Programming (OOP)","R3 ABAP"],"SAP ABAP":"\u20b9531,051","Advanced Business Application Programming (ABAP) Language":"\u20b9490,417","ABAP\/4":"\u20b9526,543","Object Oriented Programming (OOP)":"14%","R3 ABAP":"5%","affect_skills_component":["SAP Enterprise Resource Planning (ERP)","SAP Business Workflow","SAP High Performance Analytic Appliance (SAP HANA)","Object Oriented Programming (OOP)","R3 ABAP"],"SAP Enterprise Resource Planning (ERP)":"53%","SAP Business Workflow":"18%","SAP High Performance Analytic Appliance (SAP HANA)":"17%","career_path_component":["Senior SAP Consultant","SAP Consultant","Team Leader, IT"],"location_component":["Bangalore, Karnataka","Mumbai, Maharashtra","Pune, Maharashtra","Hyderabad, Andhra Pradesh","Chennai, Tamil Nadu","Kolkata, West Bengal","Gurgaon, Haryana","Noida, Uttar Pradesh","New Delhi, Delhi","Ahmedabad, Gujarat"],"Bangalore, Karnataka":"15%","Mumbai, Maharashtra":"-2%","Pune, Maharashtra":"8%","Hyderabad, Andhra Pradesh":"%","Chennai, Tamil Nadu":"-6%","Kolkata, West Bengal":"-4%","Gurgaon, Haryana":"-4%","Noida, Uttar Pradesh":"-20%","New Delhi, Delhi":"1%","Ahmedabad, Gujarat":"-28%","employers_component":["Accenture","Tata Consultancy Services Limited","Accenture Technology Solutions","IBM India Private Limited","InfoSys Limited","Wipro Technologies Ltd.","International Business Machines (IBM) Corp.","Capgemini","Cognizant Technology Solutions Corp","Deloitte"],"Accenture":"Avg. Salary: \u20b9460,838","Tata Consultancy Services Limited":"Avg. Salary: \u20b9598,108","Accenture Technology Solutions":"Avg. Salary: \u20b9766,623","IBM India Private Limited":"Avg. Salary: \u20b9851,000","InfoSys Limited":"Avg. Salary: \u20b9484,808","Wipro Technologies Ltd.":"Avg. Salary: \u20b9519,231","International Business Machines (IBM) Corp.":"Avg. Salary: \u20b9800,000","Capgemini":"Avg. Salary: \u20b9580,000","Cognizant Technology Solutions Corp":"Avg. Salary: \u20b9675,004","Deloitte":"Avg. Salary: \u20b9759,474","related_job_component":["Software Engineer","Senior Software Engineer","Software Developer","Sr. Software Engineer \/ Developer \/ Programmer","Team Leader, IT","SAP Consultant","Software Engineer \/ Developer \/ Programmer","Associate Software Engineer","Java Developer"],"Software Engineer":"Avg. Salary \u20b9262k \u2014 \u20b91m","Senior Software Engineer":"Avg. Salary \u20b9493k \u2014 \u20b92m","Software Developer":"Avg. Salary \u20b9214k \u2014 \u20b91m","Sr. Software Engineer \/ Developer \/ Programmer":"Avg. Salary \u20b9432k \u2014 \u20b92m","Team Leader, IT":"Avg. Salary \u20b9584k \u2014 \u20b92m","SAP Consultant":"Avg. Salary \u20b9301k \u2014 \u20b91m","Software Engineer \/ Developer \/ Programmer":"Avg. Salary \u20b9225k \u2014 \u20b91m","Associate Software Engineer":"Avg. Salary \u20b9240k \u2014 \u20b91m","Java Developer":"Avg. Salary \u20b9197k \u2014 \u20b91m"}}