{"0":{"job_title":"SAP_Consultant","avg_salary":"\u20b9646,825","salary_component":["Base Salary","Bonus","Profit Sharing","Commission","Total Pay"],"Base Salary":"\u20b9301k - \u20b91m","Bonus":"\u20b915k - \u20b9201k","Profit Sharing":"\u20b91k - \u20b9302k","Commission":"\u20b90 - \u20b945k","Total Pay":"\u20b9308k - \u20b91m","pay_by_experience_percent":["Entry Level","Early Career","Mid Career","Late Career","Experienced"],"Entry Level":"-48%","Early Career":"-22%","Mid Career":"40%","Late Career":"123%","Experienced":"214%","pay_by_experience_years":["1","1-4"],"1":"\u20b9337,075","1-4":"\u20b9507,008","gender_component":["Male","Female","Prefer to self-define"],"Male":"82.3","Female":"17.5","Prefer to self-define":"0.1","health_benefits_componentt":["Medical","Dental","Vision","None"],"Medical":"76","Dental":"8","Vision":"9","None":"23","popular_skills_component":["SAP Materials Management (SAP MM)","SAP Sales and Distribution (SAP SD)","SAP ABAP","SAP Financial Accounting and Controlling (SAP FICO)","SAP Enterprise Resource Planning (ERP)"],"SAP Materials Management (SAP MM)":"\u20b9567,407","SAP Sales and Distribution (SAP SD)":"\u20b9717,486","SAP ABAP":"\u20b9699,128","SAP Financial Accounting and Controlling (SAP FICO)":"\u20b9630,266","SAP Enterprise Resource Planning (ERP)":"\u20b9652,764","affect_skills_component":["SAP Controlling (SAP CO)","Business Planning","Cloud Computing","Java","SAP NetWeaver","Project Management","SAP Advanced Planner and Optimizer (SAP APO)","Business Analysis","Master Data Management (SAP MDM)","SAP High Performance Analytic Appliance (SAP HANA)"],"SAP Controlling (SAP CO)":"101%","Business Planning":"82%","Cloud Computing":"67%","Java":"65%","SAP NetWeaver":"63%","Project Management":"55%","SAP Advanced Planner and Optimizer (SAP APO)":"47%","Business Analysis":"47%","Master Data Management (SAP MDM)":"43%","SAP High Performance Analytic Appliance (SAP HANA)":"39%","career_path_component":["Senior SAP Consultant","SAP Basis Administrator","Senior Technical Consultant"],"location_component":["Bangalore, Karnataka","Pune, Maharashtra","Mumbai, Maharashtra","Hyderabad, Andhra Pradesh","Chennai, Tamil Nadu","Kolkata, West Bengal","Gurgaon, Haryana","New Delhi, Delhi","Noida, Uttar Pradesh","Ahmedabad, Gujarat"],"Bangalore, Karnataka":"12%","Pune, Maharashtra":"4%","Mumbai, Maharashtra":"-4%","Hyderabad, Andhra Pradesh":"-2%","Chennai, Tamil Nadu":"-2%","Kolkata, West Bengal":"-7%","Gurgaon, Haryana":"10%","New Delhi, Delhi":"-6%","Noida, Uttar Pradesh":"-9%","Ahmedabad, Gujarat":"-30%","employers_component":["InfoSys Limited","Tata Consultancy Services Limited","Capgemini","Deloitte","IBM India Private Limited","Accenture Technology Solutions","Wipro Technologies Ltd.","Accenture","Deloitte Consulting LLP","HCL Technologies Ltd."],"InfoSys Limited":"Avg. Salary: \u20b9870,924","Tata Consultancy Services Limited":"Avg. Salary: \u20b9662,497","Capgemini":"Avg. Salary: \u20b9593,206","Deloitte":"Avg. Salary: \u20b9805,291","IBM India Private Limited":"Avg. Salary: \u20b9765,422","Accenture Technology Solutions":"Avg. Salary: \u20b9622,423","Wipro Technologies Ltd.":"Avg. Salary: \u20b9594,928","Accenture":"Avg. Salary: \u20b9598,995","Deloitte Consulting LLP":"Avg. Salary: \u20b9981,292","HCL Technologies Ltd.":"Avg. Salary: \u20b9805,186","related_job_component":["Software Engineer","Senior Software Engineer","Senior SAP Consultant","Software Developer","Business Analyst, IT","Project Manager, (Unspecified Type \/ General)","Civil Engineer","Team Leader, IT","Project Manager, Information Technology (IT)"],"Software Engineer":"Avg. Salary \u20b9262k \u2014 \u20b91m","Senior Software Engineer":"Avg. Salary \u20b9493k \u2014 \u20b92m","Senior SAP Consultant":"Avg. Salary \u20b9690k \u2014 \u20b92m","Software Developer":"Avg. Salary \u20b9214k \u2014 \u20b91m","Business Analyst, IT":"Avg. Salary \u20b9275k \u2014 \u20b91m","Project Manager, (Unspecified Type \/ General)":"Avg. Salary \u20b9456k \u2014 \u20b92m","Civil Engineer":"Avg. Salary \u20b9154k \u2014 \u20b9771k","Team Leader, IT":"Avg. Salary \u20b9584k \u2014 \u20b92m","Project Manager, Information Technology (IT)":"Avg. Salary \u20b9531k \u2014 \u20b92m"}}