{"0":{"job_title":"SAS_Programmer","avg_salary":"\u20b9558,008","salary_component":["Base Salary","Bonus","Profit Sharing","Total Pay"],"Base Salary":"\u20b9265k - \u20b91m","Bonus":"\u20b97k - \u20b9130k","Profit Sharing":"\u20b95k - \u20b9226k","Total Pay":"\u20b9279k - \u20b91m","pay_by_experience_percent":["Entry Level","Early Career","Mid Career","Late Career"],"Entry Level":"-46%","Early Career":"-10%","Mid Career":"64%","Late Career":"173%","pay_by_experience_years":["1","1-4"],"1":"\u20b9302,524","1-4":"\u20b9501,567","gender_component":["Male","Female"],"Male":"66.0","Female":"34.0","health_benefits_componentt":["Medical","Dental","Vision","None"],"Medical":"79","Dental":"9","Vision":"11","None":"21","popular_skills_component":["SAS","SAS (Statistical Analysis System)","SQL","Statistical Analysis","Microsoft Office"],"SAS":"5%","SAS (Statistical Analysis System)":"10%","SQL":"\u20b9497,013","Statistical Analysis":"4%","Microsoft Office":"\u20b9530,000","affect_skills_component":["SAS (Statistical Analysis System)","Clinical Data","Data Analysis","Job Control Language (JCL)","SAS","Statistical Analysis","UNIX"],"Clinical Data":"9%","Data Analysis":"6%","Job Control Language (JCL)":"6%","UNIX":"1%","career_path_component":["Senior Programmer Analyst","Data Scientist"],"location_component":["Bangalore, Karnataka","Mumbai, Maharashtra","Hyderabad, Andhra Pradesh","Pune, Maharashtra","Chennai, Tamil Nadu","Gurgaon, Haryana","Ahmedabad, Gujarat","Delhi, Delhi","Thane, Maharashtra","New Delhi, Delhi"],"Bangalore, Karnataka":"16%","Mumbai, Maharashtra":"-11%","Hyderabad, Andhra Pradesh":"-10%","Pune, Maharashtra":"3%","Chennai, Tamil Nadu":"13%","Gurgaon, Haryana":"-10%","Ahmedabad, Gujarat":"-55%","Delhi, Delhi":"-6%","Thane, Maharashtra":"-46%","New Delhi, Delhi":"-10%","employers_component":["Tata Consultancy Services Limited","GlaxoSmithKline","Quintiles, Inc.","IQVIA","Novartis","Icon Clinical Research Inc","Cognizant","Accenture","Accenture Technology Solutions","Covance, Inc"],"Tata Consultancy Services Limited":"Avg. Salary: \u20b9625,000","GlaxoSmithKline":"Avg. Salary: \u20b9582,709","Quintiles, Inc.":"Avg. Salary: \u20b9578,000","IQVIA":"Avg. Salary: \u20b9605,000","Novartis":"Avg. Salary: \u20b9733,333","Icon Clinical Research Inc":"Avg. Salary: \u20b9750,000","Cognizant":"Avg. Salary: \u20b9509,000","Accenture":"Avg. Salary: \u20b9300,000","Accenture Technology Solutions":"Avg. Salary: \u20b9737,120","Covance, Inc":"Avg. Salary: \u20b9639,822","related_job_component":["Data Analyst","Software Engineer","Senior Software Engineer","Business Analyst, IT","Civil Engineer","Mechanical Engineer","Software Developer","Information Technology (IT) Consultant","Senior Business Analyst"],"Data Analyst":"Avg. Salary \u20b9201k \u2014 \u20b9959k","Software Engineer":"Avg. Salary \u20b9262k \u2014 \u20b91m","Senior Software Engineer":"Avg. Salary \u20b9493k \u2014 \u20b92m","Business Analyst, IT":"Avg. Salary \u20b9275k \u2014 \u20b91m","Civil Engineer":"Avg. Salary \u20b9154k \u2014 \u20b9771k","Mechanical Engineer":"Avg. Salary \u20b9152k \u2014 \u20b9983k","Software Developer":"Avg. Salary \u20b9214k \u2014 \u20b91m","Information Technology (IT) Consultant":"Avg. Salary \u20b9391k \u2014 \u20b92m","Senior Business Analyst":"Avg. Salary \u20b9447k \u2014 \u20b92m"}}