{"0":{"job_title":"ScrumMaster","avg_salary":"\u20b91,267,162","salary_component":["Base Salary","Bonus","Profit Sharing","Total Pay"],"Base Salary":"\u20b9661k - \u20b92m","Bonus":"\u20b965k - \u20b9309k","Profit Sharing":"\u20b930k - \u20b95m","Total Pay":"\u20b9702k - \u20b92m","pay_by_experience_percent":["Entry Level","Early Career","Mid Career","Late Career"],"Entry Level":"-54%","Early Career":"-30%","Mid Career":"-5%","Late Career":"22%","pay_by_experience_years":["1","1-4"],"1":"\u20b9579,557","1-4":"\u20b9892,429","gender_component":["Male","Female"],"Male":"74.0","Female":"26.0","health_benefits_componentt":["Medical","Dental","Vision","None"],"Medical":"81","Dental":"9","Vision":"8","None":"19","popular_skills_component":["ScrumMaster","Agile Software Development","Scrum","JIRA","Project Management"],"ScrumMaster":"\u20b91,244,103","Agile Software Development":"3%","Scrum":"\u20b91,188,120","JIRA":"\u20b91,217,127","Project Management":"\u20b91,262,831","affect_skills_component":["Program Management","Product Management","Java","Agile Software Development"],"Program Management":"112%","Product Management":"16%","Java":"10%","career_path_component":["Agile Coach","Certified ScrumMaster (CSM)","Project Manager, Information Technology ..."],"location_component":["Bangalore, Karnataka","Pune, Maharashtra","Hyderabad, Andhra Pradesh","Chennai, Tamil Nadu","Mumbai, Maharashtra","Gurgaon, Haryana","New Delhi, Delhi","Ahmedabad, Gujarat","Noida, Delhi","Noida, Uttar Pradesh"],"Bangalore, Karnataka":"14%","Pune, Maharashtra":"%","Hyderabad, Andhra Pradesh":"2%","Chennai, Tamil Nadu":"-7%","Mumbai, Maharashtra":"-10%","Gurgaon, Haryana":"-25%","New Delhi, Delhi":"4%","Ahmedabad, Gujarat":"-2%","Noida, Delhi":"-13%","Noida, Uttar Pradesh":"-7%","employers_component":["InfoSys Limited","Visa, Inc.","Accenture Technology Solutions","Accenture","Wipro","Amdocs, Inc,.","Cognizant","EY (Ernst & Young)"],"InfoSys Limited":"Avg. Salary: \u20b91,280,000","Visa, Inc.":"Avg. Salary: \u20b92,734,351","Accenture Technology Solutions":"Avg. Salary: \u20b9940,000","Accenture":"Avg. Salary: \u20b91,389,072","Wipro":"Avg. Salary: \u20b91,300,000","Amdocs, Inc,.":"Avg. Salary: \u20b91,518,000","Cognizant":"Avg. Salary: \u20b91,200,000","EY (Ernst & Young)":"Avg. Salary: \u20b91,075,001","related_job_component":["Software Engineer","Project Manager, (Unspecified Type \/ General)","Senior Software Engineer","Project Manager, Information Technology (IT)","Team Leader, IT","Senior Project Manager, IT","Software Developer","Civil Engineer","Technical Project Manager"],"Software Engineer":"Avg. Salary \u20b9262k \u2014 \u20b91m","Project Manager, (Unspecified Type \/ General)":"Avg. Salary \u20b9456k \u2014 \u20b92m","Senior Software Engineer":"Avg. Salary \u20b9493k \u2014 \u20b92m","Project Manager, Information Technology (IT)":"Avg. Salary \u20b9531k \u2014 \u20b92m","Team Leader, IT":"Avg. Salary \u20b9584k \u2014 \u20b92m","Senior Project Manager, IT":"Avg. Salary \u20b91m \u2014 \u20b93m","Software Developer":"Avg. Salary \u20b9214k \u2014 \u20b91m","Civil Engineer":"Avg. Salary \u20b9154k \u2014 \u20b9771k","Technical Project Manager":"Avg. Salary \u20b9777k \u2014 \u20b92m"}}