{"0":{"job_title":"Search_Engine_Optimization_(SEO)_Analyst","avg_salary":"\u20b9225,286","salary_component":["Base Salary","Bonus","Profit Sharing","Commission","Total Pay"],"Base Salary":"\u20b9116k - \u20b9408k","Bonus":"\u20b93k - \u20b9110k","Profit Sharing":"\u20b93 - \u20b9400k","Commission":"\u20b90 - \u20b9230k","Total Pay":"\u20b9117k - \u20b9448k","pay_by_experience_percent":["Entry Level","Early Career","Mid Career"],"Entry Level":"-20%","Early Career":"2%","Mid Career":"55%","pay_by_experience_years":["1"],"1":"\u20b9180,570","gender_component":["Male","Female"],"Male":"73.3","Female":"26.7","health_benefits_componentt":["Medical","Dental","None"],"Medical":"25","Dental":"1","None":"75","popular_skills_component":["Search Engine Optimization (SEO)","Google Analytics","Search Engine Marketing (SEM)","Social Media Marketing","Social Media Optimization"],"Search Engine Optimization (SEO)":"3%","Google Analytics":"6%","Search Engine Marketing (SEM)":"9%","Social Media Marketing":"\u20b9204,464","Social Media Optimization":"5%","affect_skills_component":["Search Engine Marketing (SEM)","Digital Marketing","Google Analytics","Google Ad Words","Social Media Optimization","Search Engine Optimization (SEO)"],"Digital Marketing":"7%","Google Ad Words":"6%","career_path_component":["Digital Marketing Manager","Digital Marketing Specialist","Search Engine Optimization (SEO) Special..."],"location_component":["Chennai, Tamil Nadu","Bangalore, Karnataka","Hyderabad, Andhra Pradesh","Mumbai, Maharashtra","Pune, Maharashtra","Coimbatore, Tamil Nadu","New Delhi, Delhi","Ahmedabad, Gujarat","Delhi, Delhi","Gurgaon, Haryana"],"Chennai, Tamil Nadu":"6%","Bangalore, Karnataka":"9%","Hyderabad, Andhra Pradesh":"-1%","Mumbai, Maharashtra":"-3%","Pune, Maharashtra":"-4%","Coimbatore, Tamil Nadu":"-15%","New Delhi, Delhi":"25%","Ahmedabad, Gujarat":"-4%","Delhi, Delhi":"33%","Gurgaon, Haryana":"11%","employers_component":[],"related_job_component":["Digital Marketing Manager","Digital Marketing Specialist","Search Engine Optimization (SEO) Specialist","Marketing Executive","Digital Marketing Analyst","Content Writer","Digital Marketing Associate","Marketing Manager","Social Media Manager"],"Digital Marketing Manager":"Avg. Salary \u20b9233k \u2014 \u20b91m","Digital Marketing Specialist":"Avg. Salary \u20b9173k \u2014 \u20b9694k","Search Engine Optimization (SEO) Specialist":"Avg. Salary \u20b9120k \u2014 \u20b9503k","Marketing Executive":"Avg. Salary \u20b9150k \u2014 \u20b9559k","Digital Marketing Analyst":"Avg. Salary \u20b9168k \u2014 \u20b9547k","Content Writer":"Avg. Salary \u20b9134k \u2014 \u20b9515k","Digital Marketing Associate":"Avg. Salary \u20b9145k \u2014 \u20b9516k","Marketing Manager":"Avg. Salary \u20b9286k \u2014 \u20b92m","Social Media Manager":"Avg. Salary \u20b9156k \u2014 \u20b9707k"}}