{"0":{"job_title":"Security_Consultant%2C_(Computing_%2F_Networking_%2F_Information_Technology)","avg_salary":"\u20b9822,687","salary_component":["Base Salary","Bonus","Profit Sharing","Total Pay"],"Base Salary":"\u20b9310k - \u20b92m","Bonus":"\u20b920k - \u20b9274k","Profit Sharing":"\u20b91k - \u20b9208k","Total Pay":"\u20b9321k - \u20b92m","pay_by_experience_percent":["Entry Level","Early Career","Mid Career","Late Career","Experienced"],"Entry Level":"-51%","Early Career":"-23%","Mid Career":"24%","Late Career":"86%","Experienced":"-12%","pay_by_experience_years":["1"],"1":"\u20b9407,110","gender_component":["Male","Female"],"Male":"88.6","Female":"11.4","health_benefits_componentt":["Medical","Dental","Vision","None"],"Medical":"80","Dental":"9","Vision":"9","None":"19","popular_skills_component":["IT Security & Infrastructure","Cyber Security","Security Testing and Auditing","Security Risk Management","Security Policies and Procedures"],"IT Security & Infrastructure":"11%","Cyber Security":"7%","Security Testing and Auditing":"\u20b9781,644","Security Risk Management":"18%","Security Policies and Procedures":"18%","affect_skills_component":["IT Consulting","Security Risk Management","Security Policies and Procedures","Web Security & Encryption","IT Security & Infrastructure","Risk Management \/ Risk Control","Cyber Security","Security Intrusion Detection","Network Security Management","Cisco Networking"],"IT Consulting":"24%","Web Security & Encryption":"13%","Risk Management \/ Risk Control":"9%","Security Intrusion Detection":"4%","Network Security Management":"4%","Cisco Networking":"3%","career_path_component":["Information Security Manager","Senior Security Consultant","Operations Manager"],"location_component":["Bangalore, Karnataka","Mumbai, Maharashtra","Pune, Maharashtra","Hyderabad, Andhra Pradesh","Chennai, Tamil Nadu","Gurgaon, Haryana","New Delhi, Delhi","Kolkata, West Bengal","Noida, Uttar Pradesh","Delhi, Delhi"],"Bangalore, Karnataka":"7%","Mumbai, Maharashtra":"-11%","Pune, Maharashtra":"-14%","Hyderabad, Andhra Pradesh":"6%","Chennai, Tamil Nadu":"15%","Gurgaon, Haryana":"3%","New Delhi, Delhi":"9%","Kolkata, West Bengal":"7%","Noida, Uttar Pradesh":"104%","Delhi, Delhi":"44%","employers_component":["EY (Ernst & Young)","InfoSys Limited","HCL Technologies Ltd.","PricewaterhouseCoopers","Wipro","Deloitte & Touche LLP","Wipro Technologies Ltd.","Kpmg Consulting","Capgemini Consulting","Controlcase"],"EY (Ernst & Young)":"Avg. Salary: \u20b9850,000","InfoSys Limited":"Avg. Salary: \u20b9896,320","HCL Technologies Ltd.":"Avg. Salary: \u20b91,214,671","PricewaterhouseCoopers":"Avg. Salary: \u20b9640,000","Wipro":"Avg. Salary: \u20b91,540,000","Deloitte & Touche LLP":"Avg. Salary: \u20b9715,000","Wipro Technologies Ltd.":"Avg. Salary: \u20b91,435,000","Kpmg Consulting":"Avg. Salary: \u20b9900,000","Capgemini Consulting":"Avg. Salary: \u20b9620,000","Controlcase":"Avg. Salary: \u20b9915,000","related_job_component":["Network Engineer","Information Security Analyst","Security Analyst","Information Technology (IT) Manager","Information Security Manager","Network Security Engineer","Information Technology (IT) Consultant","Cyber Security Analyst","Sr. Network Engineer"],"Network Engineer":"Avg. Salary \u20b9162k \u2014 \u20b9809k","Information Security Analyst":"Avg. Salary \u20b9280k \u2014 \u20b91m","Security Analyst":"Avg. Salary \u20b9236k \u2014 \u20b9903k","Information Technology (IT) Manager":"Avg. Salary \u20b9412k \u2014 \u20b93m","Information Security Manager":"Avg. Salary \u20b9678k \u2014 \u20b93m","Network Security Engineer":"Avg. Salary \u20b9240k \u2014 \u20b91m","Information Technology (IT) Consultant":"Avg. Salary \u20b9390k \u2014 \u20b92m","Cyber Security Analyst":"Avg. Salary \u20b9304k \u2014 \u20b91m","Sr. Network Engineer":"Avg. Salary \u20b9292k \u2014 \u20b92m"}}