{"0":{"job_title":"Senior_Systems_Engineer_(Computer_Networking_%2F_IT)","avg_salary":"\u20b9580,805","salary_component":["Base Salary","Bonus","Profit Sharing","Total Pay"],"Base Salary":"\u20b9252k - \u20b91m","Bonus":"\u20b97k - \u20b9149k","Profit Sharing":"\u20b91k - \u20b9375k","Total Pay":"\u20b9262k - \u20b91m","pay_by_experience_percent":["Entry Level","Early Career","Mid Career","Late Career"],"Entry Level":"-42%","Early Career":"-27%","Mid Career":"16%","Late Career":"69%","pay_by_experience_years":["1"],"1":"\u20b9334,021","gender_component":["Male","Female"],"Male":"91.0","Female":"9.0","health_benefits_componentt":["Medical","Dental","Vision","None"],"Medical":"72","Dental":"10","Vision":"11","None":"28","popular_skills_component":["Network Management \/ Administration","Linux","IT Security & Infrastructure","Microsoft Active Directory","Windows Operating System General Use"],"Network Management \/ Administration":"\u20b9597,912","Linux":"\u20b9590,720","IT Security & Infrastructure":"\u20b9589,581","Microsoft Active Directory":"\u20b9585,728","Windows Operating System General Use":"\u20b9551,000","affect_skills_component":["Storage Area Networking (SAN)","C# Programming Language","Cloud Computing","Microsoft Hyper-V Server","System Administration","Mainframe","Virtualization","VMware ESX","Windows 2003 Server","Amazon Web Services (AWS)"],"Storage Area Networking (SAN)":"63%","C# Programming Language":"58%","Cloud Computing":"50%","Microsoft Hyper-V Server":"46%","System Administration":"41%","Mainframe":"36%","Virtualization":"23%","VMware ESX":"22%","Windows 2003 Server":"16%","Amazon Web Services (AWS)":"15%","career_path_component":["Team Leader, IT","Solutions Architect","Senior Software Engineer"],"location_component":["Bangalore, Karnataka","Pune, Maharashtra","Chennai, Tamil Nadu","Hyderabad, Andhra Pradesh","Mumbai, Maharashtra","Gurgaon, Haryana","Delhi, Delhi","Noida, Uttar Pradesh","Ahmedabad, Gujarat","Kolkata, West Bengal"],"Bangalore, Karnataka":"23%","Pune, Maharashtra":"-14%","Chennai, Tamil Nadu":"10%","Hyderabad, Andhra Pradesh":"-1%","Mumbai, Maharashtra":"-14%","Gurgaon, Haryana":"36%","Delhi, Delhi":"-27%","Noida, Uttar Pradesh":"3%","Ahmedabad, Gujarat":"-5%","Kolkata, West Bengal":"7%","employers_component":["InfoSys Limited","Cognizant Technology Solutions Corp","Mindtree Consulting","Tata Consultancy Services Limited","Atos Origin","Cognizant","IBM Global Services"],"InfoSys Limited":"Avg. Salary: \u20b9420,197","Cognizant Technology Solutions Corp":"Avg. Salary: \u20b9563,352","Mindtree Consulting":"Avg. Salary: \u20b9500,830","Tata Consultancy Services Limited":"Avg. Salary: \u20b9550,000","Atos Origin":"Avg. Salary: \u20b9559,551","Cognizant":"Avg. Salary: \u20b9392,643","IBM Global Services":"Avg. Salary: \u20b9674,074","related_job_component":["Software Engineer","Senior Software Engineer","Software Developer","Sr. Software Engineer \/ Developer \/ Programmer","Team Leader, IT","Information Technology (IT) Consultant","Systems Engineer, IT","Information Technology (IT) Manager","Software Engineer \/ Developer \/ Programmer"],"Software Engineer":"Avg. Salary \u20b9262k \u2014 \u20b91m","Senior Software Engineer":"Avg. Salary \u20b9493k \u2014 \u20b92m","Software Developer":"Avg. Salary \u20b9213k \u2014 \u20b91m","Sr. Software Engineer \/ Developer \/ Programmer":"Avg. Salary \u20b9432k \u2014 \u20b92m","Team Leader, IT":"Avg. Salary \u20b9584k \u2014 \u20b92m","Information Technology (IT) Consultant":"Avg. Salary \u20b9391k \u2014 \u20b92m","Systems Engineer, IT":"Avg. Salary \u20b9197k \u2014 \u20b9626k","Information Technology (IT) Manager":"Avg. Salary \u20b9412k \u2014 \u20b93m","Software Engineer \/ Developer \/ Programmer":"Avg. Salary \u20b9225k \u2014 \u20b91m"}}