{"0":{"job_title":"Senior_.NET_Developer_%2F_Programmer","avg_salary":"\u20b9823,061","salary_component":["Base Salary","Bonus","Profit Sharing","Total Pay"],"Base Salary":"\u20b9405k - \u20b91m","Bonus":"\u20b99k - \u20b9148k","Profit Sharing":"\u20b912 - \u20b9888k","Total Pay":"\u20b9407k - \u20b91m","pay_by_experience_percent":["Early Career","Mid Career","Late Career"],"Early Career":"-24%","Mid Career":"2%","Late Career":"42%","pay_by_experience_years":["1-4","5-9"],"1-4":"\u20b9621,704","5-9":"\u20b9838,795","gender_component":["Male","Female"],"Male":"80.8","Female":"19.2","health_benefits_componentt":["Medical","Dental","Vision","None"],"Medical":"68","Dental":"5","Vision":"5","None":"32","popular_skills_component":["C# Programming Language",".NET","Microsoft SQL Server","Model-view-controller (MVC)","ASP.NET Framework"],"C# Programming Language":"2%",".NET":"3%","Microsoft SQL Server":"\u20b9800,248","Model-view-controller (MVC)":"1%","ASP.NET Framework":"\u20b9822,768","affect_skills_component":["React.js","Development Operations (DevOps)","Microsoft Azure","Windows Communication Foundation (WCF)","Angular","Angular.js",".NET","C# Programming Language","SQL","Model-view-controller (MVC)"],"React.js":"273%","Development Operations (DevOps)":"225%","Microsoft Azure":"48%","Windows Communication Foundation (WCF)":"18%","Angular":"13%","Angular.js":"9%","SQL":"2%","career_path_component":[],"location_component":["Bangalore, Karnataka","Mumbai, Maharashtra","Pune, Maharashtra","Chennai, Tamil Nadu","Hyderabad, Andhra Pradesh","Ahmedabad, Gujarat","Noida, Uttar Pradesh","Kolkata, West Bengal","Gurgaon, Haryana","New Delhi, Delhi"],"Bangalore, Karnataka":"15%","Mumbai, Maharashtra":"-1%","Pune, Maharashtra":"2%","Chennai, Tamil Nadu":"-4%","Hyderabad, Andhra Pradesh":"%","Ahmedabad, Gujarat":"-33%","Noida, Uttar Pradesh":"30%","Kolkata, West Bengal":"-13%","Gurgaon, Haryana":"47%","New Delhi, Delhi":"-33%","employers_component":["Accenture Technology Solutions","Tata Consultancy Services Limited","Cognizant","Cognizant Technology Solutions Corp"],"Accenture Technology Solutions":"Avg. Salary: \u20b9718,336","Tata Consultancy Services Limited":"Avg. Salary: \u20b9785,500","Cognizant":"Avg. Salary: \u20b9743,345","Cognizant Technology Solutions Corp":"Avg. Salary: \u20b9984,256","related_job_component":["Software Engineer","Senior Software Engineer","Software Developer","Sr. Software Engineer \/ Developer \/ Programmer",".NET Software Developer \/ Programmer","Web Developer","Team Leader, IT","Front End Developer \/ Engineer","Software Engineer \/ Developer \/ Programmer"],"Software Engineer":"Avg. Salary \u20b9263k \u2014 \u20b91m","Senior Software Engineer":"Avg. Salary \u20b9493k \u2014 \u20b92m","Software Developer":"Avg. Salary \u20b9214k \u2014 \u20b91m","Sr. Software Engineer \/ Developer \/ Programmer":"Avg. Salary \u20b9432k \u2014 \u20b92m",".NET Software Developer \/ Programmer":"Avg. Salary \u20b9176k \u2014 \u20b9992k","Web Developer":"Avg. Salary \u20b9124k \u2014 \u20b9779k","Team Leader, IT":"Avg. Salary \u20b9584k \u2014 \u20b92m","Front End Developer \/ Engineer":"Avg. Salary \u20b9193k \u2014 \u20b91m","Software Engineer \/ Developer \/ Programmer":"Avg. Salary \u20b9225k \u2014 \u20b91m"}}