{"0":{"job_title":"Senior_Web_Developer","avg_salary":"\u20b9659,239","salary_component":["Base Salary","Bonus","Profit Sharing","Total Pay"],"Base Salary":"\u20b9303k - \u20b92m","Bonus":"\u20b910k - \u20b9194k","Profit Sharing":"\u20b914 - \u20b9582k","Total Pay":"\u20b9308k - \u20b92m","pay_by_experience_percent":["Early Career","Mid Career","Late Career"],"Early Career":"-26%","Mid Career":"20%","Late Career":"84%","pay_by_experience_years":["1-4","5-9"],"1-4":"\u20b9489,298","5-9":"\u20b9789,709","gender_component":["Male","Female","Prefer to self-define"],"Male":"87.5","Female":"12.0","Prefer to self-define":"0.5","health_benefits_componentt":["Medical","Dental","Vision","None"],"Medical":"50","Dental":"4","Vision":"4","None":"50","popular_skills_component":["JavaScript","Web Development","PHP","HTML5","Cascading Style Sheets (CSS)"],"JavaScript":"\u20b9727,267","Web Development":"\u20b9616,028","PHP":"\u20b9514,551","HTML5":"12%","Cascading Style Sheets (CSS)":"\u20b9699,556","affect_skills_component":["React.js","Spring","C# Programming Language","SQL","Angular.js","Java","RESTful Web Services","Adobe Photoshop",".NET","HTML5"],"React.js":"77%","Spring":"52%","C# Programming Language":"41%","SQL":"37%","Angular.js":"30%","Java":"20%","RESTful Web Services":"18%","Adobe Photoshop":"14%",".NET":"14%","career_path_component":["Web Developer","Team Leader, IT","Senior Software Engineer"],"location_component":["Bangalore, Karnataka","Mumbai, Maharashtra","Chennai, Tamil Nadu","Pune, Maharashtra","Gurgaon, Haryana","Ahmedabad, Gujarat","Hyderabad, Andhra Pradesh","Noida, Uttar Pradesh","Kolkata, West Bengal","Jaipur, Rajasthan"],"Bangalore, Karnataka":"43%","Mumbai, Maharashtra":"-8%","Chennai, Tamil Nadu":"-8%","Pune, Maharashtra":"30%","Gurgaon, Haryana":"23%","Ahmedabad, Gujarat":"-25%","Hyderabad, Andhra Pradesh":"27%","Noida, Uttar Pradesh":"-15%","Kolkata, West Bengal":"-34%","Jaipur, Rajasthan":"-19%","employers_component":[],"related_job_component":["Software Engineer","Senior Software Engineer","Software Developer","Web Developer","Sr. Software Engineer \/ Developer \/ Programmer","PHP Developer","Software Engineer \/ Developer \/ Programmer","Team Leader, IT",".NET Software Developer \/ Programmer"],"Software Engineer":"Avg. Salary \u20b9262k \u2014 \u20b91m","Senior Software Engineer":"Avg. Salary \u20b9493k \u2014 \u20b92m","Software Developer":"Avg. Salary \u20b9214k \u2014 \u20b91m","Web Developer":"Avg. Salary \u20b9124k \u2014 \u20b9779k","Sr. Software Engineer \/ Developer \/ Programmer":"Avg. Salary \u20b9432k \u2014 \u20b92m","PHP Developer":"Avg. Salary \u20b9119k \u2014 \u20b9610k","Software Engineer \/ Developer \/ Programmer":"Avg. Salary \u20b9225k \u2014 \u20b91m","Team Leader, IT":"Avg. Salary \u20b9584k \u2014 \u20b92m",".NET Software Developer \/ Programmer":"Avg. Salary \u20b9176k \u2014 \u20b9992k"}}