{"0":{"job_title":"Senior_Software_Engineer","avg_salary":"\u20b9925,984","salary_component":["Base Salary","Bonus","Profit Sharing","Commission","Total Pay"],"Base Salary":"\u20b9493k - \u20b92m","Bonus":"\u20b926k - \u20b9291k","Profit Sharing":"\u20b910k - \u20b9671k","Commission":"\u20b90 - \u20b9275k","Total Pay":"\u20b9507k - \u20b92m","pay_by_experience_percent":["Entry Level","Early Career","Mid Career","Late Career","Experienced"],"Entry Level":"-26%","Early Career":"-18%","Mid Career":"8%","Late Career":"67%","Experienced":"124%","pay_by_experience_years":["1","1-4"],"1":"\u20b9684,093","1-4":"\u20b9757,897","gender_component":["Male","Female","Prefer to self-define"],"Male":"85.0","Female":"14.9","Prefer to self-define":"0.1","health_benefits_componentt":["Medical","Dental","Vision","None"],"Medical":"78","Dental":"8","Vision":"8","None":"22","popular_skills_component":["Java","SQL","JavaScript",".NET","C# Programming Language"],"Java":"\u20b91,024,332","SQL":"\u20b9894,481","JavaScript":"\u20b9985,716",".NET":"\u20b9874,088","C# Programming Language":"\u20b9886,602","affect_skills_component":["Distributed Systems","Bash","Virtualization","TCP\/IP","Web Security & Encryption","Algorithm Development","Storage Systems Engineer","Go (Golang) Programming Language","Wireless","Software Architecture"],"Distributed Systems":"132%","Bash":"127%","Virtualization":"105%","TCP\/IP":"105%","Web Security & Encryption":"105%","Algorithm Development":"100%","Storage Systems Engineer":"95%","Go (Golang) Programming Language":"94%","Wireless":"90%","Software Architecture":"86%","career_path_component":["Team Leader, IT","Lead Software Engineer","Technical Architect"],"location_component":["Bangalore, Karnataka","Pune, Maharashtra","Chennai, Tamil Nadu","Hyderabad, Andhra Pradesh","Mumbai, Maharashtra","Gurgaon, Haryana","Noida, Uttar Pradesh","New Delhi, Delhi","Ahmedabad, Gujarat","Kolkata, West Bengal"],"Bangalore, Karnataka":"10%","Pune, Maharashtra":"1%","Chennai, Tamil Nadu":"-12%","Hyderabad, Andhra Pradesh":"1%","Mumbai, Maharashtra":"-10%","Gurgaon, Haryana":"9%","Noida, Uttar Pradesh":"-2%","New Delhi, Delhi":"9%","Ahmedabad, Gujarat":"-21%","Kolkata, West Bengal":"-16%","employers_component":["Accenture Technology Solutions","Accenture","HCL Technologies Ltd.","Capgemini","Wipro Technologies Ltd.","Cognizant","Mindtree Consulting","InfoSys Limited","Robert Bosch","Robert Bosch Engineering and Business Solutions Limited"],"Accenture Technology Solutions":"Avg. Salary: \u20b9742,248","Accenture":"Avg. Salary: \u20b9774,384","HCL Technologies Ltd.":"Avg. Salary: \u20b9646,266","Capgemini":"Avg. Salary: \u20b9412,124","Wipro Technologies Ltd.":"Avg. Salary: \u20b9700,858","Cognizant":"Avg. Salary: \u20b9983,784","Mindtree Consulting":"Avg. Salary: \u20b9595,537","InfoSys Limited":"Avg. Salary: \u20b9556,474","Robert Bosch":"Avg. Salary: \u20b9705,798","Robert Bosch Engineering and Business Solutions Limited":"Avg. Salary: \u20b9796,900","related_job_component":["Software Engineer","Software Developer","Sr. Software Engineer \/ Developer \/ Programmer","Team Leader, IT","Information Technology (IT) Consultant","Software Engineer \/ Developer \/ Programmer","Web Developer","Lead Software Engineer","Associate Software Engineer"],"Software Engineer":"Avg. Salary \u20b9263k \u2014 \u20b91m","Software Developer":"Avg. Salary \u20b9214k \u2014 \u20b91m","Sr. Software Engineer \/ Developer \/ Programmer":"Avg. Salary \u20b9432k \u2014 \u20b92m","Team Leader, IT":"Avg. Salary \u20b9584k \u2014 \u20b92m","Information Technology (IT) Consultant":"Avg. Salary \u20b9391k \u2014 \u20b92m","Software Engineer \/ Developer \/ Programmer":"Avg. Salary \u20b9225k \u2014 \u20b91m","Web Developer":"Avg. Salary \u20b9124k \u2014 \u20b9779k","Lead Software Engineer":"Avg. Salary \u20b9780k \u2014 \u20b93m","Associate Software Engineer":"Avg. Salary \u20b9240k \u2014 \u20b91m"}}