{"0":{"job_title":"Senior_Systems_Administrator","avg_salary":"\u20b9692,255","salary_component":["Base Salary","Bonus","Profit Sharing","Total Pay"],"Base Salary":"\u20b9378k - \u20b91m","Bonus":"\u20b915k - \u20b9151k","Profit Sharing":"\u20b95k - \u20b9803k","Total Pay":"\u20b9380k - \u20b91m","pay_by_experience_percent":["Early Career","Mid Career","Late Career"],"Early Career":"-21%","Mid Career":"0%","Late Career":"26%","pay_by_experience_years":["1-4","5-9"],"1-4":"\u20b9549,409","5-9":"\u20b9690,654","gender_component":["Male","Female"],"Male":"91.5","Female":"8.5","health_benefits_componentt":["Medical","Dental","Vision","None"],"Medical":"76","Dental":"11","Vision":"11","None":"24","popular_skills_component":["System Administration","Microsoft Active Directory","VMware ESX","Virtualization","Windows Server 2008 R2"],"System Administration":"\u20b9696,692","Microsoft Active Directory":"\u20b9654,907","VMware ESX":"\u20b9784,645","Virtualization":"\u20b9789,059","Windows Server 2008 R2":"\u20b9656,264","affect_skills_component":["Virtual Machine (VM)","BEA WebLogic","Microsoft Azure","Active Directory","UNIX","Storage Area Networking (SAN)","Microsoft Exchange","Red Hat Enterprise Linux (RHEL)","IT Security & Infrastructure","Windows NT \/ 2000 \/ XP Networking"],"Virtual Machine (VM)":"80%","BEA WebLogic":"46%","Microsoft Azure":"44%","Active Directory":"37%","UNIX":"31%","Storage Area Networking (SAN)":"23%","Microsoft Exchange":"23%","Red Hat Enterprise Linux (RHEL)":"21%","IT Security & Infrastructure":"20%","Windows NT \/ 2000 \/ XP Networking":"16%","career_path_component":["Information Technology (IT) Manager","System Administrator, Computer \/ Network","Senior Technical Consultant"],"location_component":["Bangalore, Karnataka","Hyderabad, Andhra Pradesh","Chennai, Tamil Nadu","Pune, Maharashtra","Mumbai, Maharashtra","New Delhi, Delhi","Kolkata, West Bengal","Noida, Uttar Pradesh","Ahmedabad, Gujarat","Gurgaon, Haryana"],"Bangalore, Karnataka":"-1%","Hyderabad, Andhra Pradesh":"9%","Chennai, Tamil Nadu":"-11%","Pune, Maharashtra":"21%","Mumbai, Maharashtra":"-12%","New Delhi, Delhi":"18%","Kolkata, West Bengal":"-12%","Noida, Uttar Pradesh":"29%","Ahmedabad, Gujarat":"-25%","Gurgaon, Haryana":"%","employers_component":["Wipro Technologies Ltd.","Wipro","HCL Technologies Ltd.","IBM India Private Limited","Tata Consultancy Services Limited","International Business Machines (IBM) Corp."],"Wipro Technologies Ltd.":"Avg. Salary: \u20b9783,725","Wipro":"Avg. Salary: \u20b9579,524","HCL Technologies Ltd.":"Avg. Salary: \u20b9767,346","IBM India Private Limited":"Avg. Salary: \u20b9920,000","Tata Consultancy Services Limited":"Avg. Salary: \u20b9550,000","International Business Machines (IBM) Corp.":"Avg. Salary: \u20b9760,000","related_job_component":["System Administrator, Windows Server","Systems Administrator","Information Technology (IT) Manager","System Administrator, Computer \/ Network","Systems Engineer, IT","Network Engineer","Senior Software Engineer","Systems Engineer (Computer Networking \/ IT)","Software Engineer"],"System Administrator, Windows Server":"Avg. Salary \u20b9205k \u2014 \u20b9856k","Systems Administrator":"Avg. Salary \u20b9179k \u2014 \u20b9915k","Information Technology (IT) Manager":"Avg. Salary \u20b9412k \u2014 \u20b93m","System Administrator, Computer \/ Network":"Avg. Salary \u20b9152k \u2014 \u20b9727k","Systems Engineer, IT":"Avg. Salary \u20b9197k \u2014 \u20b9627k","Network Engineer":"Avg. Salary \u20b9164k \u2014 \u20b9808k","Senior Software Engineer":"Avg. Salary \u20b9493k \u2014 \u20b92m","Systems Engineer (Computer Networking \/ IT)":"Avg. Salary \u20b9151k \u2014 \u20b9645k","Software Engineer":"Avg. Salary \u20b9263k \u2014 \u20b91m"}}