{"0":{"job_title":"Senior_Systems_Analyst","avg_salary":"\u20b9864,790","salary_component":["Base Salary","Bonus","Profit Sharing","Total Pay"],"Base Salary":"\u20b9367k - \u20b92m","Bonus":"\u20b920k - \u20b9175k","Profit Sharing":"\u20b96k - \u20b9203k","Total Pay":"\u20b9390k - \u20b92m","pay_by_experience_percent":["Entry Level","Early Career","Mid Career","Late Career","Experienced"],"Entry Level":"-46%","Early Career":"-33%","Mid Career":"4%","Late Career":"42%","Experienced":"85%","pay_by_experience_years":["1","1-4"],"1":"\u20b9464,516","1-4":"\u20b9581,516","gender_component":["Male","Female"],"Male":"83.3","Female":"16.7","health_benefits_componentt":["Medical","Dental","Vision","None"],"Medical":"81","Dental":"9","Vision":"7","None":"19","popular_skills_component":["SQL","Java","Project Management","Microsoft SQL Server","ASP.NET Framework"],"SQL":"\u20b9844,471","Java":"\u20b91,058,341","Project Management":"\u20b9858,508","Microsoft SQL Server":"\u20b9867,682","ASP.NET Framework":"\u20b9872,391","affect_skills_component":["Amazon Web Services (AWS)","Business Intelligence","Model-view-controller (MVC)","Team Leadership","Microservices","Data Warehouse","SAP ABAP","jQuery","System Testing","IBM DB2"],"Amazon Web Services (AWS)":"67%","Business Intelligence":"66%","Model-view-controller (MVC)":"52%","Team Leadership":"50%","Microservices":"50%","Data Warehouse":"50%","SAP ABAP":"42%","jQuery":"41%","System Testing":"39%","IBM DB2":"36%","career_path_component":["Software Engineer","Project Manager, Information Technology ...","Lead Software Engineer"],"location_component":["Bangalore, Karnataka","Pune, Maharashtra","Chennai, Tamil Nadu","Hyderabad, Andhra Pradesh","Mumbai, Maharashtra","Kolkata, West Bengal","Trivandrum, Kerala","Gurgaon, Haryana","Noida, Uttar Pradesh","Delhi, Delhi"],"Bangalore, Karnataka":"5%","Pune, Maharashtra":"-5%","Chennai, Tamil Nadu":"-20%","Hyderabad, Andhra Pradesh":"10%","Mumbai, Maharashtra":"-10%","Kolkata, West Bengal":"7%","Trivandrum, Kerala":"24%","Gurgaon, Haryana":"4%","Noida, Uttar Pradesh":"-47%","Delhi, Delhi":"-31%","employers_component":["Tata Consultancy Services Limited","UST Global Inc","IBM India Private Limited","Sonata Software Limited","Accenture Technology Solutions","Accenture","Atos Origin","Capgemini","HCL Technologies Ltd.","International Business Machines (IBM) Corp."],"Tata Consultancy Services Limited":"Avg. Salary: \u20b9645,735","UST Global Inc":"Avg. Salary: \u20b91,200,728","IBM India Private Limited":"Avg. Salary: \u20b91,111,236","Sonata Software Limited":"Avg. Salary: \u20b9729,121","Accenture Technology Solutions":"Avg. Salary: \u20b9900,000","Accenture":"Avg. Salary: \u20b9925,347","Atos Origin":"Avg. Salary: \u20b9900,100","Capgemini":"Avg. Salary: \u20b9457,814","HCL Technologies Ltd.":"Avg. Salary: \u20b9312,000","International Business Machines (IBM) Corp.":"Avg. Salary: \u20b91,248,000","related_job_component":["Senior Software Engineer","Software Engineer","Software Developer","Sr. Software Engineer \/ Developer \/ Programmer","Team Leader, IT","Information Technology (IT) Consultant","Business Analyst, IT","Associate Software Engineer","Systems Engineer, IT"],"Senior Software Engineer":"Avg. Salary \u20b9493k \u2014 \u20b92m","Software Engineer":"Avg. Salary \u20b9262k \u2014 \u20b91m","Software Developer":"Avg. Salary \u20b9214k \u2014 \u20b91m","Sr. Software Engineer \/ Developer \/ Programmer":"Avg. Salary \u20b9432k \u2014 \u20b92m","Team Leader, IT":"Avg. Salary \u20b9584k \u2014 \u20b92m","Information Technology (IT) Consultant":"Avg. Salary \u20b9391k \u2014 \u20b92m","Business Analyst, IT":"Avg. Salary \u20b9275k \u2014 \u20b91m","Associate Software Engineer":"Avg. Salary \u20b9240k \u2014 \u20b91m","Systems Engineer, IT":"Avg. Salary \u20b9197k \u2014 \u20b9627k"}}