{"0":{"job_title":"Senior_Software_Development_Engineer_(SDE)","avg_salary":"\u20b91,711,470","salary_component":["Base Salary","Bonus","Profit Sharing","Total Pay"],"Base Salary":"\u20b9741k - \u20b93m","Bonus":"\u20b948k - \u20b9789k","Profit Sharing":"\u20b976k - \u20b91m","Total Pay":"\u20b9768k - \u20b93m","pay_by_experience_percent":["Early Career","Mid Career","Late Career"],"Early Career":"-15%","Mid Career":"1%","Late Career":"40%","pay_by_experience_years":["1-4"],"1-4":"\u20b91,455,731","gender_component":["Male","Female"],"Male":"87.2","Female":"12.8","health_benefits_componentt":["Medical","Dental","Vision","None"],"Medical":"85","Dental":"16","Vision":"13","None":"15","popular_skills_component":["Java","Software Development","SQL","JavaScript","Python"],"Java":"\u20b91,983,891","Software Development":"17%","SQL":"\u20b91,251,713","JavaScript":"\u20b91,741,497","Python":"\u20b91,909,701","affect_skills_component":["Software Architecture","Scala","Big Data Analytics","Go (Golang) Programming Language","React.js","Microservices","Machine Learning","iOS","Swift Programming Language","Software Development"],"Software Architecture":"96%","Scala":"60%","Big Data Analytics":"36%","Go (Golang) Programming Language":"34%","React.js":"31%","Microservices":"27%","Machine Learning":"24%","iOS":"22%","Swift Programming Language":"22%","career_path_component":["Senior Technical Consultant","Senior Product Manager","Team Leader, IT"],"location_component":["Bangalore, Karnataka","Hyderabad, Andhra Pradesh","Pune, Maharashtra","Mumbai, Maharashtra","Chennai, Tamil Nadu","Gurgaon, Haryana","Noida, Uttar Pradesh","New Delhi, Delhi","Delhi, Delhi","Kolkata, West Bengal"],"Bangalore, Karnataka":"10%","Hyderabad, Andhra Pradesh":"12%","Pune, Maharashtra":"-34%","Mumbai, Maharashtra":"-43%","Chennai, Tamil Nadu":"-48%","Gurgaon, Haryana":"14%","Noida, Uttar Pradesh":"-31%","New Delhi, Delhi":"34%","Delhi, Delhi":"-12%","Kolkata, West Bengal":"-39%","employers_component":["Amazon.com Inc","Flipkart","Pramati Technologies","Microsoft India","Oracle Corp.","Walmart.com","Groupon, Inc.","Microsoft Corp","Cisco Systems Inc","Accenture"],"Amazon.com Inc":"Avg. Salary: \u20b92,645,149","Flipkart":"Avg. Salary: \u20b92,597,615","Pramati Technologies":"Avg. Salary: \u20b91,003,325","Microsoft India":"Avg. Salary: \u20b91,820,331","Oracle Corp.":"Avg. Salary: \u20b91,900,000","Walmart.com":"Avg. Salary: \u20b91,850,000","Groupon, Inc.":"Avg. Salary: \u20b92,596,697","Microsoft Corp":"Avg. Salary: \u20b92,200,000","Cisco Systems Inc":"Avg. Salary: \u20b91,568,388","Accenture":"Avg. Salary: \u20b9951,431","related_job_component":["Software Engineer","Senior Software Engineer","Software Developer","Sr. Software Engineer \/ Developer \/ Programmer","Team Leader, IT","Software Engineer \/ Developer \/ Programmer","Java Developer","Web Developer","Associate Software Engineer"],"Software Engineer":"Avg. Salary \u20b9262k \u2014 \u20b91m","Senior Software Engineer":"Avg. Salary \u20b9493k \u2014 \u20b92m","Software Developer":"Avg. Salary \u20b9214k \u2014 \u20b91m","Sr. Software Engineer \/ Developer \/ Programmer":"Avg. Salary \u20b9432k \u2014 \u20b92m","Team Leader, IT":"Avg. Salary \u20b9584k \u2014 \u20b92m","Software Engineer \/ Developer \/ Programmer":"Avg. Salary \u20b9225k \u2014 \u20b91m","Java Developer":"Avg. Salary \u20b9197k \u2014 \u20b91m","Web Developer":"Avg. Salary \u20b9124k \u2014 \u20b9779k","Associate Software Engineer":"Avg. Salary \u20b9240k \u2014 \u20b91m"}}