{"0":{"job_title":"Senior_Java_Developer","avg_salary":"\u20b9991,583","salary_component":["Base Salary","Bonus","Profit Sharing","Total Pay"],"Base Salary":"\u20b9517k - \u20b92m","Bonus":"\u20b924k - \u20b9258k","Profit Sharing":"\u20b916 - \u20b91m","Total Pay":"\u20b9535k - \u20b92m","pay_by_experience_percent":["Entry Level","Early Career","Mid Career","Late Career"],"Entry Level":"-70%","Early Career":"-27%","Mid Career":"3%","Late Career":"37%","pay_by_experience_years":["1","1-4"],"1":"\u20b9300,000","1-4":"\u20b9721,448","gender_component":["Male","Female"],"Male":"82.8","Female":"17.2","health_benefits_componentt":["Medical","Dental","Vision","None"],"Medical":"78","Dental":"7","Vision":"6","None":"22","popular_skills_component":["Spring","Java","Java\/J2EE","RESTful Web Services","Hibernate"],"Spring":"\u20b91,007,521","Java":"3%","Java\/J2EE":"\u20b9998,847","RESTful Web Services":"11%","Hibernate":"\u20b9924,410","affect_skills_component":["React.js","Amazon Web Services (AWS)","Node.js","Oracle 11g","Java Database Connectivity (JDBC)","RESTful Web Services","Java Servlet","Apache Tomcat Application Server","C++ Programming Language","Java"],"React.js":"61%","Amazon Web Services (AWS)":"33%","Node.js":"31%","Oracle 11g":"30%","Java Database Connectivity (JDBC)":"16%","Java Servlet":"11%","Apache Tomcat Application Server":"8%","C++ Programming Language":"6%","career_path_component":["Software Developer","Software Development Director","Java Developer"],"location_component":["Bangalore, Karnataka","Pune, Maharashtra","Mumbai, Maharashtra","Chennai, Tamil Nadu","Hyderabad, Andhra Pradesh","Ahmedabad, Gujarat","Gurgaon, Haryana","Noida, Uttar Pradesh","New Delhi, Delhi","Kolkata, West Bengal"],"Bangalore, Karnataka":"9%","Pune, Maharashtra":"6%","Mumbai, Maharashtra":"-3%","Chennai, Tamil Nadu":"-2%","Hyderabad, Andhra Pradesh":"-5%","Ahmedabad, Gujarat":"-16%","Gurgaon, Haryana":"1%","Noida, Uttar Pradesh":"6%","New Delhi, Delhi":"-4%","Kolkata, West Bengal":"-13%","employers_component":["Tata Consultancy Services Limited","Cognizant","Cognizant Technology Solutions Corp","J.P. Morgan Chase & Co. (JPMCC)","Capgemini","InfoSys Limited","HCL Technologies Ltd.","Sapient Corporation","Accenture Technology Solutions","Wipro Technologies Ltd."],"Tata Consultancy Services Limited":"Avg. Salary: \u20b9980,000","Cognizant":"Avg. Salary: \u20b91,080,899","Cognizant Technology Solutions Corp":"Avg. Salary: \u20b9837,500","J.P. Morgan Chase & Co. (JPMCC)":"Avg. Salary: \u20b91,725,000","Capgemini":"Avg. Salary: \u20b9800,000","InfoSys Limited":"Avg. Salary: \u20b9700,000","HCL Technologies Ltd.":"Avg. Salary: \u20b91,073,506","Sapient Corporation":"Avg. Salary: \u20b91,376,000","Accenture Technology Solutions":"Avg. Salary: \u20b9835,078","Wipro Technologies Ltd.":"Avg. Salary: \u20b9700,000","related_job_component":["Software Engineer","Senior Software Engineer","Software Developer","Sr. Software Engineer \/ Developer \/ Programmer","Java Developer","Team Leader, IT","Software Engineer \/ Developer \/ Programmer","Associate Software Engineer","Web Developer"],"Software Engineer":"Avg. Salary \u20b9263k \u2014 \u20b91m","Senior Software Engineer":"Avg. Salary \u20b9493k \u2014 \u20b92m","Software Developer":"Avg. Salary \u20b9214k \u2014 \u20b91m","Sr. Software Engineer \/ Developer \/ Programmer":"Avg. Salary \u20b9432k \u2014 \u20b92m","Java Developer":"Avg. Salary \u20b9197k \u2014 \u20b91m","Team Leader, IT":"Avg. Salary \u20b9584k \u2014 \u20b92m","Software Engineer \/ Developer \/ Programmer":"Avg. Salary \u20b9225k \u2014 \u20b91m","Associate Software Engineer":"Avg. Salary \u20b9240k \u2014 \u20b91m","Web Developer":"Avg. Salary \u20b9124k \u2014 \u20b9779k"}}