{"0":{"job_title":"Senior_Software_Architect","avg_salary":"\u20b92,470,686","salary_component":["Base Salary","Bonus","Profit Sharing","Total Pay"],"Base Salary":"\u20b91m - \u20b94m","Bonus":"\u20b998k - \u20b9607k","Profit Sharing":"\u20b96k - \u20b9587k","Total Pay":"\u20b91m - \u20b94m","pay_by_experience_percent":["Early Career","Mid Career","Late Career","Experienced"],"Early Career":"-64%","Mid Career":"-23%","Late Career":"1%","Experienced":"34%","pay_by_experience_years":["1-4","5-9"],"1-4":"\u20b9900,000","5-9":"\u20b91,904,603","gender_component":["Male","Female"],"Male":"95.6","Female":"4.4","health_benefits_componentt":["Medical","Dental","Vision","None"],"Medical":"80","Dental":"12","Vision":"11","None":"19","popular_skills_component":["Software Architecture","Java","Java\/J2EE","Cloud Computing",".NET"],"Software Architecture":"\u20b92,691,399","Java":"\u20b92,529,720","Java\/J2EE":"\u20b92,698,015","Cloud Computing":"29%",".NET":"\u20b92,439,485","affect_skills_component":["iOS","Apache Spark","Go (Golang) Programming Language","Machine Learning","Cloud Computing","Telecommunications","Hibernate","Amazon Web Services (AWS)","MuleSoft Mule ESB","Linux"],"iOS":"48%","Apache Spark":"42%","Go (Golang) Programming Language":"32%","Machine Learning":"30%","Telecommunications":"27%","Hibernate":"21%","Amazon Web Services (AWS)":"13%","MuleSoft Mule ESB":"13%","Linux":"12%","career_path_component":["Principal Architect","Enterprise Architect, IT","Solutions Architect"],"location_component":["Bangalore, Karnataka","Pune, Maharashtra","Chennai, Tamil Nadu","Hyderabad, Andhra Pradesh","Mumbai, Maharashtra","Gurgaon, Haryana","New Delhi, Delhi","Noida, Uttar Pradesh","Coimbatore, Tamil Nadu","Kolkata, West Bengal"],"Bangalore, Karnataka":"16%","Pune, Maharashtra":"%","Chennai, Tamil Nadu":"-12%","Hyderabad, Andhra Pradesh":"-1%","Mumbai, Maharashtra":"-23%","Gurgaon, Haryana":"30%","New Delhi, Delhi":"1%","Noida, Uttar Pradesh":"13%","Coimbatore, Tamil Nadu":"-29%","Kolkata, West Bengal":"-17%","employers_component":["InfoSys Limited","Robert Bosch Engineering and Business Solutions Limited","Capgemini","Cognizant","Cognizant Technology Solutions Corp","Danske Bank","HCL Technologies Ltd.","International Business Machines (IBM) Corp.","Nagarro","Robert Bosch"],"InfoSys Limited":"Avg. Salary: \u20b91,974,684","Robert Bosch Engineering and Business Solutions Limited":"Avg. Salary: \u20b92,251,246","Capgemini":"Avg. Salary: \u20b92,300,000","Cognizant":"Avg. Salary: \u20b91,800,000","Cognizant Technology Solutions Corp":"Avg. Salary: \u20b91,812,593","Danske Bank":"Avg. Salary: \u20b93,500,000","HCL Technologies Ltd.":"Avg. Salary: \u20b92,180,000","International Business Machines (IBM) Corp.":"Avg. Salary: \u20b92,950,000","Nagarro":"Avg. Salary: \u20b93,414,392","Robert Bosch":"Avg. Salary: \u20b91,648,485","related_job_component":["Software Engineer","Senior Software Engineer","Software Developer","Sr. Software Engineer \/ Developer \/ Programmer","Team Leader, IT","Software Engineer \/ Developer \/ Programmer","Web Developer","Lead Software Engineer","Associate Software Engineer"],"Software Engineer":"Avg. Salary \u20b9262k \u2014 \u20b91m","Senior Software Engineer":"Avg. Salary \u20b9493k \u2014 \u20b92m","Software Developer":"Avg. Salary \u20b9214k \u2014 \u20b91m","Sr. Software Engineer \/ Developer \/ Programmer":"Avg. Salary \u20b9432k \u2014 \u20b92m","Team Leader, IT":"Avg. Salary \u20b9584k \u2014 \u20b92m","Software Engineer \/ Developer \/ Programmer":"Avg. Salary \u20b9225k \u2014 \u20b91m","Web Developer":"Avg. Salary \u20b9124k \u2014 \u20b9779k","Lead Software Engineer":"Avg. Salary \u20b9788k \u2014 \u20b93m","Associate Software Engineer":"Avg. Salary \u20b9240k \u2014 \u20b91m"}}