{"0":{"job_title":"Senior_Database_Administrator_(DBA)","avg_salary":"\u20b91,075,577","salary_component":["Base Salary","Bonus","Profit Sharing","Total Pay"],"Base Salary":"\u20b9570k - \u20b92m","Bonus":"\u20b915k - \u20b9270k","Profit Sharing":"\u20b918 - \u20b9400k","Total Pay":"\u20b9587k - \u20b92m","pay_by_experience_percent":["Entry Level","Early Career","Mid Career","Late Career","Experienced"],"Entry Level":"-64%","Early Career":"-34%","Mid Career":"-6%","Late Career":"38%","Experienced":"2%","pay_by_experience_years":["1"],"1":"\u20b9389,744","gender_component":["Male","Female"],"Male":"91.9","Female":"8.1","health_benefits_componentt":["Medical","Dental","Vision","None"],"Medical":"79","Dental":"10","Vision":"11","None":"21","popular_skills_component":["Database Administration","Microsoft SQL Server","Oracle","Oracle RAC","SQL"],"Database Administration":"\u20b91,097,051","Microsoft SQL Server":"\u20b91,077,719","Oracle":"13%","Oracle RAC":"14%","SQL":"\u20b91,009,277","affect_skills_component":["Transact-SQL","Sybase Adaptive Server","Apache Cassandra","Internet Information Server (IIS)","MongoDB","Microsoft Azure","Windows NT \/ 2000 \/ XP Networking","Oracle RAC","Oracle","Oracle DB 8i\/9i\/10g\/ 11i"],"Transact-SQL":"72%","Sybase Adaptive Server":"72%","Apache Cassandra":"49%","Internet Information Server (IIS)":"39%","MongoDB":"32%","Microsoft Azure":"26%","Windows NT \/ 2000 \/ XP Networking":"21%","Oracle DB 8i\/9i\/10g\/ 11i":"12%","career_path_component":["Database Administrator (DBA)","Database Administration (DBA) Manager","Oracle Database Administrator (DBA)"],"location_component":["Bangalore, Karnataka","Hyderabad, Andhra Pradesh","Chennai, Tamil Nadu","Pune, Maharashtra","Mumbai, Maharashtra","Noida, Uttar Pradesh","Kolkata, West Bengal","Gurgaon, Haryana","New Delhi, Delhi","Delhi, Delhi"],"Bangalore, Karnataka":"7%","Hyderabad, Andhra Pradesh":"-9%","Chennai, Tamil Nadu":"-4%","Pune, Maharashtra":"8%","Mumbai, Maharashtra":"-10%","Noida, Uttar Pradesh":"-5%","Kolkata, West Bengal":"-1%","Gurgaon, Haryana":"21%","New Delhi, Delhi":"16%","Delhi, Delhi":"16%","employers_component":["IBM India Private Limited","Tata Consultancy Services Limited","Wipro Technologies Ltd.","Cognizant","Oracle Corp.","Wipro","Accenture","Cognizant Technology Solutions Corp","HCL Technologies Ltd.","Techmahindra Ltd"],"IBM India Private Limited":"Avg. Salary: \u20b91,163,256","Tata Consultancy Services Limited":"Avg. Salary: \u20b9980,470","Wipro Technologies Ltd.":"Avg. Salary: \u20b9755,970","Cognizant":"Avg. Salary: \u20b91,407,447","Oracle Corp.":"Avg. Salary: \u20b91,025,409","Wipro":"Avg. Salary: \u20b9649,500","Accenture":"Avg. Salary: \u20b91,000,000","Cognizant Technology Solutions Corp":"Avg. Salary: \u20b91,119,101","HCL Technologies Ltd.":"Avg. Salary: \u20b9962,338","Techmahindra Ltd":"Avg. Salary: \u20b9694,000","related_job_component":["Senior Software Engineer","Software Engineer","Software Developer","Oracle Database Administrator (DBA)","Sr. Software Engineer \/ Developer \/ Programmer","Database Administrator (DBA)","Team Leader, IT","Information Technology (IT) Consultant","Systems Engineer, IT"],"Senior Software Engineer":"Avg. Salary \u20b9493k \u2014 \u20b92m","Software Engineer":"Avg. Salary \u20b9263k \u2014 \u20b91m","Software Developer":"Avg. Salary \u20b9214k \u2014 \u20b91m","Oracle Database Administrator (DBA)":"Avg. Salary \u20b9241k \u2014 \u20b91m","Sr. Software Engineer \/ Developer \/ Programmer":"Avg. Salary \u20b9432k \u2014 \u20b92m","Database Administrator (DBA)":"Avg. Salary \u20b9237k \u2014 \u20b91m","Team Leader, IT":"Avg. Salary \u20b9584k \u2014 \u20b92m","Information Technology (IT) Consultant":"Avg. Salary \u20b9391k \u2014 \u20b92m","Systems Engineer, IT":"Avg. Salary \u20b9197k \u2014 \u20b9627k"}}