{"0":{"job_title":"Senior_Programmer_Analyst","avg_salary":"\u20b9897,618","salary_component":["Base Salary","Bonus","Profit Sharing","Total Pay"],"Base Salary":"\u20b9418k - \u20b92m","Bonus":"\u20b921k - \u20b9261k","Profit Sharing":"\u20b910k - \u20b9203k","Total Pay":"\u20b9433k - \u20b92m","pay_by_experience_percent":["Entry Level","Early Career","Mid Career","Late Career"],"Entry Level":"-50%","Early Career":"-22%","Mid Career":"6%","Late Career":"85%","pay_by_experience_years":["1","1-4"],"1":"\u20b9450,000","1-4":"\u20b9700,643","gender_component":["Male","Female","Prefer to self-define"],"Male":"86.8","Female":"12.7","Prefer to self-define":"0.5","health_benefits_componentt":["Medical","Dental","Vision","None"],"Medical":"83","Dental":"8","Vision":"7","None":"17","popular_skills_component":["SQL","Java","C# Programming Language",".NET","Java\/J2EE"],"SQL":"\u20b9921,414","Java":"\u20b91,004,813","C# Programming Language":"\u20b9892,527",".NET":"\u20b9892,202","Java\/J2EE":"\u20b9976,963","affect_skills_component":["Informatica","React.js","UNIX","Node.js","Shell Scripting","Project Management","COBOL","C++ Programming Language","Swift Programming Language","Angular.js"],"Informatica":"34%","React.js":"32%","UNIX":"30%","Node.js":"27%","Shell Scripting":"26%","Project Management":"25%","COBOL":"24%","C++ Programming Language":"19%","Swift Programming Language":"19%","Angular.js":"13%","career_path_component":["Technical Consultant","Team Leader, IT","Technical Architect"],"location_component":["Chennai, Tamil Nadu","Bangalore, Karnataka","Hyderabad, Andhra Pradesh","Mumbai, Maharashtra","Pune, Maharashtra","Gurgaon, Haryana","Noida, Uttar Pradesh","Ahmedabad, Gujarat","New Delhi, Delhi","Gurgaon, Delhi"],"Chennai, Tamil Nadu":"-1%","Bangalore, Karnataka":"-8%","Hyderabad, Andhra Pradesh":"15%","Mumbai, Maharashtra":"-20%","Pune, Maharashtra":"1%","Gurgaon, Haryana":"25%","Noida, Uttar Pradesh":"-1%","Ahmedabad, Gujarat":"-1%","New Delhi, Delhi":"-8%","Gurgaon, Delhi":"23%","employers_component":["Bank of America Corp. (BOFA)","Tata Consultancy Services Limited","Accenture Technology Solutions","Accenture","Capgemini","Fidelity Investments","FIS","Capgemini Consulting","CGI Group Inc.","Citibank"],"Bank of America Corp. (BOFA)":"Avg. Salary: \u20b91,779,107","Tata Consultancy Services Limited":"Avg. Salary: \u20b9818,701","Accenture Technology Solutions":"Avg. Salary: \u20b9812,274","Accenture":"Avg. Salary: \u20b9784,353","Capgemini":"Avg. Salary: \u20b9600,000","Fidelity Investments":"Avg. Salary: \u20b91,098,000","FIS":"Avg. Salary: \u20b91,900,000","Capgemini Consulting":"Avg. Salary: \u20b9600,000","CGI Group Inc.":"Avg. Salary: \u20b91,250,202","Citibank":"Avg. Salary: \u20b91,922,078","related_job_component":["Software Engineer","Senior Software Engineer","Software Developer","Sr. Software Engineer \/ Developer \/ Programmer","Team Leader, IT","Software Engineer \/ Developer \/ Programmer","Associate Software Engineer","Web Developer","Information Technology (IT) Consultant"],"Software Engineer":"Avg. Salary \u20b9262k \u2014 \u20b91m","Senior Software Engineer":"Avg. Salary \u20b9493k \u2014 \u20b92m","Software Developer":"Avg. Salary \u20b9214k \u2014 \u20b91m","Sr. Software Engineer \/ Developer \/ Programmer":"Avg. Salary \u20b9432k \u2014 \u20b92m","Team Leader, IT":"Avg. Salary \u20b9583k \u2014 \u20b92m","Software Engineer \/ Developer \/ Programmer":"Avg. Salary \u20b9225k \u2014 \u20b91m","Associate Software Engineer":"Avg. Salary \u20b9240k \u2014 \u20b91m","Web Developer":"Avg. Salary \u20b9124k \u2014 \u20b9779k","Information Technology (IT) Consultant":"Avg. Salary \u20b9391k \u2014 \u20b92m"}}