{"0":{"job_title":"Senior_Technical_Support_Engineer","avg_salary":"\u20b9644,657","salary_component":["Base Salary","Bonus","Profit Sharing","Total Pay"],"Base Salary":"\u20b9272k - \u20b92m","Bonus":"\u20b98k - \u20b9264k","Profit Sharing":"\u20b92k - \u20b9503k","Total Pay":"\u20b9279k - \u20b92m","pay_by_experience_percent":["Early Career","Mid Career","Late Career"],"Early Career":"-37%","Mid Career":"24%","Late Career":"69%","pay_by_experience_years":["1-4","5-9"],"1-4":"\u20b9407,551","5-9":"\u20b9799,013","gender_component":["Male","Female"],"Male":"93.5","Female":"6.5","health_benefits_componentt":["Medical","Dental","Vision","None"],"Medical":"80","Dental":"9","Vision":"8","None":"20","popular_skills_component":["Troubleshooting","Information Technology (IT) Support","Customer Service","Systems Troubleshooting","Linux"],"Troubleshooting":"4%","Information Technology (IT) Support":"\u20b9590,720","Customer Service":"13%","Systems Troubleshooting":"\u20b9500,560","Linux":"14%","affect_skills_component":["VMware ESX","Storage Area Networking (SAN)","Storage Management","Windows Server 2012 R2","Avaya Media Gateways","Linux","Customer Service","Troubleshooting","SQL"],"VMware ESX":"89%","Storage Area Networking (SAN)":"86%","Storage Management":"55%","Windows Server 2012 R2":"34%","Avaya Media Gateways":"22%","SQL":"3%","career_path_component":["Information Technology (IT) Manager","Technical Support Engineer","Technical Support Manager"],"location_component":["Bangalore, Karnataka","Pune, Maharashtra","Chennai, Tamil Nadu","Hyderabad, Andhra Pradesh","Mumbai, Maharashtra","Noida, Uttar Pradesh","Ahmedabad, Gujarat","Gurgaon, Haryana","Delhi, Delhi","New Delhi, Delhi"],"Bangalore, Karnataka":"23%","Pune, Maharashtra":"%","Chennai, Tamil Nadu":"-22%","Hyderabad, Andhra Pradesh":"16%","Mumbai, Maharashtra":"-37%","Noida, Uttar Pradesh":"10%","Ahmedabad, Gujarat":"-30%","Gurgaon, Haryana":"-22%","Delhi, Delhi":"-28%","New Delhi, Delhi":"-31%","employers_component":["Dell, Inc.","HCL Technologies Ltd.","Concentrix Corporation","Sutherland Global Services Inc.","Convergys Corporation","Vmware, Inc.","Ericsson Inc."],"Dell, Inc.":"Avg. Salary: \u20b9450,000","HCL Technologies Ltd.":"Avg. Salary: \u20b9687,907","Concentrix Corporation":"Avg. Salary: \u20b9502,000","Sutherland Global Services Inc.":"Avg. Salary: \u20b9755,000","Convergys Corporation":"Avg. Salary: \u20b9364,932","Vmware, Inc.":"Avg. Salary: \u20b91,565,966","Ericsson Inc.":"Avg. Salary: \u20b9700,000","related_job_component":["Software Engineer","Senior Software Engineer","Technical Support Engineer","Operations Manager","Network Engineer","Project Manager, (Unspecified Type \/ General)","Information Technology (IT) Manager","Software Developer","Information Technology (IT) Consultant"],"Software Engineer":"Avg. Salary \u20b9262k \u2014 \u20b91m","Senior Software Engineer":"Avg. Salary \u20b9493k \u2014 \u20b92m","Technical Support Engineer":"Avg. Salary \u20b9174k \u2014 \u20b9883k","Operations Manager":"Avg. Salary \u20b9297k \u2014 \u20b92m","Network Engineer":"Avg. Salary \u20b9165k \u2014 \u20b9806k","Project Manager, (Unspecified Type \/ General)":"Avg. Salary \u20b9458k \u2014 \u20b92m","Information Technology (IT) Manager":"Avg. Salary \u20b9411k \u2014 \u20b93m","Software Developer":"Avg. Salary \u20b9214k \u2014 \u20b91m","Information Technology (IT) Consultant":"Avg. Salary \u20b9391k \u2014 \u20b92m"}}