{"0":{"job_title":"Senior_Technical_Consultant","avg_salary":"\u20b91,261,977","salary_component":["Base Salary","Bonus","Profit Sharing","Commission","Total Pay"],"Base Salary":"\u20b9655k - \u20b92m","Bonus":"\u20b949k - \u20b9256k","Profit Sharing":"\u20b915k - \u20b9765k","Commission":"\u20b90 - \u20b9200k","Total Pay":"\u20b9692k - \u20b92m","pay_by_experience_percent":["Entry Level","Early Career","Mid Career","Late Career","Experienced"],"Entry Level":"-56%","Early Career":"-38%","Mid Career":"-5%","Late Career":"22%","Experienced":"130%","pay_by_experience_years":["1"],"1":"\u20b9551,075","gender_component":["Male","Female","Prefer to self-define"],"Male":"85.9","Female":"14.0","Prefer to self-define":"0.1","health_benefits_componentt":["Medical","Dental","Vision","None"],"Medical":"82","Dental":"8","Vision":"8","None":"18","popular_skills_component":["Software Development","IT Consulting","SQL","Java","Project Management"],"Software Development":"\u20b91,298,932","IT Consulting":"\u20b91,372,439","SQL":"\u20b91,198,431","Java":"\u20b91,264,063","Project Management":"\u20b91,460,036","affect_skills_component":["Internet of Things (IoT)","J2EE","Artificial Intelligence (AI)","Agile Software Development","Machine Learning","Engineering Design","BEA WebLogic","System Testing","Business Analysis","IBM WebSphere"],"Internet of Things (IoT)":"74%","J2EE":"67%","Artificial Intelligence (AI)":"58%","Agile Software Development":"51%","Machine Learning":"51%","Engineering Design":"43%","BEA WebLogic":"42%","System Testing":"37%","Business Analysis":"34%","IBM WebSphere":"32%","career_path_component":["Technical Architect","Information Technology (IT) Consultant","Project Manager, (Unspecified Type \/ Gen..."],"location_component":["Bangalore, Karnataka","Pune, Maharashtra","Mumbai, Maharashtra","Hyderabad, Andhra Pradesh","Chennai, Tamil Nadu","Noida, Uttar Pradesh","Gurgaon, Haryana","New Delhi, Delhi","Kolkata, West Bengal","Delhi, Delhi"],"Bangalore, Karnataka":"3%","Pune, Maharashtra":"5%","Mumbai, Maharashtra":"-8%","Hyderabad, Andhra Pradesh":"4%","Chennai, Tamil Nadu":"-7%","Noida, Uttar Pradesh":"4%","Gurgaon, Haryana":"15%","New Delhi, Delhi":"-20%","Kolkata, West Bengal":"-13%","Delhi, Delhi":"-12%","employers_component":["Capgemini","HCL Technologies Ltd.","Capgemini Consulting","Deloitte Consulting LLP","InfoSys Limited","Oracle","Deloitte","EY (Ernst & Young)","Oracle Corp.","Wipro Technologies Ltd."],"Capgemini":"Avg. Salary: \u20b91,111,970","HCL Technologies Ltd.":"Avg. Salary: \u20b91,213,700","Capgemini Consulting":"Avg. Salary: \u20b91,026,464","Deloitte Consulting LLP":"Avg. Salary: \u20b91,534,766","InfoSys Limited":"Avg. Salary: \u20b91,229,046","Oracle":"Avg. Salary: \u20b9991,712","Deloitte":"Avg. Salary: \u20b91,495,629","EY (Ernst & Young)":"Avg. Salary: \u20b91,274,510","Oracle Corp.":"Avg. Salary: \u20b91,350,000","Wipro Technologies Ltd.":"Avg. Salary: \u20b91,351,269","related_job_component":["Senior Software Engineer","Software Engineer","Software Developer","Sr. Software Engineer \/ Developer \/ Programmer","Team Leader, IT","Information Technology (IT) Consultant","Associate Software Engineer","Software Engineer \/ Developer \/ Programmer","Lead Software Engineer"],"Senior Software Engineer":"Avg. Salary \u20b9493k \u2014 \u20b92m","Software Engineer":"Avg. Salary \u20b9262k \u2014 \u20b91m","Software Developer":"Avg. Salary \u20b9214k \u2014 \u20b91m","Sr. Software Engineer \/ Developer \/ Programmer":"Avg. Salary \u20b9432k \u2014 \u20b92m","Team Leader, IT":"Avg. Salary \u20b9584k \u2014 \u20b92m","Information Technology (IT) Consultant":"Avg. Salary \u20b9391k \u2014 \u20b92m","Associate Software Engineer":"Avg. Salary \u20b9240k \u2014 \u20b91m","Software Engineer \/ Developer \/ Programmer":"Avg. Salary \u20b9225k \u2014 \u20b91m","Lead Software Engineer":"Avg. Salary \u20b9780k \u2014 \u20b93m"}}