{"0":{"job_title":"Senior_Project_Manager%2C_IT","avg_salary":"\u20b92,041,716","salary_component":["Base Salary","Bonus","Profit Sharing","Commission","Total Pay"],"Base Salary":"\u20b91m - \u20b93m","Bonus":"\u20b996k - \u20b9519k","Profit Sharing":"\u20b95 - \u20b9509k","Commission":"\u20b90 - \u20b9250k","Total Pay":"\u20b91m - \u20b93m","pay_by_experience_percent":["Early Career","Mid Career","Late Career","Experienced"],"Early Career":"-55%","Mid Career":"-19%","Late Career":"0%","Experienced":"17%","pay_by_experience_years":["1-4","5-9"],"1-4":"\u20b9922,500","5-9":"\u20b91,660,597","gender_component":["Male","Female"],"Male":"89.0","Female":"11.0","health_benefits_componentt":["Medical","Dental","Vision","None"],"Medical":"81","Dental":"11","Vision":"11","None":"18","popular_skills_component":["Project Management","Program Management","Agile Software Development","IT Management","Leadership"],"Project Management":"\u20b92,033,120","Program Management":"\u20b92,089,719","Agile Software Development":"\u20b92,071,517","IT Management":"\u20b92,010,739","Leadership":"\u20b92,184,295","affect_skills_component":["IT Security & Infrastructure","Big Data Analytics","Cloud Computing","Salesforce","Team Management","Product Management","Software Architecture","C Programming Language","Banking","Oracle eBusiness Suite"],"IT Security & Infrastructure":"36%","Big Data Analytics":"30%","Cloud Computing":"22%","Salesforce":"22%","Team Management":"22%","Product Management":"22%","Software Architecture":"21%","C Programming Language":"13%","Banking":"13%","Oracle eBusiness Suite":"9%","career_path_component":["Information Technology (IT) Director","Vice President (VP), Information Technol...","Program Manager, IT"],"location_component":["Bangalore, Karnataka","Pune, Maharashtra","Chennai, Tamil Nadu","Mumbai, Maharashtra","Hyderabad, Andhra Pradesh","Gurgaon, Haryana","Kolkata, West Bengal","New Delhi, Delhi","Noida, Uttar Pradesh","Delhi, Delhi"],"Bangalore, Karnataka":"7%","Pune, Maharashtra":"%","Chennai, Tamil Nadu":"-3%","Mumbai, Maharashtra":"-2%","Hyderabad, Andhra Pradesh":"4%","Gurgaon, Haryana":"5%","Kolkata, West Bengal":"-6%","New Delhi, Delhi":"-10%","Noida, Uttar Pradesh":"4%","Delhi, Delhi":"-13%","employers_component":["InfoSys Limited","Cognizant Technology Solutions Corp","Capgemini","Cognizant","HCL Technologies Ltd.","Accenture","Genpact","IBM India Private Limited","Capgemini Consulting","Techmahindra Ltd"],"InfoSys Limited":"Avg. Salary: \u20b91,956,008","Cognizant Technology Solutions Corp":"Avg. Salary: \u20b91,908,821","Capgemini":"Avg. Salary: \u20b91,931,052","Cognizant":"Avg. Salary: \u20b92,082,815","HCL Technologies Ltd.":"Avg. Salary: \u20b91,801,851","Accenture":"Avg. Salary: \u20b92,327,827","Genpact":"Avg. Salary: \u20b91,957,657","IBM India Private Limited":"Avg. Salary: \u20b91,900,000","Capgemini Consulting":"Avg. Salary: \u20b91,954,936","Techmahindra Ltd":"Avg. Salary: \u20b91,650,000","related_job_component":["Software Engineer","Senior Software Engineer","Software Developer","Operations Manager","Project Manager, (Unspecified Type \/ General)","Sr. Software Engineer \/ Developer \/ Programmer","Project Manager, Information Technology (IT)","Information Technology (IT) Consultant","Business Analyst, IT"],"Software Engineer":"Avg. Salary \u20b9263k \u2014 \u20b91m","Senior Software Engineer":"Avg. Salary \u20b9493k \u2014 \u20b92m","Software Developer":"Avg. Salary \u20b9214k \u2014 \u20b91m","Operations Manager":"Avg. Salary \u20b9297k \u2014 \u20b92m","Project Manager, (Unspecified Type \/ General)":"Avg. Salary \u20b9456k \u2014 \u20b92m","Sr. Software Engineer \/ Developer \/ Programmer":"Avg. Salary \u20b9432k \u2014 \u20b92m","Project Manager, Information Technology (IT)":"Avg. Salary \u20b9531k \u2014 \u20b92m","Information Technology (IT) Consultant":"Avg. Salary \u20b9391k \u2014 \u20b92m","Business Analyst, IT":"Avg. Salary \u20b9275k \u2014 \u20b91m"}}