{"0":{"job_title":"Senior_Systems_Engineer","avg_salary":"\u20b9533,968","salary_component":["Base Salary","Bonus","Profit Sharing","Commission","Total Pay"],"Base Salary":"\u20b9371k - \u20b91m","Bonus":"\u20b95k - \u20b9167k","Profit Sharing":"\u20b9500 - \u20b9410k","Commission":"\u20b90 - \u20b9900k","Total Pay":"\u20b9383k - \u20b91m","pay_by_experience_percent":["Entry Level","Early Career","Mid Career","Late Career","Experienced"],"Entry Level":"-25%","Early Career":"-13%","Mid Career":"53%","Late Career":"138%","Experienced":"345%","pay_by_experience_years":["1","1-4"],"1":"\u20b9402,363","1-4":"\u20b9462,968","gender_component":["Male","Female","Prefer to self-define"],"Male":"82.4","Female":"17.4","Prefer to self-define":"0.2","health_benefits_componentt":["Medical","Dental","Vision","None"],"Medical":"77","Dental":"7","Vision":"8","None":"22","popular_skills_component":["Systems Engineering","Linux","Java","SQL","Requirements Analysis"],"Systems Engineering":"\u20b9570,631","Linux":"\u20b9724,780","Java":"\u20b9469,883","SQL":"\u20b9472,467","Requirements Analysis":"\u20b9689,855","affect_skills_component":["Driver\/Core Development","Kernel Development","Switches & Firewall Installation and Administration","Storage Area Networking (SAN)","Virtualization","Chef (Opscode)","Cloud Computing","SAP High Performance Analytic Appliance (SAP HANA)","C Programming Language","BMC Remedy Software"],"Driver\/Core Development":"225%","Kernel Development":"215%","Switches & Firewall Installation and Administration":"182%","Storage Area Networking (SAN)":"181%","Virtualization":"143%","Chef (Opscode)":"142%","Cloud Computing":"132%","SAP High Performance Analytic Appliance (SAP HANA)":"128%","C Programming Language":"125%","BMC Remedy Software":"102%","career_path_component":["Information Technology (IT) Manager","Information Technology (IT) Consultant","Team Leader, IT"],"location_component":["Bangalore, Karnataka","Pune, Maharashtra","Chennai, Tamil Nadu","Hyderabad, Andhra Pradesh","Mumbai, Maharashtra","Kolkata, West Bengal","Gurgaon, Haryana","Mysore, Karnataka","Chandigarh, Chandigarh","Noida, Uttar Pradesh"],"Bangalore, Karnataka":"25%","Pune, Maharashtra":"-8%","Chennai, Tamil Nadu":"-7%","Hyderabad, Andhra Pradesh":"-13%","Mumbai, Maharashtra":"27%","Kolkata, West Bengal":"11%","Gurgaon, Haryana":"44%","Mysore, Karnataka":"-19%","Chandigarh, Chandigarh":"-14%","Noida, Uttar Pradesh":"17%","employers_component":["InfoSys Limited","IBM India Private Limited","Cognizant","Siemens","Cognizant Technology Solutions Corp","Visa, Inc.","Infosys International","CGI Group Inc.","Accenture","International Business Machines (IBM) Corp."],"InfoSys Limited":"Avg. Salary: \u20b9445,028","IBM India Private Limited":"Avg. Salary: \u20b9777,883","Cognizant":"Avg. Salary: \u20b9442,011","Siemens":"Avg. Salary: \u20b9895,985","Cognizant Technology Solutions Corp":"Avg. Salary: \u20b9566,000","Visa, Inc.":"Avg. Salary: \u20b91,579,280","Infosys International":"Avg. Salary: \u20b9449,733","CGI Group Inc.":"Avg. Salary: \u20b9670,818","Accenture":"Avg. Salary: \u20b9648,000","International Business Machines (IBM) Corp.":"Avg. Salary: \u20b9712,155","related_job_component":["Senior Software Engineer","Software Engineer","Software Developer","Sr. Software Engineer \/ Developer \/ Programmer","Team Leader, IT","Information Technology (IT) Consultant","Associate Software Engineer","Software Engineer \/ Developer \/ Programmer","Web Developer"],"Senior Software Engineer":"Avg. Salary \u20b9493k \u2014 \u20b92m","Software Engineer":"Avg. Salary \u20b9263k \u2014 \u20b91m","Software Developer":"Avg. Salary \u20b9214k \u2014 \u20b91m","Sr. Software Engineer \/ Developer \/ Programmer":"Avg. Salary \u20b9432k \u2014 \u20b92m","Team Leader, IT":"Avg. Salary \u20b9584k \u2014 \u20b92m","Information Technology (IT) Consultant":"Avg. Salary \u20b9391k \u2014 \u20b92m","Associate Software Engineer":"Avg. Salary \u20b9240k \u2014 \u20b91m","Software Engineer \/ Developer \/ Programmer":"Avg. Salary \u20b9225k \u2014 \u20b91m","Web Developer":"Avg. Salary \u20b9124k \u2014 \u20b9779k"}}