{"0":{"job_title":"Software_Engineering_Manager","avg_salary":"\u20b92,983,362","salary_component":["Base Salary","Bonus","Profit Sharing","Total Pay"],"Base Salary":"\u20b92m - \u20b95m","Bonus":"\u20b9100k - \u20b9831k","Profit Sharing":"\u20b9100k - \u20b92m","Total Pay":"\u20b92m - \u20b95m","pay_by_experience_percent":["Early Career","Mid Career","Late Career","Experienced"],"Early Career":"-3%","Mid Career":"-10%","Late Career":"2%","Experienced":"24%","pay_by_experience_years":["1-4","5-9"],"1-4":"\u20b92,891,717","5-9":"\u20b92,687,002","gender_component":["Male","Female","Prefer to self-define"],"Male":"92.6","Female":"7.0","Prefer to self-define":"0.4","health_benefits_componentt":["Medical","Dental","Vision","None"],"Medical":"87","Dental":"16","Vision":"11","None":"13","popular_skills_component":["Software Development Management","People Management","Software Architecture","Agile Software Development","Project Management"],"Software Development Management":"\u20b93,016,965","People Management":"\u20b92,965,045","Software Architecture":"\u20b93,158,606","Agile Software Development":"\u20b92,875,341","Project Management":"\u20b92,905,585","affect_skills_component":["Apache Spark","Apache Hadoop","Machine Learning","Spring","Distributed Systems","Team Management","Linux","Product Management","Big Data Analytics","Java"],"Apache Spark":"57%","Apache Hadoop":"53%","Machine Learning":"44%","Spring":"37%","Distributed Systems":"27%","Team Management":"27%","Linux":"17%","Product Management":"15%","Big Data Analytics":"14%","Java":"9%","career_path_component":["Senior Engineering Manager","Director of Engineering","Project Manager, (Unspecified Type \/ Gen..."],"location_component":["Bangalore, Karnataka","Pune, Maharashtra","Chennai, Tamil Nadu","Gurgaon, Haryana","Hyderabad, Andhra Pradesh","Mumbai, Maharashtra","New Delhi, Delhi","Ahmedabad, Gujarat","Noida, Uttar Pradesh","Delhi, Delhi"],"Bangalore, Karnataka":"10%","Pune, Maharashtra":"-9%","Chennai, Tamil Nadu":"-16%","Gurgaon, Haryana":"7%","Hyderabad, Andhra Pradesh":"-4%","Mumbai, Maharashtra":"-22%","New Delhi, Delhi":"-2%","Ahmedabad, Gujarat":"-32%","Noida, Uttar Pradesh":"1%","Delhi, Delhi":"-8%","employers_component":["Cisco Systems Inc","Walmart.com","Automatic Data Processing, Inc. (ADP)","Unisys Corporation","Cerner Corporation","Amdocs, Inc,.","Apple Computer, Inc","Flipkart","Expedia, Inc."],"Cisco Systems Inc":"Avg. Salary: \u20b93,106,792","Walmart.com":"Avg. Salary: \u20b94,286,867","Automatic Data Processing, Inc. (ADP)":"Avg. Salary: \u20b93,563,992","Unisys Corporation":"Avg. Salary: \u20b92,363,917","Cerner Corporation":"Avg. Salary: \u20b91,810,000","Amdocs, Inc,.":"Avg. Salary: \u20b92,200,000","Apple Computer, Inc":"Avg. Salary: \u20b94,565,675","Flipkart":"Avg. Salary: \u20b96,000,000","Expedia, Inc.":"Avg. Salary: \u20b94,000,000","related_job_component":["Software Engineer","Senior Software Engineer","Software Developer","Sr. Software Engineer \/ Developer \/ Programmer","Team Leader, IT","Software Engineer \/ Developer \/ Programmer","Associate Software Engineer","Lead Software Engineer","Information Technology (IT) Consultant"],"Software Engineer":"Avg. Salary \u20b9262k \u2014 \u20b91m","Senior Software Engineer":"Avg. Salary \u20b9493k \u2014 \u20b92m","Software Developer":"Avg. Salary \u20b9214k \u2014 \u20b91m","Sr. Software Engineer \/ Developer \/ Programmer":"Avg. Salary \u20b9432k \u2014 \u20b92m","Team Leader, IT":"Avg. Salary \u20b9584k \u2014 \u20b92m","Software Engineer \/ Developer \/ Programmer":"Avg. Salary \u20b9225k \u2014 \u20b91m","Associate Software Engineer":"Avg. Salary \u20b9240k \u2014 \u20b91m","Lead Software Engineer":"Avg. Salary \u20b9780k \u2014 \u20b93m","Information Technology (IT) Consultant":"Avg. Salary \u20b9391k \u2014 \u20b92m"}}