{"0":{"job_title":"Software_Developer","avg_salary":"\u20b9497,909","salary_component":["Base Salary","Bonus","Profit Sharing","Commission","Total Pay"],"Base Salary":"\u20b9214k - \u20b91m","Bonus":"\u20b910k - \u20b9201k","Profit Sharing":"\u20b92k - \u20b9388k","Commission":"\u20b91k - \u20b9294k","Total Pay":"\u20b9225k - \u20b91m","pay_by_experience_percent":["Entry Level","Early Career","Mid Career","Late Career","Experienced"],"Entry Level":"-29%","Early Career":"-4%","Mid Career":"62%","Late Career":"153%","Experienced":"31%","pay_by_experience_years":["1","1-4"],"1":"\u20b9355,069","1-4":"\u20b9476,500","gender_component":["Male","Female","Prefer to self-define"],"Male":"83.8","Female":"15.9","Prefer to self-define":"0.3","health_benefits_componentt":["Medical","Dental","Vision","None"],"Medical":"59","Dental":"5","Vision":"5","None":"40","popular_skills_component":["Java","JavaScript","SQL","C# Programming Language",".NET"],"Java":"\u20b9563,798","JavaScript":"\u20b9497,087","SQL":"\u20b9484,093","C# Programming Language":"\u20b9455,188",".NET":"\u20b9450,679","affect_skills_component":["Algorithm Development","OpenStack","Jenkins","Windows Programming \/ API","Data Warehouse","Ruby","Test Automation","Docker","PeopleSoft Technical","Git"],"Algorithm Development":"131%","OpenStack":"117%","Jenkins":"101%","Windows Programming \/ API":"101%","Data Warehouse":"101%","Ruby":"96%","Test Automation":"91%","Docker":"86%","PeopleSoft Technical":"76%","Git":"73%","career_path_component":["Senior Software Engineer","Sr. Software Engineer \/ Developer \/ Prog...","Software Engineer"],"location_component":["Bangalore, Karnataka","Pune, Maharashtra","Mumbai, Maharashtra","Chennai, Tamil Nadu","Hyderabad, Andhra Pradesh","Gurgaon, Haryana","New Delhi, Delhi","Ahmedabad, Gujarat","Noida, Uttar Pradesh","Kolkata, West Bengal"],"Bangalore, Karnataka":"25%","Pune, Maharashtra":"5%","Mumbai, Maharashtra":"-11%","Chennai, Tamil Nadu":"-3%","Hyderabad, Andhra Pradesh":"3%","Gurgaon, Haryana":"18%","New Delhi, Delhi":"1%","Ahmedabad, Gujarat":"-28%","Noida, Uttar Pradesh":"-5%","Kolkata, West Bengal":"-19%","employers_component":["Tata Consultancy Services Limited","Amdocs, Inc,.","Cognizant","SAP Labs India","Accenture","Cognizant Technology Solutions Corp","InfoSys Limited","Accenture Technology Solutions","Capgemini","IBM India Private Limited"],"Tata Consultancy Services Limited":"Avg. Salary: \u20b9463,413","Amdocs, Inc,.":"Avg. Salary: \u20b9658,191","Cognizant":"Avg. Salary: \u20b9615,893","SAP Labs India":"Avg. Salary: \u20b9921,995","Accenture":"Avg. Salary: \u20b9456,471","Cognizant Technology Solutions Corp":"Avg. Salary: \u20b9635,081","InfoSys Limited":"Avg. Salary: \u20b9485,993","Accenture Technology Solutions":"Avg. Salary: \u20b9453,811","Capgemini":"Avg. Salary: \u20b9586,460","IBM India Private Limited":"Avg. Salary: \u20b9703,977","related_job_component":["Senior Software Engineer","Software Engineer","Sr. Software Engineer \/ Developer \/ Programmer","Team Leader, IT","Software Engineer \/ Developer \/ Programmer","Web Developer","Lead Software Engineer","Java Developer","Associate Software Engineer"],"Senior Software Engineer":"Avg. Salary \u20b9493k \u2014 \u20b92m","Software Engineer":"Avg. Salary \u20b9262k \u2014 \u20b91m","Sr. Software Engineer \/ Developer \/ Programmer":"Avg. Salary \u20b9432k \u2014 \u20b92m","Team Leader, IT":"Avg. Salary \u20b9584k \u2014 \u20b92m","Software Engineer \/ Developer \/ Programmer":"Avg. Salary \u20b9225k \u2014 \u20b91m","Web Developer":"Avg. Salary \u20b9124k \u2014 \u20b9779k","Lead Software Engineer":"Avg. Salary \u20b9780k \u2014 \u20b93m","Java Developer":"Avg. Salary \u20b9197k \u2014 \u20b91m","Associate Software Engineer":"Avg. Salary \u20b9240k \u2014 \u20b91m"}}