{"0":{"job_title":"Software_Engineer","avg_salary":"\u20b9539,889","salary_component":["Base Salary","Bonus","Profit Sharing","Commission","Total Pay"],"Base Salary":"\u20b9262k - \u20b91m","Bonus":"\u20b910k - \u20b9208k","Profit Sharing":"\u20b92k - \u20b9499k","Commission":"\u20b94k - \u20b9204k","Total Pay":"\u20b9282k - \u20b91m","pay_by_experience_percent":["Entry Level","Early Career","Mid Career","Late Career","Experienced"],"Entry Level":"-25%","Early Career":"-6%","Mid Career":"66%","Late Career":"180%","Experienced":"51%","pay_by_experience_years":["1","1-4"],"1":"\u20b9405,087","1-4":"\u20b9505,828","gender_component":["Male","Female","Prefer to self-define"],"Male":"83.9","Female":"16.0","Prefer to self-define":"0.2","health_benefits_componentt":["Medical","Dental","Vision","None"],"Medical":"70","Dental":"8","Vision":"7","None":"29","popular_skills_component":["Java","SQL","JavaScript","C# Programming Language","Python"],"Java":"\u20b9580,974","SQL":"\u20b9500,373","JavaScript":"\u20b9554,193","C# Programming Language":"\u20b9508,819","Python":"\u20b9636,503","affect_skills_component":["Kernel Development","Design","Haskell Programming Language","Verilog","Database Development","Distributed Systems","SDN (Software Defined Network)","Network Architecture \/ Design","Storage Area Networking (SAN)","VxWorks"],"Kernel Development":"280%","Design":"215%","Haskell Programming Language":"211%","Verilog":"191%","Database Development":"189%","Distributed Systems":"178%","SDN (Software Defined Network)":"178%","Network Architecture \/ Design":"178%","Storage Area Networking (SAN)":"178%","VxWorks":"169%","career_path_component":["Senior Software Engineer","Sr. Software Engineer \/ Developer \/ Prog...","Lead Software Engineer"],"location_component":["Bangalore, Karnataka","Pune, Maharashtra","Chennai, Tamil Nadu","Hyderabad, Andhra Pradesh","Mumbai, Maharashtra","Noida, Uttar Pradesh","Gurgaon, Haryana","New Delhi, Delhi","Ahmedabad, Gujarat","Delhi, Delhi"],"Bangalore, Karnataka":"18%","Pune, Maharashtra":"-2%","Chennai, Tamil Nadu":"-7%","Hyderabad, Andhra Pradesh":"4%","Mumbai, Maharashtra":"-7%","Noida, Uttar Pradesh":"-7%","Gurgaon, Haryana":"27%","New Delhi, Delhi":"11%","Ahmedabad, Gujarat":"-24%","Delhi, Delhi":"-2%","employers_component":["Tata Consultancy Services Limited","HCL Technologies Ltd.","Capgemini","Techmahindra Ltd","Accenture Technology Solutions","Accenture","Cisco Systems Inc","InfoSys Limited","CGI Group Inc.","Cognizant"],"Tata Consultancy Services Limited":"Avg. Salary: \u20b9424,477","HCL Technologies Ltd.":"Avg. Salary: \u20b9394,779","Capgemini":"Avg. Salary: \u20b9338,324","Techmahindra Ltd":"Avg. Salary: \u20b9381,423","Accenture Technology Solutions":"Avg. Salary: \u20b9461,207","Accenture":"Avg. Salary: \u20b9493,473","Cisco Systems Inc":"Avg. Salary: \u20b91,278,259","InfoSys Limited":"Avg. Salary: \u20b9418,051","CGI Group Inc.":"Avg. Salary: \u20b9477,775","Cognizant":"Avg. Salary: \u20b9638,929","related_job_component":["Senior Software Engineer","Software Developer","Sr. Software Engineer \/ Developer \/ Programmer","Team Leader, IT","Information Technology (IT) Consultant","Software Engineer \/ Developer \/ Programmer","Web Developer","Lead Software Engineer","Associate Software Engineer"],"Senior Software Engineer":"Avg. Salary \u20b9493k \u2014 \u20b92m","Software Developer":"Avg. Salary \u20b9214k \u2014 \u20b91m","Sr. Software Engineer \/ Developer \/ Programmer":"Avg. Salary \u20b9432k \u2014 \u20b92m","Team Leader, IT":"Avg. Salary \u20b9584k \u2014 \u20b92m","Information Technology (IT) Consultant":"Avg. Salary \u20b9391k \u2014 \u20b92m","Software Engineer \/ Developer \/ Programmer":"Avg. Salary \u20b9225k \u2014 \u20b91m","Web Developer":"Avg. Salary \u20b9124k \u2014 \u20b9779k","Lead Software Engineer":"Avg. Salary \u20b9780k \u2014 \u20b93m","Associate Software Engineer":"Avg. Salary \u20b9240k \u2014 \u20b91m"}}