{"0":{"job_title":"Software_Architect","avg_salary":"\u20b92,135,024","salary_component":["Base Salary","Bonus","Profit Sharing","Total Pay"],"Base Salary":"\u20b91m - \u20b94m","Bonus":"\u20b958k - \u20b9577k","Profit Sharing":"\u20b910k - \u20b9685k","Total Pay":"\u20b91m - \u20b94m","pay_by_experience_percent":["Entry Level","Early Career","Mid Career","Late Career","Experienced"],"Entry Level":"-54%","Early Career":"-45%","Mid Career":"-17%","Late Career":"7%","Experienced":"44%","pay_by_experience_years":["1","1-4"],"1":"\u20b9977,473","1-4":"\u20b91,168,548","gender_component":["Male","Female","Prefer to self-define"],"Male":"95.2","Female":"4.6","Prefer to self-define":"0.2","health_benefits_componentt":["Medical","Dental","Vision","None"],"Medical":"81","Dental":"12","Vision":"10","None":"19","popular_skills_component":["Software Architecture","Java",".NET","Java\/J2EE","C# Programming Language"],"Software Architecture":"\u20b92,325,694","Java":"\u20b92,315,062",".NET":"\u20b92,082,978","Java\/J2EE":"\u20b92,293,664","C# Programming Language":"\u20b92,230,610","affect_skills_component":["Apache Kafka","Agile Software Development","Docker","Big Data Analytics","Cloud Computing","Internet of Things (IoT)","Android Software Development Kit (SDK)","Cascading Style Sheets (CSS)","iOS","Scala"],"Apache Kafka":"86%","Agile Software Development":"45%","Docker":"43%","Big Data Analytics":"41%","Cloud Computing":"31%","Internet of Things (IoT)":"31%","Android Software Development Kit (SDK)":"28%","Cascading Style Sheets (CSS)":"26%","iOS":"26%","Scala":"26%","career_path_component":["Senior Software Architect","Technical Architect","Solutions Architect"],"location_component":["Bangalore, Karnataka","Pune, Maharashtra","Chennai, Tamil Nadu","Hyderabad, Andhra Pradesh","Mumbai, Maharashtra","Noida, Uttar Pradesh","Gurgaon, Haryana","Coimbatore, Tamil Nadu","New Delhi, Delhi","Kolkata, West Bengal"],"Bangalore, Karnataka":"14%","Pune, Maharashtra":"3%","Chennai, Tamil Nadu":"-13%","Hyderabad, Andhra Pradesh":"-2%","Mumbai, Maharashtra":"-6%","Noida, Uttar Pradesh":"-5%","Gurgaon, Haryana":"1%","Coimbatore, Tamil Nadu":"-37%","New Delhi, Delhi":"13%","Kolkata, West Bengal":"-31%","employers_component":["SAP Labs India","Robert Bosch Engineering and Business Solutions Limited","Wipro Technologies Ltd.","Tata Consultancy Services Limited","UST Global Inc","Robert Bosch","Nokia, Inc.","HCL Technologies Ltd.","Cerner Corporation","Cognizant Technology Solutions Corp"],"SAP Labs India":"Avg. Salary: \u20b92,398,658","Robert Bosch Engineering and Business Solutions Limited":"Avg. Salary: \u20b91,465,000","Wipro Technologies Ltd.":"Avg. Salary: \u20b91,500,000","Tata Consultancy Services Limited":"Avg. Salary: \u20b91,651,561","UST Global Inc":"Avg. Salary: \u20b91,529,639","Robert Bosch":"Avg. Salary: \u20b91,725,000","Nokia, Inc.":"Avg. Salary: \u20b92,822,321","HCL Technologies Ltd.":"Avg. Salary: \u20b92,153,500","Cerner Corporation":"Avg. Salary: \u20b91,632,983","Cognizant Technology Solutions Corp":"Avg. Salary: \u20b91,487,395","related_job_component":["Software Engineer","Senior Software Engineer","Software Developer","Sr. Software Engineer \/ Developer \/ Programmer","Team Leader, IT","Software Engineer \/ Developer \/ Programmer","Lead Software Engineer","Web Developer","Associate Software Engineer"],"Software Engineer":"Avg. Salary \u20b9262k \u2014 \u20b91m","Senior Software Engineer":"Avg. Salary \u20b9493k \u2014 \u20b92m","Software Developer":"Avg. Salary \u20b9214k \u2014 \u20b91m","Sr. Software Engineer \/ Developer \/ Programmer":"Avg. Salary \u20b9432k \u2014 \u20b92m","Team Leader, IT":"Avg. Salary \u20b9584k \u2014 \u20b92m","Software Engineer \/ Developer \/ Programmer":"Avg. Salary \u20b9225k \u2014 \u20b91m","Lead Software Engineer":"Avg. Salary \u20b9780k \u2014 \u20b93m","Web Developer":"Avg. Salary \u20b9124k \u2014 \u20b9779k","Associate Software Engineer":"Avg. Salary \u20b9240k \u2014 \u20b91m"}}