{"0":{"job_title":"Software_Development_Manager","avg_salary":"\u20b92,461,944","salary_component":["Base Salary","Bonus","Profit Sharing","Total Pay"],"Base Salary":"\u20b91m - \u20b94m","Bonus":"\u20b997k - \u20b9789k","Profit Sharing":"\u20b92k - \u20b91m","Total Pay":"\u20b91m - \u20b95m","pay_by_experience_percent":["Early Career","Mid Career","Late Career","Experienced"],"Early Career":"-19%","Mid Career":"-28%","Late Career":"3%","Experienced":"22%","pay_by_experience_years":["1-4","5-9"],"1-4":"\u20b92,000,000","5-9":"\u20b91,777,358","gender_component":["Male","Female"],"Male":"89.8","Female":"10.2","health_benefits_componentt":["Medical","Dental","Vision","None"],"Medical":"83","Dental":"13","Vision":"11","None":"17","popular_skills_component":["People Management","Agile Software Development","Software Development","Project Management","Software Development Management"],"People Management":"\u20b92,540,747","Agile Software Development":"\u20b92,543,670","Software Development":"\u20b92,533,636","Project Management":"\u20b92,308,399","Software Development Management":"20%","affect_skills_component":["Big Data Analytics","Strategic Project Management","Team Leadership","jQuery Mobile","Apache Tomcat Application Server","Spring","Hibernate","Software Development Management","Apache Hadoop","J2EE"],"Big Data Analytics":"90%","Strategic Project Management":"54%","Team Leadership":"54%","jQuery Mobile":"31%","Apache Tomcat Application Server":"27%","Spring":"25%","Hibernate":"21%","Apache Hadoop":"17%","J2EE":"15%","career_path_component":["Software Development Director","Director of Engineering","Software Engineering Manager"],"location_component":["Bangalore, Karnataka","Pune, Maharashtra","Hyderabad, Andhra Pradesh","Mumbai, Maharashtra","Chennai, Tamil Nadu","Gurgaon, Haryana","Ahmedabad, Gujarat","Delhi, Delhi","Noida, Uttar Pradesh","New Delhi, Delhi"],"Bangalore, Karnataka":"16%","Pune, Maharashtra":"-8%","Hyderabad, Andhra Pradesh":"8%","Mumbai, Maharashtra":"-36%","Chennai, Tamil Nadu":"-12%","Gurgaon, Haryana":"-13%","Ahmedabad, Gujarat":"-42%","Delhi, Delhi":"%","Noida, Uttar Pradesh":"3%","New Delhi, Delhi":"-19%","employers_component":["Amdocs, Inc,.","Oracle","Amazon.com Inc","SAP Labs India","Oracle Corp.","Bentley Systems, Incorporated"],"Amdocs, Inc,.":"Avg. Salary: \u20b92,341,818","Oracle":"Avg. Salary: \u20b91,793,039","Amazon.com Inc":"Avg. Salary: \u20b93,096,973","SAP Labs India":"Avg. Salary: \u20b93,300,000","Oracle Corp.":"Avg. Salary: \u20b92,150,000","Bentley Systems, Incorporated":"Avg. Salary: \u20b92,500,000","related_job_component":["Software Engineer","Senior Software Engineer","Software Developer","Sr. Software Engineer \/ Developer \/ Programmer","Team Leader, IT","Software Engineer \/ Developer \/ Programmer","Java Developer","Associate Software Engineer","Lead Software Engineer"],"Software Engineer":"Avg. Salary \u20b9262k \u2014 \u20b91m","Senior Software Engineer":"Avg. Salary \u20b9493k \u2014 \u20b92m","Software Developer":"Avg. Salary \u20b9214k \u2014 \u20b91m","Sr. Software Engineer \/ Developer \/ Programmer":"Avg. Salary \u20b9432k \u2014 \u20b92m","Team Leader, IT":"Avg. Salary \u20b9584k \u2014 \u20b92m","Software Engineer \/ Developer \/ Programmer":"Avg. Salary \u20b9225k \u2014 \u20b91m","Java Developer":"Avg. Salary \u20b9197k \u2014 \u20b91m","Associate Software Engineer":"Avg. Salary \u20b9240k \u2014 \u20b91m","Lead Software Engineer":"Avg. Salary \u20b9780k \u2014 \u20b93m"}}