{"0":{"job_title":"Software_Development_Engineer_(SDE)","avg_salary":"\u20b91,191,021","salary_component":["Base Salary","Bonus","Profit Sharing","Total Pay"],"Base Salary":"\u20b9427k - \u20b92m","Bonus":"\u20b940k - \u20b9582k","Profit Sharing":"\u20b926k - \u20b9972k","Total Pay":"\u20b9453k - \u20b93m","pay_by_experience_percent":["Entry Level","Early Career","Mid Career","Late Career"],"Entry Level":"-16%","Early Career":"-10%","Mid Career":"51%","Late Career":"101%","pay_by_experience_years":["1"],"1":"\u20b9999,396","gender_component":["Male","Female"],"Male":"88.9","Female":"11.1","health_benefits_componentt":["Medical","Dental","Vision","None"],"Medical":"80","Dental":"15","Vision":"13","None":"20","popular_skills_component":["Java","Object Oriented Programming (OOP)","Algorithm Development","JavaScript","Software Development"],"Java":"\u20b91,327,737","Object Oriented Programming (OOP)":"\u20b91,289,048","Algorithm Development":"18%","JavaScript":"\u20b9822,545","Software Development":"14%","affect_skills_component":["Agile Software Development","Storm","Big Data Analytics","Apache Spark","Amazon Web Services (AWS)","Algorithm Development","VB.Net","Java\/J2EE","Software Development","Apache Kafka"],"Agile Software Development":"68%","Storm":"29%","Big Data Analytics":"26%","Apache Spark":"22%","Amazon Web Services (AWS)":"21%","VB.Net":"18%","Java\/J2EE":"15%","Apache Kafka":"12%","career_path_component":["Senior Software Engineer","Java Software Developer \/ Programmer","Software Development Manager"],"location_component":["Bangalore, Karnataka","Hyderabad, Andhra Pradesh","Chennai, Tamil Nadu","Gurgaon, Haryana","Pune, Maharashtra","Mumbai, Maharashtra","Noida, Uttar Pradesh","New Delhi, Delhi","Delhi, Delhi","Ahmedabad, Gujarat"],"Bangalore, Karnataka":"9%","Hyderabad, Andhra Pradesh":"9%","Chennai, Tamil Nadu":"-21%","Gurgaon, Haryana":"4%","Pune, Maharashtra":"-30%","Mumbai, Maharashtra":"-32%","Noida, Uttar Pradesh":"-42%","New Delhi, Delhi":"3%","Delhi, Delhi":"-20%","Ahmedabad, Gujarat":"-50%","employers_component":["Amazon.com Inc","Expedia, Inc.","OYO Rooms","Flipkart","McAfee, Inc.","Microsoft India","Microsoft Corp","Intel Corporation","Adobe Systems Incorporated","HTC Global Services Inc.,"],"Amazon.com Inc":"Avg. Salary: \u20b91,461,226","Expedia, Inc.":"Avg. Salary: \u20b91,967,417","OYO Rooms":"Avg. Salary: \u20b91,216,414","Flipkart":"Avg. Salary: \u20b91,920,755","McAfee, Inc.":"Avg. Salary: \u20b91,163,279","Microsoft India":"Avg. Salary: \u20b91,832,500","Microsoft Corp":"Avg. Salary: \u20b91,671,014","Intel Corporation":"Avg. Salary: \u20b91,567,158","Adobe Systems Incorporated":"Avg. Salary: \u20b91,514,117","HTC Global Services Inc.,":"Avg. Salary: \u20b9356,000","related_job_component":["Software Engineer","Senior Software Engineer","Software Developer","Sr. Software Engineer \/ Developer \/ Programmer","Web Developer","Team Leader, IT","Software Engineer \/ Developer \/ Programmer","Associate Software Engineer","Lead Software Engineer"],"Software Engineer":"Avg. Salary \u20b9262k \u2014 \u20b91m","Senior Software Engineer":"Avg. Salary \u20b9493k \u2014 \u20b92m","Software Developer":"Avg. Salary \u20b9214k \u2014 \u20b91m","Sr. Software Engineer \/ Developer \/ Programmer":"Avg. Salary \u20b9432k \u2014 \u20b92m","Web Developer":"Avg. Salary \u20b9124k \u2014 \u20b9779k","Team Leader, IT":"Avg. Salary \u20b9584k \u2014 \u20b92m","Software Engineer \/ Developer \/ Programmer":"Avg. Salary \u20b9225k \u2014 \u20b91m","Associate Software Engineer":"Avg. Salary \u20b9240k \u2014 \u20b91m","Lead Software Engineer":"Avg. Salary \u20b9780k \u2014 \u20b93m"}}