{"0":{"job_title":"Software_Engineer_%2F_Developer_%2F_Programmer","avg_salary":"\u20b9488,906","salary_component":["Base Salary","Bonus","Profit Sharing","Commission","Total Pay"],"Base Salary":"\u20b9225k - \u20b91m","Bonus":"\u20b910k - \u20b9199k","Profit Sharing":"\u20b941 - \u20b9480k","Commission":"\u20b90 - \u20b912k","Total Pay":"\u20b9235k - \u20b91m","pay_by_experience_percent":["Entry Level","Early Career","Mid Career","Late Career"],"Entry Level":"-28%","Early Career":"-5%","Mid Career":"64%","Late Career":"143%","pay_by_experience_years":["1"],"1":"\u20b9353,904","gender_component":["Male","Female","Prefer to self-define"],"Male":"80.8","Female":"18.8","Prefer to self-define":"0.3","health_benefits_componentt":["Medical","Dental","Vision","None"],"Medical":"65","Dental":"7","Vision":"7","None":"35","popular_skills_component":["SQL","JavaScript","Java","Python","C# Programming Language"],"SQL":"\u20b9437,817","JavaScript":"\u20b9482,049","Java":"\u20b9485,932","Python":"\u20b9507,828","C# Programming Language":"\u20b9466,061","affect_skills_component":["Apache Kafka","Jenkins","Kernel Development","Business Intelligence","eXtensible Markup Language (XML)","Kubernetes","ServiceNow","SAP ABAP","Data Mining","Algorithm Development"],"Apache Kafka":"207%","Jenkins":"207%","Kernel Development":"135%","Business Intelligence":"120%","eXtensible Markup Language (XML)":"105%","Kubernetes":"101%","ServiceNow":"94%","SAP ABAP":"74%","Data Mining":"74%","Algorithm Development":"69%","career_path_component":["Senior Software Engineer","Sr. Software Engineer \/ Developer \/ Prog...","Software Engineer"],"location_component":["Bangalore, Karnataka","Chennai, Tamil Nadu","Pune, Maharashtra","Hyderabad, Andhra Pradesh","Mumbai, Maharashtra","New Delhi, Delhi","Ahmedabad, Gujarat","Gurgaon, Haryana","Kolkata, West Bengal","Noida, Uttar Pradesh"],"Bangalore, Karnataka":"20%","Chennai, Tamil Nadu":"-1%","Pune, Maharashtra":"-3%","Hyderabad, Andhra Pradesh":"-1%","Mumbai, Maharashtra":"-4%","New Delhi, Delhi":"2%","Ahmedabad, Gujarat":"-29%","Gurgaon, Haryana":"11%","Kolkata, West Bengal":"2%","Noida, Uttar Pradesh":"-13%","employers_component":["Tata Consultancy Services Limited","InfoSys Limited","Cognizant","Accenture Technology Solutions","SAP Labs India","Cognizant Technology Solutions Corp","Wipro Technologies Ltd.","Capgemini","HCL Technologies Ltd.","Techmahindra Ltd"],"Tata Consultancy Services Limited":"Avg. Salary: \u20b9438,850","InfoSys Limited":"Avg. Salary: \u20b9402,561","Cognizant":"Avg. Salary: \u20b9565,837","Accenture Technology Solutions":"Avg. Salary: \u20b9507,734","SAP Labs India":"Avg. Salary: \u20b9873,294","Cognizant Technology Solutions Corp":"Avg. Salary: \u20b9512,885","Wipro Technologies Ltd.":"Avg. Salary: \u20b9450,000","Capgemini":"Avg. Salary: \u20b9499,100","HCL Technologies Ltd.":"Avg. Salary: \u20b9485,000","Techmahindra Ltd":"Avg. Salary: \u20b9400,000","related_job_component":["Senior Software Engineer","Software Engineer","Software Developer","Sr. Software Engineer \/ Developer \/ Programmer","Team Leader, IT","Web Developer","Associate Software Engineer","Java Developer","Lead Software Engineer"],"Senior Software Engineer":"Avg. Salary \u20b9493k \u2014 \u20b92m","Software Engineer":"Avg. Salary \u20b9262k \u2014 \u20b91m","Software Developer":"Avg. Salary \u20b9214k \u2014 \u20b91m","Sr. Software Engineer \/ Developer \/ Programmer":"Avg. Salary \u20b9432k \u2014 \u20b92m","Team Leader, IT":"Avg. Salary \u20b9584k \u2014 \u20b92m","Web Developer":"Avg. Salary \u20b9124k \u2014 \u20b9779k","Associate Software Engineer":"Avg. Salary \u20b9240k \u2014 \u20b91m","Java Developer":"Avg. Salary \u20b9197k \u2014 \u20b91m","Lead Software Engineer":"Avg. Salary \u20b9780k \u2014 \u20b93m"}}