{"0":{"job_title":"Solutions_Architect","avg_salary":"\u20b91,841,469","salary_component":["Base Salary","Bonus","Profit Sharing","Commission","Total Pay"],"Base Salary":"\u20b9601k - \u20b93m","Bonus":"\u20b950k - \u20b9479k","Profit Sharing":"\u20b910k - \u20b9693k","Commission":"\u20b951k - \u20b9960k","Total Pay":"\u20b9645k - \u20b93m","pay_by_experience_percent":["Entry Level","Early Career","Mid Career","Late Career","Experienced"],"Entry Level":"-73%","Early Career":"-61%","Mid Career":"-19%","Late Career":"12%","Experienced":"36%","pay_by_experience_years":["1","1-4"],"1":"\u20b9499,480","1-4":"\u20b9714,124","gender_component":["Male","Female","Prefer to self-define"],"Male":"92.1","Female":"7.8","Prefer to self-define":"0.1","health_benefits_componentt":["Medical","Dental","Vision","None"],"Medical":"83","Dental":"14","Vision":"13","None":"16","popular_skills_component":["Software Architecture","Cloud Computing","Enterprise Solutions","System Architecture","IT Consulting"],"Software Architecture":"\u20b92,038,656","Cloud Computing":"\u20b91,976,376","Enterprise Solutions":"\u20b92,054,156","System Architecture":"\u20b91,921,995","IT Consulting":"\u20b91,883,504","affect_skills_component":["IBM WebSphere","C Programming Language","IT Security & Infrastructure","Salesforce","Kubernetes","Data Warehouse","Oracle eBusiness Suite","PegaRules","Big Data Analytics","SAP Financial Accounting and Controlling (SAP FICO)"],"IBM WebSphere":"79%","C Programming Language":"47%","IT Security & Infrastructure":"45%","Salesforce":"41%","Kubernetes":"38%","Data Warehouse":"30%","Oracle eBusiness Suite":"25%","PegaRules":"25%","Big Data Analytics":"17%","SAP Financial Accounting and Controlling (SAP FICO)":"17%","career_path_component":["Senior Solutions Architect","Enterprise Architect, IT","Principal Architect"],"location_component":["Bangalore, Karnataka","Pune, Maharashtra","Mumbai, Maharashtra","Chennai, Tamil Nadu","Hyderabad, Andhra Pradesh","Noida, Uttar Pradesh","Gurgaon, Haryana","New Delhi, Delhi","Kolkata, West Bengal","Noida, Delhi"],"Bangalore, Karnataka":"6%","Pune, Maharashtra":"6%","Mumbai, Maharashtra":"-6%","Chennai, Tamil Nadu":"-12%","Hyderabad, Andhra Pradesh":"6%","Noida, Uttar Pradesh":"-3%","Gurgaon, Haryana":"6%","New Delhi, Delhi":"-5%","Kolkata, West Bengal":"-1%","Noida, Delhi":"-1%","employers_component":["Ericsson Inc.","Tata Consultancy Services Limited","Techmahindra Ltd","Wipro Technologies Ltd.","IBM India Private Limited","Amazon.com Inc","HCL Technologies Ltd.","Accenture Technology Solutions","Capgemini","Accenture"],"Ericsson Inc.":"Avg. Salary: \u20b91,549,465","Tata Consultancy Services Limited":"Avg. Salary: \u20b91,722,819","Techmahindra Ltd":"Avg. Salary: \u20b91,648,485","Wipro Technologies Ltd.":"Avg. Salary: \u20b91,986,990","IBM India Private Limited":"Avg. Salary: \u20b92,100,000","Amazon.com Inc":"Avg. Salary: \u20b92,502,523","HCL Technologies Ltd.":"Avg. Salary: \u20b91,700,000","Accenture Technology Solutions":"Avg. Salary: \u20b91,542,530","Capgemini":"Avg. Salary: \u20b91,147,826","Accenture":"Avg. Salary: \u20b91,425,000","related_job_component":["Software Engineer","Senior Software Engineer","Software Developer","Sr. Software Engineer \/ Developer \/ Programmer","Information Technology (IT) Consultant","Team Leader, IT","Software Engineer \/ Developer \/ Programmer","Technical Consultant","Associate Software Engineer"],"Software Engineer":"Avg. Salary \u20b9262k \u2014 \u20b91m","Senior Software Engineer":"Avg. Salary \u20b9493k \u2014 \u20b92m","Software Developer":"Avg. Salary \u20b9214k \u2014 \u20b91m","Sr. Software Engineer \/ Developer \/ Programmer":"Avg. Salary \u20b9432k \u2014 \u20b92m","Information Technology (IT) Consultant":"Avg. Salary \u20b9391k \u2014 \u20b92m","Team Leader, IT":"Avg. Salary \u20b9584k \u2014 \u20b92m","Software Engineer \/ Developer \/ Programmer":"Avg. Salary \u20b9225k \u2014 \u20b91m","Technical Consultant":"Avg. Salary \u20b9312k \u2014 \u20b92m","Associate Software Engineer":"Avg. Salary \u20b9240k \u2014 \u20b91m"}}