{"0":{"job_title":"SQL_Developer","avg_salary":"\u20b9447,426","salary_component":["Base Salary","Bonus","Profit Sharing","Total Pay"],"Base Salary":"\u20b9207k - \u20b9891k","Bonus":"\u20b95k - \u20b9103k","Profit Sharing":"\u20b91k - \u20b9436k","Total Pay":"\u20b9226k - \u20b9934k","pay_by_experience_percent":["Entry Level","Early Career","Mid Career","Late Career"],"Entry Level":"-34%","Early Career":"-9%","Mid Career":"47%","Late Career":"153%","pay_by_experience_years":["1","1-4"],"1":"\u20b9295,089","1-4":"\u20b9405,186","gender_component":["Male","Female"],"Male":"82.4","Female":"17.6","health_benefits_componentt":["Medical","Dental","Vision","None"],"Medical":"67","Dental":"5","Vision":"6","None":"33","popular_skills_component":["SQL","Microsoft SQL Server","PL\/SQL","SQL Server Integration Services (SSIS)","Transact-SQL"],"SQL":"\u20b9426,853","Microsoft SQL Server":"\u20b9442,007","PL\/SQL":"11%","SQL Server Integration Services (SSIS)":"15%","Transact-SQL":"\u20b9458,096","affect_skills_component":["UNIX","Database Management & Reporting","Microsoft Power BI","Oracle","SQL Server Integration Services (SSIS)","Tableau Software","PL\/SQL","Oracle 11g","ETL (Extract, transform, load)","Teradata"],"UNIX":"122%","Database Management & Reporting":"76%","Microsoft Power BI":"26%","Oracle":"20%","Tableau Software":"12%","Oracle 11g":"9%","ETL (Extract, transform, load)":"8%","Teradata":"6%","career_path_component":["Senior Software Engineer","Business Intelligence (BI) Developer","SAP Consultant"],"location_component":["Bangalore, Karnataka","Pune, Maharashtra","Mumbai, Maharashtra","Chennai, Tamil Nadu","Hyderabad, Andhra Pradesh","Gurgaon, Haryana","Noida, Uttar Pradesh","Kolkata, West Bengal","New Delhi, Delhi","Ahmedabad, Gujarat"],"Bangalore, Karnataka":"12%","Pune, Maharashtra":"6%","Mumbai, Maharashtra":"-12%","Chennai, Tamil Nadu":"1%","Hyderabad, Andhra Pradesh":"-13%","Gurgaon, Haryana":"32%","Noida, Uttar Pradesh":"-14%","Kolkata, West Bengal":"-35%","New Delhi, Delhi":"-2%","Ahmedabad, Gujarat":"-23%","employers_component":["Cognizant","Tata Consultancy Services Limited","Cognizant Technology Solutions Corp","Capgemini","Accenture","HCL Technologies Ltd.","Techmahindra Ltd","Synechron Technologies"],"Cognizant":"Avg. Salary: \u20b9597,805","Tata Consultancy Services Limited":"Avg. Salary: \u20b9457,814","Cognizant Technology Solutions Corp":"Avg. Salary: \u20b9525,000","Capgemini":"Avg. Salary: \u20b9450,000","Accenture":"Avg. Salary: \u20b9609,836","HCL Technologies Ltd.":"Avg. Salary: \u20b9420,000","Techmahindra Ltd":"Avg. Salary: \u20b9445,000","Synechron Technologies":"Avg. Salary: \u20b9768,354","related_job_component":["Senior Software Engineer","Software Engineer","Software Developer","Sr. Software Engineer \/ Developer \/ Programmer","Data Analyst","Team Leader, IT","Business Intelligence (BI) Developer","Information Technology (IT) Consultant","Technical Consultant"],"Senior Software Engineer":"Avg. Salary \u20b9493k \u2014 \u20b92m","Software Engineer":"Avg. Salary \u20b9262k \u2014 \u20b91m","Software Developer":"Avg. Salary \u20b9214k \u2014 \u20b91m","Sr. Software Engineer \/ Developer \/ Programmer":"Avg. Salary \u20b9432k \u2014 \u20b92m","Data Analyst":"Avg. Salary \u20b9201k \u2014 \u20b9959k","Team Leader, IT":"Avg. Salary \u20b9584k \u2014 \u20b92m","Business Intelligence (BI) Developer":"Avg. Salary \u20b9288k \u2014 \u20b91m","Information Technology (IT) Consultant":"Avg. Salary \u20b9391k \u2014 \u20b92m","Technical Consultant":"Avg. Salary \u20b9312k \u2014 \u20b92m"}}