{"0":{"job_title":"Sr._Software_Engineer_%2F_Developer_%2F_Programmer","avg_salary":"\u20b9883,010","salary_component":["Base Salary","Bonus","Profit Sharing","Commission","Total Pay"],"Base Salary":"\u20b9432k - \u20b92m","Bonus":"\u20b920k - \u20b9254k","Profit Sharing":"\u20b95k - \u20b9676k","Commission":"\u20b90 - \u20b918k","Total Pay":"\u20b9449k - \u20b92m","pay_by_experience_percent":["Entry Level","Early Career","Mid Career","Late Career","Experienced"],"Entry Level":"-43%","Early Career":"-22%","Mid Career":"11%","Late Career":"66%","Experienced":"93%","pay_by_experience_years":["1"],"1":"\u20b9501,517","gender_component":["Male","Female"],"Male":"84.4","Female":"15.5","health_benefits_componentt":["Medical","Dental","Vision","None"],"Medical":"71","Dental":"8","Vision":"7","None":"29","popular_skills_component":["Java","SQL","JavaScript","C# Programming Language",".NET"],"Java":"\u20b9984,732","SQL":"\u20b9849,445","JavaScript":"\u20b9891,892","C# Programming Language":"\u20b9834,986",".NET":"\u20b9810,799","affect_skills_component":["Storage Area Networking (SAN)","Quality Assurance (QA)","Algorithm Development","Tcl\/Tk","Software Architecture","Virtualization","Test Driven Development (TDD)","Wireless","Kubernetes","Deep Learning"],"Storage Area Networking (SAN)":"155%","Quality Assurance (QA)":"151%","Algorithm Development":"126%","Tcl\/Tk":"115%","Software Architecture":"114%","Virtualization":"104%","Test Driven Development (TDD)":"104%","Wireless":"84%","Kubernetes":"83%","Deep Learning":"83%","career_path_component":["Team Leader, IT","Senior Software Engineer","Technical Architect"],"location_component":["Bangalore, Karnataka","Pune, Maharashtra","Mumbai, Maharashtra","Chennai, Tamil Nadu","Hyderabad, Andhra Pradesh","Gurgaon, Haryana","Noida, Uttar Pradesh","Ahmedabad, Gujarat","New Delhi, Delhi","Kolkata, West Bengal"],"Bangalore, Karnataka":"15%","Pune, Maharashtra":"4%","Mumbai, Maharashtra":"-8%","Chennai, Tamil Nadu":"-12%","Hyderabad, Andhra Pradesh":"4%","Gurgaon, Haryana":"13%","Noida, Uttar Pradesh":"-6%","Ahmedabad, Gujarat":"-29%","New Delhi, Delhi":"-9%","Kolkata, West Bengal":"-16%","employers_component":["Cognizant","Accenture","Tata Consultancy Services Limited","Accenture Technology Solutions","HCL Technologies Ltd.","Cognizant Technology Solutions Corp","Capgemini","IBM India Private Limited","InfoSys Limited","SAP Labs India"],"Cognizant":"Avg. Salary: \u20b9954,161","Accenture":"Avg. Salary: \u20b9836,477","Tata Consultancy Services Limited":"Avg. Salary: \u20b9824,242","Accenture Technology Solutions":"Avg. Salary: \u20b9766,681","HCL Technologies Ltd.":"Avg. Salary: \u20b9674,730","Cognizant Technology Solutions Corp":"Avg. Salary: \u20b9816,328","Capgemini":"Avg. Salary: \u20b9495,359","IBM India Private Limited":"Avg. Salary: \u20b9941,661","InfoSys Limited":"Avg. Salary: \u20b9589,581","SAP Labs India":"Avg. Salary: \u20b91,497,447","related_job_component":["Senior Software Engineer","Software Engineer","Software Developer","Team Leader, IT","Software Engineer \/ Developer \/ Programmer","Web Developer","Lead Software Engineer","Associate Software Engineer","Java Developer"],"Senior Software Engineer":"Avg. Salary \u20b9493k \u2014 \u20b92m","Software Engineer":"Avg. Salary \u20b9262k \u2014 \u20b91m","Software Developer":"Avg. Salary \u20b9214k \u2014 \u20b91m","Team Leader, IT":"Avg. Salary \u20b9584k \u2014 \u20b92m","Software Engineer \/ Developer \/ Programmer":"Avg. Salary \u20b9225k \u2014 \u20b91m","Web Developer":"Avg. Salary \u20b9124k \u2014 \u20b9779k","Lead Software Engineer":"Avg. Salary \u20b9780k \u2014 \u20b93m","Associate Software Engineer":"Avg. Salary \u20b9240k \u2014 \u20b91m","Java Developer":"Avg. Salary \u20b9197k \u2014 \u20b91m"}}