{"0":{"job_title":"Sr._Network_Engineer","avg_salary":"\u20b9740,467","salary_component":["Base Salary","Bonus","Profit Sharing","Commission","Total Pay"],"Base Salary":"\u20b9291k - \u20b92m","Bonus":"\u20b910k - \u20b9156k","Profit Sharing":"\u20b92k - \u20b9262k","Commission":"\u20b90 - \u20b917k","Total Pay":"\u20b9296k - \u20b92m","pay_by_experience_percent":["Entry Level","Early Career","Mid Career","Late Career"],"Entry Level":"-68%","Early Career":"-31%","Mid Career":"6%","Late Career":"40%","pay_by_experience_years":["1","1-4"],"1":"\u20b9240,000","1-4":"\u20b9509,428","gender_component":["Male","Female"],"Male":"97.0","Female":"3.0","health_benefits_componentt":["Medical","Dental","Vision","None"],"Medical":"78","Dental":"7","Vision":"8","None":"22","popular_skills_component":["Cisco Networking","Switching and Routing","Network Management \/ Administration","Switches & Firewall Installation and Administration","Network Architecture \/ Design"],"Cisco Networking":"\u20b9714,557","Switching and Routing":"\u20b9714,879","Network Management \/ Administration":"2%","Switches & Firewall Installation and Administration":"\u20b9721,132","Network Architecture \/ Design":"20%","affect_skills_component":["IP Network","Network Design","f5-Labs","VMware ESX","Network Architecture \/ Design","Network Support","Network Security Management","Network Management \/ Administration","Load Balancers"],"IP Network":"49%","Network Design":"46%","f5-Labs":"41%","VMware ESX":"22%","Network Support":"16%","Network Security Management":"3%","Load Balancers":"1%","career_path_component":["Network Engineer","Project Manager, Information Technology ...","Information Technology (IT) Manager"],"location_component":["Bangalore, Karnataka","Pune, Maharashtra","Mumbai, Maharashtra","Chennai, Tamil Nadu","Hyderabad, Andhra Pradesh","Delhi, Delhi","Noida, Uttar Pradesh","New Delhi, Delhi","Gurgaon, Haryana","Kolkata, West Bengal"],"Bangalore, Karnataka":"12%","Pune, Maharashtra":"-1%","Mumbai, Maharashtra":"-3%","Chennai, Tamil Nadu":"-3%","Hyderabad, Andhra Pradesh":"-11%","Delhi, Delhi":"-19%","Noida, Uttar Pradesh":"7%","New Delhi, Delhi":"-24%","Gurgaon, Haryana":"35%","Kolkata, West Bengal":"-46%","employers_component":["Dimension Data","HCL Technologies Ltd.","Wipro Technologies Ltd.","Ericsson Inc.","Cisco Systems Inc","Wipro","IBM India Private Limited","Sykes Enterprises, Incorporated","Cognizant","Tata Consultancy Services Limited"],"Dimension Data":"Avg. Salary: \u20b9783,829","HCL Technologies Ltd.":"Avg. Salary: \u20b9565,000","Wipro Technologies Ltd.":"Avg. Salary: \u20b9507,500","Ericsson Inc.":"Avg. Salary: \u20b9838,097","Cisco Systems Inc":"Avg. Salary: \u20b9800,000","Wipro":"Avg. Salary: \u20b9800,000","IBM India Private Limited":"Avg. Salary: \u20b9400,000","Sykes Enterprises, Incorporated":"Avg. Salary: \u20b91,334,740","Cognizant":"Avg. Salary: \u20b9819,000","Tata Consultancy Services Limited":"Avg. Salary: \u20b91,000,000","related_job_component":["Network Engineer","Information Technology (IT) Manager","Technical Support Engineer","Systems Engineer (Computer Networking \/ IT)","Mechanical Engineer","System Administrator, Computer \/ Network","Systems Engineer, IT","Civil Engineer","Network Administrator"],"Network Engineer":"Avg. Salary \u20b9164k \u2014 \u20b9808k","Information Technology (IT) Manager":"Avg. Salary \u20b9412k \u2014 \u20b93m","Technical Support Engineer":"Avg. Salary \u20b9174k \u2014 \u20b9883k","Systems Engineer (Computer Networking \/ IT)":"Avg. Salary \u20b9151k \u2014 \u20b9645k","Mechanical Engineer":"Avg. Salary \u20b9152k \u2014 \u20b9983k","System Administrator, Computer \/ Network":"Avg. Salary \u20b9152k \u2014 \u20b9727k","Systems Engineer, IT":"Avg. Salary \u20b9197k \u2014 \u20b9627k","Civil Engineer":"Avg. Salary \u20b9154k \u2014 \u20b9771k","Network Administrator":"Avg. Salary \u20b9159k \u2014 \u20b9729k"}}