{"0":{"job_title":"System_Administrator%2C_Windows_Server","avg_salary":"\u20b9415,157","salary_component":["Base Salary","Bonus","Profit Sharing","Total Pay"],"Base Salary":"\u20b9205k - \u20b9856k","Bonus":"\u20b95k - \u20b9100k","Profit Sharing":"\u20b91k - \u20b9150k","Total Pay":"\u20b9211k - \u20b9895k","pay_by_experience_percent":["Entry Level","Early Career","Mid Career","Late Career"],"Entry Level":"-43%","Early Career":"-16%","Mid Career":"23%","Late Career":"67%","pay_by_experience_years":["1"],"1":"\u20b9237,053","gender_component":["Male","Female"],"Male":"94.3","Female":"5.7","health_benefits_componentt":["Medical","Dental","Vision","None"],"Medical":"70","Dental":"6","Vision":"6","None":"30","popular_skills_component":["Windows Server 2012 R2","Microsoft Active Directory","System Administration","Windows Support","Windows Server 2008 R2"],"Windows Server 2012 R2":"\u20b9423,695","Microsoft Active Directory":"\u20b9443,355","System Administration":"\u20b9415,442","Windows Support":"\u20b9444,196","Windows Server 2008 R2":"\u20b9410,965","affect_skills_component":["Virtualization","Windows PowerShell","Microsoft Azure","Citrix","VMware ESX","Virtual Machine (VM)","Cisco Networking","Windows 2003 Server","Microsoft Exchange","VMware vCenter Server"],"Virtualization":"81%","Windows PowerShell":"81%","Microsoft Azure":"38%","Citrix":"23%","VMware ESX":"22%","Virtual Machine (VM)":"15%","Cisco Networking":"13%","Windows 2003 Server":"10%","Microsoft Exchange":"10%","VMware vCenter Server":"10%","career_path_component":["Information Technology (IT) Manager","Senior Systems Administrator","Technical Consultant"],"location_component":["Bangalore, Karnataka","Pune, Maharashtra","Chennai, Tamil Nadu","Mumbai, Maharashtra","Hyderabad, Andhra Pradesh","Noida, Uttar Pradesh","New Delhi, Delhi","Gurgaon, Haryana","Delhi, Delhi","Kolkata, West Bengal"],"Bangalore, Karnataka":"17%","Pune, Maharashtra":"13%","Chennai, Tamil Nadu":"-14%","Mumbai, Maharashtra":"-5%","Hyderabad, Andhra Pradesh":"6%","Noida, Uttar Pradesh":"10%","New Delhi, Delhi":"23%","Gurgaon, Haryana":"1%","Delhi, Delhi":"14%","Kolkata, West Bengal":"-5%","employers_component":["IBM India Private Limited","Wipro Technologies Ltd.","HCL Technologies Ltd.","Tata Consultancy Services Limited","Techmahindra Ltd","Capgemini","International Business Machines (IBM) Corp.","InfoSys Limited","Wipro","Computer Sciences Corporation (CSC)"],"IBM India Private Limited":"Avg. Salary: \u20b9531,694","Wipro Technologies Ltd.":"Avg. Salary: \u20b9345,000","HCL Technologies Ltd.":"Avg. Salary: \u20b9535,580","Tata Consultancy Services Limited":"Avg. Salary: \u20b9660,000","Techmahindra Ltd":"Avg. Salary: \u20b9362,303","Capgemini":"Avg. Salary: \u20b9390,000","International Business Machines (IBM) Corp.":"Avg. Salary: \u20b9334,000","InfoSys Limited":"Avg. Salary: \u20b9400,000","Wipro":"Avg. Salary: \u20b9554,500","Computer Sciences Corporation (CSC)":"Avg. Salary: \u20b9500,000","related_job_component":["Systems Administrator","Information Technology (IT) Manager","System Administrator, Computer \/ Network","Network Engineer","Systems Engineer, IT","Technical Support Engineer","Systems Engineer (Computer Networking \/ IT)","Mechanical Engineer","Senior Software Engineer"],"Systems Administrator":"Avg. Salary \u20b9179k \u2014 \u20b9915k","Information Technology (IT) Manager":"Avg. Salary \u20b9411k \u2014 \u20b93m","System Administrator, Computer \/ Network":"Avg. Salary \u20b9152k \u2014 \u20b9727k","Network Engineer":"Avg. Salary \u20b9164k \u2014 \u20b9808k","Systems Engineer, IT":"Avg. Salary \u20b9197k \u2014 \u20b9627k","Technical Support Engineer":"Avg. Salary \u20b9174k \u2014 \u20b9883k","Systems Engineer (Computer Networking \/ IT)":"Avg. Salary \u20b9151k \u2014 \u20b9645k","Mechanical Engineer":"Avg. Salary \u20b9152k \u2014 \u20b9983k","Senior Software Engineer":"Avg. Salary \u20b9493k \u2014 \u20b92m"}}