{"0":{"job_title":"Systems_Administrator","avg_salary":"\u20b9402,907","salary_component":["Base Salary","Bonus","Profit Sharing","Commission","Total Pay"],"Base Salary":"\u20b9179k - \u20b9915k","Bonus":"\u20b95k - \u20b9100k","Profit Sharing":"\u20b93k - \u20b9199k","Commission":"\u20b90 - \u20b930k","Total Pay":"\u20b9182k - \u20b9960k","pay_by_experience_percent":["Entry Level","Early Career","Mid Career","Late Career","Experienced"],"Entry Level":"-49%","Early Career":"-12%","Mid Career":"42%","Late Career":"92%","Experienced":"43%","pay_by_experience_years":["1","1-4"],"1":"\u20b9204,307","1-4":"\u20b9355,971","gender_component":["Male","Female"],"Male":"90.0","Female":"10.0","health_benefits_componentt":["Medical","Dental","Vision","None"],"Medical":"68","Dental":"8","Vision":"8","None":"32","popular_skills_component":["System Administration","Microsoft Active Directory","Network Management \/ Administration","VMware ESX","Linux"],"System Administration":"\u20b9401,188","Microsoft Active Directory":"\u20b9444,295","Network Management \/ Administration":"\u20b9353,117","VMware ESX":"\u20b9508,306","Linux":"\u20b9459,417","affect_skills_component":["Virtual Machine (VM)","JBoss Application Server","Microsoft Azure","JIRA","BEA WebLogic","Cloud Computing","IBM MQ Series","IBM WebSphere","Windows Server 2012","Development Operations (DevOps)"],"Virtual Machine (VM)":"103%","JBoss Application Server":"70%","Microsoft Azure":"58%","JIRA":"49%","BEA WebLogic":"49%","Cloud Computing":"49%","IBM MQ Series":"48%","IBM WebSphere":"47%","Windows Server 2012":"44%","Development Operations (DevOps)":"43%","career_path_component":["Senior Systems Administrator","System Administrator, Windows Server","Information Technology (IT) Manager"],"location_component":["Bangalore, Karnataka","Chennai, Tamil Nadu","Pune, Maharashtra","Hyderabad, Andhra Pradesh","Mumbai, Maharashtra","New Delhi, Delhi","Gurgaon, Haryana","Kolkata, West Bengal","Delhi, Delhi","Noida, Uttar Pradesh"],"Bangalore, Karnataka":"19%","Chennai, Tamil Nadu":"-7%","Pune, Maharashtra":"23%","Hyderabad, Andhra Pradesh":"3%","Mumbai, Maharashtra":"-1%","New Delhi, Delhi":"19%","Gurgaon, Haryana":"28%","Kolkata, West Bengal":"-3%","Delhi, Delhi":"-13%","Noida, Uttar Pradesh":"-6%","employers_component":["IBM India Private Limited","Tata Consultancy Services Limited","HCL Technologies Ltd.","Wipro Technologies Ltd.","Wipro","Computer Sciences Corporation (CSC)","InfoSys Limited","L & T Infotech Ltd","Capgemini","Accenture"],"IBM India Private Limited":"Avg. Salary: \u20b9505,281","Tata Consultancy Services Limited":"Avg. Salary: \u20b9432,841","HCL Technologies Ltd.":"Avg. Salary: \u20b9600,000","Wipro Technologies Ltd.":"Avg. Salary: \u20b9400,000","Wipro":"Avg. Salary: \u20b9411,000","Computer Sciences Corporation (CSC)":"Avg. Salary: \u20b9430,000","InfoSys Limited":"Avg. Salary: \u20b9481,000","L & T Infotech Ltd":"Avg. Salary: \u20b9322,500","Capgemini":"Avg. Salary: \u20b9812,301","Accenture":"Avg. Salary: \u20b9489,796","related_job_component":["Senior Software Engineer","Software Engineer","System Administrator, Windows Server","Technical Support Engineer","Information Technology (IT) Manager","Network Engineer","Systems Engineer, IT","System Administrator, Computer \/ Network","Systems Engineer (Computer Networking \/ IT)"],"Senior Software Engineer":"Avg. Salary \u20b9493k \u2014 \u20b92m","Software Engineer":"Avg. Salary \u20b9262k \u2014 \u20b91m","System Administrator, Windows Server":"Avg. Salary \u20b9205k \u2014 \u20b9856k","Technical Support Engineer":"Avg. Salary \u20b9174k \u2014 \u20b9883k","Information Technology (IT) Manager":"Avg. Salary \u20b9412k \u2014 \u20b93m","Network Engineer":"Avg. Salary \u20b9164k \u2014 \u20b9808k","Systems Engineer, IT":"Avg. Salary \u20b9197k \u2014 \u20b9627k","System Administrator, Computer \/ Network":"Avg. Salary \u20b9152k \u2014 \u20b9727k","Systems Engineer (Computer Networking \/ IT)":"Avg. Salary \u20b9151k \u2014 \u20b9645k"}}