{"0":{"job_title":"Systems_Analyst","avg_salary":"\u20b9649,397","salary_component":["Base Salary","Bonus","Profit Sharing","Total Pay"],"Base Salary":"\u20b9246k - \u20b91m","Bonus":"\u20b910k - \u20b9148k","Profit Sharing":"\u20b910 - \u20b9460k","Total Pay":"\u20b9253k - \u20b91m","pay_by_experience_percent":["Entry Level","Early Career","Mid Career","Late Career","Experienced"],"Entry Level":"-55%","Early Career":"-26%","Mid Career":"31%","Late Career":"63%","Experienced":"-8%","pay_by_experience_years":["1","1-4"],"1":"\u20b9294,952","1-4":"\u20b9480,668","gender_component":["Male","Female","Prefer to self-define"],"Male":"78.7","Female":"21.0","Prefer to self-define":"0.3","health_benefits_componentt":["Medical","Dental","Vision","None"],"Medical":"79","Dental":"10","Vision":"9","None":"21","popular_skills_component":["Technical Analysis","SQL","System Administration","Java","Java\/J2EE"],"Technical Analysis":"\u20b9662,286","SQL":"\u20b9704,044","System Administration":"\u20b9486,478","Java":"\u20b9816,648","Java\/J2EE":"\u20b9717,583","affect_skills_component":["Model-view-controller (MVC)","React.js","System Testing","iOS","BusinessObjects",".NET","Python","Software Development","Development Operations (DevOps)","PHP"],"Model-view-controller (MVC)":"116%","React.js":"92%","System Testing":"80%","iOS":"69%","BusinessObjects":"61%",".NET":"54%","Python":"49%","Software Development":"48%","Development Operations (DevOps)":"46%","PHP":"42%","career_path_component":["Senior Systems Analyst","Team Leader, IT","Senior Software Engineer"],"location_component":["Bangalore, Karnataka","Chennai, Tamil Nadu","Pune, Maharashtra","Hyderabad, Andhra Pradesh","Mumbai, Maharashtra","Kolkata, West Bengal","Noida, Uttar Pradesh","Gurgaon, Haryana","Kochi, Kerala","Delhi, Delhi"],"Bangalore, Karnataka":"-4%","Chennai, Tamil Nadu":"5%","Pune, Maharashtra":"17%","Hyderabad, Andhra Pradesh":"22%","Mumbai, Maharashtra":"-3%","Kolkata, West Bengal":"-28%","Noida, Uttar Pradesh":"-47%","Gurgaon, Haryana":"-16%","Kochi, Kerala":"19%","Delhi, Delhi":"-27%","employers_component":["Tata Consultancy Services Limited","UST Global Inc","Hexaware Technologies Inc.","HCL Technologies Ltd.","Atos Origin","Cybage","Accenture","Unisys Corporation","Wipro","IBM India Private Limited"],"Tata Consultancy Services Limited":"Avg. Salary: \u20b9695,666","UST Global Inc":"Avg. Salary: \u20b9852,317","Hexaware Technologies Inc.":"Avg. Salary: \u20b91,019,778","HCL Technologies Ltd.":"Avg. Salary: \u20b9292,774","Atos Origin":"Avg. Salary: \u20b9680,470","Cybage":"Avg. Salary: \u20b91,090,726","Accenture":"Avg. Salary: \u20b9600,000","Unisys Corporation":"Avg. Salary: \u20b9510,500","Wipro":"Avg. Salary: \u20b9348,898","IBM India Private Limited":"Avg. Salary: \u20b9874,286","related_job_component":["Software Engineer","Senior Software Engineer","Software Developer","Sr. Software Engineer \/ Developer \/ Programmer","Team Leader, IT","Information Technology (IT) Consultant","Software Engineer \/ Developer \/ Programmer","Associate Software Engineer","Web Developer"],"Software Engineer":"Avg. Salary \u20b9262k \u2014 \u20b91m","Senior Software Engineer":"Avg. Salary \u20b9493k \u2014 \u20b92m","Software Developer":"Avg. Salary \u20b9214k \u2014 \u20b91m","Sr. Software Engineer \/ Developer \/ Programmer":"Avg. Salary \u20b9432k \u2014 \u20b92m","Team Leader, IT":"Avg. Salary \u20b9584k \u2014 \u20b92m","Information Technology (IT) Consultant":"Avg. Salary \u20b9391k \u2014 \u20b92m","Software Engineer \/ Developer \/ Programmer":"Avg. Salary \u20b9225k \u2014 \u20b91m","Associate Software Engineer":"Avg. Salary \u20b9240k \u2014 \u20b91m","Web Developer":"Avg. Salary \u20b9124k \u2014 \u20b9779k"}}