{"0":{"job_title":"System_Administrator%2C_Computer_%2F_Network","avg_salary":"\u20b9308,344","salary_component":["Base Salary","Bonus","Profit Sharing","Commission","Total Pay"],"Base Salary":"\u20b9152k - \u20b9716k","Bonus":"\u20b92k - \u20b971k","Profit Sharing":"\u20b91k - \u20b9490k","Commission":"\u20b90 - \u20b943k","Total Pay":"\u20b9155k - \u20b9758k","pay_by_experience_percent":["Entry Level","Early Career","Mid Career","Late Career","Experienced"],"Entry Level":"-37%","Early Career":"-9%","Mid Career":"30%","Late Career":"40%","Experienced":"27%","pay_by_experience_years":["1"],"1":"\u20b9194,909","gender_component":["Male","Female"],"Male":"94.9","Female":"5.1","health_benefits_componentt":["Medical","Dental","Vision","None"],"Medical":"54","Dental":"4","Vision":"4","None":"45","popular_skills_component":["Network Management \/ Administration","System Administration","Windows Support","Microsoft Active Directory","Windows Operating System General Use"],"Network Management \/ Administration":"\u20b9302,172","System Administration":"\u20b9312,239","Windows Support":"\u20b9300,097","Microsoft Active Directory":"14%","Windows Operating System General Use":"\u20b9295,130","affect_skills_component":["Virtualization","VMware vCenter Server","Windows Server 2008 R2","Amazon Web Services (AWS)","Microsoft SQL Server","Information Technology Infrastructure Library (ITIL)","Microsoft Exchange","Microsoft Active Directory","SQL","Switches & Firewall Installation and Administration"],"Virtualization":"127%","VMware vCenter Server":"83%","Windows Server 2008 R2":"82%","Amazon Web Services (AWS)":"78%","Microsoft SQL Server":"55%","Information Technology Infrastructure Library (ITIL)":"36%","Microsoft Exchange":"15%","SQL":"9%","Switches & Firewall Installation and Administration":"5%","career_path_component":["Information Technology (IT) Manager","Linux System Administrator","Computer Operator"],"location_component":["Bangalore, Karnataka","Chennai, Tamil Nadu","Pune, Maharashtra","Hyderabad, Andhra Pradesh","Mumbai, Maharashtra","New Delhi, Delhi","Coimbatore, Tamil Nadu","Ahmedabad, Gujarat","Kolkata, West Bengal","Noida, Uttar Pradesh"],"Bangalore, Karnataka":"17%","Chennai, Tamil Nadu":"-1%","Pune, Maharashtra":"18%","Hyderabad, Andhra Pradesh":"-4%","Mumbai, Maharashtra":"15%","New Delhi, Delhi":"7%","Coimbatore, Tamil Nadu":"-32%","Ahmedabad, Gujarat":"14%","Kolkata, West Bengal":"8%","Noida, Uttar Pradesh":"60%","employers_component":["Wipro Technologies Ltd.","Tata Consultancy Services Limited","Wipro","HCL Infosystem Ltd."],"Wipro Technologies Ltd.":"Avg. Salary: \u20b9322,876","Tata Consultancy Services Limited":"Avg. Salary: \u20b9736,608","Wipro":"Avg. Salary: \u20b9400,000","HCL Infosystem Ltd.":"Avg. Salary: \u20b9250,000","related_job_component":["Software Engineer","Senior Software Engineer","Network Engineer","Information Technology (IT) Manager","System Administrator, Windows Server","Technical Support Engineer","Software Developer","Systems Engineer, IT","Systems Administrator"],"Software Engineer":"Avg. Salary \u20b9262k \u2014 \u20b91m","Senior Software Engineer":"Avg. Salary \u20b9493k \u2014 \u20b92m","Network Engineer":"Avg. Salary \u20b9165k \u2014 \u20b9806k","Information Technology (IT) Manager":"Avg. Salary \u20b9411k \u2014 \u20b93m","System Administrator, Windows Server":"Avg. Salary \u20b9205k \u2014 \u20b9856k","Technical Support Engineer":"Avg. Salary \u20b9174k \u2014 \u20b9883k","Software Developer":"Avg. Salary \u20b9214k \u2014 \u20b91m","Systems Engineer, IT":"Avg. Salary \u20b9197k \u2014 \u20b9627k","Systems Administrator":"Avg. Salary \u20b9179k \u2014 \u20b9915k"}}