{"0":{"job_title":"Systems_Engineer_(Computer_Networking_%2F_IT)","avg_salary":"\u20b9321,097","salary_component":["Base Salary","Bonus","Profit Sharing","Commission","Total Pay"],"Base Salary":"\u20b9151k - \u20b9652k","Bonus":"\u20b92k - \u20b9123k","Profit Sharing":"\u20b9507 - \u20b9251k","Commission":"\u20b90 - \u20b9203k","Total Pay":"\u20b9160k - \u20b9713k","pay_by_experience_percent":["Entry Level","Early Career","Mid Career","Late Career","Experienced"],"Entry Level":"-7%","Early Career":"-4%","Mid Career":"21%","Late Career":"82%","Experienced":"199%","pay_by_experience_years":["1"],"1":"\u20b9298,957","gender_component":["Male","Female"],"Male":"93.6","Female":"6.4","health_benefits_componentt":["Medical","Dental","Vision","None"],"Medical":"69","Dental":"7","Vision":"7","None":"31","popular_skills_component":["Network Management \/ Administration","Windows Operating System General Use","Linux","Microsoft Active Directory","Cisco Networking"],"Network Management \/ Administration":"\u20b9299,405","Windows Operating System General Use":"\u20b9288,001","Linux":"\u20b9336,560","Microsoft Active Directory":"\u20b9360,264","Cisco Networking":"\u20b9278,719","affect_skills_component":["EMC","VMware vCenter Server","SAP ABAP","Database","Storage Area Networking (SAN)",".NET","Spring","Active Directory","Information Technology Infrastructure Library (ITIL)","Windows Server 2008 R2"],"EMC":"243%","VMware vCenter Server":"75%","SAP ABAP":"71%","Database":"56%","Storage Area Networking (SAN)":"53%",".NET":"41%","Spring":"39%","Active Directory":"32%","Information Technology Infrastructure Library (ITIL)":"31%","Windows Server 2008 R2":"29%","career_path_component":["Senior Systems Engineer","Senior Software Engineer","Software Engineer"],"location_component":["Bangalore, Karnataka","Chennai, Tamil Nadu","Mumbai, Maharashtra","Pune, Maharashtra","Hyderabad, Andhra Pradesh","Kolkata, West Bengal","Ahmedabad, Gujarat","Delhi, Delhi","New Delhi, Delhi","Gurgaon, Haryana"],"Bangalore, Karnataka":"11%","Chennai, Tamil Nadu":"-6%","Mumbai, Maharashtra":"9%","Pune, Maharashtra":"4%","Hyderabad, Andhra Pradesh":"11%","Kolkata, West Bengal":"7%","Ahmedabad, Gujarat":"-5%","Delhi, Delhi":"-1%","New Delhi, Delhi":"22%","Gurgaon, Haryana":"2%","employers_component":["Tata Consultancy Services Limited","InfoSys Limited","TCSI","3i Infotech Inc.","Cisco Systems Inc","IBM India Private Limited","CGI Group Inc.","International Business Machines (IBM) Corp."],"Tata Consultancy Services Limited":"Avg. Salary: \u20b9390,222","InfoSys Limited":"Avg. Salary: \u20b9354,612","TCSI":"Avg. Salary: \u20b9336,000","3i Infotech Inc.":"Avg. Salary: \u20b9158,193","Cisco Systems Inc":"Avg. Salary: \u20b91,000,000","IBM India Private Limited":"Avg. Salary: \u20b9370,000","CGI Group Inc.":"Avg. Salary: \u20b9506,500","International Business Machines (IBM) Corp.":"Avg. Salary: \u20b9300,000","related_job_component":["Software Engineer","Senior Software Engineer","Software Developer","Sr. Software Engineer \/ Developer \/ Programmer","Team Leader, IT","Information Technology (IT) Consultant","Systems Engineer, IT","Software Engineer \/ Developer \/ Programmer","Associate Software Engineer"],"Software Engineer":"Avg. Salary \u20b9262k \u2014 \u20b91m","Senior Software Engineer":"Avg. Salary \u20b9493k \u2014 \u20b92m","Software Developer":"Avg. Salary \u20b9214k \u2014 \u20b91m","Sr. Software Engineer \/ Developer \/ Programmer":"Avg. Salary \u20b9432k \u2014 \u20b92m","Team Leader, IT":"Avg. Salary \u20b9583k \u2014 \u20b92m","Information Technology (IT) Consultant":"Avg. Salary \u20b9391k \u2014 \u20b92m","Systems Engineer, IT":"Avg. Salary \u20b9197k \u2014 \u20b9627k","Software Engineer \/ Developer \/ Programmer":"Avg. Salary \u20b9225k \u2014 \u20b91m","Associate Software Engineer":"Avg. Salary \u20b9240k \u2014 \u20b91m"}}