{"0":{"job_title":"Systems_Engineer%2C_IT","avg_salary":"\u20b9384,022","salary_component":["Base Salary","Bonus","Profit Sharing","Total Pay"],"Base Salary":"\u20b9197k - \u20b9627k","Bonus":"\u20b92k - \u20b9157k","Profit Sharing":"\u20b9987 - \u20b9127k","Total Pay":"\u20b9214k - \u20b9663k","pay_by_experience_percent":["Entry Level","Early Career","Mid Career","Late Career"],"Entry Level":"-14%","Early Career":"1%","Mid Career":"53%","Late Career":"117%","pay_by_experience_years":["1","1-4"],"1":"\u20b9332,126","1-4":"\u20b9389,388","gender_component":["Male","Female","Prefer to self-define"],"Male":"83.6","Female":"16.2","Prefer to self-define":"0.1","health_benefits_componentt":["Medical","Dental","Vision","None"],"Medical":"78","Dental":"13","Vision":"12","None":"22","popular_skills_component":["System Administration","Java","SQL","Windows Operating System General Use","Linux"],"System Administration":"\u20b9354,714","Java":"\u20b9388,126","SQL":"\u20b9390,380","Windows Operating System General Use":"\u20b9340,924","Linux":"\u20b9396,660","affect_skills_component":["Cloud Computing","Windows PowerShell","Citrix XenApp","Computer Hardware Technician","Windows Communication Foundation (WCF)","Microsoft Hyper-V Server","Windows Server 2008 R2","Virtual Machine (VM)","Perl","IBM WebSphere"],"Cloud Computing":"196%","Windows PowerShell":"190%","Citrix XenApp":"119%","Computer Hardware Technician":"104%","Windows Communication Foundation (WCF)":"82%","Microsoft Hyper-V Server":"69%","Windows Server 2008 R2":"58%","Virtual Machine (VM)":"56%","Perl":"51%","IBM WebSphere":"43%","career_path_component":["Senior Software Engineer","Technology Analyst","Information Technology (IT) Consultant"],"location_component":["Bangalore, Karnataka","Pune, Maharashtra","Chennai, Tamil Nadu","Hyderabad, Andhra Pradesh","Mumbai, Maharashtra","Kolkata, West Bengal","New Delhi, Delhi","Noida, Uttar Pradesh","Gurgaon, Haryana","Delhi, Delhi"],"Bangalore, Karnataka":"5%","Pune, Maharashtra":"-5%","Chennai, Tamil Nadu":"1%","Hyderabad, Andhra Pradesh":"-1%","Mumbai, Maharashtra":"5%","Kolkata, West Bengal":"2%","New Delhi, Delhi":"-6%","Noida, Uttar Pradesh":"-1%","Gurgaon, Haryana":"8%","Delhi, Delhi":"5%","employers_component":["Tata Consultancy Services Limited","InfoSys Limited","IBM India Private Limited","TCSI","Infosys International","Cerner Corporation","International Business Machines (IBM) Corp.","CGI Group Inc.","IBM Global Services","Atos Origin"],"Tata Consultancy Services Limited":"Avg. Salary: \u20b9412,553","InfoSys Limited":"Avg. Salary: \u20b9354,784","IBM India Private Limited":"Avg. Salary: \u20b9378,480","TCSI":"Avg. Salary: \u20b9334,658","Infosys International":"Avg. Salary: \u20b9355,988","Cerner Corporation":"Avg. Salary: \u20b9612,595","International Business Machines (IBM) Corp.":"Avg. Salary: \u20b9367,727","CGI Group Inc.":"Avg. Salary: \u20b9460,000","IBM Global Services":"Avg. Salary: \u20b9360,000","Atos Origin":"Avg. Salary: \u20b9296,138","related_job_component":["Senior Software Engineer","Software Engineer","Software Developer","Sr. Software Engineer \/ Developer \/ Programmer","Team Leader, IT","Information Technology (IT) Consultant","Software Engineer \/ Developer \/ Programmer","Web Developer","Associate Software Engineer"],"Senior Software Engineer":"Avg. Salary \u20b9493k \u2014 \u20b92m","Software Engineer":"Avg. Salary \u20b9262k \u2014 \u20b91m","Software Developer":"Avg. Salary \u20b9214k \u2014 \u20b91m","Sr. Software Engineer \/ Developer \/ Programmer":"Avg. Salary \u20b9432k \u2014 \u20b92m","Team Leader, IT":"Avg. Salary \u20b9584k \u2014 \u20b92m","Information Technology (IT) Consultant":"Avg. Salary \u20b9391k \u2014 \u20b92m","Software Engineer \/ Developer \/ Programmer":"Avg. Salary \u20b9225k \u2014 \u20b91m","Web Developer":"Avg. Salary \u20b9124k \u2014 \u20b9779k","Associate Software Engineer":"Avg. Salary \u20b9240k \u2014 \u20b91m"}}