{"0":{"job_title":"Team_Leader%2C_IT","avg_salary":"\u20b91,158,108","salary_component":["Base Salary","Bonus","Profit Sharing","Commission","Total Pay"],"Base Salary":"\u20b9583k - \u20b92m","Bonus":"\u20b929k - \u20b9248k","Profit Sharing":"\u20b94k - \u20b9511k","Commission":"\u20b90 - \u20b96k","Total Pay":"\u20b9601k - \u20b92m","pay_by_experience_percent":["Early Career","Mid Career","Late Career","Experienced"],"Early Career":"-40%","Mid Career":"-5%","Late Career":"13%","Experienced":"59%","pay_by_experience_years":["1-4","5-9"],"1-4":"\u20b9689,760","5-9":"\u20b91,100,887","gender_component":["Male","Female"],"Male":"86.5","Female":"13.5","health_benefits_componentt":["Medical","Dental","Vision","None"],"Medical":"75","Dental":"6","Vision":"6","None":"24","popular_skills_component":["Team Leadership","SQL","Java",".NET","C# Programming Language"],"Team Leadership":"\u20b91,164,742","SQL":"\u20b91,148,094","Java":"\u20b91,270,485",".NET":"\u20b91,190,547","C# Programming Language":"\u20b91,174,797","affect_skills_component":["IBM i","Apache Cassandra","Software Architecture","Enterprise Resource Planning (ERP)","Scala","Microservices","PeopleSoft Financials","SAP Hybris","Kubernetes","Sencha Ext JS"],"IBM i":"56%","Apache Cassandra":"55%","Software Architecture":"51%","Enterprise Resource Planning (ERP)":"51%","Scala":"50%","Microservices":"49%","PeopleSoft Financials":"48%","SAP Hybris":"48%","Kubernetes":"47%","Sencha Ext JS":"47%","career_path_component":["Project Manager, (Unspecified Type \/ Gen...","Technical Architect","Project Manager, Information Technology ..."],"location_component":["Bangalore, Karnataka","Pune, Maharashtra","Chennai, Tamil Nadu","Mumbai, Maharashtra","Hyderabad, Andhra Pradesh","Gurgaon, Haryana","Noida, Uttar Pradesh","Ahmedabad, Gujarat","New Delhi, Delhi","Kolkata, West Bengal"],"Bangalore, Karnataka":"9%","Pune, Maharashtra":"7%","Chennai, Tamil Nadu":"-12%","Mumbai, Maharashtra":"-9%","Hyderabad, Andhra Pradesh":"2%","Gurgaon, Haryana":"16%","Noida, Uttar Pradesh":"6%","Ahmedabad, Gujarat":"-28%","New Delhi, Delhi":"2%","Kolkata, West Bengal":"-15%","employers_component":["Accenture Technology Solutions","InfoSys Limited","Accenture","HCL Technologies Ltd.","Wipro Technologies Ltd.","Tata Consultancy Services Limited","Cognizant","Techmahindra Ltd","Cognizant Technology Solutions Corp","Persistent Systems"],"Accenture Technology Solutions":"Avg. Salary: \u20b91,123,160","InfoSys Limited":"Avg. Salary: \u20b9985,409","Accenture":"Avg. Salary: \u20b91,137,902","HCL Technologies Ltd.":"Avg. Salary: \u20b91,084,597","Wipro Technologies Ltd.":"Avg. Salary: \u20b9957,789","Tata Consultancy Services Limited":"Avg. Salary: \u20b9999,157","Cognizant":"Avg. Salary: \u20b91,040,027","Techmahindra Ltd":"Avg. Salary: \u20b91,130,672","Cognizant Technology Solutions Corp":"Avg. Salary: \u20b91,105,024","Persistent Systems":"Avg. Salary: \u20b91,049,641","related_job_component":["Senior Software Engineer","Software Engineer","Software Developer","Sr. Software Engineer \/ Developer \/ Programmer","Information Technology (IT) Consultant","Software Engineer \/ Developer \/ Programmer","Web Developer","Associate Software Engineer","Lead Software Engineer"],"Senior Software Engineer":"Avg. Salary \u20b9493k \u2014 \u20b92m","Software Engineer":"Avg. Salary \u20b9262k \u2014 \u20b91m","Software Developer":"Avg. Salary \u20b9214k \u2014 \u20b91m","Sr. Software Engineer \/ Developer \/ Programmer":"Avg. Salary \u20b9432k \u2014 \u20b92m","Information Technology (IT) Consultant":"Avg. Salary \u20b9391k \u2014 \u20b92m","Software Engineer \/ Developer \/ Programmer":"Avg. Salary \u20b9225k \u2014 \u20b91m","Web Developer":"Avg. Salary \u20b9124k \u2014 \u20b9779k","Associate Software Engineer":"Avg. Salary \u20b9240k \u2014 \u20b91m","Lead Software Engineer":"Avg. Salary \u20b9788k \u2014 \u20b93m"}}