{"0":{"job_title":"Technical_Support_Engineer","avg_salary":"\u20b9334,945","salary_component":["Base Salary","Bonus","Profit Sharing","Commission","Total Pay"],"Base Salary":"\u20b9174k - \u20b9883k","Bonus":"\u20b95k - \u20b9130k","Profit Sharing":"\u20b9100 - \u20b9331k","Commission":"\u20b94k - \u20b9196k","Total Pay":"\u20b9175k - \u20b9926k","pay_by_experience_percent":["Entry Level","Early Career","Mid Career","Late Career","Experienced"],"Entry Level":"-33%","Early Career":"-8%","Mid Career":"79%","Late Career":"173%","Experienced":"79%","pay_by_experience_years":["1"],"1":"\u20b9225,444","gender_component":["Male","Female","Prefer to self-define"],"Male":"87.0","Female":"12.8","Prefer to self-define":"0.1","health_benefits_componentt":["Medical","Dental","Vision","None"],"Medical":"70","Dental":"6","Vision":"6","None":"30","popular_skills_component":["Troubleshooting","Customer Service","Network Support","Systems Troubleshooting","Microsoft Office"],"Troubleshooting":"\u20b9339,535","Customer Service":"\u20b9333,514","Network Support":"\u20b9301,408","Systems Troubleshooting":"\u20b9310,932","Microsoft Office":"\u20b9293,350","affect_skills_component":["Network Security Management","Storage Area Networking (SAN)","Virtualization","VMware vCenter Server","Informatica","Cloud Computing","Shell Scripting","Amazon Web Services (AWS)","PostgreSQL","Red Hat Enterprise Linux (RHEL)"],"Network Security Management":"288%","Storage Area Networking (SAN)":"258%","Virtualization":"228%","VMware vCenter Server":"193%","Informatica":"181%","Cloud Computing":"179%","Shell Scripting":"155%","Amazon Web Services (AWS)":"149%","PostgreSQL":"139%","Red Hat Enterprise Linux (RHEL)":"132%","career_path_component":["Senior Technical Support Engineer","Senior Systems Engineer","Information Technology (IT) Consultant"],"location_component":["Bangalore, Karnataka","Pune, Maharashtra","Chennai, Tamil Nadu","Mumbai, Maharashtra","Hyderabad, Andhra Pradesh","Gurgaon, Haryana","New Delhi, Delhi","Ahmedabad, Gujarat","Noida, Uttar Pradesh","Delhi, Delhi"],"Bangalore, Karnataka":"19%","Pune, Maharashtra":"6%","Chennai, Tamil Nadu":"7%","Mumbai, Maharashtra":"-9%","Hyderabad, Andhra Pradesh":"11%","Gurgaon, Haryana":"-1%","New Delhi, Delhi":"10%","Ahmedabad, Gujarat":"-25%","Noida, Uttar Pradesh":"-15%","Delhi, Delhi":"-19%","employers_component":["Vmware, Inc.","IBM India Private Limited","ZOHO Corporation","HP Inc.","Cybage","HCL Technologies Ltd.","Concentrix Corporation","Convergys Corporation","Css Corp","Wipro"],"Vmware, Inc.":"Avg. Salary: \u20b9814,041","IBM India Private Limited":"Avg. Salary: \u20b9324,415","ZOHO Corporation":"Avg. Salary: \u20b9497,063","HP Inc.":"Avg. Salary: \u20b9280,221","Cybage":"Avg. Salary: \u20b9491,707","HCL Technologies Ltd.":"Avg. Salary: \u20b9325,000","Concentrix Corporation":"Avg. Salary: \u20b9332,936","Convergys Corporation":"Avg. Salary: \u20b9300,000","Css Corp":"Avg. Salary: \u20b9352,500","Wipro":"Avg. Salary: \u20b9294,791","related_job_component":["Software Engineer","Senior Software Engineer","Software Developer","Sr. Software Engineer \/ Developer \/ Programmer","Information Technology (IT) Consultant","Team Leader, IT","Systems Engineer, IT","Information Technology (IT) Manager","Software Engineer \/ Developer \/ Programmer"],"Software Engineer":"Avg. Salary \u20b9262k \u2014 \u20b91m","Senior Software Engineer":"Avg. Salary \u20b9493k \u2014 \u20b92m","Software Developer":"Avg. Salary \u20b9214k \u2014 \u20b91m","Sr. Software Engineer \/ Developer \/ Programmer":"Avg. Salary \u20b9432k \u2014 \u20b92m","Information Technology (IT) Consultant":"Avg. Salary \u20b9391k \u2014 \u20b92m","Team Leader, IT":"Avg. Salary \u20b9584k \u2014 \u20b92m","Systems Engineer, IT":"Avg. Salary \u20b9197k \u2014 \u20b9627k","Information Technology (IT) Manager":"Avg. Salary \u20b9412k \u2014 \u20b93m","Software Engineer \/ Developer \/ Programmer":"Avg. Salary \u20b9225k \u2014 \u20b91m"}}