{"0":{"job_title":"Technical_Project_Manager","avg_salary":"\u20b91,572,348","salary_component":["Base Salary","Bonus","Profit Sharing","Total Pay"],"Base Salary":"\u20b9777k - \u20b92m","Bonus":"\u20b949k - \u20b9393k","Profit Sharing":"\u20b95k - \u20b9507k","Total Pay":"\u20b9833k - \u20b93m","pay_by_experience_percent":["Entry Level","Early Career","Mid Career","Late Career","Experienced"],"Entry Level":"-77%","Early Career":"-59%","Mid Career":"-13%","Late Career":"10%","Experienced":"12%","pay_by_experience_years":["1","1-4"],"1":"\u20b9365,000","1-4":"\u20b9651,297","gender_component":["Male","Female","Prefer to self-define"],"Male":"88.7","Female":"10.9","Prefer to self-define":"0.4","health_benefits_componentt":["Medical","Dental","Vision","None"],"Medical":"78","Dental":"10","Vision":"9","None":"22","popular_skills_component":["Project Management","Team Leadership","Technical Analysis","Agile Software Development","Engineering Design"],"Project Management":"\u20b91,575,594","Team Leadership":"\u20b91,557,971","Technical Analysis":"\u20b91,540,790","Agile Software Development":"\u20b91,687,536","Engineering Design":"\u20b91,522,491","affect_skills_component":["Shell Scripting","Android Operating System Development","RESTful Web Services","Python","Big Data Analytics","Program Management","Salesforce","Strategic Project Management","Software Architecture","Node.js"],"Shell Scripting":"53%","Android Operating System Development":"40%","RESTful Web Services":"34%","Python":"34%","Big Data Analytics":"34%","Program Management":"32%","Salesforce":"30%","Strategic Project Management":"27%","Software Architecture":"27%","Node.js":"27%","career_path_component":["Project Manager, (Unspecified Type \/ Gen...","Senior Project Manager, IT","Technical Architect"],"location_component":["Bangalore, Karnataka","Chennai, Tamil Nadu","Pune, Maharashtra","Hyderabad, Andhra Pradesh","Mumbai, Maharashtra","Gurgaon, Haryana","Noida, Uttar Pradesh","Ahmedabad, Gujarat","New Delhi, Delhi","Kolkata, West Bengal"],"Bangalore, Karnataka":"14%","Chennai, Tamil Nadu":"-12%","Pune, Maharashtra":"%","Hyderabad, Andhra Pradesh":"7%","Mumbai, Maharashtra":"-4%","Gurgaon, Haryana":"-2%","Noida, Uttar Pradesh":"-2%","Ahmedabad, Gujarat":"-8%","New Delhi, Delhi":"3%","Kolkata, West Bengal":"-9%","employers_component":["HCL Technologies Ltd.","Cognizant","InfoSys Limited","Robert Bosch","Techmahindra Ltd","Mindtree Consulting","Intel Corporation","Tata Consultancy Services Limited","Wipro Technologies Ltd.","Cognizant Technology Solutions Corp"],"HCL Technologies Ltd.":"Avg. Salary: \u20b91,375,813","Cognizant":"Avg. Salary: \u20b91,504,325","InfoSys Limited":"Avg. Salary: \u20b91,352,431","Robert Bosch":"Avg. Salary: \u20b91,125,000","Techmahindra Ltd":"Avg. Salary: \u20b91,850,000","Mindtree Consulting":"Avg. Salary: \u20b91,649,049","Intel Corporation":"Avg. Salary: \u20b91,424,311","Tata Consultancy Services Limited":"Avg. Salary: \u20b91,299,867","Wipro Technologies Ltd.":"Avg. Salary: \u20b91,135,000","Cognizant Technology Solutions Corp":"Avg. Salary: \u20b91,665,000","related_job_component":["Software Engineer","Senior Software Engineer","Software Developer","Sr. Software Engineer \/ Developer \/ Programmer","Team Leader, IT","Software Engineer \/ Developer \/ Programmer","Lead Software Engineer","Operations Manager","Information Technology (IT) Consultant"],"Software Engineer":"Avg. Salary \u20b9262k \u2014 \u20b91m","Senior Software Engineer":"Avg. Salary \u20b9493k \u2014 \u20b92m","Software Developer":"Avg. Salary \u20b9214k \u2014 \u20b91m","Sr. Software Engineer \/ Developer \/ Programmer":"Avg. Salary \u20b9432k \u2014 \u20b92m","Team Leader, IT":"Avg. Salary \u20b9584k \u2014 \u20b92m","Software Engineer \/ Developer \/ Programmer":"Avg. Salary \u20b9225k \u2014 \u20b91m","Lead Software Engineer":"Avg. Salary \u20b9780k \u2014 \u20b93m","Operations Manager":"Avg. Salary \u20b9297k \u2014 \u20b92m","Information Technology (IT) Consultant":"Avg. Salary \u20b9391k \u2014 \u20b92m"}}