{"0":{"job_title":"Technical_Architect","avg_salary":"\u20b91,893,516","salary_component":["Base Salary","Bonus","Profit Sharing","Total Pay"],"Base Salary":"\u20b91m - \u20b93m","Bonus":"\u20b951k - \u20b9458k","Profit Sharing":"\u20b915k - \u20b9970k","Total Pay":"\u20b91m - \u20b93m","pay_by_experience_percent":["Entry Level","Early Career","Mid Career","Late Career","Experienced"],"Entry Level":"-75%","Early Career":"-45%","Mid Career":"-15%","Late Career":"4%","Experienced":"34%","pay_by_experience_years":["1","1-4"],"1":"\u20b9479,323","1-4":"\u20b91,034,138","gender_component":["Male","Female","Prefer to self-define"],"Male":"92.4","Female":"7.4","Prefer to self-define":"0.3","health_benefits_componentt":["Medical","Dental","Vision","None"],"Medical":"80","Dental":"10","Vision":"9","None":"20","popular_skills_component":["Software Architecture","Java\/J2EE",".NET","Cloud Computing","Java"],"Software Architecture":"\u20b92,020,141","Java\/J2EE":"\u20b91,952,933",".NET":"\u20b91,850,547","Cloud Computing":"\u20b92,052,723","Java":"\u20b91,999,380","affect_skills_component":["Objective-C","Cyber Security","Object Oriented Analysis Design (OO\/AD)","SAP Hybris","Enterprise Application Integration","Big Data Analytics","Team Leadership","Enterprise Solutions","IT Security & Infrastructure","Business Intelligence"],"Objective-C":"97%","Cyber Security":"60%","Object Oriented Analysis Design (OO\/AD)":"48%","SAP Hybris":"48%","Enterprise Application Integration":"37%","Big Data Analytics":"32%","Team Leadership":"32%","Enterprise Solutions":"26%","IT Security & Infrastructure":"24%","Business Intelligence":"21%","career_path_component":["Solutions Architect","Senior Software Architect","Senior Solutions Architect"],"location_component":["Bangalore, Karnataka","Pune, Maharashtra","Chennai, Tamil Nadu","Hyderabad, Andhra Pradesh","Mumbai, Maharashtra","Gurgaon, Haryana","Noida, Uttar Pradesh","New Delhi, Delhi","Kolkata, West Bengal","Delhi, Delhi"],"Bangalore, Karnataka":"9%","Pune, Maharashtra":"1%","Chennai, Tamil Nadu":"-17%","Hyderabad, Andhra Pradesh":"5%","Mumbai, Maharashtra":"-4%","Gurgaon, Haryana":"2%","Noida, Uttar Pradesh":"-2%","New Delhi, Delhi":"13%","Kolkata, West Bengal":"-14%","Delhi, Delhi":"-12%","employers_component":["HCL Technologies Ltd.","Tata Consultancy Services Limited","InfoSys Limited","Cognizant","Techmahindra Ltd","Wipro Technologies Ltd.","Cognizant Technology Solutions Corp","Capgemini","Hexaware Technologies Inc.","Cisco Systems Inc"],"HCL Technologies Ltd.":"Avg. Salary: \u20b91,606,826","Tata Consultancy Services Limited":"Avg. Salary: \u20b91,453,058","InfoSys Limited":"Avg. Salary: \u20b91,351,941","Cognizant":"Avg. Salary: \u20b91,747,419","Techmahindra Ltd":"Avg. Salary: \u20b91,758,413","Wipro Technologies Ltd.":"Avg. Salary: \u20b91,900,000","Cognizant Technology Solutions Corp":"Avg. Salary: \u20b91,638,116","Capgemini":"Avg. Salary: \u20b91,999,795","Hexaware Technologies Inc.":"Avg. Salary: \u20b91,100,000","Cisco Systems Inc":"Avg. Salary: \u20b92,903,542","related_job_component":["Senior Software Engineer","Software Engineer","Software Developer","Sr. Software Engineer \/ Developer \/ Programmer","Team Leader, IT","Software Engineer \/ Developer \/ Programmer","Information Technology (IT) Consultant","Lead Software Engineer","Java Developer"],"Senior Software Engineer":"Avg. Salary \u20b9493k \u2014 \u20b92m","Software Engineer":"Avg. Salary \u20b9262k \u2014 \u20b91m","Software Developer":"Avg. Salary \u20b9214k \u2014 \u20b91m","Sr. Software Engineer \/ Developer \/ Programmer":"Avg. Salary \u20b9432k \u2014 \u20b92m","Team Leader, IT":"Avg. Salary \u20b9584k \u2014 \u20b92m","Software Engineer \/ Developer \/ Programmer":"Avg. Salary \u20b9225k \u2014 \u20b91m","Information Technology (IT) Consultant":"Avg. Salary \u20b9391k \u2014 \u20b92m","Lead Software Engineer":"Avg. Salary \u20b9788k \u2014 \u20b93m","Java Developer":"Avg. Salary \u20b9197k \u2014 \u20b91m"}}