{"0":{"job_title":"Technical_Consultant","avg_salary":"\u20b9824,627","salary_component":["Base Salary","Bonus","Profit Sharing","Commission","Total Pay"],"Base Salary":"\u20b9311k - \u20b92m","Bonus":"\u20b915k - \u20b9207k","Profit Sharing":"\u20b930 - \u20b9690k","Commission":"\u20b920k - \u20b9491k","Total Pay":"\u20b9332k - \u20b92m","pay_by_experience_percent":["Entry Level","Early Career","Mid Career","Late Career","Experienced"],"Entry Level":"-57%","Early Career":"-29%","Mid Career":"24%","Late Career":"76%","Experienced":"70%","pay_by_experience_years":["1","1-4"],"1":"\u20b9354,079","1-4":"\u20b9587,150","gender_component":["Male","Female","Prefer to self-define"],"Male":"81.6","Female":"18.2","Prefer to self-define":"0.2","health_benefits_componentt":["Medical","Dental","Vision","None"],"Medical":"78","Dental":"8","Vision":"8","None":"22","popular_skills_component":["IT Consulting","Technical Analysis","SQL","Software Development","Java"],"IT Consulting":"\u20b9894,601","Technical Analysis":"\u20b9828,031","SQL":"\u20b9755,841","Software Development":"\u20b9925,801","Java":"\u20b9891,067","affect_skills_component":["Operations Management","Network Architecture \/ Design","Web Analytics","Technical Writing","Network Design","Technical Sales","iOS SDK","Data Management","ServiceNow","Data Modeling"],"Operations Management":"162%","Network Architecture \/ Design":"149%","Web Analytics":"106%","Technical Writing":"103%","Network Design":"94%","Technical Sales":"88%","iOS SDK":"88%","Data Management":"88%","ServiceNow":"80%","Data Modeling":"77%","career_path_component":["Senior Technical Consultant","Technical Architect","Solutions Architect"],"location_component":["Bangalore, Karnataka","Pune, Maharashtra","Hyderabad, Andhra Pradesh","Mumbai, Maharashtra","Chennai, Tamil Nadu","Noida, Uttar Pradesh","Gurgaon, Haryana","New Delhi, Delhi","Kolkata, West Bengal","Ahmedabad, Gujarat"],"Bangalore, Karnataka":"14%","Pune, Maharashtra":"-3%","Hyderabad, Andhra Pradesh":"8%","Mumbai, Maharashtra":"-18%","Chennai, Tamil Nadu":"-2%","Noida, Uttar Pradesh":"9%","Gurgaon, Haryana":"9%","New Delhi, Delhi":"-9%","Kolkata, West Bengal":"-12%","Ahmedabad, Gujarat":"-55%","employers_component":["Capgemini","InfoSys Limited","Tata Consultancy Services Limited","Deloitte","HCL Technologies Ltd.","Deloitte Consulting LLP","Wipro Technologies Ltd.","Capgemini Consulting","PricewaterhouseCoopers","Wipro"],"Capgemini":"Avg. Salary: \u20b9696,675","InfoSys Limited":"Avg. Salary: \u20b9926,460","Tata Consultancy Services Limited":"Avg. Salary: \u20b91,253,782","Deloitte":"Avg. Salary: \u20b9997,655","HCL Technologies Ltd.":"Avg. Salary: \u20b91,091,678","Deloitte Consulting LLP":"Avg. Salary: \u20b9880,500","Wipro Technologies Ltd.":"Avg. Salary: \u20b9900,018","Capgemini Consulting":"Avg. Salary: \u20b9718,523","PricewaterhouseCoopers":"Avg. Salary: \u20b9700,958","Wipro":"Avg. Salary: \u20b9760,000","related_job_component":["Senior Software Engineer","Software Engineer","Software Developer","Sr. Software Engineer \/ Developer \/ Programmer","Team Leader, IT","Information Technology (IT) Consultant","Software Engineer \/ Developer \/ Programmer","Associate Software Engineer","Web Developer"],"Senior Software Engineer":"Avg. Salary \u20b9493k \u2014 \u20b92m","Software Engineer":"Avg. Salary \u20b9262k \u2014 \u20b91m","Software Developer":"Avg. Salary \u20b9214k \u2014 \u20b91m","Sr. Software Engineer \/ Developer \/ Programmer":"Avg. Salary \u20b9432k \u2014 \u20b92m","Team Leader, IT":"Avg. Salary \u20b9584k \u2014 \u20b92m","Information Technology (IT) Consultant":"Avg. Salary \u20b9391k \u2014 \u20b92m","Software Engineer \/ Developer \/ Programmer":"Avg. Salary \u20b9225k \u2014 \u20b91m","Associate Software Engineer":"Avg. Salary \u20b9240k \u2014 \u20b91m","Web Developer":"Avg. Salary \u20b9124k \u2014 \u20b9779k"}}